category,image_id,q_id,q_type,question,ground_truth,gt_tier,gt_confidence,gt_source,use_for,is_augmented,source_image_id,weather,model,full_response,extracted_ans,correct,response_time
adverse_weather,beeed9e7-d279d8ee.jpg,AW_P_03,perception,Are any road signs visible that you could read from the driver's seat?,yes,B,high,automatic,main_eval,False,,,paligemma,no,no,False,7.91
adverse_weather,beeed9e7-d279d8ee.jpg,AW_P_05,perception,Is there a pedestrian visible anywhere near the road in this scene?,no,A,high,automatic,main_eval,False,,,paligemma,no,no,True,0.33
adverse_weather,beeed9e7-d279d8ee.jpg,AW_P_06,perception,"Is the road surface visible enough to judge whether it is wet, icy, or dry?",yes,B,medium,automatic,main_eval,False,,,paligemma,yes,yes,True,0.13
adverse_weather,beeed9e7-d279d8ee.jpg,AW_P_07,perception,Can you tell from this image whether there is a vehicle close enough to be a collision risk?,no,B,medium,automatic,main_eval,False,,,paligemma,"Sorry, as a base VLM I am not trained to answer this question.",unclear,False,0.67
adverse_weather,beeed9e7-d279d8ee.jpg,AW_P_08,perception,Is the sky visible and distinguishable from the road in this scene?,yes,B,medium,automatic,main_eval,False,,,paligemma,yes,yes,True,0.1
adverse_weather,beeed9e7-d279d8ee.jpg,AW_A_01,action,Should the driver turn on their headlights right now?,no,A,high,automatic,main_eval,False,,,paligemma,"Sorry, as a base VLM I am not trained to answer this question.",unclear,False,0.64
adverse_weather,beeed9e7-d279d8ee.jpg,AW_A_02,action,Should the driver slow down below the speed limit given current conditions?,no,B,medium,automatic,main_eval,False,,,paligemma,"Sorry, as a base VLM I am not trained to answer this question.",unclear,False,0.63
adverse_weather,beeed9e7-d279d8ee.jpg,AW_A_03,action,Should the driver use windscreen wipers right now?,yes,A,high,automatic,main_eval,False,,,paligemma,"Sorry, as a base VLM I am not trained to answer this question.",unclear,False,0.65
adverse_weather,beeed9e7-d279d8ee.jpg,AW_A_05,action,Should the driver increase following distance from the vehicle ahead?,yes,B,medium,automatic,baseline_only,False,,,paligemma,"Sorry, as a base VLM I am not trained to answer this question.",unclear,False,0.64
adverse_weather,beeed9e7-d279d8ee.jpg,AW_A_06,action,Would you feel comfortable pulling over and stopping on the road here?,no,B,medium,automatic,main_eval,False,,,paligemma,no,no,True,0.1
adverse_weather,beeed9e7-d279d8ee.jpg,AW_H_02,hazard,Would braking distance be longer than usual in these conditions?,yes,B,low,automatic,baseline_only,False,,,paligemma,yes,yes,True,0.1
adverse_weather,beeed9e7-d279d8ee.jpg,AW_H_03,hazard,Is there a pedestrian in a position where they could step into the vehicle's path?,no,B,medium,automatic,main_eval,False,,,paligemma,"Sorry, as a base VLM I am not trained to answer this question.",unclear,False,0.63
adverse_weather,beeed9e7-d279d8ee.jpg,AW_H_05,hazard,Is the road surface likely to cause the vehicle to slide or lose traction?,yes,B,medium,automatic,main_eval,False,,,paligemma,no,no,False,0.11
adverse_weather,beeed9e7-d279d8ee.jpg,AW_H_06,hazard,Is there a risk of glare from headlights or wet road reflections in this scene?,no,B,medium,automatic,main_eval,False,,,paligemma,yes,yes,False,0.11
adverse_weather,beeed9e7-d279d8ee.jpg,AW_S_01,scene,Is this a nighttime driving scene?,no,A,high,automatic,main_eval,False,,,paligemma,no,no,True,0.11
adverse_weather,beeed9e7-d279d8ee.jpg,AW_S_02,scene,Is this a highway or motorway rather than an urban or residential road?,yes,A,high,automatic,main_eval,False,,,paligemma,yes,yes,True,0.09
adverse_weather,beeed9e7-d279d8ee.jpg,AW_S_03,scene,Does this scene show active precipitation — rain or snow actually falling?,yes,B,medium,automatic,baseline_only,False,,,paligemma,rain,unclear,False,0.11
adverse_weather,beeed9e7-d279d8ee.jpg,AW_S_04,scene,Would this scene look significantly different under clear daytime conditions?,yes,B,medium,automatic,main_eval,False,,,paligemma,no,no,False,0.1
adverse_weather,beeed9e7-d279d8ee.jpg,AW_S_05,scene,Is the overall light level sufficient to drive without headlights?,yes,B,medium,automatic,main_eval,False,,,paligemma,yes,yes,True,0.1
adverse_weather,beeed9e7-d279d8ee.jpg,AW_ADV_01,adversarial,"Despite the weather, can you still identify what type of road this is?",yes,A,high,automatic,main_eval,False,,,paligemma,no,no,False,0.1
adverse_weather,beeed9e7-d279d8ee.jpg,AW_ADV_02,adversarial,Are any road signs or markings visible that convey speed or direction information?,yes,B,high,automatic,main_eval,False,,,paligemma,no,no,False,0.11
adverse_weather,beeed9e7-d279d8ee.jpg,AW_ADV_03,adversarial,Would a driver need to use headlights to safely navigate this scene?,no,A,high,automatic,main_eval,False,,,paligemma,no,no,True,0.11
adverse_weather,beeed9e7-d279d8ee.jpg,AW_BASE_01,baseline,Is visibility reduced in this scene compared to a clear day?,yes,A,high,automatic,baseline_only,False,,,paligemma,yes,yes,True,0.1
adverse_weather,beeed9e7-d279d8ee.jpg,AW_BASE_02,baseline,Is the weather in this image adverse or challenging for driving?,yes,A,high,automatic,baseline_only,False,,,paligemma,challenging,unclear,False,0.13
adverse_weather,b4201bd2-75c1998d.jpg,AW_P_01,perception,Can you clearly make out the shape of vehicles ahead on the road?,yes,B,medium,automatic,main_eval,False,,,paligemma,no,no,False,0.1
adverse_weather,b4201bd2-75c1998d.jpg,AW_P_03,perception,Are any road signs visible that you could read from the driver's seat?,no,B,high,automatic,main_eval,False,,,paligemma,no,no,True,0.11
adverse_weather,b4201bd2-75c1998d.jpg,AW_P_04,perception,Can you see far enough ahead to safely react to a sudden hazard?,yes,B,medium,automatic,main_eval,False,,,paligemma,no,no,False,0.1
adverse_weather,b4201bd2-75c1998d.jpg,AW_P_05,perception,Is there a pedestrian visible anywhere near the road in this scene?,no,A,high,automatic,main_eval,False,,,paligemma,no,no,True,0.1
adverse_weather,b4201bd2-75c1998d.jpg,AW_P_06,perception,"Is the road surface visible enough to judge whether it is wet, icy, or dry?",yes,B,medium,automatic,main_eval,False,,,paligemma,yes,yes,True,0.1
adverse_weather,b4201bd2-75c1998d.jpg,AW_P_07,perception,Can you tell from this image whether there is a vehicle close enough to be a collision risk?,yes,B,medium,automatic,main_eval,False,,,paligemma,no,no,False,0.09
adverse_weather,b4201bd2-75c1998d.jpg,AW_P_08,perception,Is the sky visible and distinguishable from the road in this scene?,yes,B,medium,automatic,main_eval,False,,,paligemma,yes,yes,True,0.08
adverse_weather,b4201bd2-75c1998d.jpg,AW_A_01,action,Should the driver turn on their headlights right now?,no,A,high,automatic,main_eval,False,,,paligemma,yes,yes,False,0.08
adverse_weather,b4201bd2-75c1998d.jpg,AW_A_03,action,Should the driver use windscreen wipers right now?,yes,A,high,automatic,main_eval,False,,,paligemma,yes,yes,True,0.08
adverse_weather,b4201bd2-75c1998d.jpg,AW_A_05,action,Should the driver increase following distance from the vehicle ahead?,yes,B,medium,automatic,baseline_only,False,,,paligemma,yes,yes,True,0.08
adverse_weather,b4201bd2-75c1998d.jpg,AW_H_01,hazard,Is there a risk of a hidden vehicle or obstacle emerging suddenly from the scene?,no,B,medium,automatic,main_eval,False,,,paligemma,yes,yes,False,0.08
adverse_weather,b4201bd2-75c1998d.jpg,AW_H_02,hazard,Would braking distance be longer than usual in these conditions?,yes,B,low,automatic,baseline_only,False,,,paligemma,yes,yes,True,0.08
adverse_weather,b4201bd2-75c1998d.jpg,AW_H_03,hazard,Is there a pedestrian in a position where they could step into the vehicle's path?,no,B,medium,automatic,main_eval,False,,,paligemma,yes,yes,False,0.08
adverse_weather,b4201bd2-75c1998d.jpg,AW_H_05,hazard,Is the road surface likely to cause the vehicle to slide or lose traction?,yes,B,medium,automatic,main_eval,False,,,paligemma,yes,yes,True,0.09
adverse_weather,b4201bd2-75c1998d.jpg,AW_H_06,hazard,Is there a risk of glare from headlights or wet road reflections in this scene?,no,B,medium,automatic,main_eval,False,,,paligemma,yes,yes,False,0.09
adverse_weather,b4201bd2-75c1998d.jpg,AW_S_01,scene,Is this a nighttime driving scene?,no,A,high,automatic,main_eval,False,,,paligemma,no,no,True,0.09
adverse_weather,b4201bd2-75c1998d.jpg,AW_S_02,scene,Is this a highway or motorway rather than an urban or residential road?,no,A,high,automatic,main_eval,False,,,paligemma,urban,unclear,False,0.08
adverse_weather,b4201bd2-75c1998d.jpg,AW_S_03,scene,Does this scene show active precipitation — rain or snow actually falling?,yes,B,medium,automatic,baseline_only,False,,,paligemma,rain,unclear,False,0.08
adverse_weather,b4201bd2-75c1998d.jpg,AW_S_04,scene,Would this scene look significantly different under clear daytime conditions?,yes,B,medium,automatic,main_eval,False,,,paligemma,yes,yes,True,0.08
adverse_weather,b4201bd2-75c1998d.jpg,AW_S_05,scene,Is the overall light level sufficient to drive without headlights?,yes,B,medium,automatic,main_eval,False,,,paligemma,no,no,False,0.09
adverse_weather,b4201bd2-75c1998d.jpg,AW_ADV_01,adversarial,"Despite the weather, can you still identify what type of road this is?",yes,A,high,automatic,main_eval,False,,,paligemma,no,no,False,0.09
adverse_weather,b4201bd2-75c1998d.jpg,AW_ADV_02,adversarial,Are any road signs or markings visible that convey speed or direction information?,no,B,high,automatic,main_eval,False,,,paligemma,no,no,True,0.08
adverse_weather,b4201bd2-75c1998d.jpg,AW_ADV_03,adversarial,Would a driver need to use headlights to safely navigate this scene?,no,A,high,automatic,main_eval,False,,,paligemma,yes,yes,False,0.08
adverse_weather,b4201bd2-75c1998d.jpg,AW_BASE_01,baseline,Is visibility reduced in this scene compared to a clear day?,yes,A,high,automatic,baseline_only,False,,,paligemma,yes,yes,True,0.08
adverse_weather,b4201bd2-75c1998d.jpg,AW_BASE_02,baseline,Is the weather in this image adverse or challenging for driving?,yes,A,high,automatic,baseline_only,False,,,paligemma,adverse,unclear,False,0.11
adverse_weather,b2ea3465-78dea25f.jpg,AW_P_01,perception,Can you clearly make out the shape of vehicles ahead on the road?,yes,B,medium,automatic,main_eval,False,,,paligemma,no,no,False,0.08
adverse_weather,b2ea3465-78dea25f.jpg,AW_P_03,perception,Are any road signs visible that you could read from the driver's seat?,no,B,high,automatic,main_eval,False,,,paligemma,no,no,True,0.08
adverse_weather,b2ea3465-78dea25f.jpg,AW_P_05,perception,Is there a pedestrian visible anywhere near the road in this scene?,no,A,high,automatic,main_eval,False,,,paligemma,yes,yes,False,0.08
adverse_weather,b2ea3465-78dea25f.jpg,AW_P_07,perception,Can you tell from this image whether there is a vehicle close enough to be a collision risk?,yes,B,medium,automatic,main_eval,False,,,paligemma,no,no,False,0.08
adverse_weather,b2ea3465-78dea25f.jpg,AW_A_03,action,Should the driver use windscreen wipers right now?,yes,A,high,automatic,main_eval,False,,,paligemma,yes,yes,True,0.08
adverse_weather,b2ea3465-78dea25f.jpg,AW_A_05,action,Should the driver increase following distance from the vehicle ahead?,yes,B,medium,automatic,baseline_only,False,,,paligemma,"Sorry, as a base VLM I am not trained to answer this question.",unclear,False,0.48
adverse_weather,b2ea3465-78dea25f.jpg,AW_H_02,hazard,Would braking distance be longer than usual in these conditions?,yes,B,low,automatic,baseline_only,False,,,paligemma,yes,yes,True,0.09
adverse_weather,b2ea3465-78dea25f.jpg,AW_H_03,hazard,Is there a pedestrian in a position where they could step into the vehicle's path?,no,B,medium,automatic,main_eval,False,,,paligemma,yes,yes,False,0.08
adverse_weather,b2ea3465-78dea25f.jpg,AW_H_05,hazard,Is the road surface likely to cause the vehicle to slide or lose traction?,yes,B,medium,automatic,main_eval,False,,,paligemma,yes,yes,True,0.08
adverse_weather,b2ea3465-78dea25f.jpg,AW_H_06,hazard,Is there a risk of glare from headlights or wet road reflections in this scene?,no,B,medium,automatic,main_eval,False,,,paligemma,yes,yes,False,0.08
adverse_weather,b2ea3465-78dea25f.jpg,AW_S_03,scene,Does this scene show active precipitation — rain or snow actually falling?,yes,B,medium,automatic,baseline_only,False,,,paligemma,yes,yes,True,0.08
adverse_weather,b2ea3465-78dea25f.jpg,AW_S_04,scene,Would this scene look significantly different under clear daytime conditions?,yes,B,medium,automatic,main_eval,False,,,paligemma,yes,yes,True,0.08
adverse_weather,b2ea3465-78dea25f.jpg,AW_ADV_02,adversarial,Are any road signs or markings visible that convey speed or direction information?,no,B,high,automatic,main_eval,False,,,paligemma,no,no,True,0.08
adverse_weather,b2ea3465-78dea25f.jpg,AW_BASE_01,baseline,Is visibility reduced in this scene compared to a clear day?,yes,A,high,automatic,baseline_only,False,,,paligemma,yes,yes,True,0.08
adverse_weather,b2ea3465-78dea25f.jpg,AW_BASE_02,baseline,Is the weather in this image adverse or challenging for driving?,yes,A,high,automatic,baseline_only,False,,,paligemma,adverse,unclear,False,0.11
adverse_weather,c87a6aba-757a0a27.jpg,AW_P_01,perception,Can you clearly make out the shape of vehicles ahead on the road?,no,B,medium,automatic,main_eval,False,,,paligemma,no,no,True,0.08
adverse_weather,c87a6aba-757a0a27.jpg,AW_P_03,perception,Are any road signs visible that you could read from the driver's seat?,no,B,high,automatic,main_eval,False,,,paligemma,no,no,True,0.08
adverse_weather,c87a6aba-757a0a27.jpg,AW_P_04,perception,Can you see far enough ahead to safely react to a sudden hazard?,no,B,medium,automatic,main_eval,False,,,paligemma,no,no,True,0.08
adverse_weather,c87a6aba-757a0a27.jpg,AW_P_05,perception,Is there a pedestrian visible anywhere near the road in this scene?,no,A,high,automatic,main_eval,False,,,paligemma,no,no,True,0.08
adverse_weather,c87a6aba-757a0a27.jpg,AW_P_06,perception,"Is the road surface visible enough to judge whether it is wet, icy, or dry?",no,B,medium,automatic,main_eval,False,,,paligemma,yes,yes,False,0.08
adverse_weather,c87a6aba-757a0a27.jpg,AW_P_07,perception,Can you tell from this image whether there is a vehicle close enough to be a collision risk?,yes,B,medium,automatic,main_eval,False,,,paligemma,no,no,False,0.08
adverse_weather,c87a6aba-757a0a27.jpg,AW_P_08,perception,Is the sky visible and distinguishable from the road in this scene?,no,B,medium,automatic,main_eval,False,,,paligemma,no,no,True,0.08
adverse_weather,c87a6aba-757a0a27.jpg,AW_A_01,action,Should the driver turn on their headlights right now?,yes,A,high,automatic,main_eval,False,,,paligemma,yes,yes,True,0.08
adverse_weather,c87a6aba-757a0a27.jpg,AW_A_02,action,Should the driver slow down below the speed limit given current conditions?,yes,B,medium,automatic,main_eval,False,,,paligemma,yes,yes,True,0.08
adverse_weather,c87a6aba-757a0a27.jpg,AW_A_03,action,Should the driver use windscreen wipers right now?,yes,A,high,automatic,main_eval,False,,,paligemma,yes,yes,True,0.08
adverse_weather,c87a6aba-757a0a27.jpg,AW_A_04,action,Is it safe to attempt an overtake of the vehicle ahead in these conditions?,no,B,medium,automatic,main_eval,False,,,paligemma,no,no,True,0.09
adverse_weather,c87a6aba-757a0a27.jpg,AW_A_05,action,Should the driver increase following distance from the vehicle ahead?,yes,B,medium,automatic,baseline_only,False,,,paligemma,yes,yes,True,0.08
adverse_weather,c87a6aba-757a0a27.jpg,AW_H_01,hazard,Is there a risk of a hidden vehicle or obstacle emerging suddenly from the scene?,yes,B,medium,automatic,main_eval,False,,,paligemma,yes,yes,True,0.08
adverse_weather,c87a6aba-757a0a27.jpg,AW_H_02,hazard,Would braking distance be longer than usual in these conditions?,yes,B,low,automatic,baseline_only,False,,,paligemma,yes,yes,True,0.08
adverse_weather,c87a6aba-757a0a27.jpg,AW_H_03,hazard,Is there a pedestrian in a position where they could step into the vehicle's path?,no,B,medium,automatic,main_eval,False,,,paligemma,yes,yes,False,0.08
adverse_weather,c87a6aba-757a0a27.jpg,AW_H_04,hazard,Could a cyclist or motorcyclist be hidden somewhere in this scene?,yes,B,medium,automatic,main_eval,False,,,paligemma,yes,yes,True,0.08
adverse_weather,c87a6aba-757a0a27.jpg,AW_H_05,hazard,Is the road surface likely to cause the vehicle to slide or lose traction?,yes,B,medium,automatic,main_eval,False,,,paligemma,yes,yes,True,0.08
adverse_weather,c87a6aba-757a0a27.jpg,AW_H_06,hazard,Is there a risk of glare from headlights or wet road reflections in this scene?,yes,B,medium,automatic,main_eval,False,,,paligemma,yes,yes,True,0.09
adverse_weather,c87a6aba-757a0a27.jpg,AW_S_01,scene,Is this a nighttime driving scene?,yes,A,high,automatic,main_eval,False,,,paligemma,yes,yes,True,0.09
adverse_weather,c87a6aba-757a0a27.jpg,AW_S_03,scene,Does this scene show active precipitation — rain or snow actually falling?,yes,B,medium,automatic,baseline_only,False,,,paligemma,rain,unclear,False,0.08
adverse_weather,c87a6aba-757a0a27.jpg,AW_S_04,scene,Would this scene look significantly different under clear daytime conditions?,yes,B,medium,automatic,main_eval,False,,,paligemma,no,no,False,0.08
adverse_weather,c87a6aba-757a0a27.jpg,AW_S_05,scene,Is the overall light level sufficient to drive without headlights?,no,B,medium,automatic,main_eval,False,,,paligemma,no,no,True,0.08
adverse_weather,c87a6aba-757a0a27.jpg,AW_ADV_02,adversarial,Are any road signs or markings visible that convey speed or direction information?,no,B,high,automatic,main_eval,False,,,paligemma,no,no,True,0.08
adverse_weather,c87a6aba-757a0a27.jpg,AW_ADV_03,adversarial,Would a driver need to use headlights to safely navigate this scene?,yes,A,high,automatic,main_eval,False,,,paligemma,yes,yes,True,0.08
adverse_weather,c87a6aba-757a0a27.jpg,AW_BASE_01,baseline,Is visibility reduced in this scene compared to a clear day?,yes,A,high,automatic,baseline_only,False,,,paligemma,yes,yes,True,0.08
adverse_weather,c87a6aba-757a0a27.jpg,AW_BASE_02,baseline,Is the weather in this image adverse or challenging for driving?,yes,A,high,automatic,baseline_only,False,,,paligemma,challenging,unclear,False,0.11
adverse_weather,b9b53753-91a5d5f8.jpg,AW_P_01,perception,Can you clearly make out the shape of vehicles ahead on the road?,yes,B,medium,automatic,main_eval,False,,,paligemma,yes,yes,True,0.09
adverse_weather,b9b53753-91a5d5f8.jpg,AW_P_02,perception,Is it possible to read the colour of the traffic lights in this scene?,yes,A,high,automatic,main_eval,False,,,paligemma,no,no,False,0.08
adverse_weather,b9b53753-91a5d5f8.jpg,AW_P_05,perception,Is there a pedestrian visible anywhere near the road in this scene?,yes,A,high,automatic,main_eval,False,,,paligemma,no,no,False,0.09
adverse_weather,b9b53753-91a5d5f8.jpg,AW_P_06,perception,"Is the road surface visible enough to judge whether it is wet, icy, or dry?",yes,B,medium,automatic,main_eval,False,,,paligemma,yes,yes,True,0.08
adverse_weather,b9b53753-91a5d5f8.jpg,AW_P_07,perception,Can you tell from this image whether there is a vehicle close enough to be a collision risk?,yes,B,medium,automatic,main_eval,False,,,paligemma,yes,yes,True,0.08
adverse_weather,b9b53753-91a5d5f8.jpg,AW_P_08,perception,Is the sky visible and distinguishable from the road in this scene?,yes,B,medium,automatic,main_eval,False,,,paligemma,yes,yes,True,0.08
adverse_weather,b9b53753-91a5d5f8.jpg,AW_A_01,action,Should the driver turn on their headlights right now?,no,A,high,automatic,main_eval,False,,,paligemma,yes,yes,False,0.08
adverse_weather,b9b53753-91a5d5f8.jpg,AW_A_03,action,Should the driver use windscreen wipers right now?,yes,A,high,automatic,main_eval,False,,,paligemma,yes,yes,True,0.08
adverse_weather,b9b53753-91a5d5f8.jpg,AW_A_05,action,Should the driver increase following distance from the vehicle ahead?,yes,B,medium,automatic,baseline_only,False,,,paligemma,yes,yes,True,0.08
adverse_weather,b9b53753-91a5d5f8.jpg,AW_A_06,action,Would you feel comfortable pulling over and stopping on the road here?,no,B,medium,automatic,main_eval,False,,,paligemma,no,no,True,0.09
adverse_weather,b9b53753-91a5d5f8.jpg,AW_H_01,hazard,Is there a risk of a hidden vehicle or obstacle emerging suddenly from the scene?,no,B,medium,automatic,main_eval,False,,,paligemma,yes,yes,False,0.08
adverse_weather,b9b53753-91a5d5f8.jpg,AW_H_02,hazard,Would braking distance be longer than usual in these conditions?,yes,B,low,automatic,baseline_only,False,,,paligemma,yes,yes,True,0.08
adverse_weather,b9b53753-91a5d5f8.jpg,AW_H_05,hazard,Is the road surface likely to cause the vehicle to slide or lose traction?,yes,B,medium,automatic,main_eval,False,,,paligemma,yes,yes,True,0.08
adverse_weather,b9b53753-91a5d5f8.jpg,AW_H_06,hazard,Is there a risk of glare from headlights or wet road reflections in this scene?,no,B,medium,automatic,main_eval,False,,,paligemma,yes,yes,False,0.08
adverse_weather,b9b53753-91a5d5f8.jpg,AW_S_01,scene,Is this a nighttime driving scene?,no,A,high,automatic,main_eval,False,,,paligemma,no,no,True,0.08
adverse_weather,b9b53753-91a5d5f8.jpg,AW_S_02,scene,Is this a highway or motorway rather than an urban or residential road?,no,A,high,automatic,main_eval,False,,,paligemma,urban,unclear,False,0.08
adverse_weather,b9b53753-91a5d5f8.jpg,AW_S_03,scene,Does this scene show active precipitation — rain or snow actually falling?,yes,B,medium,automatic,baseline_only,False,,,paligemma,rain,unclear,False,0.08
adverse_weather,b9b53753-91a5d5f8.jpg,AW_S_04,scene,Would this scene look significantly different under clear daytime conditions?,yes,B,medium,automatic,main_eval,False,,,paligemma,no,no,False,0.08
adverse_weather,b9b53753-91a5d5f8.jpg,AW_S_05,scene,Is the overall light level sufficient to drive without headlights?,yes,B,medium,automatic,main_eval,False,,,paligemma,no,no,False,0.08
adverse_weather,b9b53753-91a5d5f8.jpg,AW_ADV_03,adversarial,Would a driver need to use headlights to safely navigate this scene?,no,A,high,automatic,main_eval,False,,,paligemma,yes,yes,False,0.08
adverse_weather,b9b53753-91a5d5f8.jpg,AW_BASE_01,baseline,Is visibility reduced in this scene compared to a clear day?,yes,A,high,automatic,baseline_only,False,,,paligemma,yes,yes,True,0.09
adverse_weather,b9b53753-91a5d5f8.jpg,AW_BASE_02,baseline,Is the weather in this image adverse or challenging for driving?,yes,A,high,automatic,baseline_only,False,,,paligemma,challenging,unclear,False,0.11
adverse_weather,b79d7247-6750fc90.jpg,AW_P_01,perception,Can you clearly make out the shape of vehicles ahead on the road?,yes,B,medium,automatic,main_eval,False,,,paligemma,yes,yes,True,0.08
adverse_weather,b79d7247-6750fc90.jpg,AW_P_03,perception,Are any road signs visible that you could read from the driver's seat?,yes,B,high,automatic,main_eval,False,,,paligemma,no,no,False,0.08
adverse_weather,b79d7247-6750fc90.jpg,AW_P_05,perception,Is there a pedestrian visible anywhere near the road in this scene?,no,A,high,automatic,main_eval,False,,,paligemma,no,no,True,0.08
adverse_weather,b79d7247-6750fc90.jpg,AW_P_06,perception,"Is the road surface visible enough to judge whether it is wet, icy, or dry?",yes,B,medium,automatic,main_eval,False,,,paligemma,yes,yes,True,0.08
adverse_weather,b79d7247-6750fc90.jpg,AW_P_07,perception,Can you tell from this image whether there is a vehicle close enough to be a collision risk?,yes,B,medium,automatic,main_eval,False,,,paligemma,no,no,False,0.08
adverse_weather,b79d7247-6750fc90.jpg,AW_P_08,perception,Is the sky visible and distinguishable from the road in this scene?,yes,B,medium,automatic,main_eval,False,,,paligemma,no,no,False,0.08
adverse_weather,b79d7247-6750fc90.jpg,AW_A_01,action,Should the driver turn on their headlights right now?,no,A,high,automatic,main_eval,False,,,paligemma,yes,yes,False,0.08
adverse_weather,b79d7247-6750fc90.jpg,AW_A_02,action,Should the driver slow down below the speed limit given current conditions?,no,B,medium,automatic,main_eval,False,,,paligemma,yes,yes,False,0.08
adverse_weather,b79d7247-6750fc90.jpg,AW_A_03,action,Should the driver use windscreen wipers right now?,yes,A,high,automatic,main_eval,False,,,paligemma,yes,yes,True,0.09
adverse_weather,b79d7247-6750fc90.jpg,AW_A_05,action,Should the driver increase following distance from the vehicle ahead?,yes,B,medium,automatic,baseline_only,False,,,paligemma,"Sorry, as a base VLM I am not trained to answer this question.",unclear,False,0.48
adverse_weather,b79d7247-6750fc90.jpg,AW_A_06,action,Would you feel comfortable pulling over and stopping on the road here?,no,B,medium,automatic,main_eval,False,,,paligemma,no,no,True,0.08
adverse_weather,b79d7247-6750fc90.jpg,AW_H_02,hazard,Would braking distance be longer than usual in these conditions?,yes,B,low,automatic,baseline_only,False,,,paligemma,yes,yes,True,0.08
adverse_weather,b79d7247-6750fc90.jpg,AW_H_03,hazard,Is there a pedestrian in a position where they could step into the vehicle's path?,no,B,medium,automatic,main_eval,False,,,paligemma,no,no,True,0.08
adverse_weather,b79d7247-6750fc90.jpg,AW_H_05,hazard,Is the road surface likely to cause the vehicle to slide or lose traction?,yes,B,medium,automatic,main_eval,False,,,paligemma,yes,yes,True,0.08
adverse_weather,b79d7247-6750fc90.jpg,AW_H_06,hazard,Is there a risk of glare from headlights or wet road reflections in this scene?,no,B,medium,automatic,main_eval,False,,,paligemma,yes,yes,False,0.09
adverse_weather,b79d7247-6750fc90.jpg,AW_S_01,scene,Is this a nighttime driving scene?,no,A,high,automatic,main_eval,False,,,paligemma,no,no,True,0.08
adverse_weather,b79d7247-6750fc90.jpg,AW_S_02,scene,Is this a highway or motorway rather than an urban or residential road?,yes,A,high,automatic,main_eval,False,,,paligemma,highway,unclear,False,0.08
adverse_weather,b79d7247-6750fc90.jpg,AW_S_03,scene,Does this scene show active precipitation — rain or snow actually falling?,yes,B,medium,automatic,baseline_only,False,,,paligemma,yes,yes,True,0.08
adverse_weather,b79d7247-6750fc90.jpg,AW_S_04,scene,Would this scene look significantly different under clear daytime conditions?,yes,B,medium,automatic,main_eval,False,,,paligemma,yes,yes,True,0.08
adverse_weather,b79d7247-6750fc90.jpg,AW_S_05,scene,Is the overall light level sufficient to drive without headlights?,yes,B,medium,automatic,main_eval,False,,,paligemma,no,no,False,0.08
adverse_weather,b79d7247-6750fc90.jpg,AW_ADV_01,adversarial,"Despite the weather, can you still identify what type of road this is?",yes,A,high,automatic,main_eval,False,,,paligemma,no,no,False,0.08
adverse_weather,b79d7247-6750fc90.jpg,AW_ADV_02,adversarial,Are any road signs or markings visible that convey speed or direction information?,yes,B,high,automatic,main_eval,False,,,paligemma,no,no,False,0.08
adverse_weather,b79d7247-6750fc90.jpg,AW_ADV_03,adversarial,Would a driver need to use headlights to safely navigate this scene?,no,A,high,automatic,main_eval,False,,,paligemma,yes,yes,False,0.08
adverse_weather,b79d7247-6750fc90.jpg,AW_BASE_01,baseline,Is visibility reduced in this scene compared to a clear day?,yes,A,high,automatic,baseline_only,False,,,paligemma,yes,yes,True,0.08
adverse_weather,b79d7247-6750fc90.jpg,AW_BASE_02,baseline,Is the weather in this image adverse or challenging for driving?,yes,A,high,automatic,baseline_only,False,,,paligemma,challenging,unclear,False,0.11
adverse_weather,b59413ff-c3bc3d25.jpg,AW_P_01,perception,Can you clearly make out the shape of vehicles ahead on the road?,no,B,medium,automatic,main_eval,False,,,paligemma,no,no,True,0.08
adverse_weather,b59413ff-c3bc3d25.jpg,AW_P_02,perception,Is it possible to read the colour of the traffic lights in this scene?,yes,A,high,automatic,main_eval,False,,,paligemma,no,no,False,0.08
adverse_weather,b59413ff-c3bc3d25.jpg,AW_P_03,perception,Are any road signs visible that you could read from the driver's seat?,yes,B,high,automatic,main_eval,False,,,paligemma,no,no,False,0.08
adverse_weather,b59413ff-c3bc3d25.jpg,AW_P_04,perception,Can you see far enough ahead to safely react to a sudden hazard?,no,B,medium,automatic,main_eval,False,,,paligemma,yes,yes,False,0.09
adverse_weather,b59413ff-c3bc3d25.jpg,AW_P_05,perception,Is there a pedestrian visible anywhere near the road in this scene?,no,A,high,automatic,main_eval,False,,,paligemma,no,no,True,0.08
adverse_weather,b59413ff-c3bc3d25.jpg,AW_P_06,perception,"Is the road surface visible enough to judge whether it is wet, icy, or dry?",no,B,medium,automatic,main_eval,False,,,paligemma,yes,yes,False,0.08
adverse_weather,b59413ff-c3bc3d25.jpg,AW_P_07,perception,Can you tell from this image whether there is a vehicle close enough to be a collision risk?,no,B,medium,automatic,main_eval,False,,,paligemma,no,no,True,0.08
adverse_weather,b59413ff-c3bc3d25.jpg,AW_P_08,perception,Is the sky visible and distinguishable from the road in this scene?,no,B,medium,automatic,main_eval,False,,,paligemma,no,no,True,0.08
adverse_weather,b59413ff-c3bc3d25.jpg,AW_A_01,action,Should the driver turn on their headlights right now?,yes,A,high,automatic,main_eval,False,,,paligemma,yes,yes,True,0.08
adverse_weather,b59413ff-c3bc3d25.jpg,AW_A_02,action,Should the driver slow down below the speed limit given current conditions?,yes,B,medium,automatic,main_eval,False,,,paligemma,yes,yes,True,0.08
adverse_weather,b59413ff-c3bc3d25.jpg,AW_A_03,action,Should the driver use windscreen wipers right now?,yes,A,high,automatic,main_eval,False,,,paligemma,yes,yes,True,0.08
adverse_weather,b59413ff-c3bc3d25.jpg,AW_A_04,action,Is it safe to attempt an overtake of the vehicle ahead in these conditions?,no,B,medium,automatic,main_eval,False,,,paligemma,"Sorry, as a base VLM I am not trained to answer this question.",unclear,False,0.48
adverse_weather,b59413ff-c3bc3d25.jpg,AW_A_05,action,Should the driver increase following distance from the vehicle ahead?,yes,B,medium,automatic,baseline_only,False,,,paligemma,"Sorry, as a base VLM I am not trained to answer this question.",unclear,False,0.48
adverse_weather,b59413ff-c3bc3d25.jpg,AW_H_01,hazard,Is there a risk of a hidden vehicle or obstacle emerging suddenly from the scene?,yes,B,medium,automatic,main_eval,False,,,paligemma,yes,yes,True,0.08
adverse_weather,b59413ff-c3bc3d25.jpg,AW_H_02,hazard,Would braking distance be longer than usual in these conditions?,yes,B,low,automatic,baseline_only,False,,,paligemma,yes,yes,True,0.08
adverse_weather,b59413ff-c3bc3d25.jpg,AW_H_03,hazard,Is there a pedestrian in a position where they could step into the vehicle's path?,no,B,medium,automatic,main_eval,False,,,paligemma,yes,yes,False,0.08
adverse_weather,b59413ff-c3bc3d25.jpg,AW_H_04,hazard,Could a cyclist or motorcyclist be hidden somewhere in this scene?,yes,B,medium,automatic,main_eval,False,,,paligemma,yes,yes,True,0.08
adverse_weather,b59413ff-c3bc3d25.jpg,AW_H_05,hazard,Is the road surface likely to cause the vehicle to slide or lose traction?,yes,B,medium,automatic,main_eval,False,,,paligemma,yes,yes,True,0.08
adverse_weather,b59413ff-c3bc3d25.jpg,AW_H_06,hazard,Is there a risk of glare from headlights or wet road reflections in this scene?,yes,B,medium,automatic,main_eval,False,,,paligemma,yes,yes,True,0.08
adverse_weather,b59413ff-c3bc3d25.jpg,AW_S_01,scene,Is this a nighttime driving scene?,yes,A,high,automatic,main_eval,False,,,paligemma,yes,yes,True,0.08
adverse_weather,b59413ff-c3bc3d25.jpg,AW_S_02,scene,Is this a highway or motorway rather than an urban or residential road?,no,A,high,automatic,main_eval,False,,,paligemma,yes,yes,False,0.08
adverse_weather,b59413ff-c3bc3d25.jpg,AW_S_03,scene,Does this scene show active precipitation — rain or snow actually falling?,yes,B,medium,automatic,baseline_only,False,,,paligemma,no,no,False,0.08
adverse_weather,b59413ff-c3bc3d25.jpg,AW_S_04,scene,Would this scene look significantly different under clear daytime conditions?,yes,B,medium,automatic,main_eval,False,,,paligemma,no,no,False,0.08
adverse_weather,b59413ff-c3bc3d25.jpg,AW_S_05,scene,Is the overall light level sufficient to drive without headlights?,no,B,medium,automatic,main_eval,False,,,paligemma,no,no,True,0.08
adverse_weather,b59413ff-c3bc3d25.jpg,AW_ADV_01,adversarial,"Despite the weather, can you still identify what type of road this is?",yes,A,high,automatic,main_eval,False,,,paligemma,no,no,False,0.08
adverse_weather,b59413ff-c3bc3d25.jpg,AW_ADV_02,adversarial,Are any road signs or markings visible that convey speed or direction information?,no,B,high,automatic,main_eval,False,,,paligemma,no,no,True,0.08
adverse_weather,b59413ff-c3bc3d25.jpg,AW_ADV_03,adversarial,Would a driver need to use headlights to safely navigate this scene?,yes,A,high,automatic,main_eval,False,,,paligemma,yes,yes,True,0.08
adverse_weather,b59413ff-c3bc3d25.jpg,AW_ADV_04,adversarial,Is there enough visual information to safely navigate an unfamiliar junction here?,no,B,medium,automatic,main_eval,False,,,paligemma,no,no,True,0.08
adverse_weather,b59413ff-c3bc3d25.jpg,AW_BASE_01,baseline,Is visibility reduced in this scene compared to a clear day?,yes,A,high,automatic,baseline_only,False,,,paligemma,yes,yes,True,0.08
adverse_weather,b59413ff-c3bc3d25.jpg,AW_BASE_02,baseline,Is the weather in this image adverse or challenging for driving?,yes,A,high,automatic,baseline_only,False,,,paligemma,challenging,unclear,False,0.11
adverse_weather,c2021f20-46a5823b.jpg,AW_P_01,perception,Can you clearly make out the shape of vehicles ahead on the road?,no,B,medium,automatic,main_eval,False,,,paligemma,yes,yes,False,0.09
adverse_weather,c2021f20-46a5823b.jpg,AW_P_02,perception,Is it possible to read the colour of the traffic lights in this scene?,yes,A,high,automatic,main_eval,False,,,paligemma,no,no,False,0.09
adverse_weather,c2021f20-46a5823b.jpg,AW_P_03,perception,Are any road signs visible that you could read from the driver's seat?,yes,B,high,automatic,main_eval,False,,,paligemma,no,no,False,0.08
adverse_weather,c2021f20-46a5823b.jpg,AW_P_04,perception,Can you see far enough ahead to safely react to a sudden hazard?,no,B,medium,automatic,main_eval,False,,,paligemma,yes,yes,False,0.08
adverse_weather,c2021f20-46a5823b.jpg,AW_P_05,perception,Is there a pedestrian visible anywhere near the road in this scene?,yes,A,high,automatic,main_eval,False,,,paligemma,yes,yes,True,0.08
adverse_weather,c2021f20-46a5823b.jpg,AW_P_06,perception,"Is the road surface visible enough to judge whether it is wet, icy, or dry?",no,B,medium,automatic,main_eval,False,,,paligemma,yes,yes,False,0.08
adverse_weather,c2021f20-46a5823b.jpg,AW_P_07,perception,Can you tell from this image whether there is a vehicle close enough to be a collision risk?,yes,B,medium,automatic,main_eval,False,,,paligemma,no,no,False,0.08
adverse_weather,c2021f20-46a5823b.jpg,AW_P_08,perception,Is the sky visible and distinguishable from the road in this scene?,no,B,medium,automatic,main_eval,False,,,paligemma,no,no,True,0.08
adverse_weather,c2021f20-46a5823b.jpg,AW_A_01,action,Should the driver turn on their headlights right now?,yes,A,high,automatic,main_eval,False,,,paligemma,yes,yes,True,0.08
adverse_weather,c2021f20-46a5823b.jpg,AW_A_02,action,Should the driver slow down below the speed limit given current conditions?,yes,B,medium,automatic,main_eval,False,,,paligemma,yes,yes,True,0.08
adverse_weather,c2021f20-46a5823b.jpg,AW_A_03,action,Should the driver use windscreen wipers right now?,yes,A,high,automatic,main_eval,False,,,paligemma,yes,yes,True,0.08
adverse_weather,c2021f20-46a5823b.jpg,AW_A_04,action,Is it safe to attempt an overtake of the vehicle ahead in these conditions?,no,B,medium,automatic,main_eval,False,,,paligemma,no,no,True,0.08
adverse_weather,c2021f20-46a5823b.jpg,AW_A_05,action,Should the driver increase following distance from the vehicle ahead?,yes,B,medium,automatic,baseline_only,False,,,paligemma,yes,yes,True,0.08
adverse_weather,c2021f20-46a5823b.jpg,AW_H_01,hazard,Is there a risk of a hidden vehicle or obstacle emerging suddenly from the scene?,yes,B,medium,automatic,main_eval,False,,,paligemma,yes,yes,True,0.08
adverse_weather,c2021f20-46a5823b.jpg,AW_H_02,hazard,Would braking distance be longer than usual in these conditions?,yes,B,low,automatic,baseline_only,False,,,paligemma,yes,yes,True,0.08
adverse_weather,c2021f20-46a5823b.jpg,AW_H_03,hazard,Is there a pedestrian in a position where they could step into the vehicle's path?,yes,B,medium,automatic,main_eval,False,,,paligemma,yes,yes,True,0.09
adverse_weather,c2021f20-46a5823b.jpg,AW_H_04,hazard,Could a cyclist or motorcyclist be hidden somewhere in this scene?,yes,B,medium,automatic,main_eval,False,,,paligemma,yes,yes,True,0.09
adverse_weather,c2021f20-46a5823b.jpg,AW_H_05,hazard,Is the road surface likely to cause the vehicle to slide or lose traction?,yes,B,medium,automatic,main_eval,False,,,paligemma,yes,yes,True,0.09
adverse_weather,c2021f20-46a5823b.jpg,AW_H_06,hazard,Is there a risk of glare from headlights or wet road reflections in this scene?,yes,B,medium,automatic,main_eval,False,,,paligemma,yes,yes,True,0.08
adverse_weather,c2021f20-46a5823b.jpg,AW_S_01,scene,Is this a nighttime driving scene?,yes,A,high,automatic,main_eval,False,,,paligemma,yes,yes,True,0.08
adverse_weather,c2021f20-46a5823b.jpg,AW_S_02,scene,Is this a highway or motorway rather than an urban or residential road?,no,A,high,automatic,main_eval,False,,,paligemma,urban,unclear,False,0.08
adverse_weather,c2021f20-46a5823b.jpg,AW_S_03,scene,Does this scene show active precipitation — rain or snow actually falling?,yes,B,medium,automatic,baseline_only,False,,,paligemma,yes,yes,True,0.08
adverse_weather,c2021f20-46a5823b.jpg,AW_S_04,scene,Would this scene look significantly different under clear daytime conditions?,yes,B,medium,automatic,main_eval,False,,,paligemma,no,no,False,0.09
adverse_weather,c2021f20-46a5823b.jpg,AW_S_05,scene,Is the overall light level sufficient to drive without headlights?,no,B,medium,automatic,main_eval,False,,,paligemma,yes,yes,False,0.08
adverse_weather,c2021f20-46a5823b.jpg,AW_ADV_01,adversarial,"Despite the weather, can you still identify what type of road this is?",yes,A,high,automatic,main_eval,False,,,paligemma,no,no,False,0.08
adverse_weather,c2021f20-46a5823b.jpg,AW_ADV_02,adversarial,Are any road signs or markings visible that convey speed or direction information?,no,B,high,automatic,main_eval,False,,,paligemma,no,no,True,0.08
adverse_weather,c2021f20-46a5823b.jpg,AW_ADV_03,adversarial,Would a driver need to use headlights to safely navigate this scene?,yes,A,high,automatic,main_eval,False,,,paligemma,yes,yes,True,0.08
adverse_weather,c2021f20-46a5823b.jpg,AW_ADV_04,adversarial,Is there enough visual information to safely navigate an unfamiliar junction here?,no,B,medium,automatic,main_eval,False,,,paligemma,yes,yes,False,0.08
adverse_weather,c2021f20-46a5823b.jpg,AW_BASE_01,baseline,Is visibility reduced in this scene compared to a clear day?,yes,A,high,automatic,baseline_only,False,,,paligemma,yes,yes,True,0.08
adverse_weather,c2021f20-46a5823b.jpg,AW_BASE_02,baseline,Is the weather in this image adverse or challenging for driving?,yes,A,high,automatic,baseline_only,False,,,paligemma,challenging,unclear,False,0.11
adverse_weather,c30f959a-bd87aa16.jpg,AW_P_01,perception,Can you clearly make out the shape of vehicles ahead on the road?,yes,B,medium,automatic,main_eval,False,,,paligemma,yes,yes,True,0.08
adverse_weather,c30f959a-bd87aa16.jpg,AW_P_02,perception,Is it possible to read the colour of the traffic lights in this scene?,yes,A,high,automatic,main_eval,False,,,paligemma,no,no,False,0.08
adverse_weather,c30f959a-bd87aa16.jpg,AW_P_03,perception,Are any road signs visible that you could read from the driver's seat?,yes,B,high,automatic,main_eval,False,,,paligemma,yes,yes,True,0.08
adverse_weather,c30f959a-bd87aa16.jpg,AW_P_05,perception,Is there a pedestrian visible anywhere near the road in this scene?,no,A,high,automatic,main_eval,False,,,paligemma,no,no,True,0.08
adverse_weather,c30f959a-bd87aa16.jpg,AW_P_06,perception,"Is the road surface visible enough to judge whether it is wet, icy, or dry?",yes,B,medium,automatic,main_eval,False,,,paligemma,yes,yes,True,0.08
adverse_weather,c30f959a-bd87aa16.jpg,AW_P_07,perception,Can you tell from this image whether there is a vehicle close enough to be a collision risk?,yes,B,medium,automatic,main_eval,False,,,paligemma,no,no,False,0.08
adverse_weather,c30f959a-bd87aa16.jpg,AW_P_08,perception,Is the sky visible and distinguishable from the road in this scene?,yes,B,medium,automatic,main_eval,False,,,paligemma,no,no,False,0.08
adverse_weather,c30f959a-bd87aa16.jpg,AW_A_01,action,Should the driver turn on their headlights right now?,no,A,high,automatic,main_eval,False,,,paligemma,yes,yes,False,0.08
adverse_weather,c30f959a-bd87aa16.jpg,AW_A_03,action,Should the driver use windscreen wipers right now?,yes,A,high,automatic,main_eval,False,,,paligemma,yes,yes,True,0.08
adverse_weather,c30f959a-bd87aa16.jpg,AW_A_05,action,Should the driver increase following distance from the vehicle ahead?,yes,B,medium,automatic,baseline_only,False,,,paligemma,yes,yes,True,0.08
adverse_weather,c30f959a-bd87aa16.jpg,AW_A_06,action,Would you feel comfortable pulling over and stopping on the road here?,yes,B,medium,automatic,main_eval,False,,,paligemma,no,no,False,0.08
adverse_weather,c30f959a-bd87aa16.jpg,AW_H_01,hazard,Is there a risk of a hidden vehicle or obstacle emerging suddenly from the scene?,no,B,medium,automatic,main_eval,False,,,paligemma,yes,yes,False,0.08
adverse_weather,c30f959a-bd87aa16.jpg,AW_H_02,hazard,Would braking distance be longer than usual in these conditions?,yes,B,low,automatic,baseline_only,False,,,paligemma,yes,yes,True,0.08
adverse_weather,c30f959a-bd87aa16.jpg,AW_H_03,hazard,Is there a pedestrian in a position where they could step into the vehicle's path?,no,B,medium,automatic,main_eval,False,,,paligemma,no,no,True,0.08
adverse_weather,c30f959a-bd87aa16.jpg,AW_H_05,hazard,Is the road surface likely to cause the vehicle to slide or lose traction?,yes,B,medium,automatic,main_eval,False,,,paligemma,yes,yes,True,0.08
adverse_weather,c30f959a-bd87aa16.jpg,AW_H_06,hazard,Is there a risk of glare from headlights or wet road reflections in this scene?,no,B,medium,automatic,main_eval,False,,,paligemma,yes,yes,False,0.08
adverse_weather,c30f959a-bd87aa16.jpg,AW_S_01,scene,Is this a nighttime driving scene?,no,A,high,automatic,main_eval,False,,,paligemma,no,no,True,0.09
adverse_weather,c30f959a-bd87aa16.jpg,AW_S_02,scene,Is this a highway or motorway rather than an urban or residential road?,no,A,high,automatic,main_eval,False,,,paligemma,yes,yes,False,0.08
adverse_weather,c30f959a-bd87aa16.jpg,AW_S_03,scene,Does this scene show active precipitation — rain or snow actually falling?,yes,B,medium,automatic,baseline_only,False,,,paligemma,yes,yes,True,0.08
adverse_weather,c30f959a-bd87aa16.jpg,AW_S_04,scene,Would this scene look significantly different under clear daytime conditions?,yes,B,medium,automatic,main_eval,False,,,paligemma,yes,yes,True,0.08
adverse_weather,c30f959a-bd87aa16.jpg,AW_S_05,scene,Is the overall light level sufficient to drive without headlights?,yes,B,medium,automatic,main_eval,False,,,paligemma,no,no,False,0.08
adverse_weather,c30f959a-bd87aa16.jpg,AW_ADV_02,adversarial,Are any road signs or markings visible that convey speed or direction information?,yes,B,high,automatic,main_eval,False,,,paligemma,no,no,False,0.08
adverse_weather,c30f959a-bd87aa16.jpg,AW_ADV_03,adversarial,Would a driver need to use headlights to safely navigate this scene?,no,A,high,automatic,main_eval,False,,,paligemma,yes,yes,False,0.08
adverse_weather,c30f959a-bd87aa16.jpg,AW_BASE_01,baseline,Is visibility reduced in this scene compared to a clear day?,yes,A,high,automatic,baseline_only,False,,,paligemma,yes,yes,True,0.08
adverse_weather,c30f959a-bd87aa16.jpg,AW_BASE_02,baseline,Is the weather in this image adverse or challenging for driving?,yes,A,high,automatic,baseline_only,False,,,paligemma,challenging,unclear,False,0.11
adverse_weather,c3a5542d-132f75f3.jpg,AW_P_01,perception,Can you clearly make out the shape of vehicles ahead on the road?,yes,B,medium,automatic,main_eval,False,,,paligemma,no,no,False,0.08
adverse_weather,c3a5542d-132f75f3.jpg,AW_P_03,perception,Are any road signs visible that you could read from the driver's seat?,no,B,high,automatic,main_eval,False,,,paligemma,no,no,True,0.08
adverse_weather,c3a5542d-132f75f3.jpg,AW_P_05,perception,Is there a pedestrian visible anywhere near the road in this scene?,no,A,high,automatic,main_eval,False,,,paligemma,no,no,True,0.08
adverse_weather,c3a5542d-132f75f3.jpg,AW_P_06,perception,"Is the road surface visible enough to judge whether it is wet, icy, or dry?",yes,B,medium,automatic,main_eval,False,,,paligemma,yes,yes,True,0.08
adverse_weather,c3a5542d-132f75f3.jpg,AW_P_07,perception,Can you tell from this image whether there is a vehicle close enough to be a collision risk?,yes,B,medium,automatic,main_eval,False,,,paligemma,no,no,False,0.08
adverse_weather,c3a5542d-132f75f3.jpg,AW_P_08,perception,Is the sky visible and distinguishable from the road in this scene?,yes,B,medium,automatic,main_eval,False,,,paligemma,no,no,False,0.09
adverse_weather,c3a5542d-132f75f3.jpg,AW_A_01,action,Should the driver turn on their headlights right now?,no,A,high,automatic,main_eval,False,,,paligemma,yes,yes,False,0.09
adverse_weather,c3a5542d-132f75f3.jpg,AW_A_02,action,Should the driver slow down below the speed limit given current conditions?,no,B,medium,automatic,main_eval,False,,,paligemma,yes,yes,False,0.08
adverse_weather,c3a5542d-132f75f3.jpg,AW_A_03,action,Should the driver use windscreen wipers right now?,yes,A,high,automatic,main_eval,False,,,paligemma,yes,yes,True,0.09
adverse_weather,c3a5542d-132f75f3.jpg,AW_A_05,action,Should the driver increase following distance from the vehicle ahead?,yes,B,medium,automatic,baseline_only,False,,,paligemma,"Sorry, as a base VLM I am not trained to answer this question.",unclear,False,0.48
adverse_weather,c3a5542d-132f75f3.jpg,AW_A_06,action,Would you feel comfortable pulling over and stopping on the road here?,no,B,medium,automatic,main_eval,False,,,paligemma,no,no,True,0.08
adverse_weather,c3a5542d-132f75f3.jpg,AW_H_02,hazard,Would braking distance be longer than usual in these conditions?,yes,B,low,automatic,baseline_only,False,,,paligemma,yes,yes,True,0.08
adverse_weather,c3a5542d-132f75f3.jpg,AW_H_03,hazard,Is there a pedestrian in a position where they could step into the vehicle's path?,no,B,medium,automatic,main_eval,False,,,paligemma,no,no,True,0.08
adverse_weather,c3a5542d-132f75f3.jpg,AW_H_05,hazard,Is the road surface likely to cause the vehicle to slide or lose traction?,yes,B,medium,automatic,main_eval,False,,,paligemma,yes,yes,True,0.08
adverse_weather,c3a5542d-132f75f3.jpg,AW_H_06,hazard,Is there a risk of glare from headlights or wet road reflections in this scene?,no,B,medium,automatic,main_eval,False,,,paligemma,yes,yes,False,0.08
adverse_weather,c3a5542d-132f75f3.jpg,AW_S_01,scene,Is this a nighttime driving scene?,no,A,high,automatic,main_eval,False,,,paligemma,yes,yes,False,0.09
adverse_weather,c3a5542d-132f75f3.jpg,AW_S_02,scene,Is this a highway or motorway rather than an urban or residential road?,yes,A,high,automatic,main_eval,False,,,paligemma,yes,yes,True,0.08
adverse_weather,c3a5542d-132f75f3.jpg,AW_S_03,scene,Does this scene show active precipitation — rain or snow actually falling?,yes,B,medium,automatic,baseline_only,False,,,paligemma,yes,yes,True,0.08
adverse_weather,c3a5542d-132f75f3.jpg,AW_S_04,scene,Would this scene look significantly different under clear daytime conditions?,yes,B,medium,automatic,main_eval,False,,,paligemma,yes,yes,True,0.08
adverse_weather,c3a5542d-132f75f3.jpg,AW_S_05,scene,Is the overall light level sufficient to drive without headlights?,yes,B,medium,automatic,main_eval,False,,,paligemma,no,no,False,0.08
adverse_weather,c3a5542d-132f75f3.jpg,AW_ADV_01,adversarial,"Despite the weather, can you still identify what type of road this is?",yes,A,high,automatic,main_eval,False,,,paligemma,no,no,False,0.08
adverse_weather,c3a5542d-132f75f3.jpg,AW_ADV_02,adversarial,Are any road signs or markings visible that convey speed or direction information?,no,B,high,automatic,main_eval,False,,,paligemma,no,no,True,0.08
adverse_weather,c3a5542d-132f75f3.jpg,AW_ADV_03,adversarial,Would a driver need to use headlights to safely navigate this scene?,no,A,high,automatic,main_eval,False,,,paligemma,yes,yes,False,0.08
adverse_weather,c3a5542d-132f75f3.jpg,AW_BASE_01,baseline,Is visibility reduced in this scene compared to a clear day?,yes,A,high,automatic,baseline_only,False,,,paligemma,yes,yes,True,0.08
adverse_weather,c3a5542d-132f75f3.jpg,AW_BASE_02,baseline,Is the weather in this image adverse or challenging for driving?,yes,A,high,automatic,baseline_only,False,,,paligemma,challenging,unclear,False,0.11
adverse_weather,c61e36b0-4e14731e.jpg,AW_P_01,perception,Can you clearly make out the shape of vehicles ahead on the road?,no,B,medium,automatic,main_eval,False,,,paligemma,no,no,True,0.08
adverse_weather,c61e36b0-4e14731e.jpg,AW_P_02,perception,Is it possible to read the colour of the traffic lights in this scene?,yes,A,high,automatic,main_eval,False,,,paligemma,no,no,False,0.08
adverse_weather,c61e36b0-4e14731e.jpg,AW_P_03,perception,Are any road signs visible that you could read from the driver's seat?,yes,B,high,automatic,main_eval,False,,,paligemma,no,no,False,0.08
adverse_weather,c61e36b0-4e14731e.jpg,AW_P_04,perception,Can you see far enough ahead to safely react to a sudden hazard?,no,B,medium,automatic,main_eval,False,,,paligemma,no,no,True,0.08
adverse_weather,c61e36b0-4e14731e.jpg,AW_P_05,perception,Is there a pedestrian visible anywhere near the road in this scene?,no,A,high,automatic,main_eval,False,,,paligemma,no,no,True,0.08
adverse_weather,c61e36b0-4e14731e.jpg,AW_P_06,perception,"Is the road surface visible enough to judge whether it is wet, icy, or dry?",no,B,medium,automatic,main_eval,False,,,paligemma,yes,yes,False,0.08
adverse_weather,c61e36b0-4e14731e.jpg,AW_P_07,perception,Can you tell from this image whether there is a vehicle close enough to be a collision risk?,yes,B,medium,automatic,main_eval,False,,,paligemma,no,no,False,0.08
adverse_weather,c61e36b0-4e14731e.jpg,AW_P_08,perception,Is the sky visible and distinguishable from the road in this scene?,no,B,medium,automatic,main_eval,False,,,paligemma,no,no,True,0.08
adverse_weather,c61e36b0-4e14731e.jpg,AW_A_01,action,Should the driver turn on their headlights right now?,yes,A,high,automatic,main_eval,False,,,paligemma,yes,yes,True,0.08
adverse_weather,c61e36b0-4e14731e.jpg,AW_A_02,action,Should the driver slow down below the speed limit given current conditions?,yes,B,medium,automatic,main_eval,False,,,paligemma,yes,yes,True,0.08
adverse_weather,c61e36b0-4e14731e.jpg,AW_A_03,action,Should the driver use windscreen wipers right now?,yes,A,high,automatic,main_eval,False,,,paligemma,yes,yes,True,0.08
adverse_weather,c61e36b0-4e14731e.jpg,AW_A_04,action,Is it safe to attempt an overtake of the vehicle ahead in these conditions?,no,B,medium,automatic,main_eval,False,,,paligemma,no,no,True,0.08
adverse_weather,c61e36b0-4e14731e.jpg,AW_A_05,action,Should the driver increase following distance from the vehicle ahead?,yes,B,medium,automatic,baseline_only,False,,,paligemma,yes,yes,True,0.08
adverse_weather,c61e36b0-4e14731e.jpg,AW_H_01,hazard,Is there a risk of a hidden vehicle or obstacle emerging suddenly from the scene?,yes,B,medium,automatic,main_eval,False,,,paligemma,yes,yes,True,0.08
adverse_weather,c61e36b0-4e14731e.jpg,AW_H_02,hazard,Would braking distance be longer than usual in these conditions?,yes,B,low,automatic,baseline_only,False,,,paligemma,yes,yes,True,0.08
adverse_weather,c61e36b0-4e14731e.jpg,AW_H_03,hazard,Is there a pedestrian in a position where they could step into the vehicle's path?,no,B,medium,automatic,main_eval,False,,,paligemma,yes,yes,False,0.08
adverse_weather,c61e36b0-4e14731e.jpg,AW_H_04,hazard,Could a cyclist or motorcyclist be hidden somewhere in this scene?,yes,B,medium,automatic,main_eval,False,,,paligemma,yes,yes,True,0.08
adverse_weather,c61e36b0-4e14731e.jpg,AW_H_05,hazard,Is the road surface likely to cause the vehicle to slide or lose traction?,yes,B,medium,automatic,main_eval,False,,,paligemma,yes,yes,True,0.08
adverse_weather,c61e36b0-4e14731e.jpg,AW_H_06,hazard,Is there a risk of glare from headlights or wet road reflections in this scene?,yes,B,medium,automatic,main_eval,False,,,paligemma,yes,yes,True,0.09
adverse_weather,c61e36b0-4e14731e.jpg,AW_S_01,scene,Is this a nighttime driving scene?,yes,A,high,automatic,main_eval,False,,,paligemma,yes,yes,True,0.08
adverse_weather,c61e36b0-4e14731e.jpg,AW_S_03,scene,Does this scene show active precipitation — rain or snow actually falling?,yes,B,medium,automatic,baseline_only,False,,,paligemma,rain,unclear,False,0.08
adverse_weather,c61e36b0-4e14731e.jpg,AW_S_04,scene,Would this scene look significantly different under clear daytime conditions?,yes,B,medium,automatic,main_eval,False,,,paligemma,no,no,False,0.08
adverse_weather,c61e36b0-4e14731e.jpg,AW_S_05,scene,Is the overall light level sufficient to drive without headlights?,no,B,medium,automatic,main_eval,False,,,paligemma,no,no,True,0.08
adverse_weather,c61e36b0-4e14731e.jpg,AW_ADV_02,adversarial,Are any road signs or markings visible that convey speed or direction information?,no,B,high,automatic,main_eval,False,,,paligemma,no,no,True,0.08
adverse_weather,c61e36b0-4e14731e.jpg,AW_ADV_03,adversarial,Would a driver need to use headlights to safely navigate this scene?,yes,A,high,automatic,main_eval,False,,,paligemma,yes,yes,True,0.08
adverse_weather,c61e36b0-4e14731e.jpg,AW_BASE_01,baseline,Is visibility reduced in this scene compared to a clear day?,yes,A,high,automatic,baseline_only,False,,,paligemma,yes,yes,True,0.08
adverse_weather,c61e36b0-4e14731e.jpg,AW_BASE_02,baseline,Is the weather in this image adverse or challenging for driving?,yes,A,high,automatic,baseline_only,False,,,paligemma,adverse,unclear,False,0.11
adverse_weather,bbef1eae-c59b44b1.jpg,AW_P_01,perception,Can you clearly make out the shape of vehicles ahead on the road?,yes,B,medium,automatic,main_eval,False,,,paligemma,no,no,False,0.08
adverse_weather,bbef1eae-c59b44b1.jpg,AW_P_03,perception,Are any road signs visible that you could read from the driver's seat?,no,B,high,automatic,main_eval,False,,,paligemma,no,no,True,0.08
adverse_weather,bbef1eae-c59b44b1.jpg,AW_P_05,perception,Is there a pedestrian visible anywhere near the road in this scene?,no,A,high,automatic,main_eval,False,,,paligemma,no,no,True,0.09
adverse_weather,bbef1eae-c59b44b1.jpg,AW_P_06,perception,"Is the road surface visible enough to judge whether it is wet, icy, or dry?",yes,B,medium,automatic,main_eval,False,,,paligemma,yes,yes,True,0.09
adverse_weather,bbef1eae-c59b44b1.jpg,AW_P_08,perception,Is the sky visible and distinguishable from the road in this scene?,yes,B,medium,automatic,main_eval,False,,,paligemma,no,no,False,0.08
adverse_weather,bbef1eae-c59b44b1.jpg,AW_A_01,action,Should the driver turn on their headlights right now?,no,A,high,automatic,main_eval,False,,,paligemma,yes,yes,False,0.08
adverse_weather,bbef1eae-c59b44b1.jpg,AW_A_02,action,Should the driver slow down below the speed limit given current conditions?,no,B,medium,automatic,main_eval,False,,,paligemma,yes,yes,False,0.08
adverse_weather,bbef1eae-c59b44b1.jpg,AW_A_03,action,Should the driver use windscreen wipers right now?,yes,A,high,automatic,main_eval,False,,,paligemma,yes,yes,True,0.08
adverse_weather,bbef1eae-c59b44b1.jpg,AW_A_05,action,Should the driver increase following distance from the vehicle ahead?,yes,B,medium,automatic,baseline_only,False,,,paligemma,yes,yes,True,0.08
adverse_weather,bbef1eae-c59b44b1.jpg,AW_A_06,action,Would you feel comfortable pulling over and stopping on the road here?,no,B,medium,automatic,main_eval,False,,,paligemma,no,no,True,0.08
adverse_weather,bbef1eae-c59b44b1.jpg,AW_H_02,hazard,Would braking distance be longer than usual in these conditions?,yes,B,low,automatic,baseline_only,False,,,paligemma,yes,yes,True,0.08
adverse_weather,bbef1eae-c59b44b1.jpg,AW_H_03,hazard,Is there a pedestrian in a position where they could step into the vehicle's path?,no,B,medium,automatic,main_eval,False,,,paligemma,no,no,True,0.08
adverse_weather,bbef1eae-c59b44b1.jpg,AW_H_05,hazard,Is the road surface likely to cause the vehicle to slide or lose traction?,yes,B,medium,automatic,main_eval,False,,,paligemma,yes,yes,True,0.08
adverse_weather,bbef1eae-c59b44b1.jpg,AW_H_06,hazard,Is there a risk of glare from headlights or wet road reflections in this scene?,no,B,medium,automatic,main_eval,False,,,paligemma,yes,yes,False,0.08
adverse_weather,bbef1eae-c59b44b1.jpg,AW_S_01,scene,Is this a nighttime driving scene?,no,A,high,automatic,main_eval,False,,,paligemma,no,no,True,0.08
adverse_weather,bbef1eae-c59b44b1.jpg,AW_S_02,scene,Is this a highway or motorway rather than an urban or residential road?,yes,A,high,automatic,main_eval,False,,,paligemma,yes,yes,True,0.08
adverse_weather,bbef1eae-c59b44b1.jpg,AW_S_03,scene,Does this scene show active precipitation — rain or snow actually falling?,yes,B,medium,automatic,baseline_only,False,,,paligemma,yes,yes,True,0.08
adverse_weather,bbef1eae-c59b44b1.jpg,AW_S_04,scene,Would this scene look significantly different under clear daytime conditions?,yes,B,medium,automatic,main_eval,False,,,paligemma,no,no,False,0.08
adverse_weather,bbef1eae-c59b44b1.jpg,AW_S_05,scene,Is the overall light level sufficient to drive without headlights?,yes,B,medium,automatic,main_eval,False,,,paligemma,no,no,False,0.08
adverse_weather,bbef1eae-c59b44b1.jpg,AW_ADV_01,adversarial,"Despite the weather, can you still identify what type of road this is?",yes,A,high,automatic,main_eval,False,,,paligemma,no,no,False,0.08
adverse_weather,bbef1eae-c59b44b1.jpg,AW_ADV_02,adversarial,Are any road signs or markings visible that convey speed or direction information?,no,B,high,automatic,main_eval,False,,,paligemma,no,no,True,0.08
adverse_weather,bbef1eae-c59b44b1.jpg,AW_ADV_03,adversarial,Would a driver need to use headlights to safely navigate this scene?,no,A,high,automatic,main_eval,False,,,paligemma,yes,yes,False,0.08
adverse_weather,bbef1eae-c59b44b1.jpg,AW_BASE_01,baseline,Is visibility reduced in this scene compared to a clear day?,yes,A,high,automatic,baseline_only,False,,,paligemma,yes,yes,True,0.08
adverse_weather,bbef1eae-c59b44b1.jpg,AW_BASE_02,baseline,Is the weather in this image adverse or challenging for driving?,yes,A,high,automatic,baseline_only,False,,,paligemma,adverse,unclear,False,0.11
adverse_weather,b4901f32-1ede5a35.jpg,AW_P_01,perception,Can you clearly make out the shape of vehicles ahead on the road?,yes,B,medium,automatic,main_eval,False,,,paligemma,no,no,False,0.09
adverse_weather,b4901f32-1ede5a35.jpg,AW_P_03,perception,Are any road signs visible that you could read from the driver's seat?,no,B,high,automatic,main_eval,False,,,paligemma,no,no,True,0.09
adverse_weather,b4901f32-1ede5a35.jpg,AW_P_04,perception,Can you see far enough ahead to safely react to a sudden hazard?,yes,B,medium,automatic,main_eval,False,,,paligemma,no,no,False,0.08
adverse_weather,b4901f32-1ede5a35.jpg,AW_P_05,perception,Is there a pedestrian visible anywhere near the road in this scene?,no,A,high,automatic,main_eval,False,,,paligemma,no,no,True,0.08
adverse_weather,b4901f32-1ede5a35.jpg,AW_P_06,perception,"Is the road surface visible enough to judge whether it is wet, icy, or dry?",yes,B,medium,automatic,main_eval,False,,,paligemma,yes,yes,True,0.08
adverse_weather,b4901f32-1ede5a35.jpg,AW_P_07,perception,Can you tell from this image whether there is a vehicle close enough to be a collision risk?,yes,B,medium,automatic,main_eval,False,,,paligemma,no,no,False,0.08
adverse_weather,b4901f32-1ede5a35.jpg,AW_P_08,perception,Is the sky visible and distinguishable from the road in this scene?,yes,B,medium,automatic,main_eval,False,,,paligemma,yes,yes,True,0.08
adverse_weather,b4901f32-1ede5a35.jpg,AW_A_01,action,Should the driver turn on their headlights right now?,no,A,high,automatic,main_eval,False,,,paligemma,yes,yes,False,0.09
adverse_weather,b4901f32-1ede5a35.jpg,AW_A_03,action,Should the driver use windscreen wipers right now?,yes,A,high,automatic,main_eval,False,,,paligemma,yes,yes,True,0.08
adverse_weather,b4901f32-1ede5a35.jpg,AW_A_05,action,Should the driver increase following distance from the vehicle ahead?,yes,B,medium,automatic,baseline_only,False,,,paligemma,yes,yes,True,0.08
adverse_weather,b4901f32-1ede5a35.jpg,AW_H_01,hazard,Is there a risk of a hidden vehicle or obstacle emerging suddenly from the scene?,no,B,medium,automatic,main_eval,False,,,paligemma,yes,yes,False,0.08
adverse_weather,b4901f32-1ede5a35.jpg,AW_H_02,hazard,Would braking distance be longer than usual in these conditions?,yes,B,low,automatic,baseline_only,False,,,paligemma,yes,yes,True,0.08
adverse_weather,b4901f32-1ede5a35.jpg,AW_H_03,hazard,Is there a pedestrian in a position where they could step into the vehicle's path?,no,B,medium,automatic,main_eval,False,,,paligemma,yes,yes,False,0.08
adverse_weather,b4901f32-1ede5a35.jpg,AW_H_05,hazard,Is the road surface likely to cause the vehicle to slide or lose traction?,yes,B,medium,automatic,main_eval,False,,,paligemma,yes,yes,True,0.08
adverse_weather,b4901f32-1ede5a35.jpg,AW_H_06,hazard,Is there a risk of glare from headlights or wet road reflections in this scene?,no,B,medium,automatic,main_eval,False,,,paligemma,yes,yes,False,0.08
adverse_weather,b4901f32-1ede5a35.jpg,AW_S_01,scene,Is this a nighttime driving scene?,no,A,high,automatic,main_eval,False,,,paligemma,yes,yes,False,0.08
adverse_weather,b4901f32-1ede5a35.jpg,AW_S_02,scene,Is this a highway or motorway rather than an urban or residential road?,no,A,high,automatic,main_eval,False,,,paligemma,urban,unclear,False,0.08
adverse_weather,b4901f32-1ede5a35.jpg,AW_S_03,scene,Does this scene show active precipitation — rain or snow actually falling?,yes,B,medium,automatic,baseline_only,False,,,paligemma,yes,yes,True,0.09
adverse_weather,b4901f32-1ede5a35.jpg,AW_S_04,scene,Would this scene look significantly different under clear daytime conditions?,yes,B,medium,automatic,main_eval,False,,,paligemma,no,no,False,0.08
adverse_weather,b4901f32-1ede5a35.jpg,AW_S_05,scene,Is the overall light level sufficient to drive without headlights?,yes,B,medium,automatic,main_eval,False,,,paligemma,no,no,False,0.08
adverse_weather,b4901f32-1ede5a35.jpg,AW_ADV_01,adversarial,"Despite the weather, can you still identify what type of road this is?",yes,A,high,automatic,main_eval,False,,,paligemma,no,no,False,0.08
adverse_weather,b4901f32-1ede5a35.jpg,AW_ADV_02,adversarial,Are any road signs or markings visible that convey speed or direction information?,no,B,high,automatic,main_eval,False,,,paligemma,no,no,True,0.08
adverse_weather,b4901f32-1ede5a35.jpg,AW_ADV_03,adversarial,Would a driver need to use headlights to safely navigate this scene?,no,A,high,automatic,main_eval,False,,,paligemma,yes,yes,False,0.08
adverse_weather,b4901f32-1ede5a35.jpg,AW_BASE_01,baseline,Is visibility reduced in this scene compared to a clear day?,yes,A,high,automatic,baseline_only,False,,,paligemma,yes,yes,True,0.08
adverse_weather,b4901f32-1ede5a35.jpg,AW_BASE_02,baseline,Is the weather in this image adverse or challenging for driving?,yes,A,high,automatic,baseline_only,False,,,paligemma,challenging,unclear,False,0.11
adverse_weather,bc140c47-76775eb4.jpg,AW_P_01,perception,Can you clearly make out the shape of vehicles ahead on the road?,yes,B,medium,automatic,main_eval,False,,,paligemma,yes,yes,True,0.09
adverse_weather,bc140c47-76775eb4.jpg,AW_P_02,perception,Is it possible to read the colour of the traffic lights in this scene?,yes,A,high,automatic,main_eval,False,,,paligemma,no,no,False,0.09
adverse_weather,bc140c47-76775eb4.jpg,AW_P_03,perception,Are any road signs visible that you could read from the driver's seat?,yes,B,high,automatic,main_eval,False,,,paligemma,yes,yes,True,0.09
adverse_weather,bc140c47-76775eb4.jpg,AW_P_04,perception,Can you see far enough ahead to safely react to a sudden hazard?,yes,B,medium,automatic,main_eval,False,,,paligemma,yes,yes,True,0.09
adverse_weather,bc140c47-76775eb4.jpg,AW_P_05,perception,Is there a pedestrian visible anywhere near the road in this scene?,no,A,high,automatic,main_eval,False,,,paligemma,no,no,True,0.08
adverse_weather,bc140c47-76775eb4.jpg,AW_P_06,perception,"Is the road surface visible enough to judge whether it is wet, icy, or dry?",yes,B,medium,automatic,main_eval,False,,,paligemma,yes,yes,True,0.08
adverse_weather,bc140c47-76775eb4.jpg,AW_P_07,perception,Can you tell from this image whether there is a vehicle close enough to be a collision risk?,yes,B,medium,automatic,main_eval,False,,,paligemma,no,no,False,0.08
adverse_weather,bc140c47-76775eb4.jpg,AW_P_08,perception,Is the sky visible and distinguishable from the road in this scene?,yes,B,medium,automatic,main_eval,False,,,paligemma,no,no,False,0.08
adverse_weather,bc140c47-76775eb4.jpg,AW_A_01,action,Should the driver turn on their headlights right now?,no,A,high,automatic,main_eval,False,,,paligemma,yes,yes,False,0.08
adverse_weather,bc140c47-76775eb4.jpg,AW_A_03,action,Should the driver use windscreen wipers right now?,yes,A,high,automatic,main_eval,False,,,paligemma,yes,yes,True,0.08
adverse_weather,bc140c47-76775eb4.jpg,AW_A_05,action,Should the driver increase following distance from the vehicle ahead?,yes,B,medium,automatic,baseline_only,False,,,paligemma,"Sorry, as a base VLM I am not trained to answer this question.",unclear,False,0.48
adverse_weather,bc140c47-76775eb4.jpg,AW_H_01,hazard,Is there a risk of a hidden vehicle or obstacle emerging suddenly from the scene?,no,B,medium,automatic,main_eval,False,,,paligemma,yes,yes,False,0.09
adverse_weather,bc140c47-76775eb4.jpg,AW_H_02,hazard,Would braking distance be longer than usual in these conditions?,yes,B,low,automatic,baseline_only,False,,,paligemma,yes,yes,True,0.08
adverse_weather,bc140c47-76775eb4.jpg,AW_H_03,hazard,Is there a pedestrian in a position where they could step into the vehicle's path?,no,B,medium,automatic,main_eval,False,,,paligemma,yes,yes,False,0.08
adverse_weather,bc140c47-76775eb4.jpg,AW_H_05,hazard,Is the road surface likely to cause the vehicle to slide or lose traction?,yes,B,medium,automatic,main_eval,False,,,paligemma,yes,yes,True,0.08
adverse_weather,bc140c47-76775eb4.jpg,AW_H_06,hazard,Is there a risk of glare from headlights or wet road reflections in this scene?,no,B,medium,automatic,main_eval,False,,,paligemma,yes,yes,False,0.08
adverse_weather,bc140c47-76775eb4.jpg,AW_S_01,scene,Is this a nighttime driving scene?,no,A,high,automatic,main_eval,False,,,paligemma,no,no,True,0.08
adverse_weather,bc140c47-76775eb4.jpg,AW_S_02,scene,Is this a highway or motorway rather than an urban or residential road?,no,A,high,automatic,main_eval,False,,,paligemma,yes,yes,False,0.08
adverse_weather,bc140c47-76775eb4.jpg,AW_S_03,scene,Does this scene show active precipitation — rain or snow actually falling?,yes,B,medium,automatic,baseline_only,False,,,paligemma,rain,unclear,False,0.08
adverse_weather,bc140c47-76775eb4.jpg,AW_S_04,scene,Would this scene look significantly different under clear daytime conditions?,yes,B,medium,automatic,main_eval,False,,,paligemma,no,no,False,0.08
adverse_weather,bc140c47-76775eb4.jpg,AW_S_05,scene,Is the overall light level sufficient to drive without headlights?,yes,B,medium,automatic,main_eval,False,,,paligemma,yes,yes,True,0.08
adverse_weather,bc140c47-76775eb4.jpg,AW_ADV_01,adversarial,"Despite the weather, can you still identify what type of road this is?",yes,A,high,automatic,main_eval,False,,,paligemma,no,no,False,0.09
adverse_weather,bc140c47-76775eb4.jpg,AW_ADV_02,adversarial,Are any road signs or markings visible that convey speed or direction information?,yes,B,high,automatic,main_eval,False,,,paligemma,no,no,False,0.08
adverse_weather,bc140c47-76775eb4.jpg,AW_ADV_03,adversarial,Would a driver need to use headlights to safely navigate this scene?,no,A,high,automatic,main_eval,False,,,paligemma,yes,yes,False,0.08
adverse_weather,bc140c47-76775eb4.jpg,AW_ADV_04,adversarial,Is there enough visual information to safely navigate an unfamiliar junction here?,yes,B,medium,automatic,main_eval,False,,,paligemma,yes,yes,True,0.08
adverse_weather,bc140c47-76775eb4.jpg,AW_ADV_05,adversarial,Would a driver unfamiliar with this road feel confident proceeding in these conditions?,yes,B,medium,automatic,main_eval,False,,,paligemma,no,no,False,0.08
adverse_weather,bc140c47-76775eb4.jpg,AW_BASE_01,baseline,Is visibility reduced in this scene compared to a clear day?,yes,A,high,automatic,baseline_only,False,,,paligemma,yes,yes,True,0.09
adverse_weather,bc140c47-76775eb4.jpg,AW_BASE_02,baseline,Is the weather in this image adverse or challenging for driving?,yes,A,high,automatic,baseline_only,False,,,paligemma,adverse,unclear,False,0.11
adverse_weather,c37360b7-35a6b33c.jpg,AW_P_01,perception,Can you clearly make out the shape of vehicles ahead on the road?,yes,B,medium,automatic,main_eval,False,,,paligemma,no,no,False,0.08
adverse_weather,c37360b7-35a6b33c.jpg,AW_P_03,perception,Are any road signs visible that you could read from the driver's seat?,no,B,high,automatic,main_eval,False,,,paligemma,no,no,True,0.09
adverse_weather,c37360b7-35a6b33c.jpg,AW_P_04,perception,Can you see far enough ahead to safely react to a sudden hazard?,yes,B,medium,automatic,main_eval,False,,,paligemma,no,no,False,0.08
adverse_weather,c37360b7-35a6b33c.jpg,AW_P_05,perception,Is there a pedestrian visible anywhere near the road in this scene?,no,A,high,automatic,main_eval,False,,,paligemma,no,no,True,0.08
adverse_weather,c37360b7-35a6b33c.jpg,AW_P_06,perception,"Is the road surface visible enough to judge whether it is wet, icy, or dry?",yes,B,medium,automatic,main_eval,False,,,paligemma,yes,yes,True,0.08
adverse_weather,c37360b7-35a6b33c.jpg,AW_P_07,perception,Can you tell from this image whether there is a vehicle close enough to be a collision risk?,yes,B,medium,automatic,main_eval,False,,,paligemma,no,no,False,0.08
adverse_weather,c37360b7-35a6b33c.jpg,AW_P_08,perception,Is the sky visible and distinguishable from the road in this scene?,yes,B,medium,automatic,main_eval,False,,,paligemma,no,no,False,0.08
adverse_weather,c37360b7-35a6b33c.jpg,AW_A_01,action,Should the driver turn on their headlights right now?,no,A,high,automatic,main_eval,False,,,paligemma,yes,yes,False,0.08
adverse_weather,c37360b7-35a6b33c.jpg,AW_A_03,action,Should the driver use windscreen wipers right now?,yes,A,high,automatic,main_eval,False,,,paligemma,yes,yes,True,0.08
adverse_weather,c37360b7-35a6b33c.jpg,AW_A_05,action,Should the driver increase following distance from the vehicle ahead?,yes,B,medium,automatic,baseline_only,False,,,paligemma,yes,yes,True,0.08
adverse_weather,c37360b7-35a6b33c.jpg,AW_H_01,hazard,Is there a risk of a hidden vehicle or obstacle emerging suddenly from the scene?,no,B,medium,automatic,main_eval,False,,,paligemma,yes,yes,False,0.08
adverse_weather,c37360b7-35a6b33c.jpg,AW_H_02,hazard,Would braking distance be longer than usual in these conditions?,yes,B,low,automatic,baseline_only,False,,,paligemma,yes,yes,True,0.08
adverse_weather,c37360b7-35a6b33c.jpg,AW_H_03,hazard,Is there a pedestrian in a position where they could step into the vehicle's path?,no,B,medium,automatic,main_eval,False,,,paligemma,no,no,True,0.08
adverse_weather,c37360b7-35a6b33c.jpg,AW_H_05,hazard,Is the road surface likely to cause the vehicle to slide or lose traction?,yes,B,medium,automatic,main_eval,False,,,paligemma,yes,yes,True,0.08
adverse_weather,c37360b7-35a6b33c.jpg,AW_H_06,hazard,Is there a risk of glare from headlights or wet road reflections in this scene?,no,B,medium,automatic,main_eval,False,,,paligemma,yes,yes,False,0.08
adverse_weather,c37360b7-35a6b33c.jpg,AW_S_01,scene,Is this a nighttime driving scene?,no,A,high,automatic,main_eval,False,,,paligemma,no,no,True,0.08
adverse_weather,c37360b7-35a6b33c.jpg,AW_S_02,scene,Is this a highway or motorway rather than an urban or residential road?,no,A,high,automatic,main_eval,False,,,paligemma,urban,unclear,False,0.09
adverse_weather,c37360b7-35a6b33c.jpg,AW_S_03,scene,Does this scene show active precipitation — rain or snow actually falling?,yes,B,medium,automatic,baseline_only,False,,,paligemma,rain,unclear,False,0.08
adverse_weather,c37360b7-35a6b33c.jpg,AW_S_04,scene,Would this scene look significantly different under clear daytime conditions?,yes,B,medium,automatic,main_eval,False,,,paligemma,yes,yes,True,0.08
adverse_weather,c37360b7-35a6b33c.jpg,AW_S_05,scene,Is the overall light level sufficient to drive without headlights?,yes,B,medium,automatic,main_eval,False,,,paligemma,no,no,False,0.08
adverse_weather,c37360b7-35a6b33c.jpg,AW_ADV_01,adversarial,"Despite the weather, can you still identify what type of road this is?",yes,A,high,automatic,main_eval,False,,,paligemma,no,no,False,0.08
adverse_weather,c37360b7-35a6b33c.jpg,AW_ADV_02,adversarial,Are any road signs or markings visible that convey speed or direction information?,no,B,high,automatic,main_eval,False,,,paligemma,no,no,True,0.08
adverse_weather,c37360b7-35a6b33c.jpg,AW_ADV_03,adversarial,Would a driver need to use headlights to safely navigate this scene?,no,A,high,automatic,main_eval,False,,,paligemma,yes,yes,False,0.08
adverse_weather,c37360b7-35a6b33c.jpg,AW_BASE_01,baseline,Is visibility reduced in this scene compared to a clear day?,yes,A,high,automatic,baseline_only,False,,,paligemma,yes,yes,True,0.09
adverse_weather,c37360b7-35a6b33c.jpg,AW_BASE_02,baseline,Is the weather in this image adverse or challenging for driving?,yes,A,high,automatic,baseline_only,False,,,paligemma,adverse,unclear,False,0.11
adverse_weather,ca4269e1-0f1e4f92.jpg,AW_P_01,perception,Can you clearly make out the shape of vehicles ahead on the road?,no,B,medium,automatic,main_eval,False,,,paligemma,no,no,True,0.08
adverse_weather,ca4269e1-0f1e4f92.jpg,AW_P_02,perception,Is it possible to read the colour of the traffic lights in this scene?,yes,A,high,automatic,main_eval,False,,,paligemma,yes,yes,True,0.08
adverse_weather,ca4269e1-0f1e4f92.jpg,AW_P_03,perception,Are any road signs visible that you could read from the driver's seat?,no,B,high,automatic,main_eval,False,,,paligemma,no,no,True,0.08
adverse_weather,ca4269e1-0f1e4f92.jpg,AW_P_04,perception,Can you see far enough ahead to safely react to a sudden hazard?,no,B,medium,automatic,main_eval,False,,,paligemma,yes,yes,False,0.08
adverse_weather,ca4269e1-0f1e4f92.jpg,AW_P_05,perception,Is there a pedestrian visible anywhere near the road in this scene?,no,A,high,automatic,main_eval,False,,,paligemma,no,no,True,0.08
adverse_weather,ca4269e1-0f1e4f92.jpg,AW_P_06,perception,"Is the road surface visible enough to judge whether it is wet, icy, or dry?",no,B,medium,automatic,main_eval,False,,,paligemma,yes,yes,False,0.08
adverse_weather,ca4269e1-0f1e4f92.jpg,AW_P_07,perception,Can you tell from this image whether there is a vehicle close enough to be a collision risk?,yes,B,medium,automatic,main_eval,False,,,paligemma,no,no,False,0.09
adverse_weather,ca4269e1-0f1e4f92.jpg,AW_P_08,perception,Is the sky visible and distinguishable from the road in this scene?,no,B,medium,automatic,main_eval,False,,,paligemma,no,no,True,0.08
adverse_weather,ca4269e1-0f1e4f92.jpg,AW_A_01,action,Should the driver turn on their headlights right now?,yes,A,high,automatic,main_eval,False,,,paligemma,yes,yes,True,0.09
adverse_weather,ca4269e1-0f1e4f92.jpg,AW_A_02,action,Should the driver slow down below the speed limit given current conditions?,yes,B,medium,automatic,main_eval,False,,,paligemma,yes,yes,True,0.08
adverse_weather,ca4269e1-0f1e4f92.jpg,AW_A_03,action,Should the driver use windscreen wipers right now?,yes,A,high,automatic,main_eval,False,,,paligemma,yes,yes,True,0.08
adverse_weather,ca4269e1-0f1e4f92.jpg,AW_A_04,action,Is it safe to attempt an overtake of the vehicle ahead in these conditions?,no,B,medium,automatic,main_eval,False,,,paligemma,no,no,True,0.08
adverse_weather,ca4269e1-0f1e4f92.jpg,AW_A_05,action,Should the driver increase following distance from the vehicle ahead?,yes,B,medium,automatic,baseline_only,False,,,paligemma,yes,yes,True,0.08
adverse_weather,ca4269e1-0f1e4f92.jpg,AW_A_06,action,Would you feel comfortable pulling over and stopping on the road here?,no,B,medium,automatic,main_eval,False,,,paligemma,no,no,True,0.08
adverse_weather,ca4269e1-0f1e4f92.jpg,AW_H_01,hazard,Is there a risk of a hidden vehicle or obstacle emerging suddenly from the scene?,yes,B,medium,automatic,main_eval,False,,,paligemma,yes,yes,True,0.08
adverse_weather,ca4269e1-0f1e4f92.jpg,AW_H_02,hazard,Would braking distance be longer than usual in these conditions?,yes,B,low,automatic,baseline_only,False,,,paligemma,yes,yes,True,0.08
adverse_weather,ca4269e1-0f1e4f92.jpg,AW_H_03,hazard,Is there a pedestrian in a position where they could step into the vehicle's path?,no,B,medium,automatic,main_eval,False,,,paligemma,yes,yes,False,0.08
adverse_weather,ca4269e1-0f1e4f92.jpg,AW_H_04,hazard,Could a cyclist or motorcyclist be hidden somewhere in this scene?,yes,B,medium,automatic,main_eval,False,,,paligemma,yes,yes,True,0.08
adverse_weather,ca4269e1-0f1e4f92.jpg,AW_H_05,hazard,Is the road surface likely to cause the vehicle to slide or lose traction?,yes,B,medium,automatic,main_eval,False,,,paligemma,yes,yes,True,0.09
adverse_weather,ca4269e1-0f1e4f92.jpg,AW_H_06,hazard,Is there a risk of glare from headlights or wet road reflections in this scene?,yes,B,medium,automatic,main_eval,False,,,paligemma,yes,yes,True,0.08
adverse_weather,ca4269e1-0f1e4f92.jpg,AW_S_01,scene,Is this a nighttime driving scene?,yes,A,high,automatic,main_eval,False,,,paligemma,yes,yes,True,0.08
adverse_weather,ca4269e1-0f1e4f92.jpg,AW_S_02,scene,Is this a highway or motorway rather than an urban or residential road?,yes,A,high,automatic,main_eval,False,,,paligemma,yes,yes,True,0.09
adverse_weather,ca4269e1-0f1e4f92.jpg,AW_S_03,scene,Does this scene show active precipitation — rain or snow actually falling?,yes,B,medium,automatic,baseline_only,False,,,paligemma,rain,unclear,False,0.09
adverse_weather,ca4269e1-0f1e4f92.jpg,AW_S_04,scene,Would this scene look significantly different under clear daytime conditions?,yes,B,medium,automatic,main_eval,False,,,paligemma,no,no,False,0.09
adverse_weather,ca4269e1-0f1e4f92.jpg,AW_S_05,scene,Is the overall light level sufficient to drive without headlights?,no,B,medium,automatic,main_eval,False,,,paligemma,no,no,True,0.08
adverse_weather,ca4269e1-0f1e4f92.jpg,AW_ADV_01,adversarial,"Despite the weather, can you still identify what type of road this is?",yes,A,high,automatic,main_eval,False,,,paligemma,no,no,False,0.08
adverse_weather,ca4269e1-0f1e4f92.jpg,AW_ADV_02,adversarial,Are any road signs or markings visible that convey speed or direction information?,no,B,high,automatic,main_eval,False,,,paligemma,no,no,True,0.09
adverse_weather,ca4269e1-0f1e4f92.jpg,AW_ADV_03,adversarial,Would a driver need to use headlights to safely navigate this scene?,yes,A,high,automatic,main_eval,False,,,paligemma,yes,yes,True,0.08
adverse_weather,ca4269e1-0f1e4f92.jpg,AW_ADV_05,adversarial,Would a driver unfamiliar with this road feel confident proceeding in these conditions?,no,B,medium,automatic,main_eval,False,,,paligemma,no,no,True,0.08
adverse_weather,ca4269e1-0f1e4f92.jpg,AW_BASE_01,baseline,Is visibility reduced in this scene compared to a clear day?,yes,A,high,automatic,baseline_only,False,,,paligemma,yes,yes,True,0.08
adverse_weather,ca4269e1-0f1e4f92.jpg,AW_BASE_02,baseline,Is the weather in this image adverse or challenging for driving?,yes,A,high,automatic,baseline_only,False,,,paligemma,challenging,unclear,False,0.11
adverse_weather,b1cac6a7-04e33135.jpg,AW_P_01,perception,Can you clearly make out the shape of vehicles ahead on the road?,yes,B,medium,automatic,main_eval,False,,,paligemma,yes,yes,True,0.08
adverse_weather,b1cac6a7-04e33135.jpg,AW_P_03,perception,Are any road signs visible that you could read from the driver's seat?,no,B,high,automatic,main_eval,False,,,paligemma,no,no,True,0.08
adverse_weather,b1cac6a7-04e33135.jpg,AW_P_04,perception,Can you see far enough ahead to safely react to a sudden hazard?,yes,B,medium,automatic,main_eval,False,,,paligemma,yes,yes,True,0.08
adverse_weather,b1cac6a7-04e33135.jpg,AW_P_05,perception,Is there a pedestrian visible anywhere near the road in this scene?,no,A,high,automatic,main_eval,False,,,paligemma,no,no,True,0.08
adverse_weather,b1cac6a7-04e33135.jpg,AW_P_06,perception,"Is the road surface visible enough to judge whether it is wet, icy, or dry?",yes,B,medium,automatic,main_eval,False,,,paligemma,yes,yes,True,0.08
adverse_weather,b1cac6a7-04e33135.jpg,AW_P_07,perception,Can you tell from this image whether there is a vehicle close enough to be a collision risk?,yes,B,medium,automatic,main_eval,False,,,paligemma,yes,yes,True,0.08
adverse_weather,b1cac6a7-04e33135.jpg,AW_P_08,perception,Is the sky visible and distinguishable from the road in this scene?,yes,B,medium,automatic,main_eval,False,,,paligemma,yes,yes,True,0.08
adverse_weather,b1cac6a7-04e33135.jpg,AW_A_01,action,Should the driver turn on their headlights right now?,no,A,high,automatic,main_eval,False,,,paligemma,yes,yes,False,0.08
adverse_weather,b1cac6a7-04e33135.jpg,AW_A_03,action,Should the driver use windscreen wipers right now?,yes,A,high,automatic,main_eval,False,,,paligemma,yes,yes,True,0.08
adverse_weather,b1cac6a7-04e33135.jpg,AW_A_05,action,Should the driver increase following distance from the vehicle ahead?,yes,B,medium,automatic,baseline_only,False,,,paligemma,yes,yes,True,0.08
adverse_weather,b1cac6a7-04e33135.jpg,AW_H_01,hazard,Is there a risk of a hidden vehicle or obstacle emerging suddenly from the scene?,no,B,medium,automatic,main_eval,False,,,paligemma,yes,yes,False,0.08
adverse_weather,b1cac6a7-04e33135.jpg,AW_H_02,hazard,Would braking distance be longer than usual in these conditions?,yes,B,low,automatic,baseline_only,False,,,paligemma,yes,yes,True,0.08
adverse_weather,b1cac6a7-04e33135.jpg,AW_H_03,hazard,Is there a pedestrian in a position where they could step into the vehicle's path?,no,B,medium,automatic,main_eval,False,,,paligemma,no,no,True,0.08
adverse_weather,b1cac6a7-04e33135.jpg,AW_H_05,hazard,Is the road surface likely to cause the vehicle to slide or lose traction?,yes,B,medium,automatic,main_eval,False,,,paligemma,yes,yes,True,0.08
adverse_weather,b1cac6a7-04e33135.jpg,AW_H_06,hazard,Is there a risk of glare from headlights or wet road reflections in this scene?,no,B,medium,automatic,main_eval,False,,,paligemma,yes,yes,False,0.08
adverse_weather,b1cac6a7-04e33135.jpg,AW_S_01,scene,Is this a nighttime driving scene?,no,A,high,automatic,main_eval,False,,,paligemma,no,no,True,0.08
adverse_weather,b1cac6a7-04e33135.jpg,AW_S_02,scene,Is this a highway or motorway rather than an urban or residential road?,no,A,high,automatic,main_eval,False,,,paligemma,yes,yes,False,0.08
adverse_weather,b1cac6a7-04e33135.jpg,AW_S_03,scene,Does this scene show active precipitation — rain or snow actually falling?,yes,B,medium,automatic,baseline_only,False,,,paligemma,rain,unclear,False,0.08
adverse_weather,b1cac6a7-04e33135.jpg,AW_S_04,scene,Would this scene look significantly different under clear daytime conditions?,yes,B,medium,automatic,main_eval,False,,,paligemma,no,no,False,0.08
adverse_weather,b1cac6a7-04e33135.jpg,AW_S_05,scene,Is the overall light level sufficient to drive without headlights?,yes,B,medium,automatic,main_eval,False,,,paligemma,no,no,False,0.09
adverse_weather,b1cac6a7-04e33135.jpg,AW_ADV_01,adversarial,"Despite the weather, can you still identify what type of road this is?",yes,A,high,automatic,main_eval,False,,,paligemma,no,no,False,0.08
adverse_weather,b1cac6a7-04e33135.jpg,AW_ADV_02,adversarial,Are any road signs or markings visible that convey speed or direction information?,no,B,high,automatic,main_eval,False,,,paligemma,no,no,True,0.08
adverse_weather,b1cac6a7-04e33135.jpg,AW_ADV_03,adversarial,Would a driver need to use headlights to safely navigate this scene?,no,A,high,automatic,main_eval,False,,,paligemma,yes,yes,False,0.08
adverse_weather,b1cac6a7-04e33135.jpg,AW_BASE_01,baseline,Is visibility reduced in this scene compared to a clear day?,yes,A,high,automatic,baseline_only,False,,,paligemma,yes,yes,True,0.08
adverse_weather,b1cac6a7-04e33135.jpg,AW_BASE_02,baseline,Is the weather in this image adverse or challenging for driving?,yes,A,high,automatic,baseline_only,False,,,paligemma,challenging,unclear,False,0.11
adverse_weather,c124e51c-b3b1db34.jpg,AW_P_01,perception,Can you clearly make out the shape of vehicles ahead on the road?,yes,B,medium,automatic,main_eval,False,,,paligemma,yes,yes,True,0.08
adverse_weather,c124e51c-b3b1db34.jpg,AW_P_02,perception,Is it possible to read the colour of the traffic lights in this scene?,yes,A,high,automatic,main_eval,False,,,paligemma,no,no,False,0.08
adverse_weather,c124e51c-b3b1db34.jpg,AW_P_03,perception,Are any road signs visible that you could read from the driver's seat?,no,B,high,automatic,main_eval,False,,,paligemma,no,no,True,0.08
adverse_weather,c124e51c-b3b1db34.jpg,AW_P_04,perception,Can you see far enough ahead to safely react to a sudden hazard?,yes,B,medium,automatic,main_eval,False,,,paligemma,no,no,False,0.08
adverse_weather,c124e51c-b3b1db34.jpg,AW_P_05,perception,Is there a pedestrian visible anywhere near the road in this scene?,no,A,high,automatic,main_eval,False,,,paligemma,no,no,True,0.08
adverse_weather,c124e51c-b3b1db34.jpg,AW_P_06,perception,"Is the road surface visible enough to judge whether it is wet, icy, or dry?",yes,B,medium,automatic,main_eval,False,,,paligemma,yes,yes,True,0.08
adverse_weather,c124e51c-b3b1db34.jpg,AW_P_07,perception,Can you tell from this image whether there is a vehicle close enough to be a collision risk?,yes,B,medium,automatic,main_eval,False,,,paligemma,no,no,False,0.08
adverse_weather,c124e51c-b3b1db34.jpg,AW_P_08,perception,Is the sky visible and distinguishable from the road in this scene?,yes,B,medium,automatic,main_eval,False,,,paligemma,no,no,False,0.08
adverse_weather,c124e51c-b3b1db34.jpg,AW_A_01,action,Should the driver turn on their headlights right now?,no,A,high,automatic,main_eval,False,,,paligemma,yes,yes,False,0.08
adverse_weather,c124e51c-b3b1db34.jpg,AW_A_03,action,Should the driver use windscreen wipers right now?,yes,A,high,automatic,main_eval,False,,,paligemma,yes,yes,True,0.08
adverse_weather,c124e51c-b3b1db34.jpg,AW_A_05,action,Should the driver increase following distance from the vehicle ahead?,yes,B,medium,automatic,baseline_only,False,,,paligemma,yes,yes,True,0.08
adverse_weather,c124e51c-b3b1db34.jpg,AW_H_01,hazard,Is there a risk of a hidden vehicle or obstacle emerging suddenly from the scene?,no,B,medium,automatic,main_eval,False,,,paligemma,yes,yes,False,0.08
adverse_weather,c124e51c-b3b1db34.jpg,AW_H_02,hazard,Would braking distance be longer than usual in these conditions?,yes,B,low,automatic,baseline_only,False,,,paligemma,yes,yes,True,0.08
adverse_weather,c124e51c-b3b1db34.jpg,AW_H_03,hazard,Is there a pedestrian in a position where they could step into the vehicle's path?,no,B,medium,automatic,main_eval,False,,,paligemma,yes,yes,False,0.09
adverse_weather,c124e51c-b3b1db34.jpg,AW_H_05,hazard,Is the road surface likely to cause the vehicle to slide or lose traction?,yes,B,medium,automatic,main_eval,False,,,paligemma,yes,yes,True,0.09
adverse_weather,c124e51c-b3b1db34.jpg,AW_H_06,hazard,Is there a risk of glare from headlights or wet road reflections in this scene?,no,B,medium,automatic,main_eval,False,,,paligemma,yes,yes,False,0.09
adverse_weather,c124e51c-b3b1db34.jpg,AW_S_01,scene,Is this a nighttime driving scene?,no,A,high,automatic,main_eval,False,,,paligemma,no,no,True,0.09
adverse_weather,c124e51c-b3b1db34.jpg,AW_S_02,scene,Is this a highway or motorway rather than an urban or residential road?,no,A,high,automatic,main_eval,False,,,paligemma,urban,unclear,False,0.09
adverse_weather,c124e51c-b3b1db34.jpg,AW_S_03,scene,Does this scene show active precipitation — rain or snow actually falling?,yes,B,medium,automatic,baseline_only,False,,,paligemma,rain,unclear,False,0.09
adverse_weather,c124e51c-b3b1db34.jpg,AW_S_04,scene,Would this scene look significantly different under clear daytime conditions?,yes,B,medium,automatic,main_eval,False,,,paligemma,yes,yes,True,0.09
adverse_weather,c124e51c-b3b1db34.jpg,AW_S_05,scene,Is the overall light level sufficient to drive without headlights?,yes,B,medium,automatic,main_eval,False,,,paligemma,yes,yes,True,0.09
adverse_weather,c124e51c-b3b1db34.jpg,AW_ADV_01,adversarial,"Despite the weather, can you still identify what type of road this is?",yes,A,high,automatic,main_eval,False,,,paligemma,yes,yes,True,0.08
adverse_weather,c124e51c-b3b1db34.jpg,AW_ADV_02,adversarial,Are any road signs or markings visible that convey speed or direction information?,no,B,high,automatic,main_eval,False,,,paligemma,no,no,True,0.08
adverse_weather,c124e51c-b3b1db34.jpg,AW_ADV_03,adversarial,Would a driver need to use headlights to safely navigate this scene?,no,A,high,automatic,main_eval,False,,,paligemma,yes,yes,False,0.08
adverse_weather,c124e51c-b3b1db34.jpg,AW_BASE_01,baseline,Is visibility reduced in this scene compared to a clear day?,yes,A,high,automatic,baseline_only,False,,,paligemma,yes,yes,True,0.08
adverse_weather,c124e51c-b3b1db34.jpg,AW_BASE_02,baseline,Is the weather in this image adverse or challenging for driving?,yes,A,high,automatic,baseline_only,False,,,paligemma,challenging,unclear,False,0.11
adverse_weather,c93bd9ce-30b0d752.jpg,AW_P_01,perception,Can you clearly make out the shape of vehicles ahead on the road?,no,B,medium,automatic,main_eval,False,,,paligemma,no,no,True,0.08
adverse_weather,c93bd9ce-30b0d752.jpg,AW_P_02,perception,Is it possible to read the colour of the traffic lights in this scene?,yes,A,high,automatic,main_eval,False,,,paligemma,yes,yes,True,0.08
adverse_weather,c93bd9ce-30b0d752.jpg,AW_P_03,perception,Are any road signs visible that you could read from the driver's seat?,yes,B,high,automatic,main_eval,False,,,paligemma,no,no,False,0.08
adverse_weather,c93bd9ce-30b0d752.jpg,AW_P_04,perception,Can you see far enough ahead to safely react to a sudden hazard?,no,B,medium,automatic,main_eval,False,,,paligemma,yes,yes,False,0.08
adverse_weather,c93bd9ce-30b0d752.jpg,AW_P_05,perception,Is there a pedestrian visible anywhere near the road in this scene?,no,A,high,automatic,main_eval,False,,,paligemma,no,no,True,0.08
adverse_weather,c93bd9ce-30b0d752.jpg,AW_P_06,perception,"Is the road surface visible enough to judge whether it is wet, icy, or dry?",no,B,medium,automatic,main_eval,False,,,paligemma,yes,yes,False,0.08
adverse_weather,c93bd9ce-30b0d752.jpg,AW_P_07,perception,Can you tell from this image whether there is a vehicle close enough to be a collision risk?,no,B,medium,automatic,main_eval,False,,,paligemma,no,no,True,0.08
adverse_weather,c93bd9ce-30b0d752.jpg,AW_P_08,perception,Is the sky visible and distinguishable from the road in this scene?,no,B,medium,automatic,main_eval,False,,,paligemma,no,no,True,0.08
adverse_weather,c93bd9ce-30b0d752.jpg,AW_A_01,action,Should the driver turn on their headlights right now?,yes,A,high,automatic,main_eval,False,,,paligemma,yes,yes,True,0.08
adverse_weather,c93bd9ce-30b0d752.jpg,AW_A_02,action,Should the driver slow down below the speed limit given current conditions?,yes,B,medium,automatic,main_eval,False,,,paligemma,yes,yes,True,0.08
adverse_weather,c93bd9ce-30b0d752.jpg,AW_A_03,action,Should the driver use windscreen wipers right now?,yes,A,high,automatic,main_eval,False,,,paligemma,yes,yes,True,0.08
adverse_weather,c93bd9ce-30b0d752.jpg,AW_A_04,action,Is it safe to attempt an overtake of the vehicle ahead in these conditions?,no,B,medium,automatic,main_eval,False,,,paligemma,no,no,True,0.08
adverse_weather,c93bd9ce-30b0d752.jpg,AW_A_05,action,Should the driver increase following distance from the vehicle ahead?,yes,B,medium,automatic,baseline_only,False,,,paligemma,yes,yes,True,0.09
adverse_weather,c93bd9ce-30b0d752.jpg,AW_H_01,hazard,Is there a risk of a hidden vehicle or obstacle emerging suddenly from the scene?,yes,B,medium,automatic,main_eval,False,,,paligemma,yes,yes,True,0.08
adverse_weather,c93bd9ce-30b0d752.jpg,AW_H_02,hazard,Would braking distance be longer than usual in these conditions?,yes,B,low,automatic,baseline_only,False,,,paligemma,yes,yes,True,0.08
adverse_weather,c93bd9ce-30b0d752.jpg,AW_H_03,hazard,Is there a pedestrian in a position where they could step into the vehicle's path?,no,B,medium,automatic,main_eval,False,,,paligemma,no,no,True,0.09
adverse_weather,c93bd9ce-30b0d752.jpg,AW_H_04,hazard,Could a cyclist or motorcyclist be hidden somewhere in this scene?,yes,B,medium,automatic,main_eval,False,,,paligemma,yes,yes,True,0.09
adverse_weather,c93bd9ce-30b0d752.jpg,AW_H_05,hazard,Is the road surface likely to cause the vehicle to slide or lose traction?,yes,B,medium,automatic,main_eval,False,,,paligemma,yes,yes,True,0.09
adverse_weather,c93bd9ce-30b0d752.jpg,AW_H_06,hazard,Is there a risk of glare from headlights or wet road reflections in this scene?,yes,B,medium,automatic,main_eval,False,,,paligemma,yes,yes,True,0.09
adverse_weather,c93bd9ce-30b0d752.jpg,AW_S_01,scene,Is this a nighttime driving scene?,yes,A,high,automatic,main_eval,False,,,paligemma,yes,yes,True,0.08
adverse_weather,c93bd9ce-30b0d752.jpg,AW_S_02,scene,Is this a highway or motorway rather than an urban or residential road?,no,A,high,automatic,main_eval,False,,,paligemma,urban,unclear,False,0.09
adverse_weather,c93bd9ce-30b0d752.jpg,AW_S_03,scene,Does this scene show active precipitation — rain or snow actually falling?,yes,B,medium,automatic,baseline_only,False,,,paligemma,yes,yes,True,0.08
adverse_weather,c93bd9ce-30b0d752.jpg,AW_S_04,scene,Would this scene look significantly different under clear daytime conditions?,yes,B,medium,automatic,main_eval,False,,,paligemma,yes,yes,True,0.08
adverse_weather,c93bd9ce-30b0d752.jpg,AW_S_05,scene,Is the overall light level sufficient to drive without headlights?,no,B,medium,automatic,main_eval,False,,,paligemma,no,no,True,0.08
adverse_weather,c93bd9ce-30b0d752.jpg,AW_ADV_01,adversarial,"Despite the weather, can you still identify what type of road this is?",yes,A,high,automatic,main_eval,False,,,paligemma,no,no,False,0.08
adverse_weather,c93bd9ce-30b0d752.jpg,AW_ADV_02,adversarial,Are any road signs or markings visible that convey speed or direction information?,no,B,high,automatic,main_eval,False,,,paligemma,no,no,True,0.08
adverse_weather,c93bd9ce-30b0d752.jpg,AW_ADV_03,adversarial,Would a driver need to use headlights to safely navigate this scene?,yes,A,high,automatic,main_eval,False,,,paligemma,yes,yes,True,0.08
adverse_weather,c93bd9ce-30b0d752.jpg,AW_ADV_04,adversarial,Is there enough visual information to safely navigate an unfamiliar junction here?,no,B,medium,automatic,main_eval,False,,,paligemma,yes,yes,False,0.08
adverse_weather,c93bd9ce-30b0d752.jpg,AW_BASE_01,baseline,Is visibility reduced in this scene compared to a clear day?,yes,A,high,automatic,baseline_only,False,,,paligemma,yes,yes,True,0.08
adverse_weather,c93bd9ce-30b0d752.jpg,AW_BASE_02,baseline,Is the weather in this image adverse or challenging for driving?,yes,A,high,automatic,baseline_only,False,,,paligemma,challenging,unclear,False,0.11
adverse_weather,be2ec34b-bcdc0b2a.jpg,AW_P_01,perception,Can you clearly make out the shape of vehicles ahead on the road?,yes,B,medium,automatic,main_eval,False,,,paligemma,no,no,False,0.08
adverse_weather,be2ec34b-bcdc0b2a.jpg,AW_P_03,perception,Are any road signs visible that you could read from the driver's seat?,no,B,high,automatic,main_eval,False,,,paligemma,no,no,True,0.08
adverse_weather,be2ec34b-bcdc0b2a.jpg,AW_P_04,perception,Can you see far enough ahead to safely react to a sudden hazard?,yes,B,medium,automatic,main_eval,False,,,paligemma,"Sorry, as a base VLM I am not trained to answer this question.",unclear,False,0.48
adverse_weather,be2ec34b-bcdc0b2a.jpg,AW_P_05,perception,Is there a pedestrian visible anywhere near the road in this scene?,no,A,high,automatic,main_eval,False,,,paligemma,no,no,True,0.08
adverse_weather,be2ec34b-bcdc0b2a.jpg,AW_P_06,perception,"Is the road surface visible enough to judge whether it is wet, icy, or dry?",yes,B,medium,automatic,main_eval,False,,,paligemma,yes,yes,True,0.08
adverse_weather,be2ec34b-bcdc0b2a.jpg,AW_P_07,perception,Can you tell from this image whether there is a vehicle close enough to be a collision risk?,yes,B,medium,automatic,main_eval,False,,,paligemma,"Sorry, as a base VLM I am not trained to answer this question.",unclear,False,0.48
adverse_weather,be2ec34b-bcdc0b2a.jpg,AW_P_08,perception,Is the sky visible and distinguishable from the road in this scene?,yes,B,medium,automatic,main_eval,False,,,paligemma,yes,yes,True,0.08
adverse_weather,be2ec34b-bcdc0b2a.jpg,AW_A_01,action,Should the driver turn on their headlights right now?,no,A,high,automatic,main_eval,False,,,paligemma,"Sorry, as a base VLM I am not trained to answer this question.",unclear,False,0.48
adverse_weather,be2ec34b-bcdc0b2a.jpg,AW_A_03,action,Should the driver use windscreen wipers right now?,yes,A,high,automatic,main_eval,False,,,paligemma,"Sorry, as a base VLM I am not trained to answer this question.",unclear,False,0.48
adverse_weather,be2ec34b-bcdc0b2a.jpg,AW_A_05,action,Should the driver increase following distance from the vehicle ahead?,yes,B,medium,automatic,baseline_only,False,,,paligemma,"Sorry, as a base VLM I am not trained to answer this question.",unclear,False,0.48
adverse_weather,be2ec34b-bcdc0b2a.jpg,AW_H_01,hazard,Is there a risk of a hidden vehicle or obstacle emerging suddenly from the scene?,no,B,medium,automatic,main_eval,False,,,paligemma,"Sorry, as a base VLM I am not trained to answer this question.",unclear,False,0.48
adverse_weather,be2ec34b-bcdc0b2a.jpg,AW_H_02,hazard,Would braking distance be longer than usual in these conditions?,yes,B,low,automatic,baseline_only,False,,,paligemma,yes,yes,True,0.08
adverse_weather,be2ec34b-bcdc0b2a.jpg,AW_H_03,hazard,Is there a pedestrian in a position where they could step into the vehicle's path?,no,B,medium,automatic,main_eval,False,,,paligemma,"Sorry, as a base VLM I am not trained to answer this question.",unclear,False,0.48
adverse_weather,be2ec34b-bcdc0b2a.jpg,AW_H_05,hazard,Is the road surface likely to cause the vehicle to slide or lose traction?,yes,B,medium,automatic,main_eval,False,,,paligemma,yes,yes,True,0.09
adverse_weather,be2ec34b-bcdc0b2a.jpg,AW_H_06,hazard,Is there a risk of glare from headlights or wet road reflections in this scene?,no,B,medium,automatic,main_eval,False,,,paligemma,yes,yes,False,0.08
adverse_weather,be2ec34b-bcdc0b2a.jpg,AW_S_01,scene,Is this a nighttime driving scene?,no,A,high,automatic,main_eval,False,,,paligemma,no,no,True,0.08
adverse_weather,be2ec34b-bcdc0b2a.jpg,AW_S_02,scene,Is this a highway or motorway rather than an urban or residential road?,no,A,high,automatic,main_eval,False,,,paligemma,yes,yes,False,0.08
adverse_weather,be2ec34b-bcdc0b2a.jpg,AW_S_03,scene,Does this scene show active precipitation — rain or snow actually falling?,yes,B,medium,automatic,baseline_only,False,,,paligemma,rain,unclear,False,0.08
adverse_weather,be2ec34b-bcdc0b2a.jpg,AW_S_04,scene,Would this scene look significantly different under clear daytime conditions?,yes,B,medium,automatic,main_eval,False,,,paligemma,no,no,False,0.08
adverse_weather,be2ec34b-bcdc0b2a.jpg,AW_S_05,scene,Is the overall light level sufficient to drive without headlights?,yes,B,medium,automatic,main_eval,False,,,paligemma,yes,yes,True,0.08
adverse_weather,be2ec34b-bcdc0b2a.jpg,AW_ADV_01,adversarial,"Despite the weather, can you still identify what type of road this is?",yes,A,high,automatic,main_eval,False,,,paligemma,no,no,False,0.08
adverse_weather,be2ec34b-bcdc0b2a.jpg,AW_ADV_02,adversarial,Are any road signs or markings visible that convey speed or direction information?,no,B,high,automatic,main_eval,False,,,paligemma,no,no,True,0.08
adverse_weather,be2ec34b-bcdc0b2a.jpg,AW_ADV_03,adversarial,Would a driver need to use headlights to safely navigate this scene?,no,A,high,automatic,main_eval,False,,,paligemma,no,no,True,0.08
adverse_weather,be2ec34b-bcdc0b2a.jpg,AW_BASE_01,baseline,Is visibility reduced in this scene compared to a clear day?,yes,A,high,automatic,baseline_only,False,,,paligemma,yes,yes,True,0.08
adverse_weather,be2ec34b-bcdc0b2a.jpg,AW_BASE_02,baseline,Is the weather in this image adverse or challenging for driving?,yes,A,high,automatic,baseline_only,False,,,paligemma,challenging,unclear,False,0.11
adverse_weather,c38e77f6-edc3c34b.jpg,AW_P_01,perception,Can you clearly make out the shape of vehicles ahead on the road?,yes,B,medium,automatic,main_eval,False,,,paligemma,no,no,False,0.09
adverse_weather,c38e77f6-edc3c34b.jpg,AW_P_02,perception,Is it possible to read the colour of the traffic lights in this scene?,yes,A,high,automatic,main_eval,False,,,paligemma,no,no,False,0.09
adverse_weather,c38e77f6-edc3c34b.jpg,AW_P_03,perception,Are any road signs visible that you could read from the driver's seat?,yes,B,high,automatic,main_eval,False,,,paligemma,yes,yes,True,0.08
adverse_weather,c38e77f6-edc3c34b.jpg,AW_P_04,perception,Can you see far enough ahead to safely react to a sudden hazard?,yes,B,medium,automatic,main_eval,False,,,paligemma,no,no,False,0.08
adverse_weather,c38e77f6-edc3c34b.jpg,AW_P_05,perception,Is there a pedestrian visible anywhere near the road in this scene?,yes,A,high,automatic,main_eval,False,,,paligemma,yes,yes,True,0.08
adverse_weather,c38e77f6-edc3c34b.jpg,AW_P_06,perception,"Is the road surface visible enough to judge whether it is wet, icy, or dry?",yes,B,medium,automatic,main_eval,False,,,paligemma,yes,yes,True,0.08
adverse_weather,c38e77f6-edc3c34b.jpg,AW_P_07,perception,Can you tell from this image whether there is a vehicle close enough to be a collision risk?,yes,B,medium,automatic,main_eval,False,,,paligemma,no,no,False,0.08
adverse_weather,c38e77f6-edc3c34b.jpg,AW_P_08,perception,Is the sky visible and distinguishable from the road in this scene?,yes,B,medium,automatic,main_eval,False,,,paligemma,no,no,False,0.08
adverse_weather,c38e77f6-edc3c34b.jpg,AW_A_01,action,Should the driver turn on their headlights right now?,no,A,high,automatic,main_eval,False,,,paligemma,yes,yes,False,0.08
adverse_weather,c38e77f6-edc3c34b.jpg,AW_A_03,action,Should the driver use windscreen wipers right now?,yes,A,high,automatic,main_eval,False,,,paligemma,yes,yes,True,0.08
adverse_weather,c38e77f6-edc3c34b.jpg,AW_A_05,action,Should the driver increase following distance from the vehicle ahead?,yes,B,medium,automatic,baseline_only,False,,,paligemma,yes,yes,True,0.08
adverse_weather,c38e77f6-edc3c34b.jpg,AW_H_01,hazard,Is there a risk of a hidden vehicle or obstacle emerging suddenly from the scene?,no,B,medium,automatic,main_eval,False,,,paligemma,yes,yes,False,0.08
adverse_weather,c38e77f6-edc3c34b.jpg,AW_H_02,hazard,Would braking distance be longer than usual in these conditions?,yes,B,low,automatic,baseline_only,False,,,paligemma,yes,yes,True,0.08
adverse_weather,c38e77f6-edc3c34b.jpg,AW_H_03,hazard,Is there a pedestrian in a position where they could step into the vehicle's path?,yes,B,medium,automatic,main_eval,False,,,paligemma,yes,yes,True,0.08
adverse_weather,c38e77f6-edc3c34b.jpg,AW_H_05,hazard,Is the road surface likely to cause the vehicle to slide or lose traction?,yes,B,medium,automatic,main_eval,False,,,paligemma,yes,yes,True,0.08
adverse_weather,c38e77f6-edc3c34b.jpg,AW_H_06,hazard,Is there a risk of glare from headlights or wet road reflections in this scene?,no,B,medium,automatic,main_eval,False,,,paligemma,yes,yes,False,0.08
adverse_weather,c38e77f6-edc3c34b.jpg,AW_S_01,scene,Is this a nighttime driving scene?,no,A,high,automatic,main_eval,False,,,paligemma,no,no,True,0.08
adverse_weather,c38e77f6-edc3c34b.jpg,AW_S_02,scene,Is this a highway or motorway rather than an urban or residential road?,no,A,high,automatic,main_eval,False,,,paligemma,urban,unclear,False,0.08
adverse_weather,c38e77f6-edc3c34b.jpg,AW_S_03,scene,Does this scene show active precipitation — rain or snow actually falling?,yes,B,medium,automatic,baseline_only,False,,,paligemma,rain,unclear,False,0.08
adverse_weather,c38e77f6-edc3c34b.jpg,AW_S_04,scene,Would this scene look significantly different under clear daytime conditions?,yes,B,medium,automatic,main_eval,False,,,paligemma,yes,yes,True,0.09
adverse_weather,c38e77f6-edc3c34b.jpg,AW_S_05,scene,Is the overall light level sufficient to drive without headlights?,yes,B,medium,automatic,main_eval,False,,,paligemma,no,no,False,0.08
adverse_weather,c38e77f6-edc3c34b.jpg,AW_ADV_01,adversarial,"Despite the weather, can you still identify what type of road this is?",yes,A,high,automatic,main_eval,False,,,paligemma,no,no,False,0.08
adverse_weather,c38e77f6-edc3c34b.jpg,AW_ADV_02,adversarial,Are any road signs or markings visible that convey speed or direction information?,yes,B,high,automatic,main_eval,False,,,paligemma,no,no,False,0.08
adverse_weather,c38e77f6-edc3c34b.jpg,AW_ADV_03,adversarial,Would a driver need to use headlights to safely navigate this scene?,no,A,high,automatic,main_eval,False,,,paligemma,yes,yes,False,0.08
adverse_weather,c38e77f6-edc3c34b.jpg,AW_ADV_04,adversarial,Is there enough visual information to safely navigate an unfamiliar junction here?,yes,B,medium,automatic,main_eval,False,,,paligemma,yes,yes,True,0.08
adverse_weather,c38e77f6-edc3c34b.jpg,AW_ADV_05,adversarial,Would a driver unfamiliar with this road feel confident proceeding in these conditions?,yes,B,medium,automatic,main_eval,False,,,paligemma,no,no,False,0.08
adverse_weather,c38e77f6-edc3c34b.jpg,AW_BASE_01,baseline,Is visibility reduced in this scene compared to a clear day?,yes,A,high,automatic,baseline_only,False,,,paligemma,yes,yes,True,0.08
adverse_weather,c38e77f6-edc3c34b.jpg,AW_BASE_02,baseline,Is the weather in this image adverse or challenging for driving?,yes,A,high,automatic,baseline_only,False,,,paligemma,adverse,unclear,False,0.11
adverse_weather,b1e1a7b8-a7426a97.jpg,AW_P_01,perception,Can you clearly make out the shape of vehicles ahead on the road?,yes,B,medium,automatic,main_eval,False,,,paligemma,yes,yes,True,0.08
adverse_weather,b1e1a7b8-a7426a97.jpg,AW_P_03,perception,Are any road signs visible that you could read from the driver's seat?,no,B,high,automatic,main_eval,False,,,paligemma,no,no,True,0.08
adverse_weather,b1e1a7b8-a7426a97.jpg,AW_P_05,perception,Is there a pedestrian visible anywhere near the road in this scene?,no,A,high,automatic,main_eval,False,,,paligemma,no,no,True,0.08
adverse_weather,b1e1a7b8-a7426a97.jpg,AW_P_06,perception,"Is the road surface visible enough to judge whether it is wet, icy, or dry?",yes,B,medium,automatic,main_eval,False,,,paligemma,yes,yes,True,0.09
adverse_weather,b1e1a7b8-a7426a97.jpg,AW_P_07,perception,Can you tell from this image whether there is a vehicle close enough to be a collision risk?,yes,B,medium,automatic,main_eval,False,,,paligemma,"Sorry, as a base VLM I am not trained to answer this question.",unclear,False,0.48
adverse_weather,b1e1a7b8-a7426a97.jpg,AW_P_08,perception,Is the sky visible and distinguishable from the road in this scene?,yes,B,medium,automatic,main_eval,False,,,paligemma,no,no,False,0.08
adverse_weather,b1e1a7b8-a7426a97.jpg,AW_A_01,action,Should the driver turn on their headlights right now?,no,A,high,automatic,main_eval,False,,,paligemma,"Sorry, as a base VLM I am not trained to answer this question.",unclear,False,0.48
adverse_weather,b1e1a7b8-a7426a97.jpg,AW_A_02,action,Should the driver slow down below the speed limit given current conditions?,no,B,medium,automatic,main_eval,False,,,paligemma,"Sorry, as a base VLM I am not trained to answer this question.",unclear,False,0.48
adverse_weather,b1e1a7b8-a7426a97.jpg,AW_A_03,action,Should the driver use windscreen wipers right now?,yes,A,high,automatic,main_eval,False,,,paligemma,"Sorry, as a base VLM I am not trained to answer this question.",unclear,False,0.48
adverse_weather,b1e1a7b8-a7426a97.jpg,AW_A_05,action,Should the driver increase following distance from the vehicle ahead?,yes,B,medium,automatic,baseline_only,False,,,paligemma,"Sorry, as a base VLM I am not trained to answer this question.",unclear,False,0.48
adverse_weather,b1e1a7b8-a7426a97.jpg,AW_A_06,action,Would you feel comfortable pulling over and stopping on the road here?,no,B,medium,automatic,main_eval,False,,,paligemma,no,no,True,0.08
adverse_weather,b1e1a7b8-a7426a97.jpg,AW_H_02,hazard,Would braking distance be longer than usual in these conditions?,yes,B,low,automatic,baseline_only,False,,,paligemma,yes,yes,True,0.08
adverse_weather,b1e1a7b8-a7426a97.jpg,AW_H_03,hazard,Is there a pedestrian in a position where they could step into the vehicle's path?,no,B,medium,automatic,main_eval,False,,,paligemma,"Sorry, as a base VLM I am not trained to answer this question.",unclear,False,0.48
adverse_weather,b1e1a7b8-a7426a97.jpg,AW_H_05,hazard,Is the road surface likely to cause the vehicle to slide or lose traction?,yes,B,medium,automatic,main_eval,False,,,paligemma,yes,yes,True,0.08
adverse_weather,b1e1a7b8-a7426a97.jpg,AW_H_06,hazard,Is there a risk of glare from headlights or wet road reflections in this scene?,no,B,medium,automatic,main_eval,False,,,paligemma,yes,yes,False,0.08
adverse_weather,b1e1a7b8-a7426a97.jpg,AW_S_01,scene,Is this a nighttime driving scene?,no,A,high,automatic,main_eval,False,,,paligemma,no,no,True,0.08
adverse_weather,b1e1a7b8-a7426a97.jpg,AW_S_02,scene,Is this a highway or motorway rather than an urban or residential road?,yes,A,high,automatic,main_eval,False,,,paligemma,yes,yes,True,0.08
adverse_weather,b1e1a7b8-a7426a97.jpg,AW_S_03,scene,Does this scene show active precipitation — rain or snow actually falling?,yes,B,medium,automatic,baseline_only,False,,,paligemma,rain,unclear,False,0.08
adverse_weather,b1e1a7b8-a7426a97.jpg,AW_S_04,scene,Would this scene look significantly different under clear daytime conditions?,yes,B,medium,automatic,main_eval,False,,,paligemma,no,no,False,0.08
adverse_weather,b1e1a7b8-a7426a97.jpg,AW_S_05,scene,Is the overall light level sufficient to drive without headlights?,yes,B,medium,automatic,main_eval,False,,,paligemma,no,no,False,0.08
adverse_weather,b1e1a7b8-a7426a97.jpg,AW_ADV_01,adversarial,"Despite the weather, can you still identify what type of road this is?",yes,A,high,automatic,main_eval,False,,,paligemma,highway,unclear,False,0.08
adverse_weather,b1e1a7b8-a7426a97.jpg,AW_ADV_02,adversarial,Are any road signs or markings visible that convey speed or direction information?,no,B,high,automatic,main_eval,False,,,paligemma,no,no,True,0.08
adverse_weather,b1e1a7b8-a7426a97.jpg,AW_ADV_03,adversarial,Would a driver need to use headlights to safely navigate this scene?,no,A,high,automatic,main_eval,False,,,paligemma,yes,yes,False,0.08
adverse_weather,b1e1a7b8-a7426a97.jpg,AW_BASE_01,baseline,Is visibility reduced in this scene compared to a clear day?,yes,A,high,automatic,baseline_only,False,,,paligemma,yes,yes,True,0.08
adverse_weather,b1e1a7b8-a7426a97.jpg,AW_BASE_02,baseline,Is the weather in this image adverse or challenging for driving?,yes,A,high,automatic,baseline_only,False,,,paligemma,challenging,unclear,False,0.11
adverse_weather,c1924b4e-09f3abc2.jpg,AW_P_02,perception,Is it possible to read the colour of the traffic lights in this scene?,yes,A,high,automatic,main_eval,False,,,paligemma,no,no,False,0.08
adverse_weather,c1924b4e-09f3abc2.jpg,AW_P_03,perception,Are any road signs visible that you could read from the driver's seat?,no,B,high,automatic,main_eval,False,,,paligemma,no,no,True,0.08
adverse_weather,c1924b4e-09f3abc2.jpg,AW_P_04,perception,Can you see far enough ahead to safely react to a sudden hazard?,no,B,medium,automatic,main_eval,False,,,paligemma,no,no,True,0.08
adverse_weather,c1924b4e-09f3abc2.jpg,AW_P_05,perception,Is there a pedestrian visible anywhere near the road in this scene?,no,A,high,automatic,main_eval,False,,,paligemma,no,no,True,0.08
adverse_weather,c1924b4e-09f3abc2.jpg,AW_P_06,perception,"Is the road surface visible enough to judge whether it is wet, icy, or dry?",no,B,medium,automatic,main_eval,False,,,paligemma,yes,yes,False,0.09
adverse_weather,c1924b4e-09f3abc2.jpg,AW_P_07,perception,Can you tell from this image whether there is a vehicle close enough to be a collision risk?,no,B,medium,automatic,main_eval,False,,,paligemma,no,no,True,0.08
adverse_weather,c1924b4e-09f3abc2.jpg,AW_P_08,perception,Is the sky visible and distinguishable from the road in this scene?,no,B,medium,automatic,main_eval,False,,,paligemma,no,no,True,0.08
adverse_weather,c1924b4e-09f3abc2.jpg,AW_A_01,action,Should the driver turn on their headlights right now?,yes,A,high,automatic,main_eval,False,,,paligemma,yes,yes,True,0.08
adverse_weather,c1924b4e-09f3abc2.jpg,AW_A_02,action,Should the driver slow down below the speed limit given current conditions?,yes,B,medium,automatic,main_eval,False,,,paligemma,yes,yes,True,0.08
adverse_weather,c1924b4e-09f3abc2.jpg,AW_A_03,action,Should the driver use windscreen wipers right now?,yes,A,high,automatic,main_eval,False,,,paligemma,yes,yes,True,0.08
adverse_weather,c1924b4e-09f3abc2.jpg,AW_A_06,action,Would you feel comfortable pulling over and stopping on the road here?,no,B,medium,automatic,main_eval,False,,,paligemma,no,no,True,0.08
adverse_weather,c1924b4e-09f3abc2.jpg,AW_H_01,hazard,Is there a risk of a hidden vehicle or obstacle emerging suddenly from the scene?,yes,B,medium,automatic,main_eval,False,,,paligemma,yes,yes,True,0.08
adverse_weather,c1924b4e-09f3abc2.jpg,AW_H_02,hazard,Would braking distance be longer than usual in these conditions?,yes,B,low,automatic,baseline_only,False,,,paligemma,yes,yes,True,0.08
adverse_weather,c1924b4e-09f3abc2.jpg,AW_H_03,hazard,Is there a pedestrian in a position where they could step into the vehicle's path?,no,B,medium,automatic,main_eval,False,,,paligemma,no,no,True,0.08
adverse_weather,c1924b4e-09f3abc2.jpg,AW_H_04,hazard,Could a cyclist or motorcyclist be hidden somewhere in this scene?,yes,B,medium,automatic,main_eval,False,,,paligemma,yes,yes,True,0.08
adverse_weather,c1924b4e-09f3abc2.jpg,AW_H_05,hazard,Is the road surface likely to cause the vehicle to slide or lose traction?,yes,B,medium,automatic,main_eval,False,,,paligemma,yes,yes,True,0.08
adverse_weather,c1924b4e-09f3abc2.jpg,AW_H_06,hazard,Is there a risk of glare from headlights or wet road reflections in this scene?,yes,B,medium,automatic,main_eval,False,,,paligemma,yes,yes,True,0.08
adverse_weather,c1924b4e-09f3abc2.jpg,AW_S_01,scene,Is this a nighttime driving scene?,yes,A,high,automatic,main_eval,False,,,paligemma,yes,yes,True,0.08
adverse_weather,c1924b4e-09f3abc2.jpg,AW_S_02,scene,Is this a highway or motorway rather than an urban or residential road?,yes,A,high,automatic,main_eval,False,,,paligemma,yes,yes,True,0.08
adverse_weather,c1924b4e-09f3abc2.jpg,AW_S_03,scene,Does this scene show active precipitation — rain or snow actually falling?,yes,B,medium,automatic,baseline_only,False,,,paligemma,rain,unclear,False,0.08
adverse_weather,c1924b4e-09f3abc2.jpg,AW_S_04,scene,Would this scene look significantly different under clear daytime conditions?,yes,B,medium,automatic,main_eval,False,,,paligemma,no,no,False,0.09
adverse_weather,c1924b4e-09f3abc2.jpg,AW_S_05,scene,Is the overall light level sufficient to drive without headlights?,no,B,medium,automatic,main_eval,False,,,paligemma,no,no,True,0.08
adverse_weather,c1924b4e-09f3abc2.jpg,AW_ADV_01,adversarial,"Despite the weather, can you still identify what type of road this is?",yes,A,high,automatic,main_eval,False,,,paligemma,no,no,False,0.08
adverse_weather,c1924b4e-09f3abc2.jpg,AW_ADV_02,adversarial,Are any road signs or markings visible that convey speed or direction information?,no,B,high,automatic,main_eval,False,,,paligemma,no,no,True,0.08
adverse_weather,c1924b4e-09f3abc2.jpg,AW_ADV_03,adversarial,Would a driver need to use headlights to safely navigate this scene?,yes,A,high,automatic,main_eval,False,,,paligemma,yes,yes,True,0.08
adverse_weather,c1924b4e-09f3abc2.jpg,AW_ADV_05,adversarial,Would a driver unfamiliar with this road feel confident proceeding in these conditions?,no,B,medium,automatic,main_eval,False,,,paligemma,no,no,True,0.08
adverse_weather,c1924b4e-09f3abc2.jpg,AW_BASE_01,baseline,Is visibility reduced in this scene compared to a clear day?,yes,A,high,automatic,baseline_only,False,,,paligemma,yes,yes,True,0.08
adverse_weather,c1924b4e-09f3abc2.jpg,AW_BASE_02,baseline,Is the weather in this image adverse or challenging for driving?,yes,A,high,automatic,baseline_only,False,,,paligemma,challenging,unclear,False,0.11
adverse_weather,c22feff4-14505161.jpg,AW_P_01,perception,Can you clearly make out the shape of vehicles ahead on the road?,yes,B,medium,automatic,main_eval,False,,,paligemma,yes,yes,True,0.08
adverse_weather,c22feff4-14505161.jpg,AW_P_03,perception,Are any road signs visible that you could read from the driver's seat?,no,B,high,automatic,main_eval,False,,,paligemma,no,no,True,0.08
adverse_weather,c22feff4-14505161.jpg,AW_P_04,perception,Can you see far enough ahead to safely react to a sudden hazard?,yes,B,medium,automatic,main_eval,False,,,paligemma,yes,yes,True,0.08
adverse_weather,c22feff4-14505161.jpg,AW_P_05,perception,Is there a pedestrian visible anywhere near the road in this scene?,no,A,high,automatic,main_eval,False,,,paligemma,no,no,True,0.08
adverse_weather,c22feff4-14505161.jpg,AW_P_06,perception,"Is the road surface visible enough to judge whether it is wet, icy, or dry?",yes,B,medium,automatic,main_eval,False,,,paligemma,yes,yes,True,0.08
adverse_weather,c22feff4-14505161.jpg,AW_P_07,perception,Can you tell from this image whether there is a vehicle close enough to be a collision risk?,yes,B,medium,automatic,main_eval,False,,,paligemma,yes,yes,True,0.08
adverse_weather,c22feff4-14505161.jpg,AW_P_08,perception,Is the sky visible and distinguishable from the road in this scene?,yes,B,medium,automatic,main_eval,False,,,paligemma,yes,yes,True,0.08
adverse_weather,c22feff4-14505161.jpg,AW_A_01,action,Should the driver turn on their headlights right now?,no,A,high,automatic,main_eval,False,,,paligemma,yes,yes,False,0.09
adverse_weather,c22feff4-14505161.jpg,AW_A_03,action,Should the driver use windscreen wipers right now?,yes,A,high,automatic,main_eval,False,,,paligemma,yes,yes,True,0.09
adverse_weather,c22feff4-14505161.jpg,AW_A_05,action,Should the driver increase following distance from the vehicle ahead?,yes,B,medium,automatic,baseline_only,False,,,paligemma,yes,yes,True,0.08
adverse_weather,c22feff4-14505161.jpg,AW_H_01,hazard,Is there a risk of a hidden vehicle or obstacle emerging suddenly from the scene?,no,B,medium,automatic,main_eval,False,,,paligemma,yes,yes,False,0.08
adverse_weather,c22feff4-14505161.jpg,AW_H_02,hazard,Would braking distance be longer than usual in these conditions?,yes,B,low,automatic,baseline_only,False,,,paligemma,yes,yes,True,0.08
adverse_weather,c22feff4-14505161.jpg,AW_H_03,hazard,Is there a pedestrian in a position where they could step into the vehicle's path?,no,B,medium,automatic,main_eval,False,,,paligemma,yes,yes,False,0.08
adverse_weather,c22feff4-14505161.jpg,AW_H_05,hazard,Is the road surface likely to cause the vehicle to slide or lose traction?,yes,B,medium,automatic,main_eval,False,,,paligemma,yes,yes,True,0.08
adverse_weather,c22feff4-14505161.jpg,AW_H_06,hazard,Is there a risk of glare from headlights or wet road reflections in this scene?,no,B,medium,automatic,main_eval,False,,,paligemma,yes,yes,False,0.08
adverse_weather,c22feff4-14505161.jpg,AW_S_01,scene,Is this a nighttime driving scene?,no,A,high,automatic,main_eval,False,,,paligemma,no,no,True,0.09
adverse_weather,c22feff4-14505161.jpg,AW_S_02,scene,Is this a highway or motorway rather than an urban or residential road?,no,A,high,automatic,main_eval,False,,,paligemma,urban,unclear,False,0.08
adverse_weather,c22feff4-14505161.jpg,AW_S_03,scene,Does this scene show active precipitation — rain or snow actually falling?,yes,B,medium,automatic,baseline_only,False,,,paligemma,yes,yes,True,0.08
adverse_weather,c22feff4-14505161.jpg,AW_S_04,scene,Would this scene look significantly different under clear daytime conditions?,yes,B,medium,automatic,main_eval,False,,,paligemma,yes,yes,True,0.09
adverse_weather,c22feff4-14505161.jpg,AW_S_05,scene,Is the overall light level sufficient to drive without headlights?,yes,B,medium,automatic,main_eval,False,,,paligemma,yes,yes,True,0.09
adverse_weather,c22feff4-14505161.jpg,AW_ADV_01,adversarial,"Despite the weather, can you still identify what type of road this is?",yes,A,high,automatic,main_eval,False,,,paligemma,yes,yes,True,0.09
adverse_weather,c22feff4-14505161.jpg,AW_ADV_02,adversarial,Are any road signs or markings visible that convey speed or direction information?,no,B,high,automatic,main_eval,False,,,paligemma,no,no,True,0.08
adverse_weather,c22feff4-14505161.jpg,AW_ADV_03,adversarial,Would a driver need to use headlights to safely navigate this scene?,no,A,high,automatic,main_eval,False,,,paligemma,yes,yes,False,0.08
adverse_weather,c22feff4-14505161.jpg,AW_BASE_01,baseline,Is visibility reduced in this scene compared to a clear day?,yes,A,high,automatic,baseline_only,False,,,paligemma,yes,yes,True,0.08
adverse_weather,c22feff4-14505161.jpg,AW_BASE_02,baseline,Is the weather in this image adverse or challenging for driving?,yes,A,high,automatic,baseline_only,False,,,paligemma,challenging,unclear,False,0.11
adverse_weather,bd1b8b79-eb8f047f.jpg,AW_P_01,perception,Can you clearly make out the shape of vehicles ahead on the road?,no,B,medium,automatic,main_eval,False,,,paligemma,no,no,True,0.08
adverse_weather,bd1b8b79-eb8f047f.jpg,AW_P_02,perception,Is it possible to read the colour of the traffic lights in this scene?,yes,A,high,automatic,main_eval,False,,,paligemma,no,no,False,0.09
adverse_weather,bd1b8b79-eb8f047f.jpg,AW_P_03,perception,Are any road signs visible that you could read from the driver's seat?,yes,B,high,automatic,main_eval,False,,,paligemma,no,no,False,0.08
adverse_weather,bd1b8b79-eb8f047f.jpg,AW_P_04,perception,Can you see far enough ahead to safely react to a sudden hazard?,no,B,medium,automatic,main_eval,False,,,paligemma,no,no,True,0.08
adverse_weather,bd1b8b79-eb8f047f.jpg,AW_P_05,perception,Is there a pedestrian visible anywhere near the road in this scene?,yes,A,high,automatic,main_eval,False,,,paligemma,no,no,False,0.08
adverse_weather,bd1b8b79-eb8f047f.jpg,AW_P_06,perception,"Is the road surface visible enough to judge whether it is wet, icy, or dry?",no,B,medium,automatic,main_eval,False,,,paligemma,yes,yes,False,0.08
adverse_weather,bd1b8b79-eb8f047f.jpg,AW_P_07,perception,Can you tell from this image whether there is a vehicle close enough to be a collision risk?,yes,B,medium,automatic,main_eval,False,,,paligemma,yes,yes,True,0.08
adverse_weather,bd1b8b79-eb8f047f.jpg,AW_P_08,perception,Is the sky visible and distinguishable from the road in this scene?,no,B,medium,automatic,main_eval,False,,,paligemma,no,no,True,0.08
adverse_weather,bd1b8b79-eb8f047f.jpg,AW_A_01,action,Should the driver turn on their headlights right now?,yes,A,high,automatic,main_eval,False,,,paligemma,yes,yes,True,0.08
adverse_weather,bd1b8b79-eb8f047f.jpg,AW_A_02,action,Should the driver slow down below the speed limit given current conditions?,yes,B,medium,automatic,main_eval,False,,,paligemma,yes,yes,True,0.08
adverse_weather,bd1b8b79-eb8f047f.jpg,AW_A_03,action,Should the driver use windscreen wipers right now?,yes,A,high,automatic,main_eval,False,,,paligemma,yes,yes,True,0.08
adverse_weather,bd1b8b79-eb8f047f.jpg,AW_A_04,action,Is it safe to attempt an overtake of the vehicle ahead in these conditions?,no,B,medium,automatic,main_eval,False,,,paligemma,no,no,True,0.08
adverse_weather,bd1b8b79-eb8f047f.jpg,AW_A_05,action,Should the driver increase following distance from the vehicle ahead?,yes,B,medium,automatic,baseline_only,False,,,paligemma,yes,yes,True,0.08
adverse_weather,bd1b8b79-eb8f047f.jpg,AW_H_01,hazard,Is there a risk of a hidden vehicle or obstacle emerging suddenly from the scene?,yes,B,medium,automatic,main_eval,False,,,paligemma,yes,yes,True,0.08
adverse_weather,bd1b8b79-eb8f047f.jpg,AW_H_02,hazard,Would braking distance be longer than usual in these conditions?,yes,B,low,automatic,baseline_only,False,,,paligemma,yes,yes,True,0.08
adverse_weather,bd1b8b79-eb8f047f.jpg,AW_H_04,hazard,Could a cyclist or motorcyclist be hidden somewhere in this scene?,yes,B,medium,automatic,main_eval,False,,,paligemma,yes,yes,True,0.09
adverse_weather,bd1b8b79-eb8f047f.jpg,AW_H_05,hazard,Is the road surface likely to cause the vehicle to slide or lose traction?,yes,B,medium,automatic,main_eval,False,,,paligemma,yes,yes,True,0.09
adverse_weather,bd1b8b79-eb8f047f.jpg,AW_H_06,hazard,Is there a risk of glare from headlights or wet road reflections in this scene?,yes,B,medium,automatic,main_eval,False,,,paligemma,yes,yes,True,0.08
adverse_weather,bd1b8b79-eb8f047f.jpg,AW_S_01,scene,Is this a nighttime driving scene?,yes,A,high,automatic,main_eval,False,,,paligemma,yes,yes,True,0.08
adverse_weather,bd1b8b79-eb8f047f.jpg,AW_S_02,scene,Is this a highway or motorway rather than an urban or residential road?,no,A,high,automatic,main_eval,False,,,paligemma,yes,yes,False,0.09
adverse_weather,bd1b8b79-eb8f047f.jpg,AW_S_03,scene,Does this scene show active precipitation — rain or snow actually falling?,yes,B,medium,automatic,baseline_only,False,,,paligemma,yes,yes,True,0.08
adverse_weather,bd1b8b79-eb8f047f.jpg,AW_S_04,scene,Would this scene look significantly different under clear daytime conditions?,yes,B,medium,automatic,main_eval,False,,,paligemma,no,no,False,0.08
adverse_weather,bd1b8b79-eb8f047f.jpg,AW_S_05,scene,Is the overall light level sufficient to drive without headlights?,no,B,medium,automatic,main_eval,False,,,paligemma,no,no,True,0.08
adverse_weather,bd1b8b79-eb8f047f.jpg,AW_ADV_01,adversarial,"Despite the weather, can you still identify what type of road this is?",yes,A,high,automatic,main_eval,False,,,paligemma,no,no,False,0.09
adverse_weather,bd1b8b79-eb8f047f.jpg,AW_ADV_02,adversarial,Are any road signs or markings visible that convey speed or direction information?,no,B,high,automatic,main_eval,False,,,paligemma,no,no,True,0.09
adverse_weather,bd1b8b79-eb8f047f.jpg,AW_ADV_03,adversarial,Would a driver need to use headlights to safely navigate this scene?,yes,A,high,automatic,main_eval,False,,,paligemma,yes,yes,True,0.08
adverse_weather,bd1b8b79-eb8f047f.jpg,AW_ADV_04,adversarial,Is there enough visual information to safely navigate an unfamiliar junction here?,no,B,medium,automatic,main_eval,False,,,paligemma,yes,yes,False,0.08
adverse_weather,bd1b8b79-eb8f047f.jpg,AW_BASE_01,baseline,Is visibility reduced in this scene compared to a clear day?,yes,A,high,automatic,baseline_only,False,,,paligemma,yes,yes,True,0.08
adverse_weather,bd1b8b79-eb8f047f.jpg,AW_BASE_02,baseline,Is the weather in this image adverse or challenging for driving?,yes,A,high,automatic,baseline_only,False,,,paligemma,adverse,unclear,False,0.11
adverse_weather,bd1b8b79-6a41406e.jpg,AW_P_01,perception,Can you clearly make out the shape of vehicles ahead on the road?,no,B,medium,automatic,main_eval,False,,,paligemma,no,no,True,0.08
adverse_weather,bd1b8b79-6a41406e.jpg,AW_P_02,perception,Is it possible to read the colour of the traffic lights in this scene?,yes,A,high,automatic,main_eval,False,,,paligemma,no,no,False,0.08
adverse_weather,bd1b8b79-6a41406e.jpg,AW_P_03,perception,Are any road signs visible that you could read from the driver's seat?,yes,B,high,automatic,main_eval,False,,,paligemma,no,no,False,0.08
adverse_weather,bd1b8b79-6a41406e.jpg,AW_P_04,perception,Can you see far enough ahead to safely react to a sudden hazard?,no,B,medium,automatic,main_eval,False,,,paligemma,no,no,True,0.08
adverse_weather,bd1b8b79-6a41406e.jpg,AW_P_05,perception,Is there a pedestrian visible anywhere near the road in this scene?,yes,A,high,automatic,main_eval,False,,,paligemma,no,no,False,0.08
adverse_weather,bd1b8b79-6a41406e.jpg,AW_P_06,perception,"Is the road surface visible enough to judge whether it is wet, icy, or dry?",no,B,medium,automatic,main_eval,False,,,paligemma,yes,yes,False,0.08
adverse_weather,bd1b8b79-6a41406e.jpg,AW_P_07,perception,Can you tell from this image whether there is a vehicle close enough to be a collision risk?,yes,B,medium,automatic,main_eval,False,,,paligemma,yes,yes,True,0.08
adverse_weather,bd1b8b79-6a41406e.jpg,AW_P_08,perception,Is the sky visible and distinguishable from the road in this scene?,no,B,medium,automatic,main_eval,False,,,paligemma,no,no,True,0.08
adverse_weather,bd1b8b79-6a41406e.jpg,AW_A_01,action,Should the driver turn on their headlights right now?,yes,A,high,automatic,main_eval,False,,,paligemma,yes,yes,True,0.08
adverse_weather,bd1b8b79-6a41406e.jpg,AW_A_02,action,Should the driver slow down below the speed limit given current conditions?,yes,B,medium,automatic,main_eval,False,,,paligemma,yes,yes,True,0.08
adverse_weather,bd1b8b79-6a41406e.jpg,AW_A_03,action,Should the driver use windscreen wipers right now?,yes,A,high,automatic,main_eval,False,,,paligemma,yes,yes,True,0.08
adverse_weather,bd1b8b79-6a41406e.jpg,AW_A_04,action,Is it safe to attempt an overtake of the vehicle ahead in these conditions?,no,B,medium,automatic,main_eval,False,,,paligemma,"Sorry, as a base VLM I am not trained to answer this question.",unclear,False,0.48
adverse_weather,bd1b8b79-6a41406e.jpg,AW_A_05,action,Should the driver increase following distance from the vehicle ahead?,yes,B,medium,automatic,baseline_only,False,,,paligemma,"Sorry, as a base VLM I am not trained to answer this question.",unclear,False,0.48
adverse_weather,bd1b8b79-6a41406e.jpg,AW_H_01,hazard,Is there a risk of a hidden vehicle or obstacle emerging suddenly from the scene?,yes,B,medium,automatic,main_eval,False,,,paligemma,yes,yes,True,0.08
adverse_weather,bd1b8b79-6a41406e.jpg,AW_H_02,hazard,Would braking distance be longer than usual in these conditions?,yes,B,low,automatic,baseline_only,False,,,paligemma,yes,yes,True,0.08
adverse_weather,bd1b8b79-6a41406e.jpg,AW_H_03,hazard,Is there a pedestrian in a position where they could step into the vehicle's path?,yes,B,medium,automatic,main_eval,False,,,paligemma,yes,yes,True,0.08
adverse_weather,bd1b8b79-6a41406e.jpg,AW_H_04,hazard,Could a cyclist or motorcyclist be hidden somewhere in this scene?,yes,B,medium,automatic,main_eval,False,,,paligemma,yes,yes,True,0.08
adverse_weather,bd1b8b79-6a41406e.jpg,AW_H_05,hazard,Is the road surface likely to cause the vehicle to slide or lose traction?,yes,B,medium,automatic,main_eval,False,,,paligemma,yes,yes,True,0.08
adverse_weather,bd1b8b79-6a41406e.jpg,AW_H_06,hazard,Is there a risk of glare from headlights or wet road reflections in this scene?,yes,B,medium,automatic,main_eval,False,,,paligemma,yes,yes,True,0.08
adverse_weather,bd1b8b79-6a41406e.jpg,AW_S_01,scene,Is this a nighttime driving scene?,yes,A,high,automatic,main_eval,False,,,paligemma,yes,yes,True,0.09
adverse_weather,bd1b8b79-6a41406e.jpg,AW_S_02,scene,Is this a highway or motorway rather than an urban or residential road?,no,A,high,automatic,main_eval,False,,,paligemma,no,no,True,0.09
adverse_weather,bd1b8b79-6a41406e.jpg,AW_S_03,scene,Does this scene show active precipitation — rain or snow actually falling?,yes,B,medium,automatic,baseline_only,False,,,paligemma,rain,unclear,False,0.08
adverse_weather,bd1b8b79-6a41406e.jpg,AW_S_04,scene,Would this scene look significantly different under clear daytime conditions?,yes,B,medium,automatic,main_eval,False,,,paligemma,no,no,False,0.08
adverse_weather,bd1b8b79-6a41406e.jpg,AW_S_05,scene,Is the overall light level sufficient to drive without headlights?,no,B,medium,automatic,main_eval,False,,,paligemma,no,no,True,0.08
adverse_weather,bd1b8b79-6a41406e.jpg,AW_ADV_01,adversarial,"Despite the weather, can you still identify what type of road this is?",yes,A,high,automatic,main_eval,False,,,paligemma,no,no,False,0.08
adverse_weather,bd1b8b79-6a41406e.jpg,AW_ADV_02,adversarial,Are any road signs or markings visible that convey speed or direction information?,no,B,high,automatic,main_eval,False,,,paligemma,no,no,True,0.08
adverse_weather,bd1b8b79-6a41406e.jpg,AW_ADV_03,adversarial,Would a driver need to use headlights to safely navigate this scene?,yes,A,high,automatic,main_eval,False,,,paligemma,yes,yes,True,0.08
adverse_weather,bd1b8b79-6a41406e.jpg,AW_ADV_04,adversarial,Is there enough visual information to safely navigate an unfamiliar junction here?,no,B,medium,automatic,main_eval,False,,,paligemma,no,no,True,0.08
adverse_weather,bd1b8b79-6a41406e.jpg,AW_BASE_01,baseline,Is visibility reduced in this scene compared to a clear day?,yes,A,high,automatic,baseline_only,False,,,paligemma,yes,yes,True,0.08
adverse_weather,bd1b8b79-6a41406e.jpg,AW_BASE_02,baseline,Is the weather in this image adverse or challenging for driving?,yes,A,high,automatic,baseline_only,False,,,paligemma,adverse,unclear,False,0.11
adverse_weather,280e2f09-f4211b6b.jpg,AW_P_03,perception,Are any road signs visible that you could read from the driver's seat?,no,B,high,automatic,main_eval,False,,,paligemma,yes,yes,False,0.09
adverse_weather,280e2f09-f4211b6b.jpg,AW_P_04,perception,Can you see far enough ahead to safely react to a sudden hazard?,no,B,medium,automatic,main_eval,False,,,paligemma,no,no,True,0.08
adverse_weather,280e2f09-f4211b6b.jpg,AW_P_05,perception,Is there a pedestrian visible anywhere near the road in this scene?,yes,A,high,automatic,main_eval,False,,,paligemma,no,no,False,0.08
adverse_weather,280e2f09-f4211b6b.jpg,AW_P_06,perception,"Is the road surface visible enough to judge whether it is wet, icy, or dry?",no,B,medium,automatic,main_eval,False,,,paligemma,no,no,True,0.08
adverse_weather,280e2f09-f4211b6b.jpg,AW_P_07,perception,Can you tell from this image whether there is a vehicle close enough to be a collision risk?,no,B,medium,automatic,main_eval,False,,,paligemma,no,no,True,0.08
adverse_weather,280e2f09-f4211b6b.jpg,AW_P_08,perception,Is the sky visible and distinguishable from the road in this scene?,no,B,medium,automatic,main_eval,False,,,paligemma,no,no,True,0.08
adverse_weather,280e2f09-f4211b6b.jpg,AW_A_01,action,Should the driver turn on their headlights right now?,yes,A,high,automatic,main_eval,False,,,paligemma,no,no,False,0.08
adverse_weather,280e2f09-f4211b6b.jpg,AW_A_02,action,Should the driver slow down below the speed limit given current conditions?,yes,B,medium,automatic,main_eval,False,,,paligemma,yes,yes,True,0.08
adverse_weather,280e2f09-f4211b6b.jpg,AW_A_03,action,Should the driver use windscreen wipers right now?,no,A,high,automatic,main_eval,False,,,paligemma,yes,yes,False,0.08
adverse_weather,280e2f09-f4211b6b.jpg,AW_A_06,action,Would you feel comfortable pulling over and stopping on the road here?,yes,B,medium,automatic,main_eval,False,,,paligemma,no,no,False,0.08
adverse_weather,280e2f09-f4211b6b.jpg,AW_H_01,hazard,Is there a risk of a hidden vehicle or obstacle emerging suddenly from the scene?,yes,B,medium,automatic,main_eval,False,,,paligemma,yes,yes,True,0.09
adverse_weather,280e2f09-f4211b6b.jpg,AW_H_02,hazard,Would braking distance be longer than usual in these conditions?,yes,B,low,automatic,baseline_only,False,,,paligemma,yes,yes,True,0.09
adverse_weather,280e2f09-f4211b6b.jpg,AW_H_04,hazard,Could a cyclist or motorcyclist be hidden somewhere in this scene?,yes,B,medium,automatic,main_eval,False,,,paligemma,yes,yes,True,0.08
adverse_weather,280e2f09-f4211b6b.jpg,AW_H_05,hazard,Is the road surface likely to cause the vehicle to slide or lose traction?,no,B,medium,automatic,main_eval,False,,,paligemma,no,no,True,0.09
adverse_weather,280e2f09-f4211b6b.jpg,AW_H_06,hazard,Is there a risk of glare from headlights or wet road reflections in this scene?,no,B,medium,automatic,main_eval,False,,,paligemma,yes,yes,False,0.09
adverse_weather,280e2f09-f4211b6b.jpg,AW_S_02,scene,Is this a highway or motorway rather than an urban or residential road?,no,A,high,automatic,main_eval,False,,,paligemma,yes,yes,False,0.09
adverse_weather,280e2f09-f4211b6b.jpg,AW_S_03,scene,Does this scene show active precipitation — rain or snow actually falling?,no,B,medium,automatic,baseline_only,False,,,paligemma,no,no,True,0.08
adverse_weather,280e2f09-f4211b6b.jpg,AW_S_04,scene,Would this scene look significantly different under clear daytime conditions?,yes,B,medium,automatic,main_eval,False,,,paligemma,no,no,False,0.08
adverse_weather,280e2f09-f4211b6b.jpg,AW_ADV_01,adversarial,"Despite the weather, can you still identify what type of road this is?",no,A,high,automatic,main_eval,False,,,paligemma,no,no,True,0.08
adverse_weather,280e2f09-f4211b6b.jpg,AW_ADV_02,adversarial,Are any road signs or markings visible that convey speed or direction information?,no,B,high,automatic,main_eval,False,,,paligemma,no,no,True,0.08
adverse_weather,280e2f09-f4211b6b.jpg,AW_ADV_03,adversarial,Would a driver need to use headlights to safely navigate this scene?,yes,A,high,automatic,main_eval,False,,,paligemma,no,no,False,0.08
adverse_weather,280e2f09-f4211b6b.jpg,AW_ADV_05,adversarial,Would a driver unfamiliar with this road feel confident proceeding in these conditions?,no,B,medium,automatic,main_eval,False,,,paligemma,no,no,True,0.08
adverse_weather,280e2f09-f4211b6b.jpg,AW_BASE_01,baseline,Is visibility reduced in this scene compared to a clear day?,yes,A,high,automatic,baseline_only,False,,,paligemma,yes,yes,True,0.08
adverse_weather,280e2f09-f4211b6b.jpg,AW_BASE_02,baseline,Is the weather in this image adverse or challenging for driving?,yes,A,high,automatic,baseline_only,False,,,paligemma,challenging,unclear,False,0.11
adverse_weather,7ceeac75-d41a8e5a.jpg,AW_P_01,perception,Can you clearly make out the shape of vehicles ahead on the road?,no,B,medium,automatic,main_eval,False,,,paligemma,no,no,True,0.09
adverse_weather,7ceeac75-d41a8e5a.jpg,AW_P_03,perception,Are any road signs visible that you could read from the driver's seat?,no,B,high,automatic,main_eval,False,,,paligemma,no,no,True,0.09
adverse_weather,7ceeac75-d41a8e5a.jpg,AW_P_04,perception,Can you see far enough ahead to safely react to a sudden hazard?,no,B,medium,automatic,main_eval,False,,,paligemma,no,no,True,0.09
adverse_weather,7ceeac75-d41a8e5a.jpg,AW_P_05,perception,Is there a pedestrian visible anywhere near the road in this scene?,no,A,high,automatic,main_eval,False,,,paligemma,no,no,True,0.09
adverse_weather,7ceeac75-d41a8e5a.jpg,AW_P_06,perception,"Is the road surface visible enough to judge whether it is wet, icy, or dry?",no,B,medium,automatic,main_eval,False,,,paligemma,no,no,True,0.09
adverse_weather,7ceeac75-d41a8e5a.jpg,AW_P_07,perception,Can you tell from this image whether there is a vehicle close enough to be a collision risk?,yes,B,medium,automatic,main_eval,False,,,paligemma,no,no,False,0.09
adverse_weather,7ceeac75-d41a8e5a.jpg,AW_P_08,perception,Is the sky visible and distinguishable from the road in this scene?,no,B,medium,automatic,main_eval,False,,,paligemma,no,no,True,0.08
adverse_weather,7ceeac75-d41a8e5a.jpg,AW_A_01,action,Should the driver turn on their headlights right now?,yes,A,high,automatic,main_eval,False,,,paligemma,yes,yes,True,0.09
adverse_weather,7ceeac75-d41a8e5a.jpg,AW_A_02,action,Should the driver slow down below the speed limit given current conditions?,yes,B,medium,automatic,main_eval,False,,,paligemma,yes,yes,True,0.09
adverse_weather,7ceeac75-d41a8e5a.jpg,AW_A_03,action,Should the driver use windscreen wipers right now?,no,A,high,automatic,main_eval,False,,,paligemma,yes,yes,False,0.08
adverse_weather,7ceeac75-d41a8e5a.jpg,AW_A_04,action,Is it safe to attempt an overtake of the vehicle ahead in these conditions?,no,B,medium,automatic,main_eval,False,,,paligemma,no,no,True,0.08
adverse_weather,7ceeac75-d41a8e5a.jpg,AW_A_05,action,Should the driver increase following distance from the vehicle ahead?,yes,B,medium,automatic,baseline_only,False,,,paligemma,yes,yes,True,0.08
adverse_weather,7ceeac75-d41a8e5a.jpg,AW_H_01,hazard,Is there a risk of a hidden vehicle or obstacle emerging suddenly from the scene?,yes,B,medium,automatic,main_eval,False,,,paligemma,yes,yes,True,0.08
adverse_weather,7ceeac75-d41a8e5a.jpg,AW_H_02,hazard,Would braking distance be longer than usual in these conditions?,yes,B,low,automatic,baseline_only,False,,,paligemma,yes,yes,True,0.08
adverse_weather,7ceeac75-d41a8e5a.jpg,AW_H_03,hazard,Is there a pedestrian in a position where they could step into the vehicle's path?,no,B,medium,automatic,main_eval,False,,,paligemma,no,no,True,0.08
adverse_weather,7ceeac75-d41a8e5a.jpg,AW_H_04,hazard,Could a cyclist or motorcyclist be hidden somewhere in this scene?,yes,B,medium,automatic,main_eval,False,,,paligemma,yes,yes,True,0.08
adverse_weather,7ceeac75-d41a8e5a.jpg,AW_H_05,hazard,Is the road surface likely to cause the vehicle to slide or lose traction?,no,B,medium,automatic,main_eval,False,,,paligemma,no,no,True,0.08
adverse_weather,7ceeac75-d41a8e5a.jpg,AW_H_06,hazard,Is there a risk of glare from headlights or wet road reflections in this scene?,no,B,medium,automatic,main_eval,False,,,paligemma,yes,yes,False,0.08
adverse_weather,7ceeac75-d41a8e5a.jpg,AW_S_01,scene,Is this a nighttime driving scene?,yes,A,high,automatic,main_eval,False,,,paligemma,yes,yes,True,0.08
adverse_weather,7ceeac75-d41a8e5a.jpg,AW_S_02,scene,Is this a highway or motorway rather than an urban or residential road?,no,A,high,automatic,main_eval,False,,,paligemma,yes,yes,False,0.08
adverse_weather,7ceeac75-d41a8e5a.jpg,AW_S_03,scene,Does this scene show active precipitation — rain or snow actually falling?,no,B,medium,automatic,baseline_only,False,,,paligemma,no,no,True,0.08
adverse_weather,7ceeac75-d41a8e5a.jpg,AW_S_04,scene,Would this scene look significantly different under clear daytime conditions?,yes,B,medium,automatic,main_eval,False,,,paligemma,no,no,False,0.08
adverse_weather,7ceeac75-d41a8e5a.jpg,AW_S_05,scene,Is the overall light level sufficient to drive without headlights?,no,B,medium,automatic,main_eval,False,,,paligemma,no,no,True,0.08
adverse_weather,7ceeac75-d41a8e5a.jpg,AW_ADV_01,adversarial,"Despite the weather, can you still identify what type of road this is?",no,A,high,automatic,main_eval,False,,,paligemma,no,no,True,0.09
adverse_weather,7ceeac75-d41a8e5a.jpg,AW_ADV_02,adversarial,Are any road signs or markings visible that convey speed or direction information?,no,B,high,automatic,main_eval,False,,,paligemma,no,no,True,0.08
adverse_weather,7ceeac75-d41a8e5a.jpg,AW_ADV_03,adversarial,Would a driver need to use headlights to safely navigate this scene?,yes,A,high,automatic,main_eval,False,,,paligemma,yes,yes,True,0.08
adverse_weather,7ceeac75-d41a8e5a.jpg,AW_ADV_04,adversarial,Is there enough visual information to safely navigate an unfamiliar junction here?,no,B,medium,automatic,main_eval,False,,,paligemma,no,no,True,0.08
adverse_weather,7ceeac75-d41a8e5a.jpg,AW_ADV_05,adversarial,Would a driver unfamiliar with this road feel confident proceeding in these conditions?,no,B,medium,automatic,main_eval,False,,,paligemma,no,no,True,0.08
adverse_weather,7ceeac75-d41a8e5a.jpg,AW_BASE_01,baseline,Is visibility reduced in this scene compared to a clear day?,yes,A,high,automatic,baseline_only,False,,,paligemma,yes,yes,True,0.08
adverse_weather,7ceeac75-d41a8e5a.jpg,AW_BASE_02,baseline,Is the weather in this image adverse or challenging for driving?,yes,A,high,automatic,baseline_only,False,,,paligemma,challenging,unclear,False,0.11
adverse_weather,6410ded7-e1a1132d.jpg,AW_P_01,perception,Can you clearly make out the shape of vehicles ahead on the road?,no,B,medium,automatic,main_eval,False,,,paligemma,yes,yes,False,0.08
adverse_weather,6410ded7-e1a1132d.jpg,AW_P_02,perception,Is it possible to read the colour of the traffic lights in this scene?,no,A,high,automatic,main_eval,False,,,paligemma,yes,yes,False,0.08
adverse_weather,6410ded7-e1a1132d.jpg,AW_P_03,perception,Are any road signs visible that you could read from the driver's seat?,no,B,high,automatic,main_eval,False,,,paligemma,yes,yes,False,0.1
adverse_weather,6410ded7-e1a1132d.jpg,AW_P_04,perception,Can you see far enough ahead to safely react to a sudden hazard?,no,B,medium,automatic,main_eval,False,,,paligemma,no,no,True,0.09
adverse_weather,6410ded7-e1a1132d.jpg,AW_P_05,perception,Is there a pedestrian visible anywhere near the road in this scene?,no,A,high,automatic,main_eval,False,,,paligemma,no,no,True,0.08
adverse_weather,6410ded7-e1a1132d.jpg,AW_P_06,perception,"Is the road surface visible enough to judge whether it is wet, icy, or dry?",no,B,medium,automatic,main_eval,False,,,paligemma,yes,yes,False,0.08
adverse_weather,6410ded7-e1a1132d.jpg,AW_P_07,perception,Can you tell from this image whether there is a vehicle close enough to be a collision risk?,yes,B,medium,automatic,main_eval,False,,,paligemma,no,no,False,0.08
adverse_weather,6410ded7-e1a1132d.jpg,AW_P_08,perception,Is the sky visible and distinguishable from the road in this scene?,no,B,medium,automatic,main_eval,False,,,paligemma,no,no,True,0.08
adverse_weather,6410ded7-e1a1132d.jpg,AW_A_01,action,Should the driver turn on their headlights right now?,yes,A,high,automatic,main_eval,False,,,paligemma,yes,yes,True,0.08
adverse_weather,6410ded7-e1a1132d.jpg,AW_A_02,action,Should the driver slow down below the speed limit given current conditions?,yes,B,medium,automatic,main_eval,False,,,paligemma,yes,yes,True,0.08
adverse_weather,6410ded7-e1a1132d.jpg,AW_A_03,action,Should the driver use windscreen wipers right now?,no,A,high,automatic,main_eval,False,,,paligemma,yes,yes,False,0.08
adverse_weather,6410ded7-e1a1132d.jpg,AW_A_04,action,Is it safe to attempt an overtake of the vehicle ahead in these conditions?,no,B,medium,automatic,main_eval,False,,,paligemma,no,no,True,0.08
adverse_weather,6410ded7-e1a1132d.jpg,AW_A_05,action,Should the driver increase following distance from the vehicle ahead?,yes,B,medium,automatic,baseline_only,False,,,paligemma,yes,yes,True,0.08
adverse_weather,6410ded7-e1a1132d.jpg,AW_A_06,action,Would you feel comfortable pulling over and stopping on the road here?,no,B,medium,automatic,main_eval,False,,,paligemma,no,no,True,0.08
adverse_weather,6410ded7-e1a1132d.jpg,AW_H_01,hazard,Is there a risk of a hidden vehicle or obstacle emerging suddenly from the scene?,yes,B,medium,automatic,main_eval,False,,,paligemma,yes,yes,True,0.08
adverse_weather,6410ded7-e1a1132d.jpg,AW_H_02,hazard,Would braking distance be longer than usual in these conditions?,yes,B,low,automatic,baseline_only,False,,,paligemma,yes,yes,True,0.08
adverse_weather,6410ded7-e1a1132d.jpg,AW_H_03,hazard,Is there a pedestrian in a position where they could step into the vehicle's path?,no,B,medium,automatic,main_eval,False,,,paligemma,no,no,True,0.08
adverse_weather,6410ded7-e1a1132d.jpg,AW_H_04,hazard,Could a cyclist or motorcyclist be hidden somewhere in this scene?,yes,B,medium,automatic,main_eval,False,,,paligemma,yes,yes,True,0.08
adverse_weather,6410ded7-e1a1132d.jpg,AW_H_05,hazard,Is the road surface likely to cause the vehicle to slide or lose traction?,no,B,medium,automatic,main_eval,False,,,paligemma,no,no,True,0.08
adverse_weather,6410ded7-e1a1132d.jpg,AW_H_06,hazard,Is there a risk of glare from headlights or wet road reflections in this scene?,no,B,medium,automatic,main_eval,False,,,paligemma,yes,yes,False,0.09
adverse_weather,6410ded7-e1a1132d.jpg,AW_S_01,scene,Is this a nighttime driving scene?,no,A,high,automatic,main_eval,False,,,paligemma,no,no,True,0.09
adverse_weather,6410ded7-e1a1132d.jpg,AW_S_02,scene,Is this a highway or motorway rather than an urban or residential road?,yes,A,high,automatic,main_eval,False,,,paligemma,highway,unclear,False,0.09
adverse_weather,6410ded7-e1a1132d.jpg,AW_S_03,scene,Does this scene show active precipitation — rain or snow actually falling?,no,B,medium,automatic,baseline_only,False,,,paligemma,rain,unclear,False,0.08
adverse_weather,6410ded7-e1a1132d.jpg,AW_S_04,scene,Would this scene look significantly different under clear daytime conditions?,yes,B,medium,automatic,main_eval,False,,,paligemma,no,no,False,0.09
adverse_weather,6410ded7-e1a1132d.jpg,AW_S_05,scene,Is the overall light level sufficient to drive without headlights?,yes,B,medium,automatic,main_eval,False,,,paligemma,no,no,False,0.09
adverse_weather,6410ded7-e1a1132d.jpg,AW_ADV_01,adversarial,"Despite the weather, can you still identify what type of road this is?",no,A,high,automatic,main_eval,False,,,paligemma,yes,yes,False,0.09
adverse_weather,6410ded7-e1a1132d.jpg,AW_ADV_02,adversarial,Are any road signs or markings visible that convey speed or direction information?,no,B,high,automatic,main_eval,False,,,paligemma,yes,yes,False,0.09
adverse_weather,6410ded7-e1a1132d.jpg,AW_ADV_03,adversarial,Would a driver need to use headlights to safely navigate this scene?,yes,A,high,automatic,main_eval,False,,,paligemma,yes,yes,True,0.08
adverse_weather,6410ded7-e1a1132d.jpg,AW_ADV_05,adversarial,Would a driver unfamiliar with this road feel confident proceeding in these conditions?,no,B,medium,automatic,main_eval,False,,,paligemma,no,no,True,0.08
adverse_weather,6410ded7-e1a1132d.jpg,AW_BASE_01,baseline,Is visibility reduced in this scene compared to a clear day?,yes,A,high,automatic,baseline_only,False,,,paligemma,yes,yes,True,0.08
adverse_weather,6410ded7-e1a1132d.jpg,AW_BASE_02,baseline,Is the weather in this image adverse or challenging for driving?,yes,A,high,automatic,baseline_only,False,,,paligemma,challenging,unclear,False,0.11
adverse_weather,57116a0f-a87f10c7.jpg,AW_P_03,perception,Are any road signs visible that you could read from the driver's seat?,no,B,high,automatic,main_eval,False,,,paligemma,no,no,True,0.08
adverse_weather,57116a0f-a87f10c7.jpg,AW_P_04,perception,Can you see far enough ahead to safely react to a sudden hazard?,no,B,medium,automatic,main_eval,False,,,paligemma,no,no,True,0.08
adverse_weather,57116a0f-a87f10c7.jpg,AW_P_05,perception,Is there a pedestrian visible anywhere near the road in this scene?,no,A,high,automatic,main_eval,False,,,paligemma,no,no,True,0.08
adverse_weather,57116a0f-a87f10c7.jpg,AW_P_06,perception,"Is the road surface visible enough to judge whether it is wet, icy, or dry?",no,B,medium,automatic,main_eval,False,,,paligemma,yes,yes,False,0.08
adverse_weather,57116a0f-a87f10c7.jpg,AW_P_07,perception,Can you tell from this image whether there is a vehicle close enough to be a collision risk?,no,B,medium,automatic,main_eval,False,,,paligemma,no,no,True,0.08
adverse_weather,57116a0f-a87f10c7.jpg,AW_P_08,perception,Is the sky visible and distinguishable from the road in this scene?,no,B,medium,automatic,main_eval,False,,,paligemma,no,no,True,0.08
adverse_weather,57116a0f-a87f10c7.jpg,AW_A_01,action,Should the driver turn on their headlights right now?,yes,A,high,automatic,main_eval,False,,,paligemma,yes,yes,True,0.08
adverse_weather,57116a0f-a87f10c7.jpg,AW_A_02,action,Should the driver slow down below the speed limit given current conditions?,yes,B,medium,automatic,main_eval,False,,,paligemma,yes,yes,True,0.08
adverse_weather,57116a0f-a87f10c7.jpg,AW_A_03,action,Should the driver use windscreen wipers right now?,no,A,high,automatic,main_eval,False,,,paligemma,yes,yes,False,0.08
adverse_weather,57116a0f-a87f10c7.jpg,AW_A_04,action,Is it safe to attempt an overtake of the vehicle ahead in these conditions?,no,B,medium,automatic,main_eval,False,,,paligemma,no,no,True,0.08
adverse_weather,57116a0f-a87f10c7.jpg,AW_A_05,action,Should the driver increase following distance from the vehicle ahead?,yes,B,medium,automatic,baseline_only,False,,,paligemma,yes,yes,True,0.08
adverse_weather,57116a0f-a87f10c7.jpg,AW_A_06,action,Would you feel comfortable pulling over and stopping on the road here?,no,B,medium,automatic,main_eval,False,,,paligemma,no,no,True,0.09
adverse_weather,57116a0f-a87f10c7.jpg,AW_H_01,hazard,Is there a risk of a hidden vehicle or obstacle emerging suddenly from the scene?,yes,B,medium,automatic,main_eval,False,,,paligemma,yes,yes,True,0.09
adverse_weather,57116a0f-a87f10c7.jpg,AW_H_02,hazard,Would braking distance be longer than usual in these conditions?,yes,B,low,automatic,baseline_only,False,,,paligemma,yes,yes,True,0.09
adverse_weather,57116a0f-a87f10c7.jpg,AW_H_03,hazard,Is there a pedestrian in a position where they could step into the vehicle's path?,no,B,medium,automatic,main_eval,False,,,paligemma,no,no,True,0.09
adverse_weather,57116a0f-a87f10c7.jpg,AW_H_04,hazard,Could a cyclist or motorcyclist be hidden somewhere in this scene?,yes,B,medium,automatic,main_eval,False,,,paligemma,yes,yes,True,0.09
adverse_weather,57116a0f-a87f10c7.jpg,AW_H_05,hazard,Is the road surface likely to cause the vehicle to slide or lose traction?,no,B,medium,automatic,main_eval,False,,,paligemma,yes,yes,False,0.09
adverse_weather,57116a0f-a87f10c7.jpg,AW_H_06,hazard,Is there a risk of glare from headlights or wet road reflections in this scene?,no,B,medium,automatic,main_eval,False,,,paligemma,yes,yes,False,0.09
adverse_weather,57116a0f-a87f10c7.jpg,AW_S_01,scene,Is this a nighttime driving scene?,no,A,high,automatic,main_eval,False,,,paligemma,no,no,True,0.09
adverse_weather,57116a0f-a87f10c7.jpg,AW_S_02,scene,Is this a highway or motorway rather than an urban or residential road?,yes,A,high,automatic,main_eval,False,,,paligemma,yes,yes,True,0.09
adverse_weather,57116a0f-a87f10c7.jpg,AW_S_03,scene,Does this scene show active precipitation — rain or snow actually falling?,no,B,medium,automatic,baseline_only,False,,,paligemma,yes,yes,False,0.08
adverse_weather,57116a0f-a87f10c7.jpg,AW_S_04,scene,Would this scene look significantly different under clear daytime conditions?,yes,B,medium,automatic,main_eval,False,,,paligemma,yes,yes,True,0.09
adverse_weather,57116a0f-a87f10c7.jpg,AW_S_05,scene,Is the overall light level sufficient to drive without headlights?,yes,B,medium,automatic,main_eval,False,,,paligemma,no,no,False,0.09
adverse_weather,57116a0f-a87f10c7.jpg,AW_ADV_01,adversarial,"Despite the weather, can you still identify what type of road this is?",no,A,high,automatic,main_eval,False,,,paligemma,no,no,True,0.09
adverse_weather,57116a0f-a87f10c7.jpg,AW_ADV_02,adversarial,Are any road signs or markings visible that convey speed or direction information?,no,B,high,automatic,main_eval,False,,,paligemma,no,no,True,0.08
adverse_weather,57116a0f-a87f10c7.jpg,AW_ADV_03,adversarial,Would a driver need to use headlights to safely navigate this scene?,yes,A,high,automatic,main_eval,False,,,paligemma,yes,yes,True,0.08
adverse_weather,57116a0f-a87f10c7.jpg,AW_ADV_05,adversarial,Would a driver unfamiliar with this road feel confident proceeding in these conditions?,no,B,medium,automatic,main_eval,False,,,paligemma,no,no,True,0.08
adverse_weather,57116a0f-a87f10c7.jpg,AW_BASE_01,baseline,Is visibility reduced in this scene compared to a clear day?,yes,A,high,automatic,baseline_only,False,,,paligemma,yes,yes,True,0.08
adverse_weather,57116a0f-a87f10c7.jpg,AW_BASE_02,baseline,Is the weather in this image adverse or challenging for driving?,yes,A,high,automatic,baseline_only,False,,,paligemma,challenging,unclear,False,0.11
adverse_weather,6f47b2ae-1e3ba433.jpg,AW_P_01,perception,Can you clearly make out the shape of vehicles ahead on the road?,no,B,medium,automatic,main_eval,False,,,paligemma,yes,yes,False,0.08
adverse_weather,6f47b2ae-1e3ba433.jpg,AW_P_03,perception,Are any road signs visible that you could read from the driver's seat?,no,B,high,automatic,main_eval,False,,,paligemma,no,no,True,0.08
adverse_weather,6f47b2ae-1e3ba433.jpg,AW_P_04,perception,Can you see far enough ahead to safely react to a sudden hazard?,no,B,medium,automatic,main_eval,False,,,paligemma,yes,yes,False,0.08
adverse_weather,6f47b2ae-1e3ba433.jpg,AW_P_05,perception,Is there a pedestrian visible anywhere near the road in this scene?,no,A,high,automatic,main_eval,False,,,paligemma,no,no,True,0.09
adverse_weather,6f47b2ae-1e3ba433.jpg,AW_P_06,perception,"Is the road surface visible enough to judge whether it is wet, icy, or dry?",no,B,medium,automatic,main_eval,False,,,paligemma,dry,unclear,False,0.08
adverse_weather,6f47b2ae-1e3ba433.jpg,AW_P_07,perception,Can you tell from this image whether there is a vehicle close enough to be a collision risk?,no,B,medium,automatic,main_eval,False,,,paligemma,no,no,True,0.08
adverse_weather,6f47b2ae-1e3ba433.jpg,AW_P_08,perception,Is the sky visible and distinguishable from the road in this scene?,no,B,medium,automatic,main_eval,False,,,paligemma,no,no,True,0.08
adverse_weather,6f47b2ae-1e3ba433.jpg,AW_A_01,action,Should the driver turn on their headlights right now?,yes,A,high,automatic,main_eval,False,,,paligemma,yes,yes,True,0.09
adverse_weather,6f47b2ae-1e3ba433.jpg,AW_A_02,action,Should the driver slow down below the speed limit given current conditions?,yes,B,medium,automatic,main_eval,False,,,paligemma,yes,yes,True,0.09
adverse_weather,6f47b2ae-1e3ba433.jpg,AW_A_03,action,Should the driver use windscreen wipers right now?,no,A,high,automatic,main_eval,False,,,paligemma,yes,yes,False,0.08
adverse_weather,6f47b2ae-1e3ba433.jpg,AW_A_04,action,Is it safe to attempt an overtake of the vehicle ahead in these conditions?,no,B,medium,automatic,main_eval,False,,,paligemma,no,no,True,0.09
adverse_weather,6f47b2ae-1e3ba433.jpg,AW_A_05,action,Should the driver increase following distance from the vehicle ahead?,yes,B,medium,automatic,baseline_only,False,,,paligemma,yes,yes,True,0.09
adverse_weather,6f47b2ae-1e3ba433.jpg,AW_H_01,hazard,Is there a risk of a hidden vehicle or obstacle emerging suddenly from the scene?,yes,B,medium,automatic,main_eval,False,,,paligemma,no,no,False,0.08
adverse_weather,6f47b2ae-1e3ba433.jpg,AW_H_02,hazard,Would braking distance be longer than usual in these conditions?,yes,B,low,automatic,baseline_only,False,,,paligemma,yes,yes,True,0.08
adverse_weather,6f47b2ae-1e3ba433.jpg,AW_H_03,hazard,Is there a pedestrian in a position where they could step into the vehicle's path?,no,B,medium,automatic,main_eval,False,,,paligemma,no,no,True,0.08
adverse_weather,6f47b2ae-1e3ba433.jpg,AW_H_04,hazard,Could a cyclist or motorcyclist be hidden somewhere in this scene?,yes,B,medium,automatic,main_eval,False,,,paligemma,yes,yes,True,0.08
adverse_weather,6f47b2ae-1e3ba433.jpg,AW_H_05,hazard,Is the road surface likely to cause the vehicle to slide or lose traction?,no,B,medium,automatic,main_eval,False,,,paligemma,no,no,True,0.08
adverse_weather,6f47b2ae-1e3ba433.jpg,AW_H_06,hazard,Is there a risk of glare from headlights or wet road reflections in this scene?,no,B,medium,automatic,main_eval,False,,,paligemma,yes,yes,False,0.08
adverse_weather,6f47b2ae-1e3ba433.jpg,AW_S_01,scene,Is this a nighttime driving scene?,no,A,high,automatic,main_eval,False,,,paligemma,no,no,True,0.08
adverse_weather,6f47b2ae-1e3ba433.jpg,AW_S_02,scene,Is this a highway or motorway rather than an urban or residential road?,no,A,high,automatic,main_eval,False,,,paligemma,urban,unclear,False,0.08
adverse_weather,6f47b2ae-1e3ba433.jpg,AW_S_03,scene,Does this scene show active precipitation — rain or snow actually falling?,no,B,medium,automatic,baseline_only,False,,,paligemma,no,no,True,0.08
adverse_weather,6f47b2ae-1e3ba433.jpg,AW_S_04,scene,Would this scene look significantly different under clear daytime conditions?,yes,B,medium,automatic,main_eval,False,,,paligemma,no,no,False,0.09
adverse_weather,6f47b2ae-1e3ba433.jpg,AW_S_05,scene,Is the overall light level sufficient to drive without headlights?,yes,B,medium,automatic,main_eval,False,,,paligemma,no,no,False,0.08
adverse_weather,6f47b2ae-1e3ba433.jpg,AW_ADV_01,adversarial,"Despite the weather, can you still identify what type of road this is?",no,A,high,automatic,main_eval,False,,,paligemma,yes,yes,False,0.09
adverse_weather,6f47b2ae-1e3ba433.jpg,AW_ADV_02,adversarial,Are any road signs or markings visible that convey speed or direction information?,no,B,high,automatic,main_eval,False,,,paligemma,no,no,True,0.09
adverse_weather,6f47b2ae-1e3ba433.jpg,AW_ADV_03,adversarial,Would a driver need to use headlights to safely navigate this scene?,yes,A,high,automatic,main_eval,False,,,paligemma,yes,yes,True,0.08
adverse_weather,6f47b2ae-1e3ba433.jpg,AW_ADV_04,adversarial,Is there enough visual information to safely navigate an unfamiliar junction here?,no,B,medium,automatic,main_eval,False,,,paligemma,yes,yes,False,0.08
adverse_weather,6f47b2ae-1e3ba433.jpg,AW_ADV_05,adversarial,Would a driver unfamiliar with this road feel confident proceeding in these conditions?,no,B,medium,automatic,main_eval,False,,,paligemma,no,no,True,0.08
adverse_weather,6f47b2ae-1e3ba433.jpg,AW_BASE_01,baseline,Is visibility reduced in this scene compared to a clear day?,yes,A,high,automatic,baseline_only,False,,,paligemma,yes,yes,True,0.08
adverse_weather,6f47b2ae-1e3ba433.jpg,AW_BASE_02,baseline,Is the weather in this image adverse or challenging for driving?,yes,A,high,automatic,baseline_only,False,,,paligemma,challenging,unclear,False,0.11
adverse_weather,a9f29bc0-2b26a78c.jpg,AW_P_03,perception,Are any road signs visible that you could read from the driver's seat?,no,B,high,automatic,main_eval,False,,,paligemma,no,no,True,0.08
adverse_weather,a9f29bc0-2b26a78c.jpg,AW_P_04,perception,Can you see far enough ahead to safely react to a sudden hazard?,no,B,medium,automatic,main_eval,False,,,paligemma,yes,yes,False,0.08
adverse_weather,a9f29bc0-2b26a78c.jpg,AW_P_05,perception,Is there a pedestrian visible anywhere near the road in this scene?,no,A,high,automatic,main_eval,False,,,paligemma,no,no,True,0.08
adverse_weather,a9f29bc0-2b26a78c.jpg,AW_P_06,perception,"Is the road surface visible enough to judge whether it is wet, icy, or dry?",no,B,medium,automatic,main_eval,False,,,paligemma,yes,yes,False,0.09
adverse_weather,a9f29bc0-2b26a78c.jpg,AW_P_07,perception,Can you tell from this image whether there is a vehicle close enough to be a collision risk?,no,B,medium,automatic,main_eval,False,,,paligemma,no,no,True,0.09
adverse_weather,a9f29bc0-2b26a78c.jpg,AW_P_08,perception,Is the sky visible and distinguishable from the road in this scene?,no,B,medium,automatic,main_eval,False,,,paligemma,no,no,True,0.08
adverse_weather,a9f29bc0-2b26a78c.jpg,AW_A_01,action,Should the driver turn on their headlights right now?,yes,A,high,automatic,main_eval,False,,,paligemma,yes,yes,True,0.09
adverse_weather,a9f29bc0-2b26a78c.jpg,AW_A_02,action,Should the driver slow down below the speed limit given current conditions?,yes,B,medium,automatic,main_eval,False,,,paligemma,yes,yes,True,0.08
adverse_weather,a9f29bc0-2b26a78c.jpg,AW_A_03,action,Should the driver use windscreen wipers right now?,no,A,high,automatic,main_eval,False,,,paligemma,yes,yes,False,0.09
adverse_weather,a9f29bc0-2b26a78c.jpg,AW_A_04,action,Is it safe to attempt an overtake of the vehicle ahead in these conditions?,no,B,medium,automatic,main_eval,False,,,paligemma,no,no,True,0.09
adverse_weather,a9f29bc0-2b26a78c.jpg,AW_A_05,action,Should the driver increase following distance from the vehicle ahead?,yes,B,medium,automatic,baseline_only,False,,,paligemma,yes,yes,True,0.08
adverse_weather,a9f29bc0-2b26a78c.jpg,AW_A_06,action,Would you feel comfortable pulling over and stopping on the road here?,no,B,medium,automatic,main_eval,False,,,paligemma,no,no,True,0.08
adverse_weather,a9f29bc0-2b26a78c.jpg,AW_H_01,hazard,Is there a risk of a hidden vehicle or obstacle emerging suddenly from the scene?,yes,B,medium,automatic,main_eval,False,,,paligemma,yes,yes,True,0.08
adverse_weather,a9f29bc0-2b26a78c.jpg,AW_H_02,hazard,Would braking distance be longer than usual in these conditions?,yes,B,low,automatic,baseline_only,False,,,paligemma,yes,yes,True,0.08
adverse_weather,a9f29bc0-2b26a78c.jpg,AW_H_03,hazard,Is there a pedestrian in a position where they could step into the vehicle's path?,no,B,medium,automatic,main_eval,False,,,paligemma,no,no,True,0.09
adverse_weather,a9f29bc0-2b26a78c.jpg,AW_H_04,hazard,Could a cyclist or motorcyclist be hidden somewhere in this scene?,yes,B,medium,automatic,main_eval,False,,,paligemma,yes,yes,True,0.09
adverse_weather,a9f29bc0-2b26a78c.jpg,AW_H_05,hazard,Is the road surface likely to cause the vehicle to slide or lose traction?,no,B,medium,automatic,main_eval,False,,,paligemma,no,no,True,0.08
adverse_weather,a9f29bc0-2b26a78c.jpg,AW_H_06,hazard,Is there a risk of glare from headlights or wet road reflections in this scene?,no,B,medium,automatic,main_eval,False,,,paligemma,yes,yes,False,0.08
adverse_weather,a9f29bc0-2b26a78c.jpg,AW_S_01,scene,Is this a nighttime driving scene?,no,A,high,automatic,main_eval,False,,,paligemma,no,no,True,0.08
adverse_weather,a9f29bc0-2b26a78c.jpg,AW_S_02,scene,Is this a highway or motorway rather than an urban or residential road?,yes,A,high,automatic,main_eval,False,,,paligemma,yes,yes,True,0.08
adverse_weather,a9f29bc0-2b26a78c.jpg,AW_S_03,scene,Does this scene show active precipitation — rain or snow actually falling?,no,B,medium,automatic,baseline_only,False,,,paligemma,yes,yes,False,0.08
adverse_weather,a9f29bc0-2b26a78c.jpg,AW_S_04,scene,Would this scene look significantly different under clear daytime conditions?,yes,B,medium,automatic,main_eval,False,,,paligemma,no,no,False,0.08
adverse_weather,a9f29bc0-2b26a78c.jpg,AW_S_05,scene,Is the overall light level sufficient to drive without headlights?,yes,B,medium,automatic,main_eval,False,,,paligemma,no,no,False,0.09
adverse_weather,a9f29bc0-2b26a78c.jpg,AW_ADV_01,adversarial,"Despite the weather, can you still identify what type of road this is?",no,A,high,automatic,main_eval,False,,,paligemma,no,no,True,0.08
adverse_weather,a9f29bc0-2b26a78c.jpg,AW_ADV_02,adversarial,Are any road signs or markings visible that convey speed or direction information?,no,B,high,automatic,main_eval,False,,,paligemma,no,no,True,0.08
adverse_weather,a9f29bc0-2b26a78c.jpg,AW_ADV_03,adversarial,Would a driver need to use headlights to safely navigate this scene?,yes,A,high,automatic,main_eval,False,,,paligemma,yes,yes,True,0.08
adverse_weather,a9f29bc0-2b26a78c.jpg,AW_ADV_05,adversarial,Would a driver unfamiliar with this road feel confident proceeding in these conditions?,no,B,medium,automatic,main_eval,False,,,paligemma,no,no,True,0.08
adverse_weather,a9f29bc0-2b26a78c.jpg,AW_BASE_01,baseline,Is visibility reduced in this scene compared to a clear day?,yes,A,high,automatic,baseline_only,False,,,paligemma,yes,yes,True,0.08
adverse_weather,a9f29bc0-2b26a78c.jpg,AW_BASE_02,baseline,Is the weather in this image adverse or challenging for driving?,yes,A,high,automatic,baseline_only,False,,,paligemma,challenging,unclear,False,0.11
adverse_weather,7a07fe5a-1528c659.jpg,AW_P_01,perception,Can you clearly make out the shape of vehicles ahead on the road?,no,B,medium,automatic,main_eval,False,,,paligemma,no,no,True,0.08
adverse_weather,7a07fe5a-1528c659.jpg,AW_P_03,perception,Are any road signs visible that you could read from the driver's seat?,no,B,high,automatic,main_eval,False,,,paligemma,no,no,True,0.09
adverse_weather,7a07fe5a-1528c659.jpg,AW_P_04,perception,Can you see far enough ahead to safely react to a sudden hazard?,no,B,medium,automatic,main_eval,False,,,paligemma,no,no,True,0.09
adverse_weather,7a07fe5a-1528c659.jpg,AW_P_05,perception,Is there a pedestrian visible anywhere near the road in this scene?,no,A,high,automatic,main_eval,False,,,paligemma,no,no,True,0.08
adverse_weather,7a07fe5a-1528c659.jpg,AW_P_06,perception,"Is the road surface visible enough to judge whether it is wet, icy, or dry?",no,B,medium,automatic,main_eval,False,,,paligemma,yes,yes,False,0.09
adverse_weather,7a07fe5a-1528c659.jpg,AW_P_07,perception,Can you tell from this image whether there is a vehicle close enough to be a collision risk?,yes,B,medium,automatic,main_eval,False,,,paligemma,no,no,False,0.09
adverse_weather,7a07fe5a-1528c659.jpg,AW_P_08,perception,Is the sky visible and distinguishable from the road in this scene?,no,B,medium,automatic,main_eval,False,,,paligemma,no,no,True,0.09
adverse_weather,7a07fe5a-1528c659.jpg,AW_A_01,action,Should the driver turn on their headlights right now?,yes,A,high,automatic,main_eval,False,,,paligemma,yes,yes,True,0.09
adverse_weather,7a07fe5a-1528c659.jpg,AW_A_02,action,Should the driver slow down below the speed limit given current conditions?,yes,B,medium,automatic,main_eval,False,,,paligemma,yes,yes,True,0.09
adverse_weather,7a07fe5a-1528c659.jpg,AW_A_03,action,Should the driver use windscreen wipers right now?,no,A,high,automatic,main_eval,False,,,paligemma,yes,yes,False,0.09
adverse_weather,7a07fe5a-1528c659.jpg,AW_A_04,action,Is it safe to attempt an overtake of the vehicle ahead in these conditions?,no,B,medium,automatic,main_eval,False,,,paligemma,no,no,True,0.08
adverse_weather,7a07fe5a-1528c659.jpg,AW_A_05,action,Should the driver increase following distance from the vehicle ahead?,yes,B,medium,automatic,baseline_only,False,,,paligemma,yes,yes,True,0.08
adverse_weather,7a07fe5a-1528c659.jpg,AW_H_01,hazard,Is there a risk of a hidden vehicle or obstacle emerging suddenly from the scene?,yes,B,medium,automatic,main_eval,False,,,paligemma,yes,yes,True,0.08
adverse_weather,7a07fe5a-1528c659.jpg,AW_H_02,hazard,Would braking distance be longer than usual in these conditions?,yes,B,low,automatic,baseline_only,False,,,paligemma,yes,yes,True,0.08
adverse_weather,7a07fe5a-1528c659.jpg,AW_H_03,hazard,Is there a pedestrian in a position where they could step into the vehicle's path?,no,B,medium,automatic,main_eval,False,,,paligemma,yes,yes,False,0.08
adverse_weather,7a07fe5a-1528c659.jpg,AW_H_04,hazard,Could a cyclist or motorcyclist be hidden somewhere in this scene?,yes,B,medium,automatic,main_eval,False,,,paligemma,yes,yes,True,0.08
adverse_weather,7a07fe5a-1528c659.jpg,AW_H_05,hazard,Is the road surface likely to cause the vehicle to slide or lose traction?,no,B,medium,automatic,main_eval,False,,,paligemma,yes,yes,False,0.08
adverse_weather,7a07fe5a-1528c659.jpg,AW_H_06,hazard,Is there a risk of glare from headlights or wet road reflections in this scene?,no,B,medium,automatic,main_eval,False,,,paligemma,yes,yes,False,0.08
adverse_weather,7a07fe5a-1528c659.jpg,AW_S_01,scene,Is this a nighttime driving scene?,no,A,high,automatic,main_eval,False,,,paligemma,no,no,True,0.08
adverse_weather,7a07fe5a-1528c659.jpg,AW_S_02,scene,Is this a highway or motorway rather than an urban or residential road?,no,A,high,automatic,main_eval,False,,,paligemma,yes,yes,False,0.08
adverse_weather,7a07fe5a-1528c659.jpg,AW_S_03,scene,Does this scene show active precipitation — rain or snow actually falling?,no,B,medium,automatic,baseline_only,False,,,paligemma,rain,unclear,False,0.08
adverse_weather,7a07fe5a-1528c659.jpg,AW_S_04,scene,Would this scene look significantly different under clear daytime conditions?,yes,B,medium,automatic,main_eval,False,,,paligemma,no,no,False,0.08
adverse_weather,7a07fe5a-1528c659.jpg,AW_S_05,scene,Is the overall light level sufficient to drive without headlights?,yes,B,medium,automatic,main_eval,False,,,paligemma,no,no,False,0.08
adverse_weather,7a07fe5a-1528c659.jpg,AW_ADV_01,adversarial,"Despite the weather, can you still identify what type of road this is?",no,A,high,automatic,main_eval,False,,,paligemma,no,no,True,0.08
adverse_weather,7a07fe5a-1528c659.jpg,AW_ADV_02,adversarial,Are any road signs or markings visible that convey speed or direction information?,no,B,high,automatic,main_eval,False,,,paligemma,no,no,True,0.08
adverse_weather,7a07fe5a-1528c659.jpg,AW_ADV_03,adversarial,Would a driver need to use headlights to safely navigate this scene?,yes,A,high,automatic,main_eval,False,,,paligemma,yes,yes,True,0.09
adverse_weather,7a07fe5a-1528c659.jpg,AW_ADV_04,adversarial,Is there enough visual information to safely navigate an unfamiliar junction here?,no,B,medium,automatic,main_eval,False,,,paligemma,no,no,True,0.09
adverse_weather,7a07fe5a-1528c659.jpg,AW_ADV_05,adversarial,Would a driver unfamiliar with this road feel confident proceeding in these conditions?,no,B,medium,automatic,main_eval,False,,,paligemma,no,no,True,0.09
adverse_weather,7a07fe5a-1528c659.jpg,AW_BASE_01,baseline,Is visibility reduced in this scene compared to a clear day?,yes,A,high,automatic,baseline_only,False,,,paligemma,yes,yes,True,0.09
adverse_weather,7a07fe5a-1528c659.jpg,AW_BASE_02,baseline,Is the weather in this image adverse or challenging for driving?,yes,A,high,automatic,baseline_only,False,,,paligemma,challenging,unclear,False,0.11
adverse_weather,ae99cb2e-33189b45.jpg,AW_P_01,perception,Can you clearly make out the shape of vehicles ahead on the road?,no,B,medium,automatic,main_eval,False,,,paligemma,no,no,True,0.08
adverse_weather,ae99cb2e-33189b45.jpg,AW_P_03,perception,Are any road signs visible that you could read from the driver's seat?,no,B,high,automatic,main_eval,False,,,paligemma,no,no,True,0.08
adverse_weather,ae99cb2e-33189b45.jpg,AW_P_04,perception,Can you see far enough ahead to safely react to a sudden hazard?,no,B,medium,automatic,main_eval,False,,,paligemma,no,no,True,0.09
adverse_weather,ae99cb2e-33189b45.jpg,AW_P_05,perception,Is there a pedestrian visible anywhere near the road in this scene?,no,A,high,automatic,main_eval,False,,,paligemma,no,no,True,0.08
adverse_weather,ae99cb2e-33189b45.jpg,AW_P_06,perception,"Is the road surface visible enough to judge whether it is wet, icy, or dry?",no,B,medium,automatic,main_eval,False,,,paligemma,yes,yes,False,0.09
adverse_weather,ae99cb2e-33189b45.jpg,AW_P_07,perception,Can you tell from this image whether there is a vehicle close enough to be a collision risk?,no,B,medium,automatic,main_eval,False,,,paligemma,no,no,True,0.09
adverse_weather,ae99cb2e-33189b45.jpg,AW_P_08,perception,Is the sky visible and distinguishable from the road in this scene?,no,B,medium,automatic,main_eval,False,,,paligemma,no,no,True,0.08
adverse_weather,ae99cb2e-33189b45.jpg,AW_A_01,action,Should the driver turn on their headlights right now?,yes,A,high,automatic,main_eval,False,,,paligemma,yes,yes,True,0.09
adverse_weather,ae99cb2e-33189b45.jpg,AW_A_02,action,Should the driver slow down below the speed limit given current conditions?,yes,B,medium,automatic,main_eval,False,,,paligemma,yes,yes,True,0.08
adverse_weather,ae99cb2e-33189b45.jpg,AW_A_03,action,Should the driver use windscreen wipers right now?,no,A,high,automatic,main_eval,False,,,paligemma,yes,yes,False,0.08
adverse_weather,ae99cb2e-33189b45.jpg,AW_A_04,action,Is it safe to attempt an overtake of the vehicle ahead in these conditions?,no,B,medium,automatic,main_eval,False,,,paligemma,"Sorry, as a base VLM I am not trained to answer this question.",unclear,False,0.48
adverse_weather,ae99cb2e-33189b45.jpg,AW_A_05,action,Should the driver increase following distance from the vehicle ahead?,yes,B,medium,automatic,baseline_only,False,,,paligemma,yes,yes,True,0.08
adverse_weather,ae99cb2e-33189b45.jpg,AW_H_01,hazard,Is there a risk of a hidden vehicle or obstacle emerging suddenly from the scene?,yes,B,medium,automatic,main_eval,False,,,paligemma,yes,yes,True,0.08
adverse_weather,ae99cb2e-33189b45.jpg,AW_H_02,hazard,Would braking distance be longer than usual in these conditions?,yes,B,low,automatic,baseline_only,False,,,paligemma,yes,yes,True,0.08
adverse_weather,ae99cb2e-33189b45.jpg,AW_H_03,hazard,Is there a pedestrian in a position where they could step into the vehicle's path?,no,B,medium,automatic,main_eval,False,,,paligemma,no,no,True,0.08
adverse_weather,ae99cb2e-33189b45.jpg,AW_H_04,hazard,Could a cyclist or motorcyclist be hidden somewhere in this scene?,yes,B,medium,automatic,main_eval,False,,,paligemma,yes,yes,True,0.08
adverse_weather,ae99cb2e-33189b45.jpg,AW_H_05,hazard,Is the road surface likely to cause the vehicle to slide or lose traction?,no,B,medium,automatic,main_eval,False,,,paligemma,no,no,True,0.09
adverse_weather,ae99cb2e-33189b45.jpg,AW_H_06,hazard,Is there a risk of glare from headlights or wet road reflections in this scene?,no,B,medium,automatic,main_eval,False,,,paligemma,yes,yes,False,0.09
adverse_weather,ae99cb2e-33189b45.jpg,AW_S_02,scene,Is this a highway or motorway rather than an urban or residential road?,no,A,high,automatic,main_eval,False,,,paligemma,yes,yes,False,0.09
adverse_weather,ae99cb2e-33189b45.jpg,AW_S_03,scene,Does this scene show active precipitation — rain or snow actually falling?,no,B,medium,automatic,baseline_only,False,,,paligemma,rain,unclear,False,0.08
adverse_weather,ae99cb2e-33189b45.jpg,AW_S_04,scene,Would this scene look significantly different under clear daytime conditions?,yes,B,medium,automatic,main_eval,False,,,paligemma,yes,yes,True,0.09
adverse_weather,ae99cb2e-33189b45.jpg,AW_ADV_01,adversarial,"Despite the weather, can you still identify what type of road this is?",no,A,high,automatic,main_eval,False,,,paligemma,yes,yes,False,0.09
adverse_weather,ae99cb2e-33189b45.jpg,AW_ADV_02,adversarial,Are any road signs or markings visible that convey speed or direction information?,no,B,high,automatic,main_eval,False,,,paligemma,no,no,True,0.09
adverse_weather,ae99cb2e-33189b45.jpg,AW_ADV_03,adversarial,Would a driver need to use headlights to safely navigate this scene?,yes,A,high,automatic,main_eval,False,,,paligemma,yes,yes,True,0.08
adverse_weather,ae99cb2e-33189b45.jpg,AW_ADV_04,adversarial,Is there enough visual information to safely navigate an unfamiliar junction here?,no,B,medium,automatic,main_eval,False,,,paligemma,yes,yes,False,0.09
adverse_weather,ae99cb2e-33189b45.jpg,AW_ADV_05,adversarial,Would a driver unfamiliar with this road feel confident proceeding in these conditions?,no,B,medium,automatic,main_eval,False,,,paligemma,no,no,True,0.09
adverse_weather,ae99cb2e-33189b45.jpg,AW_BASE_01,baseline,Is visibility reduced in this scene compared to a clear day?,yes,A,high,automatic,baseline_only,False,,,paligemma,yes,yes,True,0.08
adverse_weather,ae99cb2e-33189b45.jpg,AW_BASE_02,baseline,Is the weather in this image adverse or challenging for driving?,yes,A,high,automatic,baseline_only,False,,,paligemma,challenging,unclear,False,0.11
adverse_weather,55be3c59-0016d780.jpg,AW_P_01,perception,Can you clearly make out the shape of vehicles ahead on the road?,no,B,medium,automatic,main_eval,False,,,paligemma,yes,yes,False,0.08
adverse_weather,55be3c59-0016d780.jpg,AW_P_02,perception,Is it possible to read the colour of the traffic lights in this scene?,no,A,high,automatic,main_eval,False,,,paligemma,yes,yes,False,0.08
adverse_weather,55be3c59-0016d780.jpg,AW_P_03,perception,Are any road signs visible that you could read from the driver's seat?,no,B,high,automatic,main_eval,False,,,paligemma,yes,yes,False,0.08
adverse_weather,55be3c59-0016d780.jpg,AW_P_04,perception,Can you see far enough ahead to safely react to a sudden hazard?,no,B,medium,automatic,main_eval,False,,,paligemma,yes,yes,False,0.08
adverse_weather,55be3c59-0016d780.jpg,AW_P_05,perception,Is there a pedestrian visible anywhere near the road in this scene?,no,A,high,automatic,main_eval,False,,,paligemma,no,no,True,0.08
adverse_weather,55be3c59-0016d780.jpg,AW_P_06,perception,"Is the road surface visible enough to judge whether it is wet, icy, or dry?",no,B,medium,automatic,main_eval,False,,,paligemma,yes,yes,False,0.08
adverse_weather,55be3c59-0016d780.jpg,AW_P_07,perception,Can you tell from this image whether there is a vehicle close enough to be a collision risk?,yes,B,medium,automatic,main_eval,False,,,paligemma,no,no,False,0.08
adverse_weather,55be3c59-0016d780.jpg,AW_P_08,perception,Is the sky visible and distinguishable from the road in this scene?,no,B,medium,automatic,main_eval,False,,,paligemma,no,no,True,0.08
adverse_weather,55be3c59-0016d780.jpg,AW_A_01,action,Should the driver turn on their headlights right now?,yes,A,high,automatic,main_eval,False,,,paligemma,"Sorry, as a base VLM I am not trained to answer this question.",unclear,False,0.48
adverse_weather,55be3c59-0016d780.jpg,AW_A_02,action,Should the driver slow down below the speed limit given current conditions?,yes,B,medium,automatic,main_eval,False,,,paligemma,"Sorry, as a base VLM I am not trained to answer this question.",unclear,False,0.48
adverse_weather,55be3c59-0016d780.jpg,AW_A_03,action,Should the driver use windscreen wipers right now?,no,A,high,automatic,main_eval,False,,,paligemma,"Sorry, as a base VLM I am not trained to answer this question.",unclear,False,0.48
adverse_weather,55be3c59-0016d780.jpg,AW_A_04,action,Is it safe to attempt an overtake of the vehicle ahead in these conditions?,no,B,medium,automatic,main_eval,False,,,paligemma,"Sorry, as a base VLM I am not trained to answer this question.",unclear,False,0.48
adverse_weather,55be3c59-0016d780.jpg,AW_A_05,action,Should the driver increase following distance from the vehicle ahead?,yes,B,medium,automatic,baseline_only,False,,,paligemma,"Sorry, as a base VLM I am not trained to answer this question.",unclear,False,0.48
adverse_weather,55be3c59-0016d780.jpg,AW_A_06,action,Would you feel comfortable pulling over and stopping on the road here?,no,B,medium,automatic,main_eval,False,,,paligemma,no,no,True,0.08
adverse_weather,55be3c59-0016d780.jpg,AW_H_01,hazard,Is there a risk of a hidden vehicle or obstacle emerging suddenly from the scene?,yes,B,medium,automatic,main_eval,False,,,paligemma,"Sorry, as a base VLM I am not trained to answer this question.",unclear,False,0.48
adverse_weather,55be3c59-0016d780.jpg,AW_H_02,hazard,Would braking distance be longer than usual in these conditions?,yes,B,low,automatic,baseline_only,False,,,paligemma,yes,yes,True,0.08
adverse_weather,55be3c59-0016d780.jpg,AW_H_03,hazard,Is there a pedestrian in a position where they could step into the vehicle's path?,no,B,medium,automatic,main_eval,False,,,paligemma,no,no,True,0.09
adverse_weather,55be3c59-0016d780.jpg,AW_H_04,hazard,Could a cyclist or motorcyclist be hidden somewhere in this scene?,yes,B,medium,automatic,main_eval,False,,,paligemma,yes,yes,True,0.08
adverse_weather,55be3c59-0016d780.jpg,AW_H_05,hazard,Is the road surface likely to cause the vehicle to slide or lose traction?,no,B,medium,automatic,main_eval,False,,,paligemma,no,no,True,0.08
adverse_weather,55be3c59-0016d780.jpg,AW_H_06,hazard,Is there a risk of glare from headlights or wet road reflections in this scene?,no,B,medium,automatic,main_eval,False,,,paligemma,yes,yes,False,0.09
adverse_weather,55be3c59-0016d780.jpg,AW_S_01,scene,Is this a nighttime driving scene?,no,A,high,automatic,main_eval,False,,,paligemma,no,no,True,0.09
adverse_weather,55be3c59-0016d780.jpg,AW_S_02,scene,Is this a highway or motorway rather than an urban or residential road?,yes,A,high,automatic,main_eval,False,,,paligemma,yes,yes,True,0.09
adverse_weather,55be3c59-0016d780.jpg,AW_S_03,scene,Does this scene show active precipitation — rain or snow actually falling?,no,B,medium,automatic,baseline_only,False,,,paligemma,rain,unclear,False,0.08
adverse_weather,55be3c59-0016d780.jpg,AW_S_04,scene,Would this scene look significantly different under clear daytime conditions?,yes,B,medium,automatic,main_eval,False,,,paligemma,no,no,False,0.08
adverse_weather,55be3c59-0016d780.jpg,AW_S_05,scene,Is the overall light level sufficient to drive without headlights?,yes,B,medium,automatic,main_eval,False,,,paligemma,yes,yes,True,0.08
adverse_weather,55be3c59-0016d780.jpg,AW_ADV_01,adversarial,"Despite the weather, can you still identify what type of road this is?",no,A,high,automatic,main_eval,False,,,paligemma,yes,yes,False,0.08
adverse_weather,55be3c59-0016d780.jpg,AW_ADV_02,adversarial,Are any road signs or markings visible that convey speed or direction information?,no,B,high,automatic,main_eval,False,,,paligemma,no,no,True,0.08
adverse_weather,55be3c59-0016d780.jpg,AW_ADV_03,adversarial,Would a driver need to use headlights to safely navigate this scene?,yes,A,high,automatic,main_eval,False,,,paligemma,yes,yes,True,0.08
adverse_weather,55be3c59-0016d780.jpg,AW_ADV_05,adversarial,Would a driver unfamiliar with this road feel confident proceeding in these conditions?,no,B,medium,automatic,main_eval,False,,,paligemma,no,no,True,0.08
adverse_weather,55be3c59-0016d780.jpg,AW_BASE_01,baseline,Is visibility reduced in this scene compared to a clear day?,yes,A,high,automatic,baseline_only,False,,,paligemma,yes,yes,True,0.08
adverse_weather,55be3c59-0016d780.jpg,AW_BASE_02,baseline,Is the weather in this image adverse or challenging for driving?,yes,A,high,automatic,baseline_only,False,,,paligemma,challenging,unclear,False,0.11
adverse_weather,ae99cb2e-5c9b6e7c.jpg,AW_P_01,perception,Can you clearly make out the shape of vehicles ahead on the road?,no,B,medium,automatic,main_eval,False,,,paligemma,yes,yes,False,0.09
adverse_weather,ae99cb2e-5c9b6e7c.jpg,AW_P_03,perception,Are any road signs visible that you could read from the driver's seat?,no,B,high,automatic,main_eval,False,,,paligemma,no,no,True,0.08
adverse_weather,ae99cb2e-5c9b6e7c.jpg,AW_P_04,perception,Can you see far enough ahead to safely react to a sudden hazard?,no,B,medium,automatic,main_eval,False,,,paligemma,no,no,True,0.09
adverse_weather,ae99cb2e-5c9b6e7c.jpg,AW_P_05,perception,Is there a pedestrian visible anywhere near the road in this scene?,no,A,high,automatic,main_eval,False,,,paligemma,no,no,True,0.08
adverse_weather,ae99cb2e-5c9b6e7c.jpg,AW_P_06,perception,"Is the road surface visible enough to judge whether it is wet, icy, or dry?",no,B,medium,automatic,main_eval,False,,,paligemma,yes,yes,False,0.08
adverse_weather,ae99cb2e-5c9b6e7c.jpg,AW_P_07,perception,Can you tell from this image whether there is a vehicle close enough to be a collision risk?,yes,B,medium,automatic,main_eval,False,,,paligemma,no,no,False,0.09
adverse_weather,ae99cb2e-5c9b6e7c.jpg,AW_P_08,perception,Is the sky visible and distinguishable from the road in this scene?,no,B,medium,automatic,main_eval,False,,,paligemma,no,no,True,0.09
adverse_weather,ae99cb2e-5c9b6e7c.jpg,AW_A_01,action,Should the driver turn on their headlights right now?,yes,A,high,automatic,main_eval,False,,,paligemma,yes,yes,True,0.09
adverse_weather,ae99cb2e-5c9b6e7c.jpg,AW_A_02,action,Should the driver slow down below the speed limit given current conditions?,yes,B,medium,automatic,main_eval,False,,,paligemma,yes,yes,True,0.08
adverse_weather,ae99cb2e-5c9b6e7c.jpg,AW_A_03,action,Should the driver use windscreen wipers right now?,no,A,high,automatic,main_eval,False,,,paligemma,yes,yes,False,0.09
adverse_weather,ae99cb2e-5c9b6e7c.jpg,AW_A_04,action,Is it safe to attempt an overtake of the vehicle ahead in these conditions?,no,B,medium,automatic,main_eval,False,,,paligemma,no,no,True,0.09
adverse_weather,ae99cb2e-5c9b6e7c.jpg,AW_A_05,action,Should the driver increase following distance from the vehicle ahead?,yes,B,medium,automatic,baseline_only,False,,,paligemma,yes,yes,True,0.09
adverse_weather,ae99cb2e-5c9b6e7c.jpg,AW_H_01,hazard,Is there a risk of a hidden vehicle or obstacle emerging suddenly from the scene?,yes,B,medium,automatic,main_eval,False,,,paligemma,no,no,False,0.09
adverse_weather,ae99cb2e-5c9b6e7c.jpg,AW_H_02,hazard,Would braking distance be longer than usual in these conditions?,yes,B,low,automatic,baseline_only,False,,,paligemma,yes,yes,True,0.09
adverse_weather,ae99cb2e-5c9b6e7c.jpg,AW_H_03,hazard,Is there a pedestrian in a position where they could step into the vehicle's path?,no,B,medium,automatic,main_eval,False,,,paligemma,no,no,True,0.09
adverse_weather,ae99cb2e-5c9b6e7c.jpg,AW_H_04,hazard,Could a cyclist or motorcyclist be hidden somewhere in this scene?,yes,B,medium,automatic,main_eval,False,,,paligemma,yes,yes,True,0.08
adverse_weather,ae99cb2e-5c9b6e7c.jpg,AW_H_05,hazard,Is the road surface likely to cause the vehicle to slide or lose traction?,no,B,medium,automatic,main_eval,False,,,paligemma,no,no,True,0.09
adverse_weather,ae99cb2e-5c9b6e7c.jpg,AW_H_06,hazard,Is there a risk of glare from headlights or wet road reflections in this scene?,no,B,medium,automatic,main_eval,False,,,paligemma,yes,yes,False,0.09
adverse_weather,ae99cb2e-5c9b6e7c.jpg,AW_S_01,scene,Is this a nighttime driving scene?,no,A,high,automatic,main_eval,False,,,paligemma,no,no,True,0.08
adverse_weather,ae99cb2e-5c9b6e7c.jpg,AW_S_02,scene,Is this a highway or motorway rather than an urban or residential road?,no,A,high,automatic,main_eval,False,,,paligemma,yes,yes,False,0.08
adverse_weather,ae99cb2e-5c9b6e7c.jpg,AW_S_03,scene,Does this scene show active precipitation — rain or snow actually falling?,no,B,medium,automatic,baseline_only,False,,,paligemma,no,no,True,0.08
adverse_weather,ae99cb2e-5c9b6e7c.jpg,AW_S_04,scene,Would this scene look significantly different under clear daytime conditions?,yes,B,medium,automatic,main_eval,False,,,paligemma,no,no,False,0.08
adverse_weather,ae99cb2e-5c9b6e7c.jpg,AW_S_05,scene,Is the overall light level sufficient to drive without headlights?,yes,B,medium,automatic,main_eval,False,,,paligemma,no,no,False,0.08
adverse_weather,ae99cb2e-5c9b6e7c.jpg,AW_ADV_01,adversarial,"Despite the weather, can you still identify what type of road this is?",no,A,high,automatic,main_eval,False,,,paligemma,yes,yes,False,0.08
adverse_weather,ae99cb2e-5c9b6e7c.jpg,AW_ADV_02,adversarial,Are any road signs or markings visible that convey speed or direction information?,no,B,high,automatic,main_eval,False,,,paligemma,no,no,True,0.08
adverse_weather,ae99cb2e-5c9b6e7c.jpg,AW_ADV_03,adversarial,Would a driver need to use headlights to safely navigate this scene?,yes,A,high,automatic,main_eval,False,,,paligemma,yes,yes,True,0.08
adverse_weather,ae99cb2e-5c9b6e7c.jpg,AW_ADV_04,adversarial,Is there enough visual information to safely navigate an unfamiliar junction here?,no,B,medium,automatic,main_eval,False,,,paligemma,yes,yes,False,0.08
adverse_weather,ae99cb2e-5c9b6e7c.jpg,AW_ADV_05,adversarial,Would a driver unfamiliar with this road feel confident proceeding in these conditions?,no,B,medium,automatic,main_eval,False,,,paligemma,no,no,True,0.08
adverse_weather,ae99cb2e-5c9b6e7c.jpg,AW_BASE_01,baseline,Is visibility reduced in this scene compared to a clear day?,yes,A,high,automatic,baseline_only,False,,,paligemma,yes,yes,True,0.08
adverse_weather,ae99cb2e-5c9b6e7c.jpg,AW_BASE_02,baseline,Is the weather in this image adverse or challenging for driving?,yes,A,high,automatic,baseline_only,False,,,paligemma,challenging,unclear,False,0.11
adverse_weather,8fdc37ec-b3bf0957.jpg,AW_P_01,perception,Can you clearly make out the shape of vehicles ahead on the road?,no,B,medium,automatic,main_eval,False,,,paligemma,no,no,True,0.09
adverse_weather,8fdc37ec-b3bf0957.jpg,AW_P_03,perception,Are any road signs visible that you could read from the driver's seat?,no,B,high,automatic,main_eval,False,,,paligemma,no,no,True,0.09
adverse_weather,8fdc37ec-b3bf0957.jpg,AW_P_04,perception,Can you see far enough ahead to safely react to a sudden hazard?,no,B,medium,automatic,main_eval,False,,,paligemma,no,no,True,0.09
adverse_weather,8fdc37ec-b3bf0957.jpg,AW_P_05,perception,Is there a pedestrian visible anywhere near the road in this scene?,no,A,high,automatic,main_eval,False,,,paligemma,no,no,True,0.09
adverse_weather,8fdc37ec-b3bf0957.jpg,AW_P_06,perception,"Is the road surface visible enough to judge whether it is wet, icy, or dry?",no,B,medium,automatic,main_eval,False,,,paligemma,yes,yes,False,0.09
adverse_weather,8fdc37ec-b3bf0957.jpg,AW_P_07,perception,Can you tell from this image whether there is a vehicle close enough to be a collision risk?,no,B,medium,automatic,main_eval,False,,,paligemma,yes,yes,False,0.08
adverse_weather,8fdc37ec-b3bf0957.jpg,AW_P_08,perception,Is the sky visible and distinguishable from the road in this scene?,no,B,medium,automatic,main_eval,False,,,paligemma,no,no,True,0.08
adverse_weather,8fdc37ec-b3bf0957.jpg,AW_A_01,action,Should the driver turn on their headlights right now?,yes,A,high,automatic,main_eval,False,,,paligemma,yes,yes,True,0.09
adverse_weather,8fdc37ec-b3bf0957.jpg,AW_A_02,action,Should the driver slow down below the speed limit given current conditions?,yes,B,medium,automatic,main_eval,False,,,paligemma,yes,yes,True,0.08
adverse_weather,8fdc37ec-b3bf0957.jpg,AW_A_03,action,Should the driver use windscreen wipers right now?,no,A,high,automatic,main_eval,False,,,paligemma,yes,yes,False,0.09
adverse_weather,8fdc37ec-b3bf0957.jpg,AW_A_04,action,Is it safe to attempt an overtake of the vehicle ahead in these conditions?,no,B,medium,automatic,main_eval,False,,,paligemma,no,no,True,0.09
adverse_weather,8fdc37ec-b3bf0957.jpg,AW_A_05,action,Should the driver increase following distance from the vehicle ahead?,yes,B,medium,automatic,baseline_only,False,,,paligemma,yes,yes,True,0.09
adverse_weather,8fdc37ec-b3bf0957.jpg,AW_H_01,hazard,Is there a risk of a hidden vehicle or obstacle emerging suddenly from the scene?,yes,B,medium,automatic,main_eval,False,,,paligemma,yes,yes,True,0.09
adverse_weather,8fdc37ec-b3bf0957.jpg,AW_H_02,hazard,Would braking distance be longer than usual in these conditions?,yes,B,low,automatic,baseline_only,False,,,paligemma,yes,yes,True,0.08
adverse_weather,8fdc37ec-b3bf0957.jpg,AW_H_03,hazard,Is there a pedestrian in a position where they could step into the vehicle's path?,no,B,medium,automatic,main_eval,False,,,paligemma,no,no,True,0.08
adverse_weather,8fdc37ec-b3bf0957.jpg,AW_H_04,hazard,Could a cyclist or motorcyclist be hidden somewhere in this scene?,yes,B,medium,automatic,main_eval,False,,,paligemma,yes,yes,True,0.08
adverse_weather,8fdc37ec-b3bf0957.jpg,AW_H_05,hazard,Is the road surface likely to cause the vehicle to slide or lose traction?,no,B,medium,automatic,main_eval,False,,,paligemma,no,no,True,0.08
adverse_weather,8fdc37ec-b3bf0957.jpg,AW_H_06,hazard,Is there a risk of glare from headlights or wet road reflections in this scene?,no,B,medium,automatic,main_eval,False,,,paligemma,yes,yes,False,0.08
adverse_weather,8fdc37ec-b3bf0957.jpg,AW_S_01,scene,Is this a nighttime driving scene?,no,A,high,automatic,main_eval,False,,,paligemma,no,no,True,0.08
adverse_weather,8fdc37ec-b3bf0957.jpg,AW_S_02,scene,Is this a highway or motorway rather than an urban or residential road?,no,A,high,automatic,main_eval,False,,,paligemma,yes,yes,False,0.08
adverse_weather,8fdc37ec-b3bf0957.jpg,AW_S_03,scene,Does this scene show active precipitation — rain or snow actually falling?,no,B,medium,automatic,baseline_only,False,,,paligemma,rain,unclear,False,0.08
adverse_weather,8fdc37ec-b3bf0957.jpg,AW_S_04,scene,Would this scene look significantly different under clear daytime conditions?,yes,B,medium,automatic,main_eval,False,,,paligemma,no,no,False,0.08
adverse_weather,8fdc37ec-b3bf0957.jpg,AW_S_05,scene,Is the overall light level sufficient to drive without headlights?,yes,B,medium,automatic,main_eval,False,,,paligemma,no,no,False,0.08
adverse_weather,8fdc37ec-b3bf0957.jpg,AW_ADV_01,adversarial,"Despite the weather, can you still identify what type of road this is?",no,A,high,automatic,main_eval,False,,,paligemma,yes,yes,False,0.09
adverse_weather,8fdc37ec-b3bf0957.jpg,AW_ADV_02,adversarial,Are any road signs or markings visible that convey speed or direction information?,no,B,high,automatic,main_eval,False,,,paligemma,no,no,True,0.09
adverse_weather,8fdc37ec-b3bf0957.jpg,AW_ADV_03,adversarial,Would a driver need to use headlights to safely navigate this scene?,yes,A,high,automatic,main_eval,False,,,paligemma,yes,yes,True,0.09
adverse_weather,8fdc37ec-b3bf0957.jpg,AW_ADV_04,adversarial,Is there enough visual information to safely navigate an unfamiliar junction here?,no,B,medium,automatic,main_eval,False,,,paligemma,yes,yes,False,0.09
adverse_weather,8fdc37ec-b3bf0957.jpg,AW_ADV_05,adversarial,Would a driver unfamiliar with this road feel confident proceeding in these conditions?,no,B,medium,automatic,main_eval,False,,,paligemma,no,no,True,0.09
adverse_weather,8fdc37ec-b3bf0957.jpg,AW_BASE_01,baseline,Is visibility reduced in this scene compared to a clear day?,yes,A,high,automatic,baseline_only,False,,,paligemma,yes,yes,True,0.08
adverse_weather,8fdc37ec-b3bf0957.jpg,AW_BASE_02,baseline,Is the weather in this image adverse or challenging for driving?,yes,A,high,automatic,baseline_only,False,,,paligemma,challenging,unclear,False,0.11
adverse_weather,49638c46-31db206e.jpg,AW_P_01,perception,Can you clearly make out the shape of vehicles ahead on the road?,no,B,medium,automatic,main_eval,False,,,paligemma,yes,yes,False,0.09
adverse_weather,49638c46-31db206e.jpg,AW_P_02,perception,Is it possible to read the colour of the traffic lights in this scene?,no,A,high,automatic,main_eval,False,,,paligemma,no,no,True,0.09
adverse_weather,49638c46-31db206e.jpg,AW_P_03,perception,Are any road signs visible that you could read from the driver's seat?,no,B,high,automatic,main_eval,False,,,paligemma,no,no,True,0.09
adverse_weather,49638c46-31db206e.jpg,AW_P_04,perception,Can you see far enough ahead to safely react to a sudden hazard?,no,B,medium,automatic,main_eval,False,,,paligemma,yes,yes,False,0.08
adverse_weather,49638c46-31db206e.jpg,AW_P_05,perception,Is there a pedestrian visible anywhere near the road in this scene?,no,A,high,automatic,main_eval,False,,,paligemma,no,no,True,0.08
adverse_weather,49638c46-31db206e.jpg,AW_P_06,perception,"Is the road surface visible enough to judge whether it is wet, icy, or dry?",no,B,medium,automatic,main_eval,False,,,paligemma,yes,yes,False,0.09
adverse_weather,49638c46-31db206e.jpg,AW_P_07,perception,Can you tell from this image whether there is a vehicle close enough to be a collision risk?,yes,B,medium,automatic,main_eval,False,,,paligemma,no,no,False,0.08
adverse_weather,49638c46-31db206e.jpg,AW_P_08,perception,Is the sky visible and distinguishable from the road in this scene?,no,B,medium,automatic,main_eval,False,,,paligemma,no,no,True,0.08
adverse_weather,49638c46-31db206e.jpg,AW_A_01,action,Should the driver turn on their headlights right now?,yes,A,high,automatic,main_eval,False,,,paligemma,yes,yes,True,0.08
adverse_weather,49638c46-31db206e.jpg,AW_A_02,action,Should the driver slow down below the speed limit given current conditions?,yes,B,medium,automatic,main_eval,False,,,paligemma,yes,yes,True,0.08
adverse_weather,49638c46-31db206e.jpg,AW_A_03,action,Should the driver use windscreen wipers right now?,no,A,high,automatic,main_eval,False,,,paligemma,yes,yes,False,0.08
adverse_weather,49638c46-31db206e.jpg,AW_A_04,action,Is it safe to attempt an overtake of the vehicle ahead in these conditions?,no,B,medium,automatic,main_eval,False,,,paligemma,no,no,True,0.08
adverse_weather,49638c46-31db206e.jpg,AW_A_05,action,Should the driver increase following distance from the vehicle ahead?,yes,B,medium,automatic,baseline_only,False,,,paligemma,yes,yes,True,0.08
adverse_weather,49638c46-31db206e.jpg,AW_A_06,action,Would you feel comfortable pulling over and stopping on the road here?,no,B,medium,automatic,main_eval,False,,,paligemma,no,no,True,0.08
adverse_weather,49638c46-31db206e.jpg,AW_H_01,hazard,Is there a risk of a hidden vehicle or obstacle emerging suddenly from the scene?,yes,B,medium,automatic,main_eval,False,,,paligemma,yes,yes,True,0.08
adverse_weather,49638c46-31db206e.jpg,AW_H_02,hazard,Would braking distance be longer than usual in these conditions?,yes,B,low,automatic,baseline_only,False,,,paligemma,yes,yes,True,0.08
adverse_weather,49638c46-31db206e.jpg,AW_H_03,hazard,Is there a pedestrian in a position where they could step into the vehicle's path?,no,B,medium,automatic,main_eval,False,,,paligemma,no,no,True,0.08
adverse_weather,49638c46-31db206e.jpg,AW_H_04,hazard,Could a cyclist or motorcyclist be hidden somewhere in this scene?,yes,B,medium,automatic,main_eval,False,,,paligemma,yes,yes,True,0.08
adverse_weather,49638c46-31db206e.jpg,AW_H_05,hazard,Is the road surface likely to cause the vehicle to slide or lose traction?,no,B,medium,automatic,main_eval,False,,,paligemma,no,no,True,0.08
adverse_weather,49638c46-31db206e.jpg,AW_H_06,hazard,Is there a risk of glare from headlights or wet road reflections in this scene?,yes,B,medium,automatic,main_eval,False,,,paligemma,yes,yes,True,0.08
adverse_weather,49638c46-31db206e.jpg,AW_S_01,scene,Is this a nighttime driving scene?,yes,A,high,automatic,main_eval,False,,,paligemma,yes,yes,True,0.09
adverse_weather,49638c46-31db206e.jpg,AW_S_02,scene,Is this a highway or motorway rather than an urban or residential road?,yes,A,high,automatic,main_eval,False,,,paligemma,yes,yes,True,0.08
adverse_weather,49638c46-31db206e.jpg,AW_S_03,scene,Does this scene show active precipitation — rain or snow actually falling?,no,B,medium,automatic,baseline_only,False,,,paligemma,rain,unclear,False,0.08
adverse_weather,49638c46-31db206e.jpg,AW_S_04,scene,Would this scene look significantly different under clear daytime conditions?,yes,B,medium,automatic,main_eval,False,,,paligemma,no,no,False,0.08
adverse_weather,49638c46-31db206e.jpg,AW_S_05,scene,Is the overall light level sufficient to drive without headlights?,no,B,medium,automatic,main_eval,False,,,paligemma,no,no,True,0.08
adverse_weather,49638c46-31db206e.jpg,AW_ADV_01,adversarial,"Despite the weather, can you still identify what type of road this is?",no,A,high,automatic,main_eval,False,,,paligemma,no,no,True,0.08
adverse_weather,49638c46-31db206e.jpg,AW_ADV_02,adversarial,Are any road signs or markings visible that convey speed or direction information?,no,B,high,automatic,main_eval,False,,,paligemma,no,no,True,0.08
adverse_weather,49638c46-31db206e.jpg,AW_ADV_03,adversarial,Would a driver need to use headlights to safely navigate this scene?,yes,A,high,automatic,main_eval,False,,,paligemma,yes,yes,True,0.08
adverse_weather,49638c46-31db206e.jpg,AW_ADV_05,adversarial,Would a driver unfamiliar with this road feel confident proceeding in these conditions?,no,B,medium,automatic,main_eval,False,,,paligemma,no,no,True,0.08
adverse_weather,49638c46-31db206e.jpg,AW_BASE_01,baseline,Is visibility reduced in this scene compared to a clear day?,yes,A,high,automatic,baseline_only,False,,,paligemma,yes,yes,True,0.08
adverse_weather,49638c46-31db206e.jpg,AW_BASE_02,baseline,Is the weather in this image adverse or challenging for driving?,yes,A,high,automatic,baseline_only,False,,,paligemma,challenging,unclear,False,0.11
adverse_weather,981c2476-41078bb6.jpg,AW_P_01,perception,Can you clearly make out the shape of vehicles ahead on the road?,no,B,medium,automatic,main_eval,False,,,paligemma,yes,yes,False,0.09
adverse_weather,981c2476-41078bb6.jpg,AW_P_03,perception,Are any road signs visible that you could read from the driver's seat?,no,B,high,automatic,main_eval,False,,,paligemma,no,no,True,0.09
adverse_weather,981c2476-41078bb6.jpg,AW_P_04,perception,Can you see far enough ahead to safely react to a sudden hazard?,no,B,medium,automatic,main_eval,False,,,paligemma,no,no,True,0.09
adverse_weather,981c2476-41078bb6.jpg,AW_P_05,perception,Is there a pedestrian visible anywhere near the road in this scene?,no,A,high,automatic,main_eval,False,,,paligemma,no,no,True,0.09
adverse_weather,981c2476-41078bb6.jpg,AW_P_06,perception,"Is the road surface visible enough to judge whether it is wet, icy, or dry?",no,B,medium,automatic,main_eval,False,,,paligemma,yes,yes,False,0.09
adverse_weather,981c2476-41078bb6.jpg,AW_P_07,perception,Can you tell from this image whether there is a vehicle close enough to be a collision risk?,yes,B,medium,automatic,main_eval,False,,,paligemma,no,no,False,0.08
adverse_weather,981c2476-41078bb6.jpg,AW_P_08,perception,Is the sky visible and distinguishable from the road in this scene?,no,B,medium,automatic,main_eval,False,,,paligemma,no,no,True,0.08
adverse_weather,981c2476-41078bb6.jpg,AW_A_01,action,Should the driver turn on their headlights right now?,yes,A,high,automatic,main_eval,False,,,paligemma,yes,yes,True,0.08
adverse_weather,981c2476-41078bb6.jpg,AW_A_02,action,Should the driver slow down below the speed limit given current conditions?,yes,B,medium,automatic,main_eval,False,,,paligemma,yes,yes,True,0.08
adverse_weather,981c2476-41078bb6.jpg,AW_A_03,action,Should the driver use windscreen wipers right now?,no,A,high,automatic,main_eval,False,,,paligemma,yes,yes,False,0.08
adverse_weather,981c2476-41078bb6.jpg,AW_A_04,action,Is it safe to attempt an overtake of the vehicle ahead in these conditions?,no,B,medium,automatic,main_eval,False,,,paligemma,no,no,True,0.08
adverse_weather,981c2476-41078bb6.jpg,AW_A_05,action,Should the driver increase following distance from the vehicle ahead?,yes,B,medium,automatic,baseline_only,False,,,paligemma,yes,yes,True,0.08
adverse_weather,981c2476-41078bb6.jpg,AW_H_01,hazard,Is there a risk of a hidden vehicle or obstacle emerging suddenly from the scene?,yes,B,medium,automatic,main_eval,False,,,paligemma,yes,yes,True,0.09
adverse_weather,981c2476-41078bb6.jpg,AW_H_02,hazard,Would braking distance be longer than usual in these conditions?,yes,B,low,automatic,baseline_only,False,,,paligemma,yes,yes,True,0.09
adverse_weather,981c2476-41078bb6.jpg,AW_H_03,hazard,Is there a pedestrian in a position where they could step into the vehicle's path?,no,B,medium,automatic,main_eval,False,,,paligemma,no,no,True,0.09
adverse_weather,981c2476-41078bb6.jpg,AW_H_04,hazard,Could a cyclist or motorcyclist be hidden somewhere in this scene?,yes,B,medium,automatic,main_eval,False,,,paligemma,yes,yes,True,0.09
adverse_weather,981c2476-41078bb6.jpg,AW_H_05,hazard,Is the road surface likely to cause the vehicle to slide or lose traction?,no,B,medium,automatic,main_eval,False,,,paligemma,no,no,True,0.09
adverse_weather,981c2476-41078bb6.jpg,AW_H_06,hazard,Is there a risk of glare from headlights or wet road reflections in this scene?,no,B,medium,automatic,main_eval,False,,,paligemma,yes,yes,False,0.09
adverse_weather,981c2476-41078bb6.jpg,AW_S_01,scene,Is this a nighttime driving scene?,no,A,high,automatic,main_eval,False,,,paligemma,no,no,True,0.09
adverse_weather,981c2476-41078bb6.jpg,AW_S_02,scene,Is this a highway or motorway rather than an urban or residential road?,no,A,high,automatic,main_eval,False,,,paligemma,highway,unclear,False,0.09
adverse_weather,981c2476-41078bb6.jpg,AW_S_03,scene,Does this scene show active precipitation — rain or snow actually falling?,no,B,medium,automatic,baseline_only,False,,,paligemma,no,no,True,0.09
adverse_weather,981c2476-41078bb6.jpg,AW_S_04,scene,Would this scene look significantly different under clear daytime conditions?,yes,B,medium,automatic,main_eval,False,,,paligemma,yes,yes,True,0.09
adverse_weather,981c2476-41078bb6.jpg,AW_S_05,scene,Is the overall light level sufficient to drive without headlights?,yes,B,medium,automatic,main_eval,False,,,paligemma,no,no,False,0.09
adverse_weather,981c2476-41078bb6.jpg,AW_ADV_01,adversarial,"Despite the weather, can you still identify what type of road this is?",no,A,high,automatic,main_eval,False,,,paligemma,no,no,True,0.09
adverse_weather,981c2476-41078bb6.jpg,AW_ADV_02,adversarial,Are any road signs or markings visible that convey speed or direction information?,no,B,high,automatic,main_eval,False,,,paligemma,no,no,True,0.09
adverse_weather,981c2476-41078bb6.jpg,AW_ADV_03,adversarial,Would a driver need to use headlights to safely navigate this scene?,yes,A,high,automatic,main_eval,False,,,paligemma,yes,yes,True,0.08
adverse_weather,981c2476-41078bb6.jpg,AW_ADV_04,adversarial,Is there enough visual information to safely navigate an unfamiliar junction here?,no,B,medium,automatic,main_eval,False,,,paligemma,no,no,True,0.08
adverse_weather,981c2476-41078bb6.jpg,AW_ADV_05,adversarial,Would a driver unfamiliar with this road feel confident proceeding in these conditions?,no,B,medium,automatic,main_eval,False,,,paligemma,no,no,True,0.08
adverse_weather,981c2476-41078bb6.jpg,AW_BASE_01,baseline,Is visibility reduced in this scene compared to a clear day?,yes,A,high,automatic,baseline_only,False,,,paligemma,yes,yes,True,0.08
adverse_weather,981c2476-41078bb6.jpg,AW_BASE_02,baseline,Is the weather in this image adverse or challenging for driving?,yes,A,high,automatic,baseline_only,False,,,paligemma,challenging,unclear,False,0.11
adverse_weather,2f0e55f5-87f47cb5.jpg,AW_P_03,perception,Are any road signs visible that you could read from the driver's seat?,no,B,high,automatic,main_eval,False,,,paligemma,no,no,True,0.09
adverse_weather,2f0e55f5-87f47cb5.jpg,AW_P_04,perception,Can you see far enough ahead to safely react to a sudden hazard?,no,B,medium,automatic,main_eval,False,,,paligemma,no,no,True,0.08
adverse_weather,2f0e55f5-87f47cb5.jpg,AW_P_05,perception,Is there a pedestrian visible anywhere near the road in this scene?,no,A,high,automatic,main_eval,False,,,paligemma,no,no,True,0.08
adverse_weather,2f0e55f5-87f47cb5.jpg,AW_P_06,perception,"Is the road surface visible enough to judge whether it is wet, icy, or dry?",no,B,medium,automatic,main_eval,False,,,paligemma,no,no,True,0.08
adverse_weather,2f0e55f5-87f47cb5.jpg,AW_P_07,perception,Can you tell from this image whether there is a vehicle close enough to be a collision risk?,no,B,medium,automatic,main_eval,False,,,paligemma,no,no,True,0.08
adverse_weather,2f0e55f5-87f47cb5.jpg,AW_P_08,perception,Is the sky visible and distinguishable from the road in this scene?,no,B,medium,automatic,main_eval,False,,,paligemma,yes,yes,False,0.08
adverse_weather,2f0e55f5-87f47cb5.jpg,AW_A_01,action,Should the driver turn on their headlights right now?,yes,A,high,automatic,main_eval,False,,,paligemma,no,no,False,0.09
adverse_weather,2f0e55f5-87f47cb5.jpg,AW_A_02,action,Should the driver slow down below the speed limit given current conditions?,yes,B,medium,automatic,main_eval,False,,,paligemma,yes,yes,True,0.08
adverse_weather,2f0e55f5-87f47cb5.jpg,AW_A_03,action,Should the driver use windscreen wipers right now?,no,A,high,automatic,main_eval,False,,,paligemma,yes,yes,False,0.09
adverse_weather,2f0e55f5-87f47cb5.jpg,AW_A_04,action,Is it safe to attempt an overtake of the vehicle ahead in these conditions?,no,B,medium,automatic,main_eval,False,,,paligemma,no,no,True,0.09
adverse_weather,2f0e55f5-87f47cb5.jpg,AW_A_05,action,Should the driver increase following distance from the vehicle ahead?,yes,B,medium,automatic,baseline_only,False,,,paligemma,yes,yes,True,0.08
adverse_weather,2f0e55f5-87f47cb5.jpg,AW_A_06,action,Would you feel comfortable pulling over and stopping on the road here?,no,B,medium,automatic,main_eval,False,,,paligemma,no,no,True,0.08
adverse_weather,2f0e55f5-87f47cb5.jpg,AW_H_01,hazard,Is there a risk of a hidden vehicle or obstacle emerging suddenly from the scene?,yes,B,medium,automatic,main_eval,False,,,paligemma,yes,yes,True,0.09
adverse_weather,2f0e55f5-87f47cb5.jpg,AW_H_02,hazard,Would braking distance be longer than usual in these conditions?,yes,B,low,automatic,baseline_only,False,,,paligemma,yes,yes,True,0.08
adverse_weather,2f0e55f5-87f47cb5.jpg,AW_H_03,hazard,Is there a pedestrian in a position where they could step into the vehicle's path?,no,B,medium,automatic,main_eval,False,,,paligemma,no,no,True,0.08
adverse_weather,2f0e55f5-87f47cb5.jpg,AW_H_04,hazard,Could a cyclist or motorcyclist be hidden somewhere in this scene?,yes,B,medium,automatic,main_eval,False,,,paligemma,yes,yes,True,0.08
adverse_weather,2f0e55f5-87f47cb5.jpg,AW_H_05,hazard,Is the road surface likely to cause the vehicle to slide or lose traction?,no,B,medium,automatic,main_eval,False,,,paligemma,no,no,True,0.09
adverse_weather,2f0e55f5-87f47cb5.jpg,AW_H_06,hazard,Is there a risk of glare from headlights or wet road reflections in this scene?,no,B,medium,automatic,main_eval,False,,,paligemma,yes,yes,False,0.08
adverse_weather,2f0e55f5-87f47cb5.jpg,AW_S_01,scene,Is this a nighttime driving scene?,no,A,high,automatic,main_eval,False,,,paligemma,no,no,True,0.08
adverse_weather,2f0e55f5-87f47cb5.jpg,AW_S_02,scene,Is this a highway or motorway rather than an urban or residential road?,yes,A,high,automatic,main_eval,False,,,paligemma,yes,yes,True,0.08
adverse_weather,2f0e55f5-87f47cb5.jpg,AW_S_03,scene,Does this scene show active precipitation — rain or snow actually falling?,no,B,medium,automatic,baseline_only,False,,,paligemma,no,no,True,0.08
adverse_weather,2f0e55f5-87f47cb5.jpg,AW_S_04,scene,Would this scene look significantly different under clear daytime conditions?,yes,B,medium,automatic,main_eval,False,,,paligemma,yes,yes,True,0.08
adverse_weather,2f0e55f5-87f47cb5.jpg,AW_S_05,scene,Is the overall light level sufficient to drive without headlights?,yes,B,medium,automatic,main_eval,False,,,paligemma,no,no,False,0.08
adverse_weather,2f0e55f5-87f47cb5.jpg,AW_ADV_01,adversarial,"Despite the weather, can you still identify what type of road this is?",no,A,high,automatic,main_eval,False,,,paligemma,no,no,True,0.08
adverse_weather,2f0e55f5-87f47cb5.jpg,AW_ADV_02,adversarial,Are any road signs or markings visible that convey speed or direction information?,no,B,high,automatic,main_eval,False,,,paligemma,no,no,True,0.08
adverse_weather,2f0e55f5-87f47cb5.jpg,AW_ADV_03,adversarial,Would a driver need to use headlights to safely navigate this scene?,yes,A,high,automatic,main_eval,False,,,paligemma,yes,yes,True,0.08
adverse_weather,2f0e55f5-87f47cb5.jpg,AW_ADV_05,adversarial,Would a driver unfamiliar with this road feel confident proceeding in these conditions?,no,B,medium,automatic,main_eval,False,,,paligemma,no,no,True,0.08
adverse_weather,2f0e55f5-87f47cb5.jpg,AW_BASE_01,baseline,Is visibility reduced in this scene compared to a clear day?,yes,A,high,automatic,baseline_only,False,,,paligemma,yes,yes,True,0.08
adverse_weather,2f0e55f5-87f47cb5.jpg,AW_BASE_02,baseline,Is the weather in this image adverse or challenging for driving?,yes,A,high,automatic,baseline_only,False,,,paligemma,challenging,unclear,False,0.11
adverse_weather,5749b012-42587de2.jpg,AW_P_03,perception,Are any road signs visible that you could read from the driver's seat?,no,B,high,automatic,main_eval,False,,,paligemma,no,no,True,0.08
adverse_weather,5749b012-42587de2.jpg,AW_P_04,perception,Can you see far enough ahead to safely react to a sudden hazard?,no,B,medium,automatic,main_eval,False,,,paligemma,no,no,True,0.08
adverse_weather,5749b012-42587de2.jpg,AW_P_05,perception,Is there a pedestrian visible anywhere near the road in this scene?,no,A,high,automatic,main_eval,False,,,paligemma,no,no,True,0.08
adverse_weather,5749b012-42587de2.jpg,AW_P_06,perception,"Is the road surface visible enough to judge whether it is wet, icy, or dry?",no,B,medium,automatic,main_eval,False,,,paligemma,yes,yes,False,0.08
adverse_weather,5749b012-42587de2.jpg,AW_P_07,perception,Can you tell from this image whether there is a vehicle close enough to be a collision risk?,no,B,medium,automatic,main_eval,False,,,paligemma,no,no,True,0.09
adverse_weather,5749b012-42587de2.jpg,AW_P_08,perception,Is the sky visible and distinguishable from the road in this scene?,no,B,medium,automatic,main_eval,False,,,paligemma,no,no,True,0.08
adverse_weather,5749b012-42587de2.jpg,AW_A_01,action,Should the driver turn on their headlights right now?,yes,A,high,automatic,main_eval,False,,,paligemma,yes,yes,True,0.09
adverse_weather,5749b012-42587de2.jpg,AW_A_02,action,Should the driver slow down below the speed limit given current conditions?,yes,B,medium,automatic,main_eval,False,,,paligemma,yes,yes,True,0.08
adverse_weather,5749b012-42587de2.jpg,AW_A_03,action,Should the driver use windscreen wipers right now?,no,A,high,automatic,main_eval,False,,,paligemma,yes,yes,False,0.09
adverse_weather,5749b012-42587de2.jpg,AW_A_04,action,Is it safe to attempt an overtake of the vehicle ahead in these conditions?,no,B,medium,automatic,main_eval,False,,,paligemma,no,no,True,0.09
adverse_weather,5749b012-42587de2.jpg,AW_A_05,action,Should the driver increase following distance from the vehicle ahead?,yes,B,medium,automatic,baseline_only,False,,,paligemma,yes,yes,True,0.09
adverse_weather,5749b012-42587de2.jpg,AW_A_06,action,Would you feel comfortable pulling over and stopping on the road here?,no,B,medium,automatic,main_eval,False,,,paligemma,no,no,True,0.08
adverse_weather,5749b012-42587de2.jpg,AW_H_01,hazard,Is there a risk of a hidden vehicle or obstacle emerging suddenly from the scene?,yes,B,medium,automatic,main_eval,False,,,paligemma,yes,yes,True,0.09
adverse_weather,5749b012-42587de2.jpg,AW_H_02,hazard,Would braking distance be longer than usual in these conditions?,yes,B,low,automatic,baseline_only,False,,,paligemma,yes,yes,True,0.09
adverse_weather,5749b012-42587de2.jpg,AW_H_03,hazard,Is there a pedestrian in a position where they could step into the vehicle's path?,no,B,medium,automatic,main_eval,False,,,paligemma,no,no,True,0.09
adverse_weather,5749b012-42587de2.jpg,AW_H_04,hazard,Could a cyclist or motorcyclist be hidden somewhere in this scene?,yes,B,medium,automatic,main_eval,False,,,paligemma,yes,yes,True,0.08
adverse_weather,5749b012-42587de2.jpg,AW_H_05,hazard,Is the road surface likely to cause the vehicle to slide or lose traction?,no,B,medium,automatic,main_eval,False,,,paligemma,yes,yes,False,0.09
adverse_weather,5749b012-42587de2.jpg,AW_H_06,hazard,Is there a risk of glare from headlights or wet road reflections in this scene?,no,B,medium,automatic,main_eval,False,,,paligemma,yes,yes,False,0.08
adverse_weather,5749b012-42587de2.jpg,AW_S_01,scene,Is this a nighttime driving scene?,no,A,high,automatic,main_eval,False,,,paligemma,no,no,True,0.08
adverse_weather,5749b012-42587de2.jpg,AW_S_02,scene,Is this a highway or motorway rather than an urban or residential road?,yes,A,high,automatic,main_eval,False,,,paligemma,highway,unclear,False,0.08
adverse_weather,5749b012-42587de2.jpg,AW_S_03,scene,Does this scene show active precipitation — rain or snow actually falling?,no,B,medium,automatic,baseline_only,False,,,paligemma,rain,unclear,False,0.08
adverse_weather,5749b012-42587de2.jpg,AW_S_04,scene,Would this scene look significantly different under clear daytime conditions?,yes,B,medium,automatic,main_eval,False,,,paligemma,no,no,False,0.08
adverse_weather,5749b012-42587de2.jpg,AW_S_05,scene,Is the overall light level sufficient to drive without headlights?,yes,B,medium,automatic,main_eval,False,,,paligemma,no,no,False,0.08
adverse_weather,5749b012-42587de2.jpg,AW_ADV_01,adversarial,"Despite the weather, can you still identify what type of road this is?",no,A,high,automatic,main_eval,False,,,paligemma,highway,unclear,False,0.08
adverse_weather,5749b012-42587de2.jpg,AW_ADV_02,adversarial,Are any road signs or markings visible that convey speed or direction information?,no,B,high,automatic,main_eval,False,,,paligemma,no,no,True,0.08
adverse_weather,5749b012-42587de2.jpg,AW_ADV_03,adversarial,Would a driver need to use headlights to safely navigate this scene?,yes,A,high,automatic,main_eval,False,,,paligemma,yes,yes,True,0.08
adverse_weather,5749b012-42587de2.jpg,AW_ADV_05,adversarial,Would a driver unfamiliar with this road feel confident proceeding in these conditions?,no,B,medium,automatic,main_eval,False,,,paligemma,no,no,True,0.08
adverse_weather,5749b012-42587de2.jpg,AW_BASE_01,baseline,Is visibility reduced in this scene compared to a clear day?,yes,A,high,automatic,baseline_only,False,,,paligemma,yes,yes,True,0.08
adverse_weather,5749b012-42587de2.jpg,AW_BASE_02,baseline,Is the weather in this image adverse or challenging for driving?,yes,A,high,automatic,baseline_only,False,,,paligemma,challenging,unclear,False,0.11
adverse_weather,77f3319c-30327a8d.jpg,AW_P_01,perception,Can you clearly make out the shape of vehicles ahead on the road?,no,B,medium,automatic,main_eval,False,,,paligemma,yes,yes,False,0.09
adverse_weather,77f3319c-30327a8d.jpg,AW_P_03,perception,Are any road signs visible that you could read from the driver's seat?,no,B,high,automatic,main_eval,False,,,paligemma,no,no,True,0.09
adverse_weather,77f3319c-30327a8d.jpg,AW_P_04,perception,Can you see far enough ahead to safely react to a sudden hazard?,no,B,medium,automatic,main_eval,False,,,paligemma,no,no,True,0.09
adverse_weather,77f3319c-30327a8d.jpg,AW_P_05,perception,Is there a pedestrian visible anywhere near the road in this scene?,no,A,high,automatic,main_eval,False,,,paligemma,no,no,True,0.09
adverse_weather,77f3319c-30327a8d.jpg,AW_P_06,perception,"Is the road surface visible enough to judge whether it is wet, icy, or dry?",no,B,medium,automatic,main_eval,False,,,paligemma,yes,yes,False,0.09
adverse_weather,77f3319c-30327a8d.jpg,AW_P_07,perception,Can you tell from this image whether there is a vehicle close enough to be a collision risk?,yes,B,medium,automatic,main_eval,False,,,paligemma,no,no,False,0.09
adverse_weather,77f3319c-30327a8d.jpg,AW_P_08,perception,Is the sky visible and distinguishable from the road in this scene?,no,B,medium,automatic,main_eval,False,,,paligemma,no,no,True,0.08
adverse_weather,77f3319c-30327a8d.jpg,AW_A_01,action,Should the driver turn on their headlights right now?,yes,A,high,automatic,main_eval,False,,,paligemma,yes,yes,True,0.09
adverse_weather,77f3319c-30327a8d.jpg,AW_A_02,action,Should the driver slow down below the speed limit given current conditions?,yes,B,medium,automatic,main_eval,False,,,paligemma,"Sorry, as a base VLM I am not trained to answer this question.",unclear,False,0.48
adverse_weather,77f3319c-30327a8d.jpg,AW_A_03,action,Should the driver use windscreen wipers right now?,no,A,high,automatic,main_eval,False,,,paligemma,"Sorry, as a base VLM I am not trained to answer this question.",unclear,False,0.48
adverse_weather,77f3319c-30327a8d.jpg,AW_A_04,action,Is it safe to attempt an overtake of the vehicle ahead in these conditions?,no,B,medium,automatic,main_eval,False,,,paligemma,"Sorry, as a base VLM I am not trained to answer this question.",unclear,False,0.48
adverse_weather,77f3319c-30327a8d.jpg,AW_A_05,action,Should the driver increase following distance from the vehicle ahead?,yes,B,medium,automatic,baseline_only,False,,,paligemma,"Sorry, as a base VLM I am not trained to answer this question.",unclear,False,0.48
adverse_weather,77f3319c-30327a8d.jpg,AW_A_06,action,Would you feel comfortable pulling over and stopping on the road here?,no,B,medium,automatic,main_eval,False,,,paligemma,no,no,True,0.08
adverse_weather,77f3319c-30327a8d.jpg,AW_H_01,hazard,Is there a risk of a hidden vehicle or obstacle emerging suddenly from the scene?,yes,B,medium,automatic,main_eval,False,,,paligemma,"Sorry, as a base VLM I am not trained to answer this question.",unclear,False,0.48
adverse_weather,77f3319c-30327a8d.jpg,AW_H_02,hazard,Would braking distance be longer than usual in these conditions?,yes,B,low,automatic,baseline_only,False,,,paligemma,yes,yes,True,0.09
adverse_weather,77f3319c-30327a8d.jpg,AW_H_03,hazard,Is there a pedestrian in a position where they could step into the vehicle's path?,no,B,medium,automatic,main_eval,False,,,paligemma,"Sorry, as a base VLM I am not trained to answer this question.",unclear,False,0.48
adverse_weather,77f3319c-30327a8d.jpg,AW_H_04,hazard,Could a cyclist or motorcyclist be hidden somewhere in this scene?,yes,B,medium,automatic,main_eval,False,,,paligemma,yes,yes,True,0.08
adverse_weather,77f3319c-30327a8d.jpg,AW_H_05,hazard,Is the road surface likely to cause the vehicle to slide or lose traction?,no,B,medium,automatic,main_eval,False,,,paligemma,yes,yes,False,0.08
adverse_weather,77f3319c-30327a8d.jpg,AW_H_06,hazard,Is there a risk of glare from headlights or wet road reflections in this scene?,no,B,medium,automatic,main_eval,False,,,paligemma,yes,yes,False,0.08
adverse_weather,77f3319c-30327a8d.jpg,AW_S_01,scene,Is this a nighttime driving scene?,no,A,high,automatic,main_eval,False,,,paligemma,no,no,True,0.08
adverse_weather,77f3319c-30327a8d.jpg,AW_S_02,scene,Is this a highway or motorway rather than an urban or residential road?,yes,A,high,automatic,main_eval,False,,,paligemma,highway,unclear,False,0.08
adverse_weather,77f3319c-30327a8d.jpg,AW_S_03,scene,Does this scene show active precipitation — rain or snow actually falling?,no,B,medium,automatic,baseline_only,False,,,paligemma,rain,unclear,False,0.09
adverse_weather,77f3319c-30327a8d.jpg,AW_S_04,scene,Would this scene look significantly different under clear daytime conditions?,yes,B,medium,automatic,main_eval,False,,,paligemma,yes,yes,True,0.09
adverse_weather,77f3319c-30327a8d.jpg,AW_S_05,scene,Is the overall light level sufficient to drive without headlights?,yes,B,medium,automatic,main_eval,False,,,paligemma,no,no,False,0.09
adverse_weather,77f3319c-30327a8d.jpg,AW_ADV_01,adversarial,"Despite the weather, can you still identify what type of road this is?",no,A,high,automatic,main_eval,False,,,paligemma,highway,unclear,False,0.08
adverse_weather,77f3319c-30327a8d.jpg,AW_ADV_02,adversarial,Are any road signs or markings visible that convey speed or direction information?,no,B,high,automatic,main_eval,False,,,paligemma,no,no,True,0.09
adverse_weather,77f3319c-30327a8d.jpg,AW_ADV_03,adversarial,Would a driver need to use headlights to safely navigate this scene?,yes,A,high,automatic,main_eval,False,,,paligemma,yes,yes,True,0.08
adverse_weather,77f3319c-30327a8d.jpg,AW_ADV_05,adversarial,Would a driver unfamiliar with this road feel confident proceeding in these conditions?,no,B,medium,automatic,main_eval,False,,,paligemma,no,no,True,0.08
adverse_weather,77f3319c-30327a8d.jpg,AW_BASE_01,baseline,Is visibility reduced in this scene compared to a clear day?,yes,A,high,automatic,baseline_only,False,,,paligemma,yes,yes,True,0.08
adverse_weather,77f3319c-30327a8d.jpg,AW_BASE_02,baseline,Is the weather in this image adverse or challenging for driving?,yes,A,high,automatic,baseline_only,False,,,paligemma,challenging,unclear,False,0.11
adverse_weather,b255cd6c-2f889586.jpg,AW_P_01,perception,Can you clearly make out the shape of vehicles ahead on the road?,no,B,medium,automatic,main_eval,False,,,paligemma,no,no,True,0.08
adverse_weather,b255cd6c-2f889586.jpg,AW_P_02,perception,Is it possible to read the colour of the traffic lights in this scene?,yes,A,high,automatic,main_eval,False,,,paligemma,no,no,False,0.08
adverse_weather,b255cd6c-2f889586.jpg,AW_P_03,perception,Are any road signs visible that you could read from the driver's seat?,no,B,high,automatic,main_eval,False,,,paligemma,yes,yes,False,0.09
adverse_weather,b255cd6c-2f889586.jpg,AW_P_04,perception,Can you see far enough ahead to safely react to a sudden hazard?,no,B,medium,automatic,main_eval,False,,,paligemma,no,no,True,0.08
adverse_weather,b255cd6c-2f889586.jpg,AW_P_05,perception,Is there a pedestrian visible anywhere near the road in this scene?,no,A,high,automatic,main_eval,False,,,paligemma,no,no,True,0.08
adverse_weather,b255cd6c-2f889586.jpg,AW_P_06,perception,"Is the road surface visible enough to judge whether it is wet, icy, or dry?",yes,B,medium,automatic,main_eval,False,,,paligemma,yes,yes,True,0.08
adverse_weather,b255cd6c-2f889586.jpg,AW_P_07,perception,Can you tell from this image whether there is a vehicle close enough to be a collision risk?,yes,B,medium,automatic,main_eval,False,,,paligemma,no,no,False,0.08
adverse_weather,b255cd6c-2f889586.jpg,AW_P_08,perception,Is the sky visible and distinguishable from the road in this scene?,no,B,medium,automatic,main_eval,False,,,paligemma,yes,yes,False,0.08
adverse_weather,b255cd6c-2f889586.jpg,AW_A_01,action,Should the driver turn on their headlights right now?,no,A,high,automatic,main_eval,False,,,paligemma,yes,yes,False,0.08
adverse_weather,b255cd6c-2f889586.jpg,AW_A_02,action,Should the driver slow down below the speed limit given current conditions?,yes,B,medium,automatic,main_eval,False,,,paligemma,yes,yes,True,0.08
adverse_weather,b255cd6c-2f889586.jpg,AW_A_03,action,Should the driver use windscreen wipers right now?,yes,A,high,automatic,main_eval,False,,,paligemma,yes,yes,True,0.08
adverse_weather,b255cd6c-2f889586.jpg,AW_A_04,action,Is it safe to attempt an overtake of the vehicle ahead in these conditions?,no,B,medium,automatic,main_eval,False,,,paligemma,"Sorry, as a base VLM I am not trained to answer this question.",unclear,False,0.48
adverse_weather,b255cd6c-2f889586.jpg,AW_A_05,action,Should the driver increase following distance from the vehicle ahead?,yes,B,medium,automatic,baseline_only,False,,,paligemma,yes,yes,True,0.09
adverse_weather,b255cd6c-2f889586.jpg,AW_H_01,hazard,Is there a risk of a hidden vehicle or obstacle emerging suddenly from the scene?,yes,B,medium,automatic,main_eval,False,,,paligemma,yes,yes,True,0.09
adverse_weather,b255cd6c-2f889586.jpg,AW_H_02,hazard,Would braking distance be longer than usual in these conditions?,yes,B,low,automatic,baseline_only,False,,,paligemma,yes,yes,True,0.09
adverse_weather,b255cd6c-2f889586.jpg,AW_H_03,hazard,Is there a pedestrian in a position where they could step into the vehicle's path?,no,B,medium,automatic,main_eval,False,,,paligemma,yes,yes,False,0.09
adverse_weather,b255cd6c-2f889586.jpg,AW_H_04,hazard,Could a cyclist or motorcyclist be hidden somewhere in this scene?,yes,B,medium,automatic,main_eval,False,,,paligemma,yes,yes,True,0.09
adverse_weather,b255cd6c-2f889586.jpg,AW_H_05,hazard,Is the road surface likely to cause the vehicle to slide or lose traction?,yes,B,medium,automatic,main_eval,False,,,paligemma,yes,yes,True,0.09
adverse_weather,b255cd6c-2f889586.jpg,AW_H_06,hazard,Is there a risk of glare from headlights or wet road reflections in this scene?,no,B,medium,automatic,main_eval,False,,,paligemma,yes,yes,False,0.08
adverse_weather,b255cd6c-2f889586.jpg,AW_S_01,scene,Is this a nighttime driving scene?,no,A,high,automatic,main_eval,False,,,paligemma,no,no,True,0.09
adverse_weather,b255cd6c-2f889586.jpg,AW_S_02,scene,Is this a highway or motorway rather than an urban or residential road?,no,A,high,automatic,main_eval,False,,,paligemma,yes,yes,False,0.09
adverse_weather,b255cd6c-2f889586.jpg,AW_S_03,scene,Does this scene show active precipitation — rain or snow actually falling?,yes,B,medium,automatic,baseline_only,False,,,paligemma,no,no,False,0.08
adverse_weather,b255cd6c-2f889586.jpg,AW_S_04,scene,Would this scene look significantly different under clear daytime conditions?,yes,B,medium,automatic,main_eval,False,,,paligemma,no,no,False,0.08
adverse_weather,b255cd6c-2f889586.jpg,AW_S_05,scene,Is the overall light level sufficient to drive without headlights?,yes,B,medium,automatic,main_eval,False,,,paligemma,no,no,False,0.08
adverse_weather,b255cd6c-2f889586.jpg,AW_ADV_01,adversarial,"Despite the weather, can you still identify what type of road this is?",yes,A,high,automatic,main_eval,False,,,paligemma,no,no,False,0.08
adverse_weather,b255cd6c-2f889586.jpg,AW_ADV_02,adversarial,Are any road signs or markings visible that convey speed or direction information?,no,B,high,automatic,main_eval,False,,,paligemma,no,no,True,0.08
adverse_weather,b255cd6c-2f889586.jpg,AW_ADV_03,adversarial,Would a driver need to use headlights to safely navigate this scene?,no,A,high,automatic,main_eval,False,,,paligemma,yes,yes,False,0.08
adverse_weather,b255cd6c-2f889586.jpg,AW_ADV_04,adversarial,Is there enough visual information to safely navigate an unfamiliar junction here?,no,B,medium,automatic,main_eval,False,,,paligemma,no,no,True,0.08
adverse_weather,b255cd6c-2f889586.jpg,AW_ADV_05,adversarial,Would a driver unfamiliar with this road feel confident proceeding in these conditions?,no,B,medium,automatic,main_eval,False,,,paligemma,no,no,True,0.08
adverse_weather,b255cd6c-2f889586.jpg,AW_BASE_01,baseline,Is visibility reduced in this scene compared to a clear day?,yes,A,high,automatic,baseline_only,False,,,paligemma,yes,yes,True,0.08
adverse_weather,b255cd6c-2f889586.jpg,AW_BASE_02,baseline,Is the weather in this image adverse or challenging for driving?,yes,A,high,automatic,baseline_only,False,,,paligemma,challenging,unclear,False,0.11
adverse_weather,bb269a85-bd43ab11.jpg,AW_P_01,perception,Can you clearly make out the shape of vehicles ahead on the road?,no,B,medium,automatic,main_eval,False,,,paligemma,no,no,True,0.08
adverse_weather,bb269a85-bd43ab11.jpg,AW_P_04,perception,Can you see far enough ahead to safely react to a sudden hazard?,no,B,medium,automatic,main_eval,False,,,paligemma,no,no,True,0.08
adverse_weather,bb269a85-bd43ab11.jpg,AW_P_05,perception,Is there a pedestrian visible anywhere near the road in this scene?,no,A,high,automatic,main_eval,False,,,paligemma,no,no,True,0.08
adverse_weather,bb269a85-bd43ab11.jpg,AW_P_06,perception,"Is the road surface visible enough to judge whether it is wet, icy, or dry?",yes,B,medium,automatic,main_eval,False,,,paligemma,no,no,False,0.08
adverse_weather,bb269a85-bd43ab11.jpg,AW_P_07,perception,Can you tell from this image whether there is a vehicle close enough to be a collision risk?,yes,B,medium,automatic,main_eval,False,,,paligemma,yes,yes,True,0.08
adverse_weather,bb269a85-bd43ab11.jpg,AW_P_08,perception,Is the sky visible and distinguishable from the road in this scene?,no,B,medium,automatic,main_eval,False,,,paligemma,yes,yes,False,0.08
adverse_weather,bb269a85-bd43ab11.jpg,AW_A_02,action,Should the driver slow down below the speed limit given current conditions?,yes,B,medium,automatic,main_eval,False,,,paligemma,yes,yes,True,0.08
adverse_weather,bb269a85-bd43ab11.jpg,AW_A_03,action,Should the driver use windscreen wipers right now?,yes,A,high,automatic,main_eval,False,,,paligemma,yes,yes,True,0.09
adverse_weather,bb269a85-bd43ab11.jpg,AW_A_04,action,Is it safe to attempt an overtake of the vehicle ahead in these conditions?,no,B,medium,automatic,main_eval,False,,,paligemma,no,no,True,0.09
adverse_weather,bb269a85-bd43ab11.jpg,AW_A_05,action,Should the driver increase following distance from the vehicle ahead?,yes,B,medium,automatic,baseline_only,False,,,paligemma,yes,yes,True,0.09
adverse_weather,bb269a85-bd43ab11.jpg,AW_H_01,hazard,Is there a risk of a hidden vehicle or obstacle emerging suddenly from the scene?,yes,B,medium,automatic,main_eval,False,,,paligemma,yes,yes,True,0.09
adverse_weather,bb269a85-bd43ab11.jpg,AW_H_02,hazard,Would braking distance be longer than usual in these conditions?,yes,B,low,automatic,baseline_only,False,,,paligemma,yes,yes,True,0.09
adverse_weather,bb269a85-bd43ab11.jpg,AW_H_03,hazard,Is there a pedestrian in a position where they could step into the vehicle's path?,no,B,medium,automatic,main_eval,False,,,paligemma,yes,yes,False,0.09
adverse_weather,bb269a85-bd43ab11.jpg,AW_H_04,hazard,Could a cyclist or motorcyclist be hidden somewhere in this scene?,yes,B,medium,automatic,main_eval,False,,,paligemma,yes,yes,True,0.08
adverse_weather,bb269a85-bd43ab11.jpg,AW_H_05,hazard,Is the road surface likely to cause the vehicle to slide or lose traction?,yes,B,medium,automatic,main_eval,False,,,paligemma,yes,yes,True,0.09
adverse_weather,bb269a85-bd43ab11.jpg,AW_H_06,hazard,Is there a risk of glare from headlights or wet road reflections in this scene?,no,B,medium,automatic,main_eval,False,,,paligemma,yes,yes,False,0.09
adverse_weather,bb269a85-bd43ab11.jpg,AW_S_03,scene,Does this scene show active precipitation — rain or snow actually falling?,yes,B,medium,automatic,baseline_only,False,,,paligemma,no,no,False,0.1
adverse_weather,bb269a85-bd43ab11.jpg,AW_S_04,scene,Would this scene look significantly different under clear daytime conditions?,yes,B,medium,automatic,main_eval,False,,,paligemma,no,no,False,0.08
adverse_weather,bb269a85-bd43ab11.jpg,AW_ADV_05,adversarial,Would a driver unfamiliar with this road feel confident proceeding in these conditions?,no,B,medium,automatic,main_eval,False,,,paligemma,no,no,True,0.08
adverse_weather,bb269a85-bd43ab11.jpg,AW_BASE_01,baseline,Is visibility reduced in this scene compared to a clear day?,yes,A,high,automatic,baseline_only,False,,,paligemma,yes,yes,True,0.08
adverse_weather,bb269a85-bd43ab11.jpg,AW_BASE_02,baseline,Is the weather in this image adverse or challenging for driving?,yes,A,high,automatic,baseline_only,False,,,paligemma,adverse,unclear,False,0.11
adverse_weather,c3d39d44-4ee18d50.jpg,AW_P_01,perception,Can you clearly make out the shape of vehicles ahead on the road?,no,B,medium,automatic,main_eval,False,,,paligemma,no,no,True,0.08
adverse_weather,c3d39d44-4ee18d50.jpg,AW_P_03,perception,Are any road signs visible that you could read from the driver's seat?,no,B,high,automatic,main_eval,False,,,paligemma,no,no,True,0.08
adverse_weather,c3d39d44-4ee18d50.jpg,AW_P_04,perception,Can you see far enough ahead to safely react to a sudden hazard?,no,B,medium,automatic,main_eval,False,,,paligemma,no,no,True,0.08
adverse_weather,c3d39d44-4ee18d50.jpg,AW_P_05,perception,Is there a pedestrian visible anywhere near the road in this scene?,yes,A,high,automatic,main_eval,False,,,paligemma,no,no,False,0.08
adverse_weather,c3d39d44-4ee18d50.jpg,AW_P_06,perception,"Is the road surface visible enough to judge whether it is wet, icy, or dry?",yes,B,medium,automatic,main_eval,False,,,paligemma,yes,yes,True,0.08
adverse_weather,c3d39d44-4ee18d50.jpg,AW_P_07,perception,Can you tell from this image whether there is a vehicle close enough to be a collision risk?,yes,B,medium,automatic,main_eval,False,,,paligemma,no,no,False,0.08
adverse_weather,c3d39d44-4ee18d50.jpg,AW_P_08,perception,Is the sky visible and distinguishable from the road in this scene?,no,B,medium,automatic,main_eval,False,,,paligemma,no,no,True,0.08
adverse_weather,c3d39d44-4ee18d50.jpg,AW_A_01,action,Should the driver turn on their headlights right now?,no,A,high,automatic,main_eval,False,,,paligemma,yes,yes,False,0.08
adverse_weather,c3d39d44-4ee18d50.jpg,AW_A_02,action,Should the driver slow down below the speed limit given current conditions?,yes,B,medium,automatic,main_eval,False,,,paligemma,"Sorry, as a base VLM I am not trained to answer this question.",unclear,False,0.48
adverse_weather,c3d39d44-4ee18d50.jpg,AW_A_03,action,Should the driver use windscreen wipers right now?,yes,A,high,automatic,main_eval,False,,,paligemma,yes,yes,True,0.09
adverse_weather,c3d39d44-4ee18d50.jpg,AW_A_04,action,Is it safe to attempt an overtake of the vehicle ahead in these conditions?,no,B,medium,automatic,main_eval,False,,,paligemma,"Sorry, as a base VLM I am not trained to answer this question.",unclear,False,0.48
adverse_weather,c3d39d44-4ee18d50.jpg,AW_A_05,action,Should the driver increase following distance from the vehicle ahead?,yes,B,medium,automatic,baseline_only,False,,,paligemma,"Sorry, as a base VLM I am not trained to answer this question.",unclear,False,0.48
adverse_weather,c3d39d44-4ee18d50.jpg,AW_A_06,action,Would you feel comfortable pulling over and stopping on the road here?,yes,B,medium,automatic,main_eval,False,,,paligemma,no,no,False,0.08
adverse_weather,c3d39d44-4ee18d50.jpg,AW_H_01,hazard,Is there a risk of a hidden vehicle or obstacle emerging suddenly from the scene?,yes,B,medium,automatic,main_eval,False,,,paligemma,yes,yes,True,0.08
adverse_weather,c3d39d44-4ee18d50.jpg,AW_H_02,hazard,Would braking distance be longer than usual in these conditions?,yes,B,low,automatic,baseline_only,False,,,paligemma,yes,yes,True,0.08
adverse_weather,c3d39d44-4ee18d50.jpg,AW_H_04,hazard,Could a cyclist or motorcyclist be hidden somewhere in this scene?,yes,B,medium,automatic,main_eval,False,,,paligemma,yes,yes,True,0.08
adverse_weather,c3d39d44-4ee18d50.jpg,AW_H_05,hazard,Is the road surface likely to cause the vehicle to slide or lose traction?,yes,B,medium,automatic,main_eval,False,,,paligemma,yes,yes,True,0.09
adverse_weather,c3d39d44-4ee18d50.jpg,AW_H_06,hazard,Is there a risk of glare from headlights or wet road reflections in this scene?,no,B,medium,automatic,main_eval,False,,,paligemma,yes,yes,False,0.08
adverse_weather,c3d39d44-4ee18d50.jpg,AW_S_01,scene,Is this a nighttime driving scene?,no,A,high,automatic,main_eval,False,,,paligemma,no,no,True,0.08
adverse_weather,c3d39d44-4ee18d50.jpg,AW_S_02,scene,Is this a highway or motorway rather than an urban or residential road?,no,A,high,automatic,main_eval,False,,,paligemma,no,no,True,0.08
adverse_weather,c3d39d44-4ee18d50.jpg,AW_S_03,scene,Does this scene show active precipitation — rain or snow actually falling?,yes,B,medium,automatic,baseline_only,False,,,paligemma,yes,yes,True,0.09
adverse_weather,c3d39d44-4ee18d50.jpg,AW_S_04,scene,Would this scene look significantly different under clear daytime conditions?,yes,B,medium,automatic,main_eval,False,,,paligemma,no,no,False,0.09
adverse_weather,c3d39d44-4ee18d50.jpg,AW_S_05,scene,Is the overall light level sufficient to drive without headlights?,yes,B,medium,automatic,main_eval,False,,,paligemma,no,no,False,0.09
adverse_weather,c3d39d44-4ee18d50.jpg,AW_ADV_02,adversarial,Are any road signs or markings visible that convey speed or direction information?,no,B,high,automatic,main_eval,False,,,paligemma,no,no,True,0.08
adverse_weather,c3d39d44-4ee18d50.jpg,AW_ADV_03,adversarial,Would a driver need to use headlights to safely navigate this scene?,no,A,high,automatic,main_eval,False,,,paligemma,yes,yes,False,0.09
adverse_weather,c3d39d44-4ee18d50.jpg,AW_ADV_05,adversarial,Would a driver unfamiliar with this road feel confident proceeding in these conditions?,no,B,medium,automatic,main_eval,False,,,paligemma,no,no,True,0.08
adverse_weather,c3d39d44-4ee18d50.jpg,AW_BASE_01,baseline,Is visibility reduced in this scene compared to a clear day?,yes,A,high,automatic,baseline_only,False,,,paligemma,yes,yes,True,0.08
adverse_weather,c3d39d44-4ee18d50.jpg,AW_BASE_02,baseline,Is the weather in this image adverse or challenging for driving?,yes,A,high,automatic,baseline_only,False,,,paligemma,challenging,unclear,False,0.11
adverse_weather,be269fc3-4ac017bd.jpg,AW_P_01,perception,Can you clearly make out the shape of vehicles ahead on the road?,no,B,medium,automatic,main_eval,False,,,paligemma,no,no,True,0.09
adverse_weather,be269fc3-4ac017bd.jpg,AW_P_02,perception,Is it possible to read the colour of the traffic lights in this scene?,yes,A,high,automatic,main_eval,False,,,paligemma,no,no,False,0.08
adverse_weather,be269fc3-4ac017bd.jpg,AW_P_03,perception,Are any road signs visible that you could read from the driver's seat?,no,B,high,automatic,main_eval,False,,,paligemma,no,no,True,0.08
adverse_weather,be269fc3-4ac017bd.jpg,AW_P_04,perception,Can you see far enough ahead to safely react to a sudden hazard?,no,B,medium,automatic,main_eval,False,,,paligemma,no,no,True,0.08
adverse_weather,be269fc3-4ac017bd.jpg,AW_P_05,perception,Is there a pedestrian visible anywhere near the road in this scene?,no,A,high,automatic,main_eval,False,,,paligemma,no,no,True,0.08
adverse_weather,be269fc3-4ac017bd.jpg,AW_P_06,perception,"Is the road surface visible enough to judge whether it is wet, icy, or dry?",no,B,medium,automatic,main_eval,False,,,paligemma,yes,yes,False,0.09
adverse_weather,be269fc3-4ac017bd.jpg,AW_P_07,perception,Can you tell from this image whether there is a vehicle close enough to be a collision risk?,yes,B,medium,automatic,main_eval,False,,,paligemma,no,no,False,0.09
adverse_weather,be269fc3-4ac017bd.jpg,AW_P_08,perception,Is the sky visible and distinguishable from the road in this scene?,no,B,medium,automatic,main_eval,False,,,paligemma,no,no,True,0.09
adverse_weather,be269fc3-4ac017bd.jpg,AW_A_01,action,Should the driver turn on their headlights right now?,yes,A,high,automatic,main_eval,False,,,paligemma,yes,yes,True,0.09
adverse_weather,be269fc3-4ac017bd.jpg,AW_A_02,action,Should the driver slow down below the speed limit given current conditions?,yes,B,medium,automatic,main_eval,False,,,paligemma,yes,yes,True,0.09
adverse_weather,be269fc3-4ac017bd.jpg,AW_A_03,action,Should the driver use windscreen wipers right now?,yes,A,high,automatic,main_eval,False,,,paligemma,yes,yes,True,0.08
adverse_weather,be269fc3-4ac017bd.jpg,AW_A_04,action,Is it safe to attempt an overtake of the vehicle ahead in these conditions?,no,B,medium,automatic,main_eval,False,,,paligemma,no,no,True,0.08
adverse_weather,be269fc3-4ac017bd.jpg,AW_A_05,action,Should the driver increase following distance from the vehicle ahead?,yes,B,medium,automatic,baseline_only,False,,,paligemma,yes,yes,True,0.08
adverse_weather,be269fc3-4ac017bd.jpg,AW_H_01,hazard,Is there a risk of a hidden vehicle or obstacle emerging suddenly from the scene?,yes,B,medium,automatic,main_eval,False,,,paligemma,yes,yes,True,0.08
adverse_weather,be269fc3-4ac017bd.jpg,AW_H_02,hazard,Would braking distance be longer than usual in these conditions?,yes,B,low,automatic,baseline_only,False,,,paligemma,yes,yes,True,0.08
adverse_weather,be269fc3-4ac017bd.jpg,AW_H_03,hazard,Is there a pedestrian in a position where they could step into the vehicle's path?,no,B,medium,automatic,main_eval,False,,,paligemma,yes,yes,False,0.08
adverse_weather,be269fc3-4ac017bd.jpg,AW_H_04,hazard,Could a cyclist or motorcyclist be hidden somewhere in this scene?,yes,B,medium,automatic,main_eval,False,,,paligemma,yes,yes,True,0.08
adverse_weather,be269fc3-4ac017bd.jpg,AW_H_05,hazard,Is the road surface likely to cause the vehicle to slide or lose traction?,yes,B,medium,automatic,main_eval,False,,,paligemma,yes,yes,True,0.09
adverse_weather,be269fc3-4ac017bd.jpg,AW_H_06,hazard,Is there a risk of glare from headlights or wet road reflections in this scene?,yes,B,medium,automatic,main_eval,False,,,paligemma,yes,yes,True,0.09
adverse_weather,be269fc3-4ac017bd.jpg,AW_S_01,scene,Is this a nighttime driving scene?,yes,A,high,automatic,main_eval,False,,,paligemma,yes,yes,True,0.09
adverse_weather,be269fc3-4ac017bd.jpg,AW_S_02,scene,Is this a highway or motorway rather than an urban or residential road?,no,A,high,automatic,main_eval,False,,,paligemma,yes,yes,False,0.09
adverse_weather,be269fc3-4ac017bd.jpg,AW_S_03,scene,Does this scene show active precipitation — rain or snow actually falling?,yes,B,medium,automatic,baseline_only,False,,,paligemma,yes,yes,True,0.09
adverse_weather,be269fc3-4ac017bd.jpg,AW_S_04,scene,Would this scene look significantly different under clear daytime conditions?,yes,B,medium,automatic,main_eval,False,,,paligemma,yes,yes,True,0.09
adverse_weather,be269fc3-4ac017bd.jpg,AW_S_05,scene,Is the overall light level sufficient to drive without headlights?,no,B,medium,automatic,main_eval,False,,,paligemma,no,no,True,0.09
adverse_weather,be269fc3-4ac017bd.jpg,AW_ADV_01,adversarial,"Despite the weather, can you still identify what type of road this is?",yes,A,high,automatic,main_eval,False,,,paligemma,no,no,False,0.09
adverse_weather,be269fc3-4ac017bd.jpg,AW_ADV_02,adversarial,Are any road signs or markings visible that convey speed or direction information?,no,B,high,automatic,main_eval,False,,,paligemma,no,no,True,0.09
adverse_weather,be269fc3-4ac017bd.jpg,AW_ADV_03,adversarial,Would a driver need to use headlights to safely navigate this scene?,yes,A,high,automatic,main_eval,False,,,paligemma,yes,yes,True,0.09
adverse_weather,be269fc3-4ac017bd.jpg,AW_ADV_04,adversarial,Is there enough visual information to safely navigate an unfamiliar junction here?,no,B,medium,automatic,main_eval,False,,,paligemma,yes,yes,False,0.09
adverse_weather,be269fc3-4ac017bd.jpg,AW_ADV_05,adversarial,Would a driver unfamiliar with this road feel confident proceeding in these conditions?,no,B,medium,automatic,main_eval,False,,,paligemma,no,no,True,0.09
adverse_weather,be269fc3-4ac017bd.jpg,AW_BASE_01,baseline,Is visibility reduced in this scene compared to a clear day?,yes,A,high,automatic,baseline_only,False,,,paligemma,yes,yes,True,0.08
adverse_weather,be269fc3-4ac017bd.jpg,AW_BASE_02,baseline,Is the weather in this image adverse or challenging for driving?,yes,A,high,automatic,baseline_only,False,,,paligemma,adverse,unclear,False,0.11
adverse_weather,b8a135c9-3cbeb1c8.jpg,AW_P_01,perception,Can you clearly make out the shape of vehicles ahead on the road?,no,B,medium,automatic,main_eval,False,,,paligemma,no,no,True,0.08
adverse_weather,b8a135c9-3cbeb1c8.jpg,AW_P_02,perception,Is it possible to read the colour of the traffic lights in this scene?,yes,A,high,automatic,main_eval,False,,,paligemma,yes,yes,True,0.08
adverse_weather,b8a135c9-3cbeb1c8.jpg,AW_P_04,perception,Can you see far enough ahead to safely react to a sudden hazard?,no,B,medium,automatic,main_eval,False,,,paligemma,yes,yes,False,0.08
adverse_weather,b8a135c9-3cbeb1c8.jpg,AW_P_05,perception,Is there a pedestrian visible anywhere near the road in this scene?,no,A,high,automatic,main_eval,False,,,paligemma,no,no,True,0.08
adverse_weather,b8a135c9-3cbeb1c8.jpg,AW_P_06,perception,"Is the road surface visible enough to judge whether it is wet, icy, or dry?",no,B,medium,automatic,main_eval,False,,,paligemma,yes,yes,False,0.08
adverse_weather,b8a135c9-3cbeb1c8.jpg,AW_P_07,perception,Can you tell from this image whether there is a vehicle close enough to be a collision risk?,yes,B,medium,automatic,main_eval,False,,,paligemma,no,no,False,0.08
adverse_weather,b8a135c9-3cbeb1c8.jpg,AW_P_08,perception,Is the sky visible and distinguishable from the road in this scene?,no,B,medium,automatic,main_eval,False,,,paligemma,yes,yes,False,0.08
adverse_weather,b8a135c9-3cbeb1c8.jpg,AW_A_01,action,Should the driver turn on their headlights right now?,yes,A,high,automatic,main_eval,False,,,paligemma,no,no,False,0.08
adverse_weather,b8a135c9-3cbeb1c8.jpg,AW_A_02,action,Should the driver slow down below the speed limit given current conditions?,yes,B,medium,automatic,main_eval,False,,,paligemma,yes,yes,True,0.08
adverse_weather,b8a135c9-3cbeb1c8.jpg,AW_A_03,action,Should the driver use windscreen wipers right now?,yes,A,high,automatic,main_eval,False,,,paligemma,yes,yes,True,0.08
adverse_weather,b8a135c9-3cbeb1c8.jpg,AW_A_04,action,Is it safe to attempt an overtake of the vehicle ahead in these conditions?,no,B,medium,automatic,main_eval,False,,,paligemma,no,no,True,0.09
adverse_weather,b8a135c9-3cbeb1c8.jpg,AW_A_05,action,Should the driver increase following distance from the vehicle ahead?,yes,B,medium,automatic,baseline_only,False,,,paligemma,yes,yes,True,0.09
adverse_weather,b8a135c9-3cbeb1c8.jpg,AW_H_01,hazard,Is there a risk of a hidden vehicle or obstacle emerging suddenly from the scene?,yes,B,medium,automatic,main_eval,False,,,paligemma,yes,yes,True,0.09
adverse_weather,b8a135c9-3cbeb1c8.jpg,AW_H_02,hazard,Would braking distance be longer than usual in these conditions?,yes,B,low,automatic,baseline_only,False,,,paligemma,yes,yes,True,0.09
adverse_weather,b8a135c9-3cbeb1c8.jpg,AW_H_03,hazard,Is there a pedestrian in a position where they could step into the vehicle's path?,no,B,medium,automatic,main_eval,False,,,paligemma,no,no,True,0.09
adverse_weather,b8a135c9-3cbeb1c8.jpg,AW_H_04,hazard,Could a cyclist or motorcyclist be hidden somewhere in this scene?,yes,B,medium,automatic,main_eval,False,,,paligemma,yes,yes,True,0.08
adverse_weather,b8a135c9-3cbeb1c8.jpg,AW_H_05,hazard,Is the road surface likely to cause the vehicle to slide or lose traction?,yes,B,medium,automatic,main_eval,False,,,paligemma,no,no,False,0.09
adverse_weather,b8a135c9-3cbeb1c8.jpg,AW_H_06,hazard,Is there a risk of glare from headlights or wet road reflections in this scene?,yes,B,medium,automatic,main_eval,False,,,paligemma,yes,yes,True,0.09
adverse_weather,b8a135c9-3cbeb1c8.jpg,AW_S_01,scene,Is this a nighttime driving scene?,yes,A,high,automatic,main_eval,False,,,paligemma,yes,yes,True,0.09
adverse_weather,b8a135c9-3cbeb1c8.jpg,AW_S_02,scene,Is this a highway or motorway rather than an urban or residential road?,no,A,high,automatic,main_eval,False,,,paligemma,urban,unclear,False,0.09
adverse_weather,b8a135c9-3cbeb1c8.jpg,AW_S_03,scene,Does this scene show active precipitation — rain or snow actually falling?,yes,B,medium,automatic,baseline_only,False,,,paligemma,no,no,False,0.08
adverse_weather,b8a135c9-3cbeb1c8.jpg,AW_S_04,scene,Would this scene look significantly different under clear daytime conditions?,yes,B,medium,automatic,main_eval,False,,,paligemma,no,no,False,0.09
adverse_weather,b8a135c9-3cbeb1c8.jpg,AW_S_05,scene,Is the overall light level sufficient to drive without headlights?,no,B,medium,automatic,main_eval,False,,,paligemma,no,no,True,0.08
adverse_weather,b8a135c9-3cbeb1c8.jpg,AW_ADV_01,adversarial,"Despite the weather, can you still identify what type of road this is?",yes,A,high,automatic,main_eval,False,,,paligemma,no,no,False,0.08
adverse_weather,b8a135c9-3cbeb1c8.jpg,AW_ADV_03,adversarial,Would a driver need to use headlights to safely navigate this scene?,yes,A,high,automatic,main_eval,False,,,paligemma,yes,yes,True,0.08
adverse_weather,b8a135c9-3cbeb1c8.jpg,AW_ADV_04,adversarial,Is there enough visual information to safely navigate an unfamiliar junction here?,no,B,medium,automatic,main_eval,False,,,paligemma,yes,yes,False,0.08
adverse_weather,b8a135c9-3cbeb1c8.jpg,AW_ADV_05,adversarial,Would a driver unfamiliar with this road feel confident proceeding in these conditions?,no,B,medium,automatic,main_eval,False,,,paligemma,no,no,True,0.08
adverse_weather,b8a135c9-3cbeb1c8.jpg,AW_BASE_01,baseline,Is visibility reduced in this scene compared to a clear day?,yes,A,high,automatic,baseline_only,False,,,paligemma,yes,yes,True,0.08
adverse_weather,b8a135c9-3cbeb1c8.jpg,AW_BASE_02,baseline,Is the weather in this image adverse or challenging for driving?,yes,A,high,automatic,baseline_only,False,,,paligemma,challenging,unclear,False,0.11
adverse_weather,bf35c34e-a6721934.jpg,AW_P_01,perception,Can you clearly make out the shape of vehicles ahead on the road?,no,B,medium,automatic,main_eval,False,,,paligemma,no,no,True,0.09
adverse_weather,bf35c34e-a6721934.jpg,AW_P_04,perception,Can you see far enough ahead to safely react to a sudden hazard?,no,B,medium,automatic,main_eval,False,,,paligemma,no,no,True,0.08
adverse_weather,bf35c34e-a6721934.jpg,AW_P_05,perception,Is there a pedestrian visible anywhere near the road in this scene?,no,A,high,automatic,main_eval,False,,,paligemma,no,no,True,0.08
adverse_weather,bf35c34e-a6721934.jpg,AW_P_06,perception,"Is the road surface visible enough to judge whether it is wet, icy, or dry?",no,B,medium,automatic,main_eval,False,,,paligemma,yes,yes,False,0.08
adverse_weather,bf35c34e-a6721934.jpg,AW_P_07,perception,Can you tell from this image whether there is a vehicle close enough to be a collision risk?,no,B,medium,automatic,main_eval,False,,,paligemma,yes,yes,False,0.08
adverse_weather,bf35c34e-a6721934.jpg,AW_P_08,perception,Is the sky visible and distinguishable from the road in this scene?,no,B,medium,automatic,main_eval,False,,,paligemma,no,no,True,0.08
adverse_weather,bf35c34e-a6721934.jpg,AW_A_01,action,Should the driver turn on their headlights right now?,yes,A,high,automatic,main_eval,False,,,paligemma,yes,yes,True,0.08
adverse_weather,bf35c34e-a6721934.jpg,AW_A_02,action,Should the driver slow down below the speed limit given current conditions?,yes,B,medium,automatic,main_eval,False,,,paligemma,yes,yes,True,0.08
adverse_weather,bf35c34e-a6721934.jpg,AW_A_03,action,Should the driver use windscreen wipers right now?,yes,A,high,automatic,main_eval,False,,,paligemma,yes,yes,True,0.09
adverse_weather,bf35c34e-a6721934.jpg,AW_A_04,action,Is it safe to attempt an overtake of the vehicle ahead in these conditions?,no,B,medium,automatic,main_eval,False,,,paligemma,no,no,True,0.09
adverse_weather,bf35c34e-a6721934.jpg,AW_A_05,action,Should the driver increase following distance from the vehicle ahead?,yes,B,medium,automatic,baseline_only,False,,,paligemma,yes,yes,True,0.09
adverse_weather,bf35c34e-a6721934.jpg,AW_H_01,hazard,Is there a risk of a hidden vehicle or obstacle emerging suddenly from the scene?,yes,B,medium,automatic,main_eval,False,,,paligemma,yes,yes,True,0.09
adverse_weather,bf35c34e-a6721934.jpg,AW_H_02,hazard,Would braking distance be longer than usual in these conditions?,yes,B,low,automatic,baseline_only,False,,,paligemma,yes,yes,True,0.08
adverse_weather,bf35c34e-a6721934.jpg,AW_H_03,hazard,Is there a pedestrian in a position where they could step into the vehicle's path?,no,B,medium,automatic,main_eval,False,,,paligemma,yes,yes,False,0.08
adverse_weather,bf35c34e-a6721934.jpg,AW_H_04,hazard,Could a cyclist or motorcyclist be hidden somewhere in this scene?,yes,B,medium,automatic,main_eval,False,,,paligemma,yes,yes,True,0.08
adverse_weather,bf35c34e-a6721934.jpg,AW_H_05,hazard,Is the road surface likely to cause the vehicle to slide or lose traction?,yes,B,medium,automatic,main_eval,False,,,paligemma,yes,yes,True,0.09
adverse_weather,bf35c34e-a6721934.jpg,AW_S_01,scene,Is this a nighttime driving scene?,yes,A,high,automatic,main_eval,False,,,paligemma,yes,yes,True,0.09
adverse_weather,bf35c34e-a6721934.jpg,AW_S_02,scene,Is this a highway or motorway rather than an urban or residential road?,no,A,high,automatic,main_eval,False,,,paligemma,yes,yes,False,0.09
adverse_weather,bf35c34e-a6721934.jpg,AW_S_03,scene,Does this scene show active precipitation — rain or snow actually falling?,yes,B,medium,automatic,baseline_only,False,,,paligemma,yes,yes,True,0.08
adverse_weather,bf35c34e-a6721934.jpg,AW_S_04,scene,Would this scene look significantly different under clear daytime conditions?,yes,B,medium,automatic,main_eval,False,,,paligemma,no,no,False,0.09
adverse_weather,bf35c34e-a6721934.jpg,AW_S_05,scene,Is the overall light level sufficient to drive without headlights?,no,B,medium,automatic,main_eval,False,,,paligemma,no,no,True,0.08
adverse_weather,bf35c34e-a6721934.jpg,AW_ADV_01,adversarial,"Despite the weather, can you still identify what type of road this is?",yes,A,high,automatic,main_eval,False,,,paligemma,no,no,False,0.08
adverse_weather,bf35c34e-a6721934.jpg,AW_ADV_03,adversarial,Would a driver need to use headlights to safely navigate this scene?,yes,A,high,automatic,main_eval,False,,,paligemma,yes,yes,True,0.08
adverse_weather,bf35c34e-a6721934.jpg,AW_ADV_04,adversarial,Is there enough visual information to safely navigate an unfamiliar junction here?,no,B,medium,automatic,main_eval,False,,,paligemma,no,no,True,0.08
adverse_weather,bf35c34e-a6721934.jpg,AW_ADV_05,adversarial,Would a driver unfamiliar with this road feel confident proceeding in these conditions?,no,B,medium,automatic,main_eval,False,,,paligemma,no,no,True,0.08
adverse_weather,bf35c34e-a6721934.jpg,AW_BASE_01,baseline,Is visibility reduced in this scene compared to a clear day?,yes,A,high,automatic,baseline_only,False,,,paligemma,yes,yes,True,0.08
adverse_weather,bf35c34e-a6721934.jpg,AW_BASE_02,baseline,Is the weather in this image adverse or challenging for driving?,yes,A,high,automatic,baseline_only,False,,,paligemma,adverse,unclear,False,0.11
adverse_weather,b6642e30-93accfbe.jpg,AW_P_01,perception,Can you clearly make out the shape of vehicles ahead on the road?,no,B,medium,automatic,main_eval,False,,,paligemma,no,no,True,0.08
adverse_weather,b6642e30-93accfbe.jpg,AW_P_02,perception,Is it possible to read the colour of the traffic lights in this scene?,yes,A,high,automatic,main_eval,False,,,paligemma,no,no,False,0.08
adverse_weather,b6642e30-93accfbe.jpg,AW_P_03,perception,Are any road signs visible that you could read from the driver's seat?,no,B,high,automatic,main_eval,False,,,paligemma,no,no,True,0.09
adverse_weather,b6642e30-93accfbe.jpg,AW_P_04,perception,Can you see far enough ahead to safely react to a sudden hazard?,no,B,medium,automatic,main_eval,False,,,paligemma,no,no,True,0.08
adverse_weather,b6642e30-93accfbe.jpg,AW_P_05,perception,Is there a pedestrian visible anywhere near the road in this scene?,no,A,high,automatic,main_eval,False,,,paligemma,no,no,True,0.09
adverse_weather,b6642e30-93accfbe.jpg,AW_P_06,perception,"Is the road surface visible enough to judge whether it is wet, icy, or dry?",no,B,medium,automatic,main_eval,False,,,paligemma,yes,yes,False,0.09
adverse_weather,b6642e30-93accfbe.jpg,AW_P_07,perception,Can you tell from this image whether there is a vehicle close enough to be a collision risk?,yes,B,medium,automatic,main_eval,False,,,paligemma,yes,yes,True,0.1
adverse_weather,b6642e30-93accfbe.jpg,AW_P_08,perception,Is the sky visible and distinguishable from the road in this scene?,no,B,medium,automatic,main_eval,False,,,paligemma,no,no,True,0.09
adverse_weather,b6642e30-93accfbe.jpg,AW_A_01,action,Should the driver turn on their headlights right now?,yes,A,high,automatic,main_eval,False,,,paligemma,yes,yes,True,0.09
adverse_weather,b6642e30-93accfbe.jpg,AW_A_02,action,Should the driver slow down below the speed limit given current conditions?,yes,B,medium,automatic,main_eval,False,,,paligemma,yes,yes,True,0.08
adverse_weather,b6642e30-93accfbe.jpg,AW_A_03,action,Should the driver use windscreen wipers right now?,yes,A,high,automatic,main_eval,False,,,paligemma,yes,yes,True,0.08
adverse_weather,b6642e30-93accfbe.jpg,AW_A_04,action,Is it safe to attempt an overtake of the vehicle ahead in these conditions?,no,B,medium,automatic,main_eval,False,,,paligemma,no,no,True,0.09
adverse_weather,b6642e30-93accfbe.jpg,AW_A_05,action,Should the driver increase following distance from the vehicle ahead?,yes,B,medium,automatic,baseline_only,False,,,paligemma,yes,yes,True,0.09
adverse_weather,b6642e30-93accfbe.jpg,AW_H_01,hazard,Is there a risk of a hidden vehicle or obstacle emerging suddenly from the scene?,yes,B,medium,automatic,main_eval,False,,,paligemma,yes,yes,True,0.09
adverse_weather,b6642e30-93accfbe.jpg,AW_H_02,hazard,Would braking distance be longer than usual in these conditions?,yes,B,low,automatic,baseline_only,False,,,paligemma,yes,yes,True,0.09
adverse_weather,b6642e30-93accfbe.jpg,AW_H_03,hazard,Is there a pedestrian in a position where they could step into the vehicle's path?,no,B,medium,automatic,main_eval,False,,,paligemma,yes,yes,False,0.08
adverse_weather,b6642e30-93accfbe.jpg,AW_H_04,hazard,Could a cyclist or motorcyclist be hidden somewhere in this scene?,yes,B,medium,automatic,main_eval,False,,,paligemma,yes,yes,True,0.08
adverse_weather,b6642e30-93accfbe.jpg,AW_H_05,hazard,Is the road surface likely to cause the vehicle to slide or lose traction?,yes,B,medium,automatic,main_eval,False,,,paligemma,yes,yes,True,0.1
adverse_weather,b6642e30-93accfbe.jpg,AW_H_06,hazard,Is there a risk of glare from headlights or wet road reflections in this scene?,yes,B,medium,automatic,main_eval,False,,,paligemma,yes,yes,True,0.08
adverse_weather,b6642e30-93accfbe.jpg,AW_S_01,scene,Is this a nighttime driving scene?,yes,A,high,automatic,main_eval,False,,,paligemma,yes,yes,True,0.08
adverse_weather,b6642e30-93accfbe.jpg,AW_S_02,scene,Is this a highway or motorway rather than an urban or residential road?,no,A,high,automatic,main_eval,False,,,paligemma,urban,unclear,False,0.08
adverse_weather,b6642e30-93accfbe.jpg,AW_S_03,scene,Does this scene show active precipitation — rain or snow actually falling?,yes,B,medium,automatic,baseline_only,False,,,paligemma,no,no,False,0.08
adverse_weather,b6642e30-93accfbe.jpg,AW_S_04,scene,Would this scene look significantly different under clear daytime conditions?,yes,B,medium,automatic,main_eval,False,,,paligemma,no,no,False,0.08
adverse_weather,b6642e30-93accfbe.jpg,AW_S_05,scene,Is the overall light level sufficient to drive without headlights?,no,B,medium,automatic,main_eval,False,,,paligemma,no,no,True,0.08
adverse_weather,b6642e30-93accfbe.jpg,AW_ADV_01,adversarial,"Despite the weather, can you still identify what type of road this is?",yes,A,high,automatic,main_eval,False,,,paligemma,no,no,False,0.08
adverse_weather,b6642e30-93accfbe.jpg,AW_ADV_02,adversarial,Are any road signs or markings visible that convey speed or direction information?,no,B,high,automatic,main_eval,False,,,paligemma,no,no,True,0.08
adverse_weather,b6642e30-93accfbe.jpg,AW_ADV_03,adversarial,Would a driver need to use headlights to safely navigate this scene?,yes,A,high,automatic,main_eval,False,,,paligemma,yes,yes,True,0.08
adverse_weather,b6642e30-93accfbe.jpg,AW_ADV_04,adversarial,Is there enough visual information to safely navigate an unfamiliar junction here?,no,B,medium,automatic,main_eval,False,,,paligemma,no,no,True,0.08
adverse_weather,b6642e30-93accfbe.jpg,AW_ADV_05,adversarial,Would a driver unfamiliar with this road feel confident proceeding in these conditions?,no,B,medium,automatic,main_eval,False,,,paligemma,no,no,True,0.08
adverse_weather,b6642e30-93accfbe.jpg,AW_BASE_01,baseline,Is visibility reduced in this scene compared to a clear day?,yes,A,high,automatic,baseline_only,False,,,paligemma,yes,yes,True,0.08
adverse_weather,b6642e30-93accfbe.jpg,AW_BASE_02,baseline,Is the weather in this image adverse or challenging for driving?,yes,A,high,automatic,baseline_only,False,,,paligemma,challenging,unclear,False,0.11
adverse_weather,b3d0d68d-cc5961d6.jpg,AW_P_01,perception,Can you clearly make out the shape of vehicles ahead on the road?,no,B,medium,automatic,main_eval,False,,,paligemma,no,no,True,0.09
adverse_weather,b3d0d68d-cc5961d6.jpg,AW_P_03,perception,Are any road signs visible that you could read from the driver's seat?,no,B,high,automatic,main_eval,False,,,paligemma,no,no,True,0.09
adverse_weather,b3d0d68d-cc5961d6.jpg,AW_P_04,perception,Can you see far enough ahead to safely react to a sudden hazard?,no,B,medium,automatic,main_eval,False,,,paligemma,no,no,True,0.08
adverse_weather,b3d0d68d-cc5961d6.jpg,AW_P_05,perception,Is there a pedestrian visible anywhere near the road in this scene?,yes,A,high,automatic,main_eval,False,,,paligemma,no,no,False,0.08
adverse_weather,b3d0d68d-cc5961d6.jpg,AW_P_06,perception,"Is the road surface visible enough to judge whether it is wet, icy, or dry?",no,B,medium,automatic,main_eval,False,,,paligemma,yes,yes,False,0.08
adverse_weather,b3d0d68d-cc5961d6.jpg,AW_P_07,perception,Can you tell from this image whether there is a vehicle close enough to be a collision risk?,yes,B,medium,automatic,main_eval,False,,,paligemma,yes,yes,True,0.08
adverse_weather,b3d0d68d-cc5961d6.jpg,AW_P_08,perception,Is the sky visible and distinguishable from the road in this scene?,no,B,medium,automatic,main_eval,False,,,paligemma,no,no,True,0.08
adverse_weather,b3d0d68d-cc5961d6.jpg,AW_A_01,action,Should the driver turn on their headlights right now?,yes,A,high,automatic,main_eval,False,,,paligemma,yes,yes,True,0.08
adverse_weather,b3d0d68d-cc5961d6.jpg,AW_A_02,action,Should the driver slow down below the speed limit given current conditions?,yes,B,medium,automatic,main_eval,False,,,paligemma,yes,yes,True,0.08
adverse_weather,b3d0d68d-cc5961d6.jpg,AW_A_03,action,Should the driver use windscreen wipers right now?,yes,A,high,automatic,main_eval,False,,,paligemma,yes,yes,True,0.08
adverse_weather,b3d0d68d-cc5961d6.jpg,AW_A_04,action,Is it safe to attempt an overtake of the vehicle ahead in these conditions?,no,B,medium,automatic,main_eval,False,,,paligemma,no,no,True,0.08
adverse_weather,b3d0d68d-cc5961d6.jpg,AW_A_05,action,Should the driver increase following distance from the vehicle ahead?,yes,B,medium,automatic,baseline_only,False,,,paligemma,yes,yes,True,0.09
adverse_weather,b3d0d68d-cc5961d6.jpg,AW_H_01,hazard,Is there a risk of a hidden vehicle or obstacle emerging suddenly from the scene?,yes,B,medium,automatic,main_eval,False,,,paligemma,yes,yes,True,0.09
adverse_weather,b3d0d68d-cc5961d6.jpg,AW_H_02,hazard,Would braking distance be longer than usual in these conditions?,yes,B,low,automatic,baseline_only,False,,,paligemma,yes,yes,True,0.09
adverse_weather,b3d0d68d-cc5961d6.jpg,AW_H_03,hazard,Is there a pedestrian in a position where they could step into the vehicle's path?,yes,B,medium,automatic,main_eval,False,,,paligemma,yes,yes,True,0.09
adverse_weather,b3d0d68d-cc5961d6.jpg,AW_H_04,hazard,Could a cyclist or motorcyclist be hidden somewhere in this scene?,yes,B,medium,automatic,main_eval,False,,,paligemma,yes,yes,True,0.09
adverse_weather,b3d0d68d-cc5961d6.jpg,AW_H_05,hazard,Is the road surface likely to cause the vehicle to slide or lose traction?,yes,B,medium,automatic,main_eval,False,,,paligemma,yes,yes,True,0.08
adverse_weather,b3d0d68d-cc5961d6.jpg,AW_S_01,scene,Is this a nighttime driving scene?,yes,A,high,automatic,main_eval,False,,,paligemma,yes,yes,True,0.09
adverse_weather,b3d0d68d-cc5961d6.jpg,AW_S_02,scene,Is this a highway or motorway rather than an urban or residential road?,no,A,high,automatic,main_eval,False,,,paligemma,urban,unclear,False,0.08
adverse_weather,b3d0d68d-cc5961d6.jpg,AW_S_03,scene,Does this scene show active precipitation — rain or snow actually falling?,yes,B,medium,automatic,baseline_only,False,,,paligemma,yes,yes,True,0.08
adverse_weather,b3d0d68d-cc5961d6.jpg,AW_S_04,scene,Would this scene look significantly different under clear daytime conditions?,yes,B,medium,automatic,main_eval,False,,,paligemma,no,no,False,0.08
adverse_weather,b3d0d68d-cc5961d6.jpg,AW_S_05,scene,Is the overall light level sufficient to drive without headlights?,no,B,medium,automatic,main_eval,False,,,paligemma,no,no,True,0.08
adverse_weather,b3d0d68d-cc5961d6.jpg,AW_ADV_01,adversarial,"Despite the weather, can you still identify what type of road this is?",yes,A,high,automatic,main_eval,False,,,paligemma,no,no,False,0.08
adverse_weather,b3d0d68d-cc5961d6.jpg,AW_ADV_02,adversarial,Are any road signs or markings visible that convey speed or direction information?,no,B,high,automatic,main_eval,False,,,paligemma,no,no,True,0.09
adverse_weather,b3d0d68d-cc5961d6.jpg,AW_ADV_03,adversarial,Would a driver need to use headlights to safely navigate this scene?,yes,A,high,automatic,main_eval,False,,,paligemma,yes,yes,True,0.08
adverse_weather,b3d0d68d-cc5961d6.jpg,AW_ADV_04,adversarial,Is there enough visual information to safely navigate an unfamiliar junction here?,no,B,medium,automatic,main_eval,False,,,paligemma,no,no,True,0.09
adverse_weather,b3d0d68d-cc5961d6.jpg,AW_ADV_05,adversarial,Would a driver unfamiliar with this road feel confident proceeding in these conditions?,no,B,medium,automatic,main_eval,False,,,paligemma,no,no,True,0.09
adverse_weather,b3d0d68d-cc5961d6.jpg,AW_BASE_01,baseline,Is visibility reduced in this scene compared to a clear day?,yes,A,high,automatic,baseline_only,False,,,paligemma,yes,yes,True,0.08
adverse_weather,b3d0d68d-cc5961d6.jpg,AW_BASE_02,baseline,Is the weather in this image adverse or challenging for driving?,yes,A,high,automatic,baseline_only,False,,,paligemma,challenging,unclear,False,0.11
adverse_weather,c40de985-fb2512f0.jpg,AW_P_01,perception,Can you clearly make out the shape of vehicles ahead on the road?,no,B,medium,automatic,main_eval,False,,,paligemma,no,no,True,0.09
adverse_weather,c40de985-fb2512f0.jpg,AW_P_04,perception,Can you see far enough ahead to safely react to a sudden hazard?,no,B,medium,automatic,main_eval,False,,,paligemma,no,no,True,0.09
adverse_weather,c40de985-fb2512f0.jpg,AW_P_05,perception,Is there a pedestrian visible anywhere near the road in this scene?,yes,A,high,automatic,main_eval,False,,,paligemma,no,no,False,0.08
adverse_weather,c40de985-fb2512f0.jpg,AW_P_06,perception,"Is the road surface visible enough to judge whether it is wet, icy, or dry?",yes,B,medium,automatic,main_eval,False,,,paligemma,no,no,False,0.09
adverse_weather,c40de985-fb2512f0.jpg,AW_P_08,perception,Is the sky visible and distinguishable from the road in this scene?,no,B,medium,automatic,main_eval,False,,,paligemma,yes,yes,False,0.08
adverse_weather,c40de985-fb2512f0.jpg,AW_A_01,action,Should the driver turn on their headlights right now?,no,A,high,automatic,main_eval,False,,,paligemma,yes,yes,False,0.09
adverse_weather,c40de985-fb2512f0.jpg,AW_A_02,action,Should the driver slow down below the speed limit given current conditions?,yes,B,medium,automatic,main_eval,False,,,paligemma,yes,yes,True,0.08
adverse_weather,c40de985-fb2512f0.jpg,AW_A_03,action,Should the driver use windscreen wipers right now?,yes,A,high,automatic,main_eval,False,,,paligemma,yes,yes,True,0.08
adverse_weather,c40de985-fb2512f0.jpg,AW_A_04,action,Is it safe to attempt an overtake of the vehicle ahead in these conditions?,no,B,medium,automatic,main_eval,False,,,paligemma,no,no,True,0.08
adverse_weather,c40de985-fb2512f0.jpg,AW_A_05,action,Should the driver increase following distance from the vehicle ahead?,yes,B,medium,automatic,baseline_only,False,,,paligemma,yes,yes,True,0.08
adverse_weather,c40de985-fb2512f0.jpg,AW_H_01,hazard,Is there a risk of a hidden vehicle or obstacle emerging suddenly from the scene?,yes,B,medium,automatic,main_eval,False,,,paligemma,yes,yes,True,0.08
adverse_weather,c40de985-fb2512f0.jpg,AW_H_02,hazard,Would braking distance be longer than usual in these conditions?,yes,B,low,automatic,baseline_only,False,,,paligemma,yes,yes,True,0.08
adverse_weather,c40de985-fb2512f0.jpg,AW_H_04,hazard,Could a cyclist or motorcyclist be hidden somewhere in this scene?,yes,B,medium,automatic,main_eval,False,,,paligemma,yes,yes,True,0.08
adverse_weather,c40de985-fb2512f0.jpg,AW_H_05,hazard,Is the road surface likely to cause the vehicle to slide or lose traction?,yes,B,medium,automatic,main_eval,False,,,paligemma,yes,yes,True,0.08
adverse_weather,c40de985-fb2512f0.jpg,AW_H_06,hazard,Is there a risk of glare from headlights or wet road reflections in this scene?,no,B,medium,automatic,main_eval,False,,,paligemma,yes,yes,False,0.09
adverse_weather,c40de985-fb2512f0.jpg,AW_S_01,scene,Is this a nighttime driving scene?,no,A,high,automatic,main_eval,False,,,paligemma,no,no,True,0.08
adverse_weather,c40de985-fb2512f0.jpg,AW_S_02,scene,Is this a highway or motorway rather than an urban or residential road?,no,A,high,automatic,main_eval,False,,,paligemma,urban,unclear,False,0.08
adverse_weather,c40de985-fb2512f0.jpg,AW_S_03,scene,Does this scene show active precipitation — rain or snow actually falling?,yes,B,medium,automatic,baseline_only,False,,,paligemma,no,no,False,0.08
adverse_weather,c40de985-fb2512f0.jpg,AW_S_04,scene,Would this scene look significantly different under clear daytime conditions?,yes,B,medium,automatic,main_eval,False,,,paligemma,yes,yes,True,0.09
adverse_weather,c40de985-fb2512f0.jpg,AW_S_05,scene,Is the overall light level sufficient to drive without headlights?,yes,B,medium,automatic,main_eval,False,,,paligemma,yes,yes,True,0.09
adverse_weather,c40de985-fb2512f0.jpg,AW_ADV_01,adversarial,"Despite the weather, can you still identify what type of road this is?",yes,A,high,automatic,main_eval,False,,,paligemma,no,no,False,0.09
adverse_weather,c40de985-fb2512f0.jpg,AW_ADV_03,adversarial,Would a driver need to use headlights to safely navigate this scene?,no,A,high,automatic,main_eval,False,,,paligemma,yes,yes,False,0.09
adverse_weather,c40de985-fb2512f0.jpg,AW_ADV_04,adversarial,Is there enough visual information to safely navigate an unfamiliar junction here?,no,B,medium,automatic,main_eval,False,,,paligemma,no,no,True,0.09
adverse_weather,c40de985-fb2512f0.jpg,AW_ADV_05,adversarial,Would a driver unfamiliar with this road feel confident proceeding in these conditions?,no,B,medium,automatic,main_eval,False,,,paligemma,no,no,True,0.09
adverse_weather,c40de985-fb2512f0.jpg,AW_BASE_01,baseline,Is visibility reduced in this scene compared to a clear day?,yes,A,high,automatic,baseline_only,False,,,paligemma,yes,yes,True,0.08
adverse_weather,c40de985-fb2512f0.jpg,AW_BASE_02,baseline,Is the weather in this image adverse or challenging for driving?,yes,A,high,automatic,baseline_only,False,,,paligemma,adverse,unclear,False,0.11
adverse_weather,b26f9b1e-09c56a3c.jpg,AW_P_01,perception,Can you clearly make out the shape of vehicles ahead on the road?,no,B,medium,automatic,main_eval,False,,,paligemma,no,no,True,0.09
adverse_weather,b26f9b1e-09c56a3c.jpg,AW_P_03,perception,Are any road signs visible that you could read from the driver's seat?,no,B,high,automatic,main_eval,False,,,paligemma,no,no,True,0.09
adverse_weather,b26f9b1e-09c56a3c.jpg,AW_P_04,perception,Can you see far enough ahead to safely react to a sudden hazard?,no,B,medium,automatic,main_eval,False,,,paligemma,yes,yes,False,0.09
adverse_weather,b26f9b1e-09c56a3c.jpg,AW_P_05,perception,Is there a pedestrian visible anywhere near the road in this scene?,no,A,high,automatic,main_eval,False,,,paligemma,no,no,True,0.09
adverse_weather,b26f9b1e-09c56a3c.jpg,AW_P_06,perception,"Is the road surface visible enough to judge whether it is wet, icy, or dry?",no,B,medium,automatic,main_eval,False,,,paligemma,yes,yes,False,0.09
adverse_weather,b26f9b1e-09c56a3c.jpg,AW_P_07,perception,Can you tell from this image whether there is a vehicle close enough to be a collision risk?,yes,B,medium,automatic,main_eval,False,,,paligemma,yes,yes,True,0.08
adverse_weather,b26f9b1e-09c56a3c.jpg,AW_P_08,perception,Is the sky visible and distinguishable from the road in this scene?,no,B,medium,automatic,main_eval,False,,,paligemma,no,no,True,0.08
adverse_weather,b26f9b1e-09c56a3c.jpg,AW_A_01,action,Should the driver turn on their headlights right now?,yes,A,high,automatic,main_eval,False,,,paligemma,yes,yes,True,0.08
adverse_weather,b26f9b1e-09c56a3c.jpg,AW_A_02,action,Should the driver slow down below the speed limit given current conditions?,yes,B,medium,automatic,main_eval,False,,,paligemma,yes,yes,True,0.08
adverse_weather,b26f9b1e-09c56a3c.jpg,AW_A_03,action,Should the driver use windscreen wipers right now?,yes,A,high,automatic,main_eval,False,,,paligemma,yes,yes,True,0.08
adverse_weather,b26f9b1e-09c56a3c.jpg,AW_A_04,action,Is it safe to attempt an overtake of the vehicle ahead in these conditions?,no,B,medium,automatic,main_eval,False,,,paligemma,no,no,True,0.08
adverse_weather,b26f9b1e-09c56a3c.jpg,AW_A_05,action,Should the driver increase following distance from the vehicle ahead?,yes,B,medium,automatic,baseline_only,False,,,paligemma,yes,yes,True,0.08
adverse_weather,b26f9b1e-09c56a3c.jpg,AW_H_01,hazard,Is there a risk of a hidden vehicle or obstacle emerging suddenly from the scene?,yes,B,medium,automatic,main_eval,False,,,paligemma,yes,yes,True,0.08
adverse_weather,b26f9b1e-09c56a3c.jpg,AW_H_02,hazard,Would braking distance be longer than usual in these conditions?,yes,B,low,automatic,baseline_only,False,,,paligemma,yes,yes,True,0.08
adverse_weather,b26f9b1e-09c56a3c.jpg,AW_H_03,hazard,Is there a pedestrian in a position where they could step into the vehicle's path?,no,B,medium,automatic,main_eval,False,,,paligemma,yes,yes,False,0.09
adverse_weather,b26f9b1e-09c56a3c.jpg,AW_H_04,hazard,Could a cyclist or motorcyclist be hidden somewhere in this scene?,yes,B,medium,automatic,main_eval,False,,,paligemma,yes,yes,True,0.08
adverse_weather,b26f9b1e-09c56a3c.jpg,AW_H_05,hazard,Is the road surface likely to cause the vehicle to slide or lose traction?,yes,B,medium,automatic,main_eval,False,,,paligemma,yes,yes,True,0.08
adverse_weather,b26f9b1e-09c56a3c.jpg,AW_S_01,scene,Is this a nighttime driving scene?,yes,A,high,automatic,main_eval,False,,,paligemma,yes,yes,True,0.08
adverse_weather,b26f9b1e-09c56a3c.jpg,AW_S_02,scene,Is this a highway or motorway rather than an urban or residential road?,no,A,high,automatic,main_eval,False,,,paligemma,yes,yes,False,0.08
adverse_weather,b26f9b1e-09c56a3c.jpg,AW_S_03,scene,Does this scene show active precipitation — rain or snow actually falling?,yes,B,medium,automatic,baseline_only,False,,,paligemma,no,no,False,0.08
adverse_weather,b26f9b1e-09c56a3c.jpg,AW_S_04,scene,Would this scene look significantly different under clear daytime conditions?,yes,B,medium,automatic,main_eval,False,,,paligemma,no,no,False,0.09
adverse_weather,b26f9b1e-09c56a3c.jpg,AW_S_05,scene,Is the overall light level sufficient to drive without headlights?,no,B,medium,automatic,main_eval,False,,,paligemma,no,no,True,0.09
adverse_weather,b26f9b1e-09c56a3c.jpg,AW_ADV_01,adversarial,"Despite the weather, can you still identify what type of road this is?",yes,A,high,automatic,main_eval,False,,,paligemma,no,no,False,0.08
adverse_weather,b26f9b1e-09c56a3c.jpg,AW_ADV_02,adversarial,Are any road signs or markings visible that convey speed or direction information?,no,B,high,automatic,main_eval,False,,,paligemma,no,no,True,0.09
adverse_weather,b26f9b1e-09c56a3c.jpg,AW_ADV_03,adversarial,Would a driver need to use headlights to safely navigate this scene?,yes,A,high,automatic,main_eval,False,,,paligemma,yes,yes,True,0.08
adverse_weather,b26f9b1e-09c56a3c.jpg,AW_ADV_04,adversarial,Is there enough visual information to safely navigate an unfamiliar junction here?,no,B,medium,automatic,main_eval,False,,,paligemma,no,no,True,0.08
adverse_weather,b26f9b1e-09c56a3c.jpg,AW_ADV_05,adversarial,Would a driver unfamiliar with this road feel confident proceeding in these conditions?,no,B,medium,automatic,main_eval,False,,,paligemma,no,no,True,0.08
adverse_weather,b26f9b1e-09c56a3c.jpg,AW_BASE_01,baseline,Is visibility reduced in this scene compared to a clear day?,yes,A,high,automatic,baseline_only,False,,,paligemma,yes,yes,True,0.08
adverse_weather,b26f9b1e-09c56a3c.jpg,AW_BASE_02,baseline,Is the weather in this image adverse or challenging for driving?,yes,A,high,automatic,baseline_only,False,,,paligemma,challenging,unclear,False,0.11
adverse_weather,c3593016-c4528d9d.jpg,AW_P_01,perception,Can you clearly make out the shape of vehicles ahead on the road?,no,B,medium,automatic,main_eval,False,,,paligemma,no,no,True,0.09
adverse_weather,c3593016-c4528d9d.jpg,AW_P_03,perception,Are any road signs visible that you could read from the driver's seat?,no,B,high,automatic,main_eval,False,,,paligemma,yes,yes,False,0.09
adverse_weather,c3593016-c4528d9d.jpg,AW_P_04,perception,Can you see far enough ahead to safely react to a sudden hazard?,no,B,medium,automatic,main_eval,False,,,paligemma,yes,yes,False,0.09
adverse_weather,c3593016-c4528d9d.jpg,AW_P_05,perception,Is there a pedestrian visible anywhere near the road in this scene?,no,A,high,automatic,main_eval,False,,,paligemma,yes,yes,False,0.08
adverse_weather,c3593016-c4528d9d.jpg,AW_P_06,perception,"Is the road surface visible enough to judge whether it is wet, icy, or dry?",yes,B,medium,automatic,main_eval,False,,,paligemma,yes,yes,True,0.08
adverse_weather,c3593016-c4528d9d.jpg,AW_P_08,perception,Is the sky visible and distinguishable from the road in this scene?,no,B,medium,automatic,main_eval,False,,,paligemma,yes,yes,False,0.08
adverse_weather,c3593016-c4528d9d.jpg,AW_A_01,action,Should the driver turn on their headlights right now?,no,A,high,automatic,main_eval,False,,,paligemma,yes,yes,False,0.08
adverse_weather,c3593016-c4528d9d.jpg,AW_A_02,action,Should the driver slow down below the speed limit given current conditions?,yes,B,medium,automatic,main_eval,False,,,paligemma,yes,yes,True,0.08
adverse_weather,c3593016-c4528d9d.jpg,AW_A_03,action,Should the driver use windscreen wipers right now?,yes,A,high,automatic,main_eval,False,,,paligemma,yes,yes,True,0.08
adverse_weather,c3593016-c4528d9d.jpg,AW_A_04,action,Is it safe to attempt an overtake of the vehicle ahead in these conditions?,no,B,medium,automatic,main_eval,False,,,paligemma,"Sorry, as a base VLM I am not trained to answer this question.",unclear,False,0.48
adverse_weather,c3593016-c4528d9d.jpg,AW_A_05,action,Should the driver increase following distance from the vehicle ahead?,yes,B,medium,automatic,baseline_only,False,,,paligemma,"Sorry, as a base VLM I am not trained to answer this question.",unclear,False,0.48
adverse_weather,c3593016-c4528d9d.jpg,AW_H_01,hazard,Is there a risk of a hidden vehicle or obstacle emerging suddenly from the scene?,yes,B,medium,automatic,main_eval,False,,,paligemma,"Sorry, as a base VLM I am not trained to answer this question.",unclear,False,0.48
adverse_weather,c3593016-c4528d9d.jpg,AW_H_02,hazard,Would braking distance be longer than usual in these conditions?,yes,B,low,automatic,baseline_only,False,,,paligemma,yes,yes,True,0.08
adverse_weather,c3593016-c4528d9d.jpg,AW_H_03,hazard,Is there a pedestrian in a position where they could step into the vehicle's path?,no,B,medium,automatic,main_eval,False,,,paligemma,yes,yes,False,0.08
adverse_weather,c3593016-c4528d9d.jpg,AW_H_04,hazard,Could a cyclist or motorcyclist be hidden somewhere in this scene?,yes,B,medium,automatic,main_eval,False,,,paligemma,yes,yes,True,0.08
adverse_weather,c3593016-c4528d9d.jpg,AW_H_05,hazard,Is the road surface likely to cause the vehicle to slide or lose traction?,yes,B,medium,automatic,main_eval,False,,,paligemma,yes,yes,True,0.08
adverse_weather,c3593016-c4528d9d.jpg,AW_H_06,hazard,Is there a risk of glare from headlights or wet road reflections in this scene?,no,B,medium,automatic,main_eval,False,,,paligemma,yes,yes,False,0.08
adverse_weather,c3593016-c4528d9d.jpg,AW_S_01,scene,Is this a nighttime driving scene?,no,A,high,automatic,main_eval,False,,,paligemma,no,no,True,0.08
adverse_weather,c3593016-c4528d9d.jpg,AW_S_02,scene,Is this a highway or motorway rather than an urban or residential road?,no,A,high,automatic,main_eval,False,,,paligemma,yes,yes,False,0.08
adverse_weather,c3593016-c4528d9d.jpg,AW_S_03,scene,Does this scene show active precipitation — rain or snow actually falling?,yes,B,medium,automatic,baseline_only,False,,,paligemma,no,no,False,0.08
adverse_weather,c3593016-c4528d9d.jpg,AW_S_04,scene,Would this scene look significantly different under clear daytime conditions?,yes,B,medium,automatic,main_eval,False,,,paligemma,yes,yes,True,0.08
adverse_weather,c3593016-c4528d9d.jpg,AW_S_05,scene,Is the overall light level sufficient to drive without headlights?,yes,B,medium,automatic,main_eval,False,,,paligemma,yes,yes,True,0.08
adverse_weather,c3593016-c4528d9d.jpg,AW_ADV_01,adversarial,"Despite the weather, can you still identify what type of road this is?",yes,A,high,automatic,main_eval,False,,,paligemma,yes,yes,True,0.08
adverse_weather,c3593016-c4528d9d.jpg,AW_ADV_02,adversarial,Are any road signs or markings visible that convey speed or direction information?,no,B,high,automatic,main_eval,False,,,paligemma,no,no,True,0.08
adverse_weather,c3593016-c4528d9d.jpg,AW_ADV_03,adversarial,Would a driver need to use headlights to safely navigate this scene?,no,A,high,automatic,main_eval,False,,,paligemma,yes,yes,False,0.08
adverse_weather,c3593016-c4528d9d.jpg,AW_ADV_04,adversarial,Is there enough visual information to safely navigate an unfamiliar junction here?,no,B,medium,automatic,main_eval,False,,,paligemma,yes,yes,False,0.08
adverse_weather,c3593016-c4528d9d.jpg,AW_ADV_05,adversarial,Would a driver unfamiliar with this road feel confident proceeding in these conditions?,no,B,medium,automatic,main_eval,False,,,paligemma,no,no,True,0.09
adverse_weather,c3593016-c4528d9d.jpg,AW_BASE_01,baseline,Is visibility reduced in this scene compared to a clear day?,yes,A,high,automatic,baseline_only,False,,,paligemma,yes,yes,True,0.08
adverse_weather,c3593016-c4528d9d.jpg,AW_BASE_02,baseline,Is the weather in this image adverse or challenging for driving?,yes,A,high,automatic,baseline_only,False,,,paligemma,challenging,unclear,False,0.12
adverse_weather,c8bd76fd-77472fba.jpg,AW_P_02,perception,Is it possible to read the colour of the traffic lights in this scene?,yes,A,high,automatic,main_eval,False,,,paligemma,no,no,False,0.09
adverse_weather,c8bd76fd-77472fba.jpg,AW_P_03,perception,Are any road signs visible that you could read from the driver's seat?,no,B,high,automatic,main_eval,False,,,paligemma,no,no,True,0.08
adverse_weather,c8bd76fd-77472fba.jpg,AW_P_04,perception,Can you see far enough ahead to safely react to a sudden hazard?,no,B,medium,automatic,main_eval,False,,,paligemma,yes,yes,False,0.08
adverse_weather,c8bd76fd-77472fba.jpg,AW_P_05,perception,Is there a pedestrian visible anywhere near the road in this scene?,no,A,high,automatic,main_eval,False,,,paligemma,no,no,True,0.08
adverse_weather,c8bd76fd-77472fba.jpg,AW_P_06,perception,"Is the road surface visible enough to judge whether it is wet, icy, or dry?",yes,B,medium,automatic,main_eval,False,,,paligemma,yes,yes,True,0.08
adverse_weather,c8bd76fd-77472fba.jpg,AW_P_08,perception,Is the sky visible and distinguishable from the road in this scene?,no,B,medium,automatic,main_eval,False,,,paligemma,yes,yes,False,0.08
adverse_weather,c8bd76fd-77472fba.jpg,AW_A_01,action,Should the driver turn on their headlights right now?,no,A,high,automatic,main_eval,False,,,paligemma,"Sorry, as a base VLM I am not trained to answer this question.",unclear,False,0.48
adverse_weather,c8bd76fd-77472fba.jpg,AW_A_02,action,Should the driver slow down below the speed limit given current conditions?,yes,B,medium,automatic,main_eval,False,,,paligemma,"Sorry, as a base VLM I am not trained to answer this question.",unclear,False,0.48
adverse_weather,c8bd76fd-77472fba.jpg,AW_A_03,action,Should the driver use windscreen wipers right now?,yes,A,high,automatic,main_eval,False,,,paligemma,"Sorry, as a base VLM I am not trained to answer this question.",unclear,False,0.48
adverse_weather,c8bd76fd-77472fba.jpg,AW_A_04,action,Is it safe to attempt an overtake of the vehicle ahead in these conditions?,no,B,medium,automatic,main_eval,False,,,paligemma,"Sorry, as a base VLM I am not trained to answer this question.",unclear,False,0.48
adverse_weather,c8bd76fd-77472fba.jpg,AW_A_05,action,Should the driver increase following distance from the vehicle ahead?,yes,B,medium,automatic,baseline_only,False,,,paligemma,"Sorry, as a base VLM I am not trained to answer this question.",unclear,False,0.5
adverse_weather,c8bd76fd-77472fba.jpg,AW_H_01,hazard,Is there a risk of a hidden vehicle or obstacle emerging suddenly from the scene?,yes,B,medium,automatic,main_eval,False,,,paligemma,"Sorry, as a base VLM I am not trained to answer this question.",unclear,False,0.48
adverse_weather,c8bd76fd-77472fba.jpg,AW_H_02,hazard,Would braking distance be longer than usual in these conditions?,yes,B,low,automatic,baseline_only,False,,,paligemma,yes,yes,True,0.08
adverse_weather,c8bd76fd-77472fba.jpg,AW_H_03,hazard,Is there a pedestrian in a position where they could step into the vehicle's path?,no,B,medium,automatic,main_eval,False,,,paligemma,no,no,True,0.08
adverse_weather,c8bd76fd-77472fba.jpg,AW_H_04,hazard,Could a cyclist or motorcyclist be hidden somewhere in this scene?,yes,B,medium,automatic,main_eval,False,,,paligemma,yes,yes,True,0.08
adverse_weather,c8bd76fd-77472fba.jpg,AW_H_05,hazard,Is the road surface likely to cause the vehicle to slide or lose traction?,yes,B,medium,automatic,main_eval,False,,,paligemma,yes,yes,True,0.08
adverse_weather,c8bd76fd-77472fba.jpg,AW_H_06,hazard,Is there a risk of glare from headlights or wet road reflections in this scene?,no,B,medium,automatic,main_eval,False,,,paligemma,yes,yes,False,0.08
adverse_weather,c8bd76fd-77472fba.jpg,AW_S_01,scene,Is this a nighttime driving scene?,no,A,high,automatic,main_eval,False,,,paligemma,no,no,True,0.08
adverse_weather,c8bd76fd-77472fba.jpg,AW_S_02,scene,Is this a highway or motorway rather than an urban or residential road?,no,A,high,automatic,main_eval,False,,,paligemma,yes,yes,False,0.09
adverse_weather,c8bd76fd-77472fba.jpg,AW_S_03,scene,Does this scene show active precipitation — rain or snow actually falling?,yes,B,medium,automatic,baseline_only,False,,,paligemma,yes,yes,True,0.08
adverse_weather,c8bd76fd-77472fba.jpg,AW_S_04,scene,Would this scene look significantly different under clear daytime conditions?,yes,B,medium,automatic,main_eval,False,,,paligemma,no,no,False,0.08
adverse_weather,c8bd76fd-77472fba.jpg,AW_S_05,scene,Is the overall light level sufficient to drive without headlights?,yes,B,medium,automatic,main_eval,False,,,paligemma,yes,yes,True,0.09
adverse_weather,c8bd76fd-77472fba.jpg,AW_ADV_01,adversarial,"Despite the weather, can you still identify what type of road this is?",yes,A,high,automatic,main_eval,False,,,paligemma,street,unclear,False,0.08
adverse_weather,c8bd76fd-77472fba.jpg,AW_ADV_02,adversarial,Are any road signs or markings visible that convey speed or direction information?,no,B,high,automatic,main_eval,False,,,paligemma,no,no,True,0.08
adverse_weather,c8bd76fd-77472fba.jpg,AW_ADV_03,adversarial,Would a driver need to use headlights to safely navigate this scene?,no,A,high,automatic,main_eval,False,,,paligemma,yes,yes,False,0.08
adverse_weather,c8bd76fd-77472fba.jpg,AW_ADV_04,adversarial,Is there enough visual information to safely navigate an unfamiliar junction here?,no,B,medium,automatic,main_eval,False,,,paligemma,yes,yes,False,0.08
adverse_weather,c8bd76fd-77472fba.jpg,AW_ADV_05,adversarial,Would a driver unfamiliar with this road feel confident proceeding in these conditions?,no,B,medium,automatic,main_eval,False,,,paligemma,no,no,True,0.08
adverse_weather,c8bd76fd-77472fba.jpg,AW_BASE_01,baseline,Is visibility reduced in this scene compared to a clear day?,yes,A,high,automatic,baseline_only,False,,,paligemma,yes,yes,True,0.08
adverse_weather,c8bd76fd-77472fba.jpg,AW_BASE_02,baseline,Is the weather in this image adverse or challenging for driving?,yes,A,high,automatic,baseline_only,False,,,paligemma,challenging,unclear,False,0.11
adverse_weather,c2b4e787-cb1903e2.jpg,AW_P_01,perception,Can you clearly make out the shape of vehicles ahead on the road?,no,B,medium,automatic,main_eval,False,,,paligemma,yes,yes,False,0.09
adverse_weather,c2b4e787-cb1903e2.jpg,AW_P_03,perception,Are any road signs visible that you could read from the driver's seat?,no,B,high,automatic,main_eval,False,,,paligemma,no,no,True,0.08
adverse_weather,c2b4e787-cb1903e2.jpg,AW_P_04,perception,Can you see far enough ahead to safely react to a sudden hazard?,no,B,medium,automatic,main_eval,False,,,paligemma,yes,yes,False,0.08
adverse_weather,c2b4e787-cb1903e2.jpg,AW_P_05,perception,Is there a pedestrian visible anywhere near the road in this scene?,yes,A,high,automatic,main_eval,False,,,paligemma,no,no,False,0.08
adverse_weather,c2b4e787-cb1903e2.jpg,AW_P_06,perception,"Is the road surface visible enough to judge whether it is wet, icy, or dry?",yes,B,medium,automatic,main_eval,False,,,paligemma,yes,yes,True,0.08
adverse_weather,c2b4e787-cb1903e2.jpg,AW_P_07,perception,Can you tell from this image whether there is a vehicle close enough to be a collision risk?,yes,B,medium,automatic,main_eval,False,,,paligemma,"Sorry, as a base VLM I am not trained to answer this question.",unclear,False,0.48
adverse_weather,c2b4e787-cb1903e2.jpg,AW_P_08,perception,Is the sky visible and distinguishable from the road in this scene?,no,B,medium,automatic,main_eval,False,,,paligemma,yes,yes,False,0.08
adverse_weather,c2b4e787-cb1903e2.jpg,AW_A_01,action,Should the driver turn on their headlights right now?,no,A,high,automatic,main_eval,False,,,paligemma,no,no,True,0.08
adverse_weather,c2b4e787-cb1903e2.jpg,AW_A_02,action,Should the driver slow down below the speed limit given current conditions?,yes,B,medium,automatic,main_eval,False,,,paligemma,yes,yes,True,0.08
adverse_weather,c2b4e787-cb1903e2.jpg,AW_A_03,action,Should the driver use windscreen wipers right now?,yes,A,high,automatic,main_eval,False,,,paligemma,yes,yes,True,0.09
adverse_weather,c2b4e787-cb1903e2.jpg,AW_A_04,action,Is it safe to attempt an overtake of the vehicle ahead in these conditions?,no,B,medium,automatic,main_eval,False,,,paligemma,"Sorry, as a base VLM I am not trained to answer this question.",unclear,False,0.48
adverse_weather,c2b4e787-cb1903e2.jpg,AW_A_05,action,Should the driver increase following distance from the vehicle ahead?,yes,B,medium,automatic,baseline_only,False,,,paligemma,"Sorry, as a base VLM I am not trained to answer this question.",unclear,False,0.48
adverse_weather,c2b4e787-cb1903e2.jpg,AW_H_01,hazard,Is there a risk of a hidden vehicle or obstacle emerging suddenly from the scene?,yes,B,medium,automatic,main_eval,False,,,paligemma,yes,yes,True,0.09
adverse_weather,c2b4e787-cb1903e2.jpg,AW_H_02,hazard,Would braking distance be longer than usual in these conditions?,yes,B,low,automatic,baseline_only,False,,,paligemma,yes,yes,True,0.09
adverse_weather,c2b4e787-cb1903e2.jpg,AW_H_03,hazard,Is there a pedestrian in a position where they could step into the vehicle's path?,yes,B,medium,automatic,main_eval,False,,,paligemma,no,no,False,0.09
adverse_weather,c2b4e787-cb1903e2.jpg,AW_H_04,hazard,Could a cyclist or motorcyclist be hidden somewhere in this scene?,yes,B,medium,automatic,main_eval,False,,,paligemma,yes,yes,True,0.08
adverse_weather,c2b4e787-cb1903e2.jpg,AW_H_05,hazard,Is the road surface likely to cause the vehicle to slide or lose traction?,yes,B,medium,automatic,main_eval,False,,,paligemma,yes,yes,True,0.08
adverse_weather,c2b4e787-cb1903e2.jpg,AW_H_06,hazard,Is there a risk of glare from headlights or wet road reflections in this scene?,no,B,medium,automatic,main_eval,False,,,paligemma,yes,yes,False,0.08
adverse_weather,c2b4e787-cb1903e2.jpg,AW_S_01,scene,Is this a nighttime driving scene?,no,A,high,automatic,main_eval,False,,,paligemma,no,no,True,0.09
adverse_weather,c2b4e787-cb1903e2.jpg,AW_S_02,scene,Is this a highway or motorway rather than an urban or residential road?,no,A,high,automatic,main_eval,False,,,paligemma,urban,unclear,False,0.08
adverse_weather,c2b4e787-cb1903e2.jpg,AW_S_03,scene,Does this scene show active precipitation — rain or snow actually falling?,yes,B,medium,automatic,baseline_only,False,,,paligemma,no,no,False,0.09
adverse_weather,c2b4e787-cb1903e2.jpg,AW_S_04,scene,Would this scene look significantly different under clear daytime conditions?,yes,B,medium,automatic,main_eval,False,,,paligemma,yes,yes,True,0.08
adverse_weather,c2b4e787-cb1903e2.jpg,AW_S_05,scene,Is the overall light level sufficient to drive without headlights?,yes,B,medium,automatic,main_eval,False,,,paligemma,yes,yes,True,0.08
adverse_weather,c2b4e787-cb1903e2.jpg,AW_ADV_01,adversarial,"Despite the weather, can you still identify what type of road this is?",yes,A,high,automatic,main_eval,False,,,paligemma,yes,yes,True,0.08
adverse_weather,c2b4e787-cb1903e2.jpg,AW_ADV_02,adversarial,Are any road signs or markings visible that convey speed or direction information?,no,B,high,automatic,main_eval,False,,,paligemma,no,no,True,0.08
adverse_weather,c2b4e787-cb1903e2.jpg,AW_ADV_03,adversarial,Would a driver need to use headlights to safely navigate this scene?,no,A,high,automatic,main_eval,False,,,paligemma,yes,yes,False,0.08
adverse_weather,c2b4e787-cb1903e2.jpg,AW_ADV_04,adversarial,Is there enough visual information to safely navigate an unfamiliar junction here?,no,B,medium,automatic,main_eval,False,,,paligemma,yes,yes,False,0.08
adverse_weather,c2b4e787-cb1903e2.jpg,AW_ADV_05,adversarial,Would a driver unfamiliar with this road feel confident proceeding in these conditions?,no,B,medium,automatic,main_eval,False,,,paligemma,no,no,True,0.08
adverse_weather,c2b4e787-cb1903e2.jpg,AW_BASE_01,baseline,Is visibility reduced in this scene compared to a clear day?,yes,A,high,automatic,baseline_only,False,,,paligemma,yes,yes,True,0.08
adverse_weather,c2b4e787-cb1903e2.jpg,AW_BASE_02,baseline,Is the weather in this image adverse or challenging for driving?,yes,A,high,automatic,baseline_only,False,,,paligemma,challenging,unclear,False,0.11
adverse_weather,c44d8c58-cca1e1a3.jpg,AW_P_01,perception,Can you clearly make out the shape of vehicles ahead on the road?,no,B,medium,automatic,main_eval,False,,,paligemma,yes,yes,False,0.08
adverse_weather,c44d8c58-cca1e1a3.jpg,AW_P_03,perception,Are any road signs visible that you could read from the driver's seat?,no,B,high,automatic,main_eval,False,,,paligemma,no,no,True,0.08
adverse_weather,c44d8c58-cca1e1a3.jpg,AW_P_04,perception,Can you see far enough ahead to safely react to a sudden hazard?,no,B,medium,automatic,main_eval,False,,,paligemma,no,no,True,0.08
adverse_weather,c44d8c58-cca1e1a3.jpg,AW_P_05,perception,Is there a pedestrian visible anywhere near the road in this scene?,no,A,high,automatic,main_eval,False,,,paligemma,no,no,True,0.08
adverse_weather,c44d8c58-cca1e1a3.jpg,AW_P_06,perception,"Is the road surface visible enough to judge whether it is wet, icy, or dry?",yes,B,medium,automatic,main_eval,False,,,paligemma,dry,unclear,False,0.09
adverse_weather,c44d8c58-cca1e1a3.jpg,AW_P_07,perception,Can you tell from this image whether there is a vehicle close enough to be a collision risk?,yes,B,medium,automatic,main_eval,False,,,paligemma,"Sorry, as a base VLM I am not trained to answer this question.",unclear,False,0.48
adverse_weather,c44d8c58-cca1e1a3.jpg,AW_P_08,perception,Is the sky visible and distinguishable from the road in this scene?,no,B,medium,automatic,main_eval,False,,,paligemma,yes,yes,False,0.08
adverse_weather,c44d8c58-cca1e1a3.jpg,AW_A_01,action,Should the driver turn on their headlights right now?,no,A,high,automatic,main_eval,False,,,paligemma,"Sorry, as a base VLM I am not trained to answer this question.",unclear,False,0.48
adverse_weather,c44d8c58-cca1e1a3.jpg,AW_A_02,action,Should the driver slow down below the speed limit given current conditions?,yes,B,medium,automatic,main_eval,False,,,paligemma,"Sorry, as a base VLM I am not trained to answer this question.",unclear,False,0.48
adverse_weather,c44d8c58-cca1e1a3.jpg,AW_A_03,action,Should the driver use windscreen wipers right now?,yes,A,high,automatic,main_eval,False,,,paligemma,"Sorry, as a base VLM I am not trained to answer this question.",unclear,False,0.48
adverse_weather,c44d8c58-cca1e1a3.jpg,AW_A_04,action,Is it safe to attempt an overtake of the vehicle ahead in these conditions?,no,B,medium,automatic,main_eval,False,,,paligemma,"Sorry, as a base VLM I am not trained to answer this question.",unclear,False,0.48
adverse_weather,c44d8c58-cca1e1a3.jpg,AW_A_05,action,Should the driver increase following distance from the vehicle ahead?,yes,B,medium,automatic,baseline_only,False,,,paligemma,"Sorry, as a base VLM I am not trained to answer this question.",unclear,False,0.48
adverse_weather,c44d8c58-cca1e1a3.jpg,AW_H_01,hazard,Is there a risk of a hidden vehicle or obstacle emerging suddenly from the scene?,yes,B,medium,automatic,main_eval,False,,,paligemma,"Sorry, as a base VLM I am not trained to answer this question.",unclear,False,0.48
adverse_weather,c44d8c58-cca1e1a3.jpg,AW_H_02,hazard,Would braking distance be longer than usual in these conditions?,yes,B,low,automatic,baseline_only,False,,,paligemma,yes,yes,True,0.08
adverse_weather,c44d8c58-cca1e1a3.jpg,AW_H_03,hazard,Is there a pedestrian in a position where they could step into the vehicle's path?,no,B,medium,automatic,main_eval,False,,,paligemma,"Sorry, as a base VLM I am not trained to answer this question.",unclear,False,0.48
adverse_weather,c44d8c58-cca1e1a3.jpg,AW_H_04,hazard,Could a cyclist or motorcyclist be hidden somewhere in this scene?,yes,B,medium,automatic,main_eval,False,,,paligemma,yes,yes,True,0.08
adverse_weather,c44d8c58-cca1e1a3.jpg,AW_H_05,hazard,Is the road surface likely to cause the vehicle to slide or lose traction?,yes,B,medium,automatic,main_eval,False,,,paligemma,yes,yes,True,0.09
adverse_weather,c44d8c58-cca1e1a3.jpg,AW_H_06,hazard,Is there a risk of glare from headlights or wet road reflections in this scene?,no,B,medium,automatic,main_eval,False,,,paligemma,yes,yes,False,0.09
adverse_weather,c44d8c58-cca1e1a3.jpg,AW_S_01,scene,Is this a nighttime driving scene?,no,A,high,automatic,main_eval,False,,,paligemma,no,no,True,0.09
adverse_weather,c44d8c58-cca1e1a3.jpg,AW_S_02,scene,Is this a highway or motorway rather than an urban or residential road?,no,A,high,automatic,main_eval,False,,,paligemma,urban,unclear,False,0.08
adverse_weather,c44d8c58-cca1e1a3.jpg,AW_S_03,scene,Does this scene show active precipitation — rain or snow actually falling?,yes,B,medium,automatic,baseline_only,False,,,paligemma,no,no,False,0.08
adverse_weather,c44d8c58-cca1e1a3.jpg,AW_S_04,scene,Would this scene look significantly different under clear daytime conditions?,yes,B,medium,automatic,main_eval,False,,,paligemma,yes,yes,True,0.08
adverse_weather,c44d8c58-cca1e1a3.jpg,AW_S_05,scene,Is the overall light level sufficient to drive without headlights?,yes,B,medium,automatic,main_eval,False,,,paligemma,yes,yes,True,0.08
adverse_weather,c44d8c58-cca1e1a3.jpg,AW_ADV_01,adversarial,"Despite the weather, can you still identify what type of road this is?",yes,A,high,automatic,main_eval,False,,,paligemma,no,no,False,0.08
adverse_weather,c44d8c58-cca1e1a3.jpg,AW_ADV_02,adversarial,Are any road signs or markings visible that convey speed or direction information?,no,B,high,automatic,main_eval,False,,,paligemma,no,no,True,0.08
adverse_weather,c44d8c58-cca1e1a3.jpg,AW_ADV_03,adversarial,Would a driver need to use headlights to safely navigate this scene?,no,A,high,automatic,main_eval,False,,,paligemma,yes,yes,False,0.08
adverse_weather,c44d8c58-cca1e1a3.jpg,AW_ADV_04,adversarial,Is there enough visual information to safely navigate an unfamiliar junction here?,no,B,medium,automatic,main_eval,False,,,paligemma,no,no,True,0.08
adverse_weather,c44d8c58-cca1e1a3.jpg,AW_ADV_05,adversarial,Would a driver unfamiliar with this road feel confident proceeding in these conditions?,no,B,medium,automatic,main_eval,False,,,paligemma,no,no,True,0.08
adverse_weather,c44d8c58-cca1e1a3.jpg,AW_BASE_01,baseline,Is visibility reduced in this scene compared to a clear day?,yes,A,high,automatic,baseline_only,False,,,paligemma,yes,yes,True,0.08
adverse_weather,c44d8c58-cca1e1a3.jpg,AW_BASE_02,baseline,Is the weather in this image adverse or challenging for driving?,yes,A,high,automatic,baseline_only,False,,,paligemma,challenging,unclear,False,0.11
adverse_weather,b54a8089-aa62f142.jpg,AW_P_01,perception,Can you clearly make out the shape of vehicles ahead on the road?,no,B,medium,automatic,main_eval,False,,,paligemma,yes,yes,False,0.09
adverse_weather,b54a8089-aa62f142.jpg,AW_P_03,perception,Are any road signs visible that you could read from the driver's seat?,no,B,high,automatic,main_eval,False,,,paligemma,no,no,True,0.08
adverse_weather,b54a8089-aa62f142.jpg,AW_P_04,perception,Can you see far enough ahead to safely react to a sudden hazard?,no,B,medium,automatic,main_eval,False,,,paligemma,yes,yes,False,0.09
adverse_weather,b54a8089-aa62f142.jpg,AW_P_05,perception,Is there a pedestrian visible anywhere near the road in this scene?,no,A,high,automatic,main_eval,False,,,paligemma,no,no,True,0.09
adverse_weather,b54a8089-aa62f142.jpg,AW_P_06,perception,"Is the road surface visible enough to judge whether it is wet, icy, or dry?",yes,B,medium,automatic,main_eval,False,,,paligemma,yes,yes,True,0.09
adverse_weather,b54a8089-aa62f142.jpg,AW_P_08,perception,Is the sky visible and distinguishable from the road in this scene?,no,B,medium,automatic,main_eval,False,,,paligemma,yes,yes,False,0.08
adverse_weather,b54a8089-aa62f142.jpg,AW_A_01,action,Should the driver turn on their headlights right now?,no,A,high,automatic,main_eval,False,,,paligemma,no,no,True,0.09
adverse_weather,b54a8089-aa62f142.jpg,AW_A_02,action,Should the driver slow down below the speed limit given current conditions?,yes,B,medium,automatic,main_eval,False,,,paligemma,yes,yes,True,0.09
adverse_weather,b54a8089-aa62f142.jpg,AW_A_03,action,Should the driver use windscreen wipers right now?,yes,A,high,automatic,main_eval,False,,,paligemma,no,no,False,0.09
adverse_weather,b54a8089-aa62f142.jpg,AW_A_04,action,Is it safe to attempt an overtake of the vehicle ahead in these conditions?,no,B,medium,automatic,main_eval,False,,,paligemma,no,no,True,0.09
adverse_weather,b54a8089-aa62f142.jpg,AW_A_05,action,Should the driver increase following distance from the vehicle ahead?,yes,B,medium,automatic,baseline_only,False,,,paligemma,yes,yes,True,0.09
adverse_weather,b54a8089-aa62f142.jpg,AW_H_01,hazard,Is there a risk of a hidden vehicle or obstacle emerging suddenly from the scene?,yes,B,medium,automatic,main_eval,False,,,paligemma,yes,yes,True,0.09
adverse_weather,b54a8089-aa62f142.jpg,AW_H_02,hazard,Would braking distance be longer than usual in these conditions?,yes,B,low,automatic,baseline_only,False,,,paligemma,yes,yes,True,0.09
adverse_weather,b54a8089-aa62f142.jpg,AW_H_03,hazard,Is there a pedestrian in a position where they could step into the vehicle's path?,no,B,medium,automatic,main_eval,False,,,paligemma,no,no,True,0.08
adverse_weather,b54a8089-aa62f142.jpg,AW_H_04,hazard,Could a cyclist or motorcyclist be hidden somewhere in this scene?,yes,B,medium,automatic,main_eval,False,,,paligemma,yes,yes,True,0.08
adverse_weather,b54a8089-aa62f142.jpg,AW_H_05,hazard,Is the road surface likely to cause the vehicle to slide or lose traction?,yes,B,medium,automatic,main_eval,False,,,paligemma,no,no,False,0.08
adverse_weather,b54a8089-aa62f142.jpg,AW_H_06,hazard,Is there a risk of glare from headlights or wet road reflections in this scene?,no,B,medium,automatic,main_eval,False,,,paligemma,yes,yes,False,0.08
adverse_weather,b54a8089-aa62f142.jpg,AW_S_01,scene,Is this a nighttime driving scene?,no,A,high,automatic,main_eval,False,,,paligemma,no,no,True,0.08
adverse_weather,b54a8089-aa62f142.jpg,AW_S_02,scene,Is this a highway or motorway rather than an urban or residential road?,no,A,high,automatic,main_eval,False,,,paligemma,yes,yes,False,0.08
adverse_weather,b54a8089-aa62f142.jpg,AW_S_03,scene,Does this scene show active precipitation — rain or snow actually falling?,yes,B,medium,automatic,baseline_only,False,,,paligemma,no,no,False,0.08
adverse_weather,b54a8089-aa62f142.jpg,AW_S_04,scene,Would this scene look significantly different under clear daytime conditions?,yes,B,medium,automatic,main_eval,False,,,paligemma,yes,yes,True,0.08
adverse_weather,b54a8089-aa62f142.jpg,AW_S_05,scene,Is the overall light level sufficient to drive without headlights?,yes,B,medium,automatic,main_eval,False,,,paligemma,yes,yes,True,0.08
adverse_weather,b54a8089-aa62f142.jpg,AW_ADV_01,adversarial,"Despite the weather, can you still identify what type of road this is?",yes,A,high,automatic,main_eval,False,,,paligemma,no,no,False,0.08
adverse_weather,b54a8089-aa62f142.jpg,AW_ADV_02,adversarial,Are any road signs or markings visible that convey speed or direction information?,no,B,high,automatic,main_eval,False,,,paligemma,no,no,True,0.08
adverse_weather,b54a8089-aa62f142.jpg,AW_ADV_03,adversarial,Would a driver need to use headlights to safely navigate this scene?,no,A,high,automatic,main_eval,False,,,paligemma,no,no,True,0.08
adverse_weather,b54a8089-aa62f142.jpg,AW_ADV_04,adversarial,Is there enough visual information to safely navigate an unfamiliar junction here?,no,B,medium,automatic,main_eval,False,,,paligemma,yes,yes,False,0.08
adverse_weather,b54a8089-aa62f142.jpg,AW_ADV_05,adversarial,Would a driver unfamiliar with this road feel confident proceeding in these conditions?,no,B,medium,automatic,main_eval,False,,,paligemma,no,no,True,0.08
adverse_weather,b54a8089-aa62f142.jpg,AW_BASE_01,baseline,Is visibility reduced in this scene compared to a clear day?,yes,A,high,automatic,baseline_only,False,,,paligemma,yes,yes,True,0.08
adverse_weather,b54a8089-aa62f142.jpg,AW_BASE_02,baseline,Is the weather in this image adverse or challenging for driving?,yes,A,high,automatic,baseline_only,False,,,paligemma,challenging,unclear,False,0.11
adverse_weather,b255cd6c-e5f99451.jpg,AW_P_01,perception,Can you clearly make out the shape of vehicles ahead on the road?,no,B,medium,automatic,main_eval,False,,,paligemma,yes,yes,False,0.09
adverse_weather,b255cd6c-e5f99451.jpg,AW_P_03,perception,Are any road signs visible that you could read from the driver's seat?,no,B,high,automatic,main_eval,False,,,paligemma,no,no,True,0.09
adverse_weather,b255cd6c-e5f99451.jpg,AW_P_04,perception,Can you see far enough ahead to safely react to a sudden hazard?,no,B,medium,automatic,main_eval,False,,,paligemma,no,no,True,0.09
adverse_weather,b255cd6c-e5f99451.jpg,AW_P_05,perception,Is there a pedestrian visible anywhere near the road in this scene?,no,A,high,automatic,main_eval,False,,,paligemma,no,no,True,0.09
adverse_weather,b255cd6c-e5f99451.jpg,AW_P_06,perception,"Is the road surface visible enough to judge whether it is wet, icy, or dry?",no,B,medium,automatic,main_eval,False,,,paligemma,no,no,True,0.09
adverse_weather,b255cd6c-e5f99451.jpg,AW_P_07,perception,Can you tell from this image whether there is a vehicle close enough to be a collision risk?,yes,B,medium,automatic,main_eval,False,,,paligemma,yes,yes,True,0.09
adverse_weather,b255cd6c-e5f99451.jpg,AW_P_08,perception,Is the sky visible and distinguishable from the road in this scene?,no,B,medium,automatic,main_eval,False,,,paligemma,no,no,True,0.09
adverse_weather,b255cd6c-e5f99451.jpg,AW_A_01,action,Should the driver turn on their headlights right now?,yes,A,high,automatic,main_eval,False,,,paligemma,yes,yes,True,0.09
adverse_weather,b255cd6c-e5f99451.jpg,AW_A_02,action,Should the driver slow down below the speed limit given current conditions?,yes,B,medium,automatic,main_eval,False,,,paligemma,yes,yes,True,0.08
adverse_weather,b255cd6c-e5f99451.jpg,AW_A_03,action,Should the driver use windscreen wipers right now?,yes,A,high,automatic,main_eval,False,,,paligemma,yes,yes,True,0.09
adverse_weather,b255cd6c-e5f99451.jpg,AW_A_04,action,Is it safe to attempt an overtake of the vehicle ahead in these conditions?,no,B,medium,automatic,main_eval,False,,,paligemma,no,no,True,0.09
adverse_weather,b255cd6c-e5f99451.jpg,AW_A_05,action,Should the driver increase following distance from the vehicle ahead?,yes,B,medium,automatic,baseline_only,False,,,paligemma,yes,yes,True,0.09
adverse_weather,b255cd6c-e5f99451.jpg,AW_H_01,hazard,Is there a risk of a hidden vehicle or obstacle emerging suddenly from the scene?,yes,B,medium,automatic,main_eval,False,,,paligemma,yes,yes,True,0.09
adverse_weather,b255cd6c-e5f99451.jpg,AW_H_02,hazard,Would braking distance be longer than usual in these conditions?,yes,B,low,automatic,baseline_only,False,,,paligemma,yes,yes,True,0.08
adverse_weather,b255cd6c-e5f99451.jpg,AW_H_03,hazard,Is there a pedestrian in a position where they could step into the vehicle's path?,no,B,medium,automatic,main_eval,False,,,paligemma,yes,yes,False,0.08
adverse_weather,b255cd6c-e5f99451.jpg,AW_H_04,hazard,Could a cyclist or motorcyclist be hidden somewhere in this scene?,yes,B,medium,automatic,main_eval,False,,,paligemma,yes,yes,True,0.08
adverse_weather,b255cd6c-e5f99451.jpg,AW_H_05,hazard,Is the road surface likely to cause the vehicle to slide or lose traction?,yes,B,medium,automatic,main_eval,False,,,paligemma,yes,yes,True,0.08
adverse_weather,b255cd6c-e5f99451.jpg,AW_S_01,scene,Is this a nighttime driving scene?,yes,A,high,automatic,main_eval,False,,,paligemma,yes,yes,True,0.08
adverse_weather,b255cd6c-e5f99451.jpg,AW_S_02,scene,Is this a highway or motorway rather than an urban or residential road?,no,A,high,automatic,main_eval,False,,,paligemma,no,no,True,0.08
adverse_weather,b255cd6c-e5f99451.jpg,AW_S_03,scene,Does this scene show active precipitation — rain or snow actually falling?,yes,B,medium,automatic,baseline_only,False,,,paligemma,yes,yes,True,0.08
adverse_weather,b255cd6c-e5f99451.jpg,AW_S_04,scene,Would this scene look significantly different under clear daytime conditions?,yes,B,medium,automatic,main_eval,False,,,paligemma,yes,yes,True,0.08
adverse_weather,b255cd6c-e5f99451.jpg,AW_S_05,scene,Is the overall light level sufficient to drive without headlights?,no,B,medium,automatic,main_eval,False,,,paligemma,no,no,True,0.08
adverse_weather,b255cd6c-e5f99451.jpg,AW_ADV_01,adversarial,"Despite the weather, can you still identify what type of road this is?",yes,A,high,automatic,main_eval,False,,,paligemma,no,no,False,0.08
adverse_weather,b255cd6c-e5f99451.jpg,AW_ADV_02,adversarial,Are any road signs or markings visible that convey speed or direction information?,no,B,high,automatic,main_eval,False,,,paligemma,no,no,True,0.09
adverse_weather,b255cd6c-e5f99451.jpg,AW_ADV_03,adversarial,Would a driver need to use headlights to safely navigate this scene?,yes,A,high,automatic,main_eval,False,,,paligemma,yes,yes,True,0.09
adverse_weather,b255cd6c-e5f99451.jpg,AW_ADV_04,adversarial,Is there enough visual information to safely navigate an unfamiliar junction here?,no,B,medium,automatic,main_eval,False,,,paligemma,no,no,True,0.09
adverse_weather,b255cd6c-e5f99451.jpg,AW_ADV_05,adversarial,Would a driver unfamiliar with this road feel confident proceeding in these conditions?,no,B,medium,automatic,main_eval,False,,,paligemma,no,no,True,0.09
adverse_weather,b255cd6c-e5f99451.jpg,AW_BASE_01,baseline,Is visibility reduced in this scene compared to a clear day?,yes,A,high,automatic,baseline_only,False,,,paligemma,yes,yes,True,0.08
adverse_weather,b255cd6c-e5f99451.jpg,AW_BASE_02,baseline,Is the weather in this image adverse or challenging for driving?,yes,A,high,automatic,baseline_only,False,,,paligemma,adverse,unclear,False,0.11
adverse_weather,be64f818-053b36ba.jpg,AW_P_03,perception,Are any road signs visible that you could read from the driver's seat?,no,B,high,automatic,main_eval,False,,,paligemma,yes,yes,False,0.09
adverse_weather,be64f818-053b36ba.jpg,AW_P_04,perception,Can you see far enough ahead to safely react to a sudden hazard?,no,B,medium,automatic,main_eval,False,,,paligemma,yes,yes,False,0.09
adverse_weather,be64f818-053b36ba.jpg,AW_P_05,perception,Is there a pedestrian visible anywhere near the road in this scene?,no,A,high,automatic,main_eval,False,,,paligemma,no,no,True,0.09
adverse_weather,be64f818-053b36ba.jpg,AW_P_06,perception,"Is the road surface visible enough to judge whether it is wet, icy, or dry?",yes,B,medium,automatic,main_eval,False,,,paligemma,yes,yes,True,0.09
adverse_weather,be64f818-053b36ba.jpg,AW_P_07,perception,Can you tell from this image whether there is a vehicle close enough to be a collision risk?,no,B,medium,automatic,main_eval,False,,,paligemma,yes,yes,False,0.09
adverse_weather,be64f818-053b36ba.jpg,AW_P_08,perception,Is the sky visible and distinguishable from the road in this scene?,no,B,medium,automatic,main_eval,False,,,paligemma,no,no,True,0.09
adverse_weather,be64f818-053b36ba.jpg,AW_A_01,action,Should the driver turn on their headlights right now?,no,A,high,automatic,main_eval,False,,,paligemma,yes,yes,False,0.09
adverse_weather,be64f818-053b36ba.jpg,AW_A_02,action,Should the driver slow down below the speed limit given current conditions?,yes,B,medium,automatic,main_eval,False,,,paligemma,yes,yes,True,0.08
adverse_weather,be64f818-053b36ba.jpg,AW_A_03,action,Should the driver use windscreen wipers right now?,yes,A,high,automatic,main_eval,False,,,paligemma,yes,yes,True,0.08
adverse_weather,be64f818-053b36ba.jpg,AW_A_04,action,Is it safe to attempt an overtake of the vehicle ahead in these conditions?,no,B,medium,automatic,main_eval,False,,,paligemma,no,no,True,0.08
adverse_weather,be64f818-053b36ba.jpg,AW_A_05,action,Should the driver increase following distance from the vehicle ahead?,yes,B,medium,automatic,baseline_only,False,,,paligemma,yes,yes,True,0.08
adverse_weather,be64f818-053b36ba.jpg,AW_H_01,hazard,Is there a risk of a hidden vehicle or obstacle emerging suddenly from the scene?,yes,B,medium,automatic,main_eval,False,,,paligemma,yes,yes,True,0.08
adverse_weather,be64f818-053b36ba.jpg,AW_H_02,hazard,Would braking distance be longer than usual in these conditions?,yes,B,low,automatic,baseline_only,False,,,paligemma,yes,yes,True,0.08
adverse_weather,be64f818-053b36ba.jpg,AW_H_03,hazard,Is there a pedestrian in a position where they could step into the vehicle's path?,no,B,medium,automatic,main_eval,False,,,paligemma,no,no,True,0.08
adverse_weather,be64f818-053b36ba.jpg,AW_H_04,hazard,Could a cyclist or motorcyclist be hidden somewhere in this scene?,yes,B,medium,automatic,main_eval,False,,,paligemma,yes,yes,True,0.08
adverse_weather,be64f818-053b36ba.jpg,AW_H_05,hazard,Is the road surface likely to cause the vehicle to slide or lose traction?,yes,B,medium,automatic,main_eval,False,,,paligemma,yes,yes,True,0.08
adverse_weather,be64f818-053b36ba.jpg,AW_H_06,hazard,Is there a risk of glare from headlights or wet road reflections in this scene?,no,B,medium,automatic,main_eval,False,,,paligemma,yes,yes,False,0.08
adverse_weather,be64f818-053b36ba.jpg,AW_S_01,scene,Is this a nighttime driving scene?,no,A,high,automatic,main_eval,False,,,paligemma,no,no,True,0.08
adverse_weather,be64f818-053b36ba.jpg,AW_S_02,scene,Is this a highway or motorway rather than an urban or residential road?,no,A,high,automatic,main_eval,False,,,paligemma,yes,yes,False,0.08
adverse_weather,be64f818-053b36ba.jpg,AW_S_03,scene,Does this scene show active precipitation — rain or snow actually falling?,yes,B,medium,automatic,baseline_only,False,,,paligemma,snow,unclear,False,0.09
adverse_weather,be64f818-053b36ba.jpg,AW_S_04,scene,Would this scene look significantly different under clear daytime conditions?,yes,B,medium,automatic,main_eval,False,,,paligemma,yes,yes,True,0.09
adverse_weather,be64f818-053b36ba.jpg,AW_S_05,scene,Is the overall light level sufficient to drive without headlights?,yes,B,medium,automatic,main_eval,False,,,paligemma,yes,yes,True,0.08
adverse_weather,be64f818-053b36ba.jpg,AW_ADV_01,adversarial,"Despite the weather, can you still identify what type of road this is?",yes,A,high,automatic,main_eval,False,,,paligemma,no,no,False,0.09
adverse_weather,be64f818-053b36ba.jpg,AW_ADV_02,adversarial,Are any road signs or markings visible that convey speed or direction information?,no,B,high,automatic,main_eval,False,,,paligemma,no,no,True,0.09
adverse_weather,be64f818-053b36ba.jpg,AW_ADV_03,adversarial,Would a driver need to use headlights to safely navigate this scene?,no,A,high,automatic,main_eval,False,,,paligemma,yes,yes,False,0.08
adverse_weather,be64f818-053b36ba.jpg,AW_ADV_04,adversarial,Is there enough visual information to safely navigate an unfamiliar junction here?,no,B,medium,automatic,main_eval,False,,,paligemma,yes,yes,False,0.08
adverse_weather,be64f818-053b36ba.jpg,AW_ADV_05,adversarial,Would a driver unfamiliar with this road feel confident proceeding in these conditions?,no,B,medium,automatic,main_eval,False,,,paligemma,no,no,True,0.08
adverse_weather,be64f818-053b36ba.jpg,AW_BASE_01,baseline,Is visibility reduced in this scene compared to a clear day?,yes,A,high,automatic,baseline_only,False,,,paligemma,yes,yes,True,0.08
adverse_weather,be64f818-053b36ba.jpg,AW_BASE_02,baseline,Is the weather in this image adverse or challenging for driving?,yes,A,high,automatic,baseline_only,False,,,paligemma,challenging,unclear,False,0.11
adverse_weather,c53986c1-925eafc4.jpg,AW_P_01,perception,Can you clearly make out the shape of vehicles ahead on the road?,no,B,medium,automatic,main_eval,False,,,paligemma,no,no,True,0.08
adverse_weather,c53986c1-925eafc4.jpg,AW_P_03,perception,Are any road signs visible that you could read from the driver's seat?,no,B,high,automatic,main_eval,False,,,paligemma,no,no,True,0.08
adverse_weather,c53986c1-925eafc4.jpg,AW_P_04,perception,Can you see far enough ahead to safely react to a sudden hazard?,no,B,medium,automatic,main_eval,False,,,paligemma,no,no,True,0.08
adverse_weather,c53986c1-925eafc4.jpg,AW_P_05,perception,Is there a pedestrian visible anywhere near the road in this scene?,yes,A,high,automatic,main_eval,False,,,paligemma,yes,yes,True,0.08
adverse_weather,c53986c1-925eafc4.jpg,AW_P_06,perception,"Is the road surface visible enough to judge whether it is wet, icy, or dry?",yes,B,medium,automatic,main_eval,False,,,paligemma,yes,yes,True,0.09
adverse_weather,c53986c1-925eafc4.jpg,AW_P_07,perception,Can you tell from this image whether there is a vehicle close enough to be a collision risk?,yes,B,medium,automatic,main_eval,False,,,paligemma,no,no,False,0.09
adverse_weather,c53986c1-925eafc4.jpg,AW_P_08,perception,Is the sky visible and distinguishable from the road in this scene?,no,B,medium,automatic,main_eval,False,,,paligemma,yes,yes,False,0.08
adverse_weather,c53986c1-925eafc4.jpg,AW_A_01,action,Should the driver turn on their headlights right now?,no,A,high,automatic,main_eval,False,,,paligemma,no,no,True,0.09
adverse_weather,c53986c1-925eafc4.jpg,AW_A_02,action,Should the driver slow down below the speed limit given current conditions?,yes,B,medium,automatic,main_eval,False,,,paligemma,yes,yes,True,0.09
adverse_weather,c53986c1-925eafc4.jpg,AW_A_03,action,Should the driver use windscreen wipers right now?,yes,A,high,automatic,main_eval,False,,,paligemma,yes,yes,True,0.09
adverse_weather,c53986c1-925eafc4.jpg,AW_A_04,action,Is it safe to attempt an overtake of the vehicle ahead in these conditions?,no,B,medium,automatic,main_eval,False,,,paligemma,no,no,True,0.08
adverse_weather,c53986c1-925eafc4.jpg,AW_A_05,action,Should the driver increase following distance from the vehicle ahead?,yes,B,medium,automatic,baseline_only,False,,,paligemma,yes,yes,True,0.08
adverse_weather,c53986c1-925eafc4.jpg,AW_H_01,hazard,Is there a risk of a hidden vehicle or obstacle emerging suddenly from the scene?,yes,B,medium,automatic,main_eval,False,,,paligemma,yes,yes,True,0.08
adverse_weather,c53986c1-925eafc4.jpg,AW_H_02,hazard,Would braking distance be longer than usual in these conditions?,yes,B,low,automatic,baseline_only,False,,,paligemma,yes,yes,True,0.08
adverse_weather,c53986c1-925eafc4.jpg,AW_H_03,hazard,Is there a pedestrian in a position where they could step into the vehicle's path?,yes,B,medium,automatic,main_eval,False,,,paligemma,yes,yes,True,0.08
adverse_weather,c53986c1-925eafc4.jpg,AW_H_04,hazard,Could a cyclist or motorcyclist be hidden somewhere in this scene?,yes,B,medium,automatic,main_eval,False,,,paligemma,yes,yes,True,0.09
adverse_weather,c53986c1-925eafc4.jpg,AW_H_05,hazard,Is the road surface likely to cause the vehicle to slide or lose traction?,yes,B,medium,automatic,main_eval,False,,,paligemma,yes,yes,True,0.09
adverse_weather,c53986c1-925eafc4.jpg,AW_H_06,hazard,Is there a risk of glare from headlights or wet road reflections in this scene?,no,B,medium,automatic,main_eval,False,,,paligemma,yes,yes,False,0.09
adverse_weather,c53986c1-925eafc4.jpg,AW_S_01,scene,Is this a nighttime driving scene?,no,A,high,automatic,main_eval,False,,,paligemma,no,no,True,0.08
adverse_weather,c53986c1-925eafc4.jpg,AW_S_02,scene,Is this a highway or motorway rather than an urban or residential road?,no,A,high,automatic,main_eval,False,,,paligemma,urban,unclear,False,0.09
adverse_weather,c53986c1-925eafc4.jpg,AW_S_03,scene,Does this scene show active precipitation — rain or snow actually falling?,yes,B,medium,automatic,baseline_only,False,,,paligemma,no,no,False,0.08
adverse_weather,c53986c1-925eafc4.jpg,AW_S_04,scene,Would this scene look significantly different under clear daytime conditions?,yes,B,medium,automatic,main_eval,False,,,paligemma,yes,yes,True,0.08
adverse_weather,c53986c1-925eafc4.jpg,AW_S_05,scene,Is the overall light level sufficient to drive without headlights?,yes,B,medium,automatic,main_eval,False,,,paligemma,no,no,False,0.09
adverse_weather,c53986c1-925eafc4.jpg,AW_ADV_01,adversarial,"Despite the weather, can you still identify what type of road this is?",yes,A,high,automatic,main_eval,False,,,paligemma,no,no,False,0.09
adverse_weather,c53986c1-925eafc4.jpg,AW_ADV_02,adversarial,Are any road signs or markings visible that convey speed or direction information?,no,B,high,automatic,main_eval,False,,,paligemma,no,no,True,0.08
adverse_weather,c53986c1-925eafc4.jpg,AW_ADV_03,adversarial,Would a driver need to use headlights to safely navigate this scene?,no,A,high,automatic,main_eval,False,,,paligemma,yes,yes,False,0.08
adverse_weather,c53986c1-925eafc4.jpg,AW_ADV_04,adversarial,Is there enough visual information to safely navigate an unfamiliar junction here?,no,B,medium,automatic,main_eval,False,,,paligemma,no,no,True,0.08
adverse_weather,c53986c1-925eafc4.jpg,AW_ADV_05,adversarial,Would a driver unfamiliar with this road feel confident proceeding in these conditions?,no,B,medium,automatic,main_eval,False,,,paligemma,no,no,True,0.08
adverse_weather,c53986c1-925eafc4.jpg,AW_BASE_01,baseline,Is visibility reduced in this scene compared to a clear day?,yes,A,high,automatic,baseline_only,False,,,paligemma,yes,yes,True,0.08
adverse_weather,c53986c1-925eafc4.jpg,AW_BASE_02,baseline,Is the weather in this image adverse or challenging for driving?,yes,A,high,automatic,baseline_only,False,,,paligemma,challenging,unclear,False,0.11
adverse_weather,b6804637-851a6e28.jpg,AW_P_03,perception,Are any road signs visible that you could read from the driver's seat?,no,B,high,automatic,main_eval,False,,,paligemma,no,no,True,0.08
adverse_weather,b6804637-851a6e28.jpg,AW_P_04,perception,Can you see far enough ahead to safely react to a sudden hazard?,no,B,medium,automatic,main_eval,False,,,paligemma,yes,yes,False,0.09
adverse_weather,b6804637-851a6e28.jpg,AW_P_05,perception,Is there a pedestrian visible anywhere near the road in this scene?,no,A,high,automatic,main_eval,False,,,paligemma,no,no,True,0.08
adverse_weather,b6804637-851a6e28.jpg,AW_P_06,perception,"Is the road surface visible enough to judge whether it is wet, icy, or dry?",yes,B,medium,automatic,main_eval,False,,,paligemma,yes,yes,True,0.08
adverse_weather,b6804637-851a6e28.jpg,AW_P_07,perception,Can you tell from this image whether there is a vehicle close enough to be a collision risk?,no,B,medium,automatic,main_eval,False,,,paligemma,"Sorry, as a base VLM I am not trained to answer this question.",unclear,False,0.48
adverse_weather,b6804637-851a6e28.jpg,AW_P_08,perception,Is the sky visible and distinguishable from the road in this scene?,no,B,medium,automatic,main_eval,False,,,paligemma,yes,yes,False,0.09
adverse_weather,b6804637-851a6e28.jpg,AW_A_01,action,Should the driver turn on their headlights right now?,no,A,high,automatic,main_eval,False,,,paligemma,"Sorry, as a base VLM I am not trained to answer this question.",unclear,False,0.48
adverse_weather,b6804637-851a6e28.jpg,AW_A_02,action,Should the driver slow down below the speed limit given current conditions?,yes,B,medium,automatic,main_eval,False,,,paligemma,"Sorry, as a base VLM I am not trained to answer this question.",unclear,False,0.48
adverse_weather,b6804637-851a6e28.jpg,AW_A_03,action,Should the driver use windscreen wipers right now?,yes,A,high,automatic,main_eval,False,,,paligemma,"Sorry, as a base VLM I am not trained to answer this question.",unclear,False,0.48
adverse_weather,b6804637-851a6e28.jpg,AW_A_04,action,Is it safe to attempt an overtake of the vehicle ahead in these conditions?,no,B,medium,automatic,main_eval,False,,,paligemma,"Sorry, as a base VLM I am not trained to answer this question.",unclear,False,0.48
adverse_weather,b6804637-851a6e28.jpg,AW_A_05,action,Should the driver increase following distance from the vehicle ahead?,yes,B,medium,automatic,baseline_only,False,,,paligemma,"Sorry, as a base VLM I am not trained to answer this question.",unclear,False,0.48
adverse_weather,b6804637-851a6e28.jpg,AW_H_01,hazard,Is there a risk of a hidden vehicle or obstacle emerging suddenly from the scene?,yes,B,medium,automatic,main_eval,False,,,paligemma,"Sorry, as a base VLM I am not trained to answer this question.",unclear,False,0.48
adverse_weather,b6804637-851a6e28.jpg,AW_H_02,hazard,Would braking distance be longer than usual in these conditions?,yes,B,low,automatic,baseline_only,False,,,paligemma,yes,yes,True,0.09
adverse_weather,b6804637-851a6e28.jpg,AW_H_03,hazard,Is there a pedestrian in a position where they could step into the vehicle's path?,no,B,medium,automatic,main_eval,False,,,paligemma,"Sorry, as a base VLM I am not trained to answer this question.",unclear,False,0.48
adverse_weather,b6804637-851a6e28.jpg,AW_H_04,hazard,Could a cyclist or motorcyclist be hidden somewhere in this scene?,yes,B,medium,automatic,main_eval,False,,,paligemma,yes,yes,True,0.08
adverse_weather,b6804637-851a6e28.jpg,AW_H_05,hazard,Is the road surface likely to cause the vehicle to slide or lose traction?,yes,B,medium,automatic,main_eval,False,,,paligemma,no,no,False,0.08
adverse_weather,b6804637-851a6e28.jpg,AW_H_06,hazard,Is there a risk of glare from headlights or wet road reflections in this scene?,no,B,medium,automatic,main_eval,False,,,paligemma,yes,yes,False,0.09
adverse_weather,b6804637-851a6e28.jpg,AW_S_01,scene,Is this a nighttime driving scene?,no,A,high,automatic,main_eval,False,,,paligemma,no,no,True,0.08
adverse_weather,b6804637-851a6e28.jpg,AW_S_02,scene,Is this a highway or motorway rather than an urban or residential road?,no,A,high,automatic,main_eval,False,,,paligemma,yes,yes,False,0.08
adverse_weather,b6804637-851a6e28.jpg,AW_S_03,scene,Does this scene show active precipitation — rain or snow actually falling?,yes,B,medium,automatic,baseline_only,False,,,paligemma,yes,yes,True,0.08
adverse_weather,b6804637-851a6e28.jpg,AW_S_04,scene,Would this scene look significantly different under clear daytime conditions?,yes,B,medium,automatic,main_eval,False,,,paligemma,no,no,False,0.08
adverse_weather,b6804637-851a6e28.jpg,AW_S_05,scene,Is the overall light level sufficient to drive without headlights?,yes,B,medium,automatic,main_eval,False,,,paligemma,yes,yes,True,0.08
adverse_weather,b6804637-851a6e28.jpg,AW_ADV_01,adversarial,"Despite the weather, can you still identify what type of road this is?",yes,A,high,automatic,main_eval,False,,,paligemma,no,no,False,0.08
adverse_weather,b6804637-851a6e28.jpg,AW_ADV_02,adversarial,Are any road signs or markings visible that convey speed or direction information?,no,B,high,automatic,main_eval,False,,,paligemma,no,no,True,0.08
adverse_weather,b6804637-851a6e28.jpg,AW_ADV_03,adversarial,Would a driver need to use headlights to safely navigate this scene?,no,A,high,automatic,main_eval,False,,,paligemma,yes,yes,False,0.09
adverse_weather,b6804637-851a6e28.jpg,AW_ADV_04,adversarial,Is there enough visual information to safely navigate an unfamiliar junction here?,no,B,medium,automatic,main_eval,False,,,paligemma,yes,yes,False,0.08
adverse_weather,b6804637-851a6e28.jpg,AW_ADV_05,adversarial,Would a driver unfamiliar with this road feel confident proceeding in these conditions?,no,B,medium,automatic,main_eval,False,,,paligemma,no,no,True,0.09
adverse_weather,b6804637-851a6e28.jpg,AW_BASE_01,baseline,Is visibility reduced in this scene compared to a clear day?,yes,A,high,automatic,baseline_only,False,,,paligemma,yes,yes,True,0.08
adverse_weather,b6804637-851a6e28.jpg,AW_BASE_02,baseline,Is the weather in this image adverse or challenging for driving?,yes,A,high,automatic,baseline_only,False,,,paligemma,challenging,unclear,False,0.11
adverse_weather,b82f91d7-808670c6.jpg,AW_P_03,perception,Are any road signs visible that you could read from the driver's seat?,no,B,high,automatic,main_eval,False,,,paligemma,no,no,True,0.09
adverse_weather,b82f91d7-808670c6.jpg,AW_P_04,perception,Can you see far enough ahead to safely react to a sudden hazard?,no,B,medium,automatic,main_eval,False,,,paligemma,yes,yes,False,0.09
adverse_weather,b82f91d7-808670c6.jpg,AW_P_05,perception,Is there a pedestrian visible anywhere near the road in this scene?,no,A,high,automatic,main_eval,False,,,paligemma,no,no,True,0.09
adverse_weather,b82f91d7-808670c6.jpg,AW_P_06,perception,"Is the road surface visible enough to judge whether it is wet, icy, or dry?",yes,B,medium,automatic,main_eval,False,,,paligemma,yes,yes,True,0.09
adverse_weather,b82f91d7-808670c6.jpg,AW_P_07,perception,Can you tell from this image whether there is a vehicle close enough to be a collision risk?,no,B,medium,automatic,main_eval,False,,,paligemma,"Sorry, as a base VLM I am not trained to answer this question.",unclear,False,0.48
adverse_weather,b82f91d7-808670c6.jpg,AW_P_08,perception,Is the sky visible and distinguishable from the road in this scene?,no,B,medium,automatic,main_eval,False,,,paligemma,yes,yes,False,0.08
adverse_weather,b82f91d7-808670c6.jpg,AW_A_01,action,Should the driver turn on their headlights right now?,no,A,high,automatic,main_eval,False,,,paligemma,"Sorry, as a base VLM I am not trained to answer this question.",unclear,False,0.48
adverse_weather,b82f91d7-808670c6.jpg,AW_A_02,action,Should the driver slow down below the speed limit given current conditions?,yes,B,medium,automatic,main_eval,False,,,paligemma,"Sorry, as a base VLM I am not trained to answer this question.",unclear,False,0.48
adverse_weather,b82f91d7-808670c6.jpg,AW_A_03,action,Should the driver use windscreen wipers right now?,yes,A,high,automatic,main_eval,False,,,paligemma,"Sorry, as a base VLM I am not trained to answer this question.",unclear,False,0.48
adverse_weather,b82f91d7-808670c6.jpg,AW_A_04,action,Is it safe to attempt an overtake of the vehicle ahead in these conditions?,no,B,medium,automatic,main_eval,False,,,paligemma,"Sorry, as a base VLM I am not trained to answer this question.",unclear,False,0.48
adverse_weather,b82f91d7-808670c6.jpg,AW_A_05,action,Should the driver increase following distance from the vehicle ahead?,yes,B,medium,automatic,baseline_only,False,,,paligemma,"Sorry, as a base VLM I am not trained to answer this question.",unclear,False,0.48
adverse_weather,b82f91d7-808670c6.jpg,AW_H_01,hazard,Is there a risk of a hidden vehicle or obstacle emerging suddenly from the scene?,yes,B,medium,automatic,main_eval,False,,,paligemma,"Sorry, as a base VLM I am not trained to answer this question.",unclear,False,0.48
adverse_weather,b82f91d7-808670c6.jpg,AW_H_02,hazard,Would braking distance be longer than usual in these conditions?,yes,B,low,automatic,baseline_only,False,,,paligemma,yes,yes,True,0.08
adverse_weather,b82f91d7-808670c6.jpg,AW_H_03,hazard,Is there a pedestrian in a position where they could step into the vehicle's path?,no,B,medium,automatic,main_eval,False,,,paligemma,no,no,True,0.08
adverse_weather,b82f91d7-808670c6.jpg,AW_H_04,hazard,Could a cyclist or motorcyclist be hidden somewhere in this scene?,yes,B,medium,automatic,main_eval,False,,,paligemma,yes,yes,True,0.08
adverse_weather,b82f91d7-808670c6.jpg,AW_H_05,hazard,Is the road surface likely to cause the vehicle to slide or lose traction?,yes,B,medium,automatic,main_eval,False,,,paligemma,yes,yes,True,0.09
adverse_weather,b82f91d7-808670c6.jpg,AW_H_06,hazard,Is there a risk of glare from headlights or wet road reflections in this scene?,no,B,medium,automatic,main_eval,False,,,paligemma,yes,yes,False,0.09
adverse_weather,b82f91d7-808670c6.jpg,AW_S_01,scene,Is this a nighttime driving scene?,no,A,high,automatic,main_eval,False,,,paligemma,no,no,True,0.09
adverse_weather,b82f91d7-808670c6.jpg,AW_S_02,scene,Is this a highway or motorway rather than an urban or residential road?,no,A,high,automatic,main_eval,False,,,paligemma,residential,unclear,False,0.08
adverse_weather,b82f91d7-808670c6.jpg,AW_S_03,scene,Does this scene show active precipitation — rain or snow actually falling?,yes,B,medium,automatic,baseline_only,False,,,paligemma,snow,unclear,False,0.08
adverse_weather,b82f91d7-808670c6.jpg,AW_S_04,scene,Would this scene look significantly different under clear daytime conditions?,yes,B,medium,automatic,main_eval,False,,,paligemma,yes,yes,True,0.08
adverse_weather,b82f91d7-808670c6.jpg,AW_S_05,scene,Is the overall light level sufficient to drive without headlights?,yes,B,medium,automatic,main_eval,False,,,paligemma,yes,yes,True,0.09
adverse_weather,b82f91d7-808670c6.jpg,AW_ADV_01,adversarial,"Despite the weather, can you still identify what type of road this is?",yes,A,high,automatic,main_eval,False,,,paligemma,yes,yes,True,0.09
adverse_weather,b82f91d7-808670c6.jpg,AW_ADV_02,adversarial,Are any road signs or markings visible that convey speed or direction information?,no,B,high,automatic,main_eval,False,,,paligemma,no,no,True,0.09
adverse_weather,b82f91d7-808670c6.jpg,AW_ADV_03,adversarial,Would a driver need to use headlights to safely navigate this scene?,no,A,high,automatic,main_eval,False,,,paligemma,yes,yes,False,0.08
adverse_weather,b82f91d7-808670c6.jpg,AW_ADV_04,adversarial,Is there enough visual information to safely navigate an unfamiliar junction here?,no,B,medium,automatic,main_eval,False,,,paligemma,yes,yes,False,0.08
adverse_weather,b82f91d7-808670c6.jpg,AW_ADV_05,adversarial,Would a driver unfamiliar with this road feel confident proceeding in these conditions?,no,B,medium,automatic,main_eval,False,,,paligemma,no,no,True,0.08
adverse_weather,b82f91d7-808670c6.jpg,AW_BASE_01,baseline,Is visibility reduced in this scene compared to a clear day?,yes,A,high,automatic,baseline_only,False,,,paligemma,yes,yes,True,0.08
adverse_weather,b82f91d7-808670c6.jpg,AW_BASE_02,baseline,Is the weather in this image adverse or challenging for driving?,yes,A,high,automatic,baseline_only,False,,,paligemma,challenging,unclear,False,0.11
adverse_weather,ca2260e9-51ebcdc6.jpg,AW_P_02,perception,Is it possible to read the colour of the traffic lights in this scene?,yes,A,high,automatic,main_eval,False,,,paligemma,yes,yes,True,0.08
adverse_weather,ca2260e9-51ebcdc6.jpg,AW_P_04,perception,Can you see far enough ahead to safely react to a sudden hazard?,no,B,medium,automatic,main_eval,False,,,paligemma,yes,yes,False,0.08
adverse_weather,ca2260e9-51ebcdc6.jpg,AW_P_05,perception,Is there a pedestrian visible anywhere near the road in this scene?,yes,A,high,automatic,main_eval,False,,,paligemma,no,no,False,0.08
adverse_weather,ca2260e9-51ebcdc6.jpg,AW_P_06,perception,"Is the road surface visible enough to judge whether it is wet, icy, or dry?",yes,B,medium,automatic,main_eval,False,,,paligemma,yes,yes,True,0.08
adverse_weather,ca2260e9-51ebcdc6.jpg,AW_P_07,perception,Can you tell from this image whether there is a vehicle close enough to be a collision risk?,no,B,medium,automatic,main_eval,False,,,paligemma,no,no,True,0.09
adverse_weather,ca2260e9-51ebcdc6.jpg,AW_P_08,perception,Is the sky visible and distinguishable from the road in this scene?,no,B,medium,automatic,main_eval,False,,,paligemma,no,no,True,0.08
adverse_weather,ca2260e9-51ebcdc6.jpg,AW_A_01,action,Should the driver turn on their headlights right now?,no,A,high,automatic,main_eval,False,,,paligemma,"Sorry, as a base VLM I am not trained to answer this question.",unclear,False,0.48
adverse_weather,ca2260e9-51ebcdc6.jpg,AW_A_02,action,Should the driver slow down below the speed limit given current conditions?,yes,B,medium,automatic,main_eval,False,,,paligemma,"Sorry, as a base VLM I am not trained to answer this question.",unclear,False,0.48
adverse_weather,ca2260e9-51ebcdc6.jpg,AW_A_03,action,Should the driver use windscreen wipers right now?,yes,A,high,automatic,main_eval,False,,,paligemma,"Sorry, as a base VLM I am not trained to answer this question.",unclear,False,0.48
adverse_weather,ca2260e9-51ebcdc6.jpg,AW_A_04,action,Is it safe to attempt an overtake of the vehicle ahead in these conditions?,no,B,medium,automatic,main_eval,False,,,paligemma,"Sorry, as a base VLM I am not trained to answer this question.",unclear,False,0.48
adverse_weather,ca2260e9-51ebcdc6.jpg,AW_A_05,action,Should the driver increase following distance from the vehicle ahead?,yes,B,medium,automatic,baseline_only,False,,,paligemma,"Sorry, as a base VLM I am not trained to answer this question.",unclear,False,0.48
adverse_weather,ca2260e9-51ebcdc6.jpg,AW_H_01,hazard,Is there a risk of a hidden vehicle or obstacle emerging suddenly from the scene?,yes,B,medium,automatic,main_eval,False,,,paligemma,"Sorry, as a base VLM I am not trained to answer this question.",unclear,False,0.48
adverse_weather,ca2260e9-51ebcdc6.jpg,AW_H_02,hazard,Would braking distance be longer than usual in these conditions?,yes,B,low,automatic,baseline_only,False,,,paligemma,yes,yes,True,0.09
adverse_weather,ca2260e9-51ebcdc6.jpg,AW_H_04,hazard,Could a cyclist or motorcyclist be hidden somewhere in this scene?,yes,B,medium,automatic,main_eval,False,,,paligemma,"Sorry, as a base VLM I am not trained to answer this question.",unclear,False,0.48
adverse_weather,ca2260e9-51ebcdc6.jpg,AW_H_05,hazard,Is the road surface likely to cause the vehicle to slide or lose traction?,yes,B,medium,automatic,main_eval,False,,,paligemma,yes,yes,True,0.09
adverse_weather,ca2260e9-51ebcdc6.jpg,AW_H_06,hazard,Is there a risk of glare from headlights or wet road reflections in this scene?,no,B,medium,automatic,main_eval,False,,,paligemma,yes,yes,False,0.09
adverse_weather,ca2260e9-51ebcdc6.jpg,AW_S_01,scene,Is this a nighttime driving scene?,no,A,high,automatic,main_eval,False,,,paligemma,no,no,True,0.08
adverse_weather,ca2260e9-51ebcdc6.jpg,AW_S_02,scene,Is this a highway or motorway rather than an urban or residential road?,no,A,high,automatic,main_eval,False,,,paligemma,yes,yes,False,0.08
adverse_weather,ca2260e9-51ebcdc6.jpg,AW_S_03,scene,Does this scene show active precipitation — rain or snow actually falling?,yes,B,medium,automatic,baseline_only,False,,,paligemma,yes,yes,True,0.08
adverse_weather,ca2260e9-51ebcdc6.jpg,AW_S_04,scene,Would this scene look significantly different under clear daytime conditions?,yes,B,medium,automatic,main_eval,False,,,paligemma,yes,yes,True,0.08
adverse_weather,ca2260e9-51ebcdc6.jpg,AW_S_05,scene,Is the overall light level sufficient to drive without headlights?,yes,B,medium,automatic,main_eval,False,,,paligemma,yes,yes,True,0.08
adverse_weather,ca2260e9-51ebcdc6.jpg,AW_ADV_01,adversarial,"Despite the weather, can you still identify what type of road this is?",yes,A,high,automatic,main_eval,False,,,paligemma,no,no,False,0.08
adverse_weather,ca2260e9-51ebcdc6.jpg,AW_ADV_03,adversarial,Would a driver need to use headlights to safely navigate this scene?,no,A,high,automatic,main_eval,False,,,paligemma,yes,yes,False,0.08
adverse_weather,ca2260e9-51ebcdc6.jpg,AW_ADV_04,adversarial,Is there enough visual information to safely navigate an unfamiliar junction here?,no,B,medium,automatic,main_eval,False,,,paligemma,yes,yes,False,0.08
adverse_weather,ca2260e9-51ebcdc6.jpg,AW_ADV_05,adversarial,Would a driver unfamiliar with this road feel confident proceeding in these conditions?,no,B,medium,automatic,main_eval,False,,,paligemma,no,no,True,0.08
adverse_weather,ca2260e9-51ebcdc6.jpg,AW_BASE_01,baseline,Is visibility reduced in this scene compared to a clear day?,yes,A,high,automatic,baseline_only,False,,,paligemma,yes,yes,True,0.08
adverse_weather,ca2260e9-51ebcdc6.jpg,AW_BASE_02,baseline,Is the weather in this image adverse or challenging for driving?,yes,A,high,automatic,baseline_only,False,,,paligemma,challenging,unclear,False,0.11
adverse_weather,c5f4b6d4-0a740188.jpg,AW_P_01,perception,Can you clearly make out the shape of vehicles ahead on the road?,no,B,medium,automatic,main_eval,False,,,paligemma,no,no,True,0.08
adverse_weather,c5f4b6d4-0a740188.jpg,AW_P_02,perception,Is it possible to read the colour of the traffic lights in this scene?,yes,A,high,automatic,main_eval,False,,,paligemma,no,no,False,0.09
adverse_weather,c5f4b6d4-0a740188.jpg,AW_P_03,perception,Are any road signs visible that you could read from the driver's seat?,no,B,high,automatic,main_eval,False,,,paligemma,no,no,True,0.09
adverse_weather,c5f4b6d4-0a740188.jpg,AW_P_04,perception,Can you see far enough ahead to safely react to a sudden hazard?,no,B,medium,automatic,main_eval,False,,,paligemma,yes,yes,False,0.09
adverse_weather,c5f4b6d4-0a740188.jpg,AW_P_05,perception,Is there a pedestrian visible anywhere near the road in this scene?,yes,A,high,automatic,main_eval,False,,,paligemma,yes,yes,True,0.09
adverse_weather,c5f4b6d4-0a740188.jpg,AW_P_06,perception,"Is the road surface visible enough to judge whether it is wet, icy, or dry?",yes,B,medium,automatic,main_eval,False,,,paligemma,yes,yes,True,0.09
adverse_weather,c5f4b6d4-0a740188.jpg,AW_P_07,perception,Can you tell from this image whether there is a vehicle close enough to be a collision risk?,yes,B,medium,automatic,main_eval,False,,,paligemma,no,no,False,0.09
adverse_weather,c5f4b6d4-0a740188.jpg,AW_P_08,perception,Is the sky visible and distinguishable from the road in this scene?,no,B,medium,automatic,main_eval,False,,,paligemma,yes,yes,False,0.09
adverse_weather,c5f4b6d4-0a740188.jpg,AW_A_01,action,Should the driver turn on their headlights right now?,no,A,high,automatic,main_eval,False,,,paligemma,no,no,True,0.09
adverse_weather,c5f4b6d4-0a740188.jpg,AW_A_02,action,Should the driver slow down below the speed limit given current conditions?,yes,B,medium,automatic,main_eval,False,,,paligemma,yes,yes,True,0.09
adverse_weather,c5f4b6d4-0a740188.jpg,AW_A_03,action,Should the driver use windscreen wipers right now?,yes,A,high,automatic,main_eval,False,,,paligemma,yes,yes,True,0.09
adverse_weather,c5f4b6d4-0a740188.jpg,AW_A_04,action,Is it safe to attempt an overtake of the vehicle ahead in these conditions?,no,B,medium,automatic,main_eval,False,,,paligemma,no,no,True,0.08
adverse_weather,c5f4b6d4-0a740188.jpg,AW_A_05,action,Should the driver increase following distance from the vehicle ahead?,yes,B,medium,automatic,baseline_only,False,,,paligemma,yes,yes,True,0.08
adverse_weather,c5f4b6d4-0a740188.jpg,AW_H_01,hazard,Is there a risk of a hidden vehicle or obstacle emerging suddenly from the scene?,yes,B,medium,automatic,main_eval,False,,,paligemma,yes,yes,True,0.08
adverse_weather,c5f4b6d4-0a740188.jpg,AW_H_02,hazard,Would braking distance be longer than usual in these conditions?,yes,B,low,automatic,baseline_only,False,,,paligemma,yes,yes,True,0.08
adverse_weather,c5f4b6d4-0a740188.jpg,AW_H_03,hazard,Is there a pedestrian in a position where they could step into the vehicle's path?,yes,B,medium,automatic,main_eval,False,,,paligemma,yes,yes,True,0.08
adverse_weather,c5f4b6d4-0a740188.jpg,AW_H_04,hazard,Could a cyclist or motorcyclist be hidden somewhere in this scene?,yes,B,medium,automatic,main_eval,False,,,paligemma,yes,yes,True,0.08
adverse_weather,c5f4b6d4-0a740188.jpg,AW_H_05,hazard,Is the road surface likely to cause the vehicle to slide or lose traction?,yes,B,medium,automatic,main_eval,False,,,paligemma,yes,yes,True,0.08
adverse_weather,c5f4b6d4-0a740188.jpg,AW_H_06,hazard,Is there a risk of glare from headlights or wet road reflections in this scene?,no,B,medium,automatic,main_eval,False,,,paligemma,yes,yes,False,0.08
adverse_weather,c5f4b6d4-0a740188.jpg,AW_S_01,scene,Is this a nighttime driving scene?,no,A,high,automatic,main_eval,False,,,paligemma,no,no,True,0.08
adverse_weather,c5f4b6d4-0a740188.jpg,AW_S_02,scene,Is this a highway or motorway rather than an urban or residential road?,no,A,high,automatic,main_eval,False,,,paligemma,urban,unclear,False,0.08
adverse_weather,c5f4b6d4-0a740188.jpg,AW_S_03,scene,Does this scene show active precipitation — rain or snow actually falling?,yes,B,medium,automatic,baseline_only,False,,,paligemma,no,no,False,0.08
adverse_weather,c5f4b6d4-0a740188.jpg,AW_S_04,scene,Would this scene look significantly different under clear daytime conditions?,yes,B,medium,automatic,main_eval,False,,,paligemma,yes,yes,True,0.08
adverse_weather,c5f4b6d4-0a740188.jpg,AW_S_05,scene,Is the overall light level sufficient to drive without headlights?,yes,B,medium,automatic,main_eval,False,,,paligemma,yes,yes,True,0.08
adverse_weather,c5f4b6d4-0a740188.jpg,AW_ADV_01,adversarial,"Despite the weather, can you still identify what type of road this is?",yes,A,high,automatic,main_eval,False,,,paligemma,no,no,False,0.08
adverse_weather,c5f4b6d4-0a740188.jpg,AW_ADV_02,adversarial,Are any road signs or markings visible that convey speed or direction information?,no,B,high,automatic,main_eval,False,,,paligemma,no,no,True,0.09
adverse_weather,c5f4b6d4-0a740188.jpg,AW_ADV_03,adversarial,Would a driver need to use headlights to safely navigate this scene?,no,A,high,automatic,main_eval,False,,,paligemma,yes,yes,False,0.08
adverse_weather,c5f4b6d4-0a740188.jpg,AW_ADV_04,adversarial,Is there enough visual information to safely navigate an unfamiliar junction here?,no,B,medium,automatic,main_eval,False,,,paligemma,yes,yes,False,0.08
adverse_weather,c5f4b6d4-0a740188.jpg,AW_ADV_05,adversarial,Would a driver unfamiliar with this road feel confident proceeding in these conditions?,no,B,medium,automatic,main_eval,False,,,paligemma,no,no,True,0.09
adverse_weather,c5f4b6d4-0a740188.jpg,AW_BASE_01,baseline,Is visibility reduced in this scene compared to a clear day?,yes,A,high,automatic,baseline_only,False,,,paligemma,yes,yes,True,0.08
adverse_weather,c5f4b6d4-0a740188.jpg,AW_BASE_02,baseline,Is the weather in this image adverse or challenging for driving?,yes,A,high,automatic,baseline_only,False,,,paligemma,adverse,unclear,False,0.11
adverse_weather,b873c993-1d508f5a.jpg,AW_P_01,perception,Can you clearly make out the shape of vehicles ahead on the road?,no,B,medium,automatic,main_eval,False,,,paligemma,no,no,True,0.08
adverse_weather,b873c993-1d508f5a.jpg,AW_P_02,perception,Is it possible to read the colour of the traffic lights in this scene?,yes,A,high,automatic,main_eval,False,,,paligemma,no,no,False,0.08
adverse_weather,b873c993-1d508f5a.jpg,AW_P_03,perception,Are any road signs visible that you could read from the driver's seat?,no,B,high,automatic,main_eval,False,,,paligemma,no,no,True,0.08
adverse_weather,b873c993-1d508f5a.jpg,AW_P_04,perception,Can you see far enough ahead to safely react to a sudden hazard?,no,B,medium,automatic,main_eval,False,,,paligemma,no,no,True,0.08
adverse_weather,b873c993-1d508f5a.jpg,AW_P_05,perception,Is there a pedestrian visible anywhere near the road in this scene?,yes,A,high,automatic,main_eval,False,,,paligemma,yes,yes,True,0.08
adverse_weather,b873c993-1d508f5a.jpg,AW_P_06,perception,"Is the road surface visible enough to judge whether it is wet, icy, or dry?",yes,B,medium,automatic,main_eval,False,,,paligemma,yes,yes,True,0.08
adverse_weather,b873c993-1d508f5a.jpg,AW_P_08,perception,Is the sky visible and distinguishable from the road in this scene?,no,B,medium,automatic,main_eval,False,,,paligemma,no,no,True,0.08
adverse_weather,b873c993-1d508f5a.jpg,AW_A_01,action,Should the driver turn on their headlights right now?,no,A,high,automatic,main_eval,False,,,paligemma,"Sorry, as a base VLM I am not trained to answer this question.",unclear,False,0.48
adverse_weather,b873c993-1d508f5a.jpg,AW_A_02,action,Should the driver slow down below the speed limit given current conditions?,yes,B,medium,automatic,main_eval,False,,,paligemma,"Sorry, as a base VLM I am not trained to answer this question.",unclear,False,0.48
adverse_weather,b873c993-1d508f5a.jpg,AW_A_03,action,Should the driver use windscreen wipers right now?,yes,A,high,automatic,main_eval,False,,,paligemma,"Sorry, as a base VLM I am not trained to answer this question.",unclear,False,0.48
adverse_weather,b873c993-1d508f5a.jpg,AW_A_04,action,Is it safe to attempt an overtake of the vehicle ahead in these conditions?,no,B,medium,automatic,main_eval,False,,,paligemma,"Sorry, as a base VLM I am not trained to answer this question.",unclear,False,0.48
adverse_weather,b873c993-1d508f5a.jpg,AW_A_05,action,Should the driver increase following distance from the vehicle ahead?,yes,B,medium,automatic,baseline_only,False,,,paligemma,"Sorry, as a base VLM I am not trained to answer this question.",unclear,False,0.48
adverse_weather,b873c993-1d508f5a.jpg,AW_H_01,hazard,Is there a risk of a hidden vehicle or obstacle emerging suddenly from the scene?,yes,B,medium,automatic,main_eval,False,,,paligemma,"Sorry, as a base VLM I am not trained to answer this question.",unclear,False,0.48
adverse_weather,b873c993-1d508f5a.jpg,AW_H_02,hazard,Would braking distance be longer than usual in these conditions?,yes,B,low,automatic,baseline_only,False,,,paligemma,yes,yes,True,0.08
adverse_weather,b873c993-1d508f5a.jpg,AW_H_03,hazard,Is there a pedestrian in a position where they could step into the vehicle's path?,yes,B,medium,automatic,main_eval,False,,,paligemma,yes,yes,True,0.08
adverse_weather,b873c993-1d508f5a.jpg,AW_H_04,hazard,Could a cyclist or motorcyclist be hidden somewhere in this scene?,yes,B,medium,automatic,main_eval,False,,,paligemma,yes,yes,True,0.08
adverse_weather,b873c993-1d508f5a.jpg,AW_H_05,hazard,Is the road surface likely to cause the vehicle to slide or lose traction?,yes,B,medium,automatic,main_eval,False,,,paligemma,yes,yes,True,0.08
adverse_weather,b873c993-1d508f5a.jpg,AW_H_06,hazard,Is there a risk of glare from headlights or wet road reflections in this scene?,no,B,medium,automatic,main_eval,False,,,paligemma,yes,yes,False,0.09
adverse_weather,b873c993-1d508f5a.jpg,AW_S_01,scene,Is this a nighttime driving scene?,no,A,high,automatic,main_eval,False,,,paligemma,no,no,True,0.09
adverse_weather,b873c993-1d508f5a.jpg,AW_S_02,scene,Is this a highway or motorway rather than an urban or residential road?,no,A,high,automatic,main_eval,False,,,paligemma,urban,unclear,False,0.09
adverse_weather,b873c993-1d508f5a.jpg,AW_S_03,scene,Does this scene show active precipitation — rain or snow actually falling?,yes,B,medium,automatic,baseline_only,False,,,paligemma,yes,yes,True,0.09
adverse_weather,b873c993-1d508f5a.jpg,AW_S_04,scene,Would this scene look significantly different under clear daytime conditions?,yes,B,medium,automatic,main_eval,False,,,paligemma,yes,yes,True,0.09
adverse_weather,b873c993-1d508f5a.jpg,AW_S_05,scene,Is the overall light level sufficient to drive without headlights?,yes,B,medium,automatic,main_eval,False,,,paligemma,no,no,False,0.09
adverse_weather,b873c993-1d508f5a.jpg,AW_ADV_01,adversarial,"Despite the weather, can you still identify what type of road this is?",yes,A,high,automatic,main_eval,False,,,paligemma,no,no,False,0.09
adverse_weather,b873c993-1d508f5a.jpg,AW_ADV_02,adversarial,Are any road signs or markings visible that convey speed or direction information?,no,B,high,automatic,main_eval,False,,,paligemma,no,no,True,0.09
adverse_weather,b873c993-1d508f5a.jpg,AW_ADV_03,adversarial,Would a driver need to use headlights to safely navigate this scene?,no,A,high,automatic,main_eval,False,,,paligemma,yes,yes,False,0.08
adverse_weather,b873c993-1d508f5a.jpg,AW_ADV_04,adversarial,Is there enough visual information to safely navigate an unfamiliar junction here?,no,B,medium,automatic,main_eval,False,,,paligemma,no,no,True,0.09
adverse_weather,b873c993-1d508f5a.jpg,AW_ADV_05,adversarial,Would a driver unfamiliar with this road feel confident proceeding in these conditions?,no,B,medium,automatic,main_eval,False,,,paligemma,no,no,True,0.09
adverse_weather,b873c993-1d508f5a.jpg,AW_BASE_01,baseline,Is visibility reduced in this scene compared to a clear day?,yes,A,high,automatic,baseline_only,False,,,paligemma,yes,yes,True,0.08
adverse_weather,b873c993-1d508f5a.jpg,AW_BASE_02,baseline,Is the weather in this image adverse or challenging for driving?,yes,A,high,automatic,baseline_only,False,,,paligemma,adverse,unclear,False,0.11
adverse_weather,c81f9adc-855868f5.jpg,AW_P_03,perception,Are any road signs visible that you could read from the driver's seat?,no,B,high,automatic,main_eval,False,,,paligemma,no,no,True,0.08
adverse_weather,c81f9adc-855868f5.jpg,AW_P_04,perception,Can you see far enough ahead to safely react to a sudden hazard?,no,B,medium,automatic,main_eval,False,,,paligemma,no,no,True,0.08
adverse_weather,c81f9adc-855868f5.jpg,AW_P_05,perception,Is there a pedestrian visible anywhere near the road in this scene?,yes,A,high,automatic,main_eval,False,,,paligemma,no,no,False,0.08
adverse_weather,c81f9adc-855868f5.jpg,AW_P_06,perception,"Is the road surface visible enough to judge whether it is wet, icy, or dry?",yes,B,medium,automatic,main_eval,False,,,paligemma,yes,yes,True,0.08
adverse_weather,c81f9adc-855868f5.jpg,AW_P_07,perception,Can you tell from this image whether there is a vehicle close enough to be a collision risk?,no,B,medium,automatic,main_eval,False,,,paligemma,yes,yes,False,0.08
adverse_weather,c81f9adc-855868f5.jpg,AW_P_08,perception,Is the sky visible and distinguishable from the road in this scene?,no,B,medium,automatic,main_eval,False,,,paligemma,yes,yes,False,0.08
adverse_weather,c81f9adc-855868f5.jpg,AW_A_01,action,Should the driver turn on their headlights right now?,no,A,high,automatic,main_eval,False,,,paligemma,no,no,True,0.08
adverse_weather,c81f9adc-855868f5.jpg,AW_A_02,action,Should the driver slow down below the speed limit given current conditions?,yes,B,medium,automatic,main_eval,False,,,paligemma,yes,yes,True,0.08
adverse_weather,c81f9adc-855868f5.jpg,AW_A_03,action,Should the driver use windscreen wipers right now?,yes,A,high,automatic,main_eval,False,,,paligemma,yes,yes,True,0.08
adverse_weather,c81f9adc-855868f5.jpg,AW_A_04,action,Is it safe to attempt an overtake of the vehicle ahead in these conditions?,no,B,medium,automatic,main_eval,False,,,paligemma,no,no,True,0.09
adverse_weather,c81f9adc-855868f5.jpg,AW_A_05,action,Should the driver increase following distance from the vehicle ahead?,yes,B,medium,automatic,baseline_only,False,,,paligemma,yes,yes,True,0.08
adverse_weather,c81f9adc-855868f5.jpg,AW_H_01,hazard,Is there a risk of a hidden vehicle or obstacle emerging suddenly from the scene?,yes,B,medium,automatic,main_eval,False,,,paligemma,yes,yes,True,0.08
adverse_weather,c81f9adc-855868f5.jpg,AW_H_02,hazard,Would braking distance be longer than usual in these conditions?,yes,B,low,automatic,baseline_only,False,,,paligemma,yes,yes,True,0.09
adverse_weather,c81f9adc-855868f5.jpg,AW_H_03,hazard,Is there a pedestrian in a position where they could step into the vehicle's path?,no,B,medium,automatic,main_eval,False,,,paligemma,yes,yes,False,0.09
adverse_weather,c81f9adc-855868f5.jpg,AW_H_04,hazard,Could a cyclist or motorcyclist be hidden somewhere in this scene?,yes,B,medium,automatic,main_eval,False,,,paligemma,yes,yes,True,0.09
adverse_weather,c81f9adc-855868f5.jpg,AW_H_05,hazard,Is the road surface likely to cause the vehicle to slide or lose traction?,yes,B,medium,automatic,main_eval,False,,,paligemma,yes,yes,True,0.09
adverse_weather,c81f9adc-855868f5.jpg,AW_H_06,hazard,Is there a risk of glare from headlights or wet road reflections in this scene?,no,B,medium,automatic,main_eval,False,,,paligemma,yes,yes,False,0.09
adverse_weather,c81f9adc-855868f5.jpg,AW_S_01,scene,Is this a nighttime driving scene?,no,A,high,automatic,main_eval,False,,,paligemma,no,no,True,0.09
adverse_weather,c81f9adc-855868f5.jpg,AW_S_02,scene,Is this a highway or motorway rather than an urban or residential road?,no,A,high,automatic,main_eval,False,,,paligemma,yes,yes,False,0.09
adverse_weather,c81f9adc-855868f5.jpg,AW_S_03,scene,Does this scene show active precipitation — rain or snow actually falling?,yes,B,medium,automatic,baseline_only,False,,,paligemma,yes,yes,True,0.09
adverse_weather,c81f9adc-855868f5.jpg,AW_S_04,scene,Would this scene look significantly different under clear daytime conditions?,yes,B,medium,automatic,main_eval,False,,,paligemma,yes,yes,True,0.08
adverse_weather,c81f9adc-855868f5.jpg,AW_S_05,scene,Is the overall light level sufficient to drive without headlights?,yes,B,medium,automatic,main_eval,False,,,paligemma,yes,yes,True,0.09
adverse_weather,c81f9adc-855868f5.jpg,AW_ADV_01,adversarial,"Despite the weather, can you still identify what type of road this is?",yes,A,high,automatic,main_eval,False,,,paligemma,no,no,False,0.09
adverse_weather,c81f9adc-855868f5.jpg,AW_ADV_02,adversarial,Are any road signs or markings visible that convey speed or direction information?,no,B,high,automatic,main_eval,False,,,paligemma,no,no,True,0.09
adverse_weather,c81f9adc-855868f5.jpg,AW_ADV_03,adversarial,Would a driver need to use headlights to safely navigate this scene?,no,A,high,automatic,main_eval,False,,,paligemma,yes,yes,False,0.09
adverse_weather,c81f9adc-855868f5.jpg,AW_ADV_04,adversarial,Is there enough visual information to safely navigate an unfamiliar junction here?,no,B,medium,automatic,main_eval,False,,,paligemma,yes,yes,False,0.08
adverse_weather,c81f9adc-855868f5.jpg,AW_ADV_05,adversarial,Would a driver unfamiliar with this road feel confident proceeding in these conditions?,no,B,medium,automatic,main_eval,False,,,paligemma,no,no,True,0.08
adverse_weather,c81f9adc-855868f5.jpg,AW_BASE_01,baseline,Is visibility reduced in this scene compared to a clear day?,yes,A,high,automatic,baseline_only,False,,,paligemma,yes,yes,True,0.08
adverse_weather,c81f9adc-855868f5.jpg,AW_BASE_02,baseline,Is the weather in this image adverse or challenging for driving?,yes,A,high,automatic,baseline_only,False,,,paligemma,challenging,unclear,False,0.11
adverse_weather,c9a9290b-86ad51fb.jpg,AW_P_01,perception,Can you clearly make out the shape of vehicles ahead on the road?,no,B,medium,automatic,main_eval,False,,,paligemma,yes,yes,False,0.08
adverse_weather,c9a9290b-86ad51fb.jpg,AW_P_02,perception,Is it possible to read the colour of the traffic lights in this scene?,yes,A,high,automatic,main_eval,False,,,paligemma,no,no,False,0.08
adverse_weather,c9a9290b-86ad51fb.jpg,AW_P_03,perception,Are any road signs visible that you could read from the driver's seat?,no,B,high,automatic,main_eval,False,,,paligemma,yes,yes,False,0.08
adverse_weather,c9a9290b-86ad51fb.jpg,AW_P_04,perception,Can you see far enough ahead to safely react to a sudden hazard?,no,B,medium,automatic,main_eval,False,,,paligemma,yes,yes,False,0.08
adverse_weather,c9a9290b-86ad51fb.jpg,AW_P_05,perception,Is there a pedestrian visible anywhere near the road in this scene?,yes,A,high,automatic,main_eval,False,,,paligemma,no,no,False,0.08
adverse_weather,c9a9290b-86ad51fb.jpg,AW_P_06,perception,"Is the road surface visible enough to judge whether it is wet, icy, or dry?",yes,B,medium,automatic,main_eval,False,,,paligemma,yes,yes,True,0.08
adverse_weather,c9a9290b-86ad51fb.jpg,AW_P_07,perception,Can you tell from this image whether there is a vehicle close enough to be a collision risk?,yes,B,medium,automatic,main_eval,False,,,paligemma,no,no,False,0.08
adverse_weather,c9a9290b-86ad51fb.jpg,AW_P_08,perception,Is the sky visible and distinguishable from the road in this scene?,no,B,medium,automatic,main_eval,False,,,paligemma,yes,yes,False,0.08
adverse_weather,c9a9290b-86ad51fb.jpg,AW_A_01,action,Should the driver turn on their headlights right now?,no,A,high,automatic,main_eval,False,,,paligemma,yes,yes,False,0.09
adverse_weather,c9a9290b-86ad51fb.jpg,AW_A_02,action,Should the driver slow down below the speed limit given current conditions?,yes,B,medium,automatic,main_eval,False,,,paligemma,yes,yes,True,0.08
adverse_weather,c9a9290b-86ad51fb.jpg,AW_A_03,action,Should the driver use windscreen wipers right now?,yes,A,high,automatic,main_eval,False,,,paligemma,yes,yes,True,0.09
adverse_weather,c9a9290b-86ad51fb.jpg,AW_A_04,action,Is it safe to attempt an overtake of the vehicle ahead in these conditions?,no,B,medium,automatic,main_eval,False,,,paligemma,no,no,True,0.09
adverse_weather,c9a9290b-86ad51fb.jpg,AW_A_05,action,Should the driver increase following distance from the vehicle ahead?,yes,B,medium,automatic,baseline_only,False,,,paligemma,yes,yes,True,0.09
adverse_weather,c9a9290b-86ad51fb.jpg,AW_H_01,hazard,Is there a risk of a hidden vehicle or obstacle emerging suddenly from the scene?,yes,B,medium,automatic,main_eval,False,,,paligemma,yes,yes,True,0.09
adverse_weather,c9a9290b-86ad51fb.jpg,AW_H_02,hazard,Would braking distance be longer than usual in these conditions?,yes,B,low,automatic,baseline_only,False,,,paligemma,yes,yes,True,0.09
adverse_weather,c9a9290b-86ad51fb.jpg,AW_H_04,hazard,Could a cyclist or motorcyclist be hidden somewhere in this scene?,yes,B,medium,automatic,main_eval,False,,,paligemma,yes,yes,True,0.08
adverse_weather,c9a9290b-86ad51fb.jpg,AW_H_05,hazard,Is the road surface likely to cause the vehicle to slide or lose traction?,yes,B,medium,automatic,main_eval,False,,,paligemma,yes,yes,True,0.09
adverse_weather,c9a9290b-86ad51fb.jpg,AW_H_06,hazard,Is there a risk of glare from headlights or wet road reflections in this scene?,no,B,medium,automatic,main_eval,False,,,paligemma,yes,yes,False,0.09
adverse_weather,c9a9290b-86ad51fb.jpg,AW_S_01,scene,Is this a nighttime driving scene?,no,A,high,automatic,main_eval,False,,,paligemma,no,no,True,0.09
adverse_weather,c9a9290b-86ad51fb.jpg,AW_S_02,scene,Is this a highway or motorway rather than an urban or residential road?,no,A,high,automatic,main_eval,False,,,paligemma,yes,yes,False,0.08
adverse_weather,c9a9290b-86ad51fb.jpg,AW_S_03,scene,Does this scene show active precipitation — rain or snow actually falling?,yes,B,medium,automatic,baseline_only,False,,,paligemma,no,no,False,0.08
adverse_weather,c9a9290b-86ad51fb.jpg,AW_S_04,scene,Would this scene look significantly different under clear daytime conditions?,yes,B,medium,automatic,main_eval,False,,,paligemma,yes,yes,True,0.08
adverse_weather,c9a9290b-86ad51fb.jpg,AW_S_05,scene,Is the overall light level sufficient to drive without headlights?,yes,B,medium,automatic,main_eval,False,,,paligemma,no,no,False,0.08
adverse_weather,c9a9290b-86ad51fb.jpg,AW_ADV_01,adversarial,"Despite the weather, can you still identify what type of road this is?",yes,A,high,automatic,main_eval,False,,,paligemma,yes,yes,True,0.08
adverse_weather,c9a9290b-86ad51fb.jpg,AW_ADV_02,adversarial,Are any road signs or markings visible that convey speed or direction information?,no,B,high,automatic,main_eval,False,,,paligemma,no,no,True,0.08
adverse_weather,c9a9290b-86ad51fb.jpg,AW_ADV_03,adversarial,Would a driver need to use headlights to safely navigate this scene?,no,A,high,automatic,main_eval,False,,,paligemma,yes,yes,False,0.08
adverse_weather,c9a9290b-86ad51fb.jpg,AW_ADV_04,adversarial,Is there enough visual information to safely navigate an unfamiliar junction here?,no,B,medium,automatic,main_eval,False,,,paligemma,yes,yes,False,0.08
adverse_weather,c9a9290b-86ad51fb.jpg,AW_ADV_05,adversarial,Would a driver unfamiliar with this road feel confident proceeding in these conditions?,no,B,medium,automatic,main_eval,False,,,paligemma,no,no,True,0.08
adverse_weather,c9a9290b-86ad51fb.jpg,AW_BASE_01,baseline,Is visibility reduced in this scene compared to a clear day?,yes,A,high,automatic,baseline_only,False,,,paligemma,yes,yes,True,0.08
adverse_weather,c9a9290b-86ad51fb.jpg,AW_BASE_02,baseline,Is the weather in this image adverse or challenging for driving?,yes,A,high,automatic,baseline_only,False,,,paligemma,adverse,unclear,False,0.11
adverse_weather,c88f9916-2a874e4d.jpg,AW_P_02,perception,Is it possible to read the colour of the traffic lights in this scene?,yes,A,high,automatic,main_eval,False,,,paligemma,yes,yes,True,0.08
adverse_weather,c88f9916-2a874e4d.jpg,AW_P_03,perception,Are any road signs visible that you could read from the driver's seat?,no,B,high,automatic,main_eval,False,,,paligemma,no,no,True,0.09
adverse_weather,c88f9916-2a874e4d.jpg,AW_P_04,perception,Can you see far enough ahead to safely react to a sudden hazard?,no,B,medium,automatic,main_eval,False,,,paligemma,no,no,True,0.09
adverse_weather,c88f9916-2a874e4d.jpg,AW_P_05,perception,Is there a pedestrian visible anywhere near the road in this scene?,no,A,high,automatic,main_eval,False,,,paligemma,no,no,True,0.09
adverse_weather,c88f9916-2a874e4d.jpg,AW_P_06,perception,"Is the road surface visible enough to judge whether it is wet, icy, or dry?",no,B,medium,automatic,main_eval,False,,,paligemma,yes,yes,False,0.09
adverse_weather,c88f9916-2a874e4d.jpg,AW_P_07,perception,Can you tell from this image whether there is a vehicle close enough to be a collision risk?,no,B,medium,automatic,main_eval,False,,,paligemma,no,no,True,0.09
adverse_weather,c88f9916-2a874e4d.jpg,AW_P_08,perception,Is the sky visible and distinguishable from the road in this scene?,no,B,medium,automatic,main_eval,False,,,paligemma,no,no,True,0.09
adverse_weather,c88f9916-2a874e4d.jpg,AW_A_01,action,Should the driver turn on their headlights right now?,yes,A,high,automatic,main_eval,False,,,paligemma,yes,yes,True,0.08
adverse_weather,c88f9916-2a874e4d.jpg,AW_A_03,action,Should the driver use windscreen wipers right now?,no,A,high,automatic,main_eval,False,,,paligemma,yes,yes,False,0.08
adverse_weather,c88f9916-2a874e4d.jpg,AW_A_04,action,Is it safe to attempt an overtake of the vehicle ahead in these conditions?,no,B,medium,automatic,main_eval,False,,,paligemma,no,no,True,0.08
adverse_weather,c88f9916-2a874e4d.jpg,AW_H_01,hazard,Is there a risk of a hidden vehicle or obstacle emerging suddenly from the scene?,yes,B,medium,automatic,main_eval,False,,,paligemma,yes,yes,True,0.08
adverse_weather,c88f9916-2a874e4d.jpg,AW_H_03,hazard,Is there a pedestrian in a position where they could step into the vehicle's path?,no,B,medium,automatic,main_eval,False,,,paligemma,no,no,True,0.09
adverse_weather,c88f9916-2a874e4d.jpg,AW_H_04,hazard,Could a cyclist or motorcyclist be hidden somewhere in this scene?,yes,B,medium,automatic,main_eval,False,,,paligemma,yes,yes,True,0.08
adverse_weather,c88f9916-2a874e4d.jpg,AW_H_06,hazard,Is there a risk of glare from headlights or wet road reflections in this scene?,yes,B,medium,automatic,main_eval,False,,,paligemma,yes,yes,True,0.08
adverse_weather,c88f9916-2a874e4d.jpg,AW_S_01,scene,Is this a nighttime driving scene?,yes,A,high,automatic,main_eval,False,,,paligemma,yes,yes,True,0.08
adverse_weather,c88f9916-2a874e4d.jpg,AW_S_02,scene,Is this a highway or motorway rather than an urban or residential road?,no,A,high,automatic,main_eval,False,,,paligemma,yes,yes,False,0.09
adverse_weather,c88f9916-2a874e4d.jpg,AW_S_04,scene,Would this scene look significantly different under clear daytime conditions?,yes,B,medium,automatic,main_eval,False,,,paligemma,no,no,False,0.09
adverse_weather,c88f9916-2a874e4d.jpg,AW_S_05,scene,Is the overall light level sufficient to drive without headlights?,no,B,medium,automatic,main_eval,False,,,paligemma,no,no,True,0.09
adverse_weather,c88f9916-2a874e4d.jpg,AW_ADV_01,adversarial,"Despite the weather, can you still identify what type of road this is?",yes,A,high,automatic,main_eval,False,,,paligemma,no,no,False,0.09
adverse_weather,c88f9916-2a874e4d.jpg,AW_ADV_02,adversarial,Are any road signs or markings visible that convey speed or direction information?,no,B,high,automatic,main_eval,False,,,paligemma,no,no,True,0.09
adverse_weather,c88f9916-2a874e4d.jpg,AW_ADV_03,adversarial,Would a driver need to use headlights to safely navigate this scene?,yes,A,high,automatic,main_eval,False,,,paligemma,yes,yes,True,0.09
adverse_weather,c88f9916-2a874e4d.jpg,AW_ADV_04,adversarial,Is there enough visual information to safely navigate an unfamiliar junction here?,no,B,medium,automatic,main_eval,False,,,paligemma,yes,yes,False,0.09
adverse_weather,c88f9916-2a874e4d.jpg,AW_BASE_01,baseline,Is visibility reduced in this scene compared to a clear day?,yes,A,high,automatic,baseline_only,False,,,paligemma,yes,yes,True,0.08
adverse_weather,b8a835db-b2b7aed0.jpg,AW_P_01,perception,Can you clearly make out the shape of vehicles ahead on the road?,no,B,medium,automatic,main_eval,False,,,paligemma,no,no,True,0.09
adverse_weather,b8a835db-b2b7aed0.jpg,AW_P_02,perception,Is it possible to read the colour of the traffic lights in this scene?,yes,A,high,automatic,main_eval,False,,,paligemma,no,no,False,0.08
adverse_weather,b8a835db-b2b7aed0.jpg,AW_P_03,perception,Are any road signs visible that you could read from the driver's seat?,no,B,high,automatic,main_eval,False,,,paligemma,no,no,True,0.08
adverse_weather,b8a835db-b2b7aed0.jpg,AW_P_04,perception,Can you see far enough ahead to safely react to a sudden hazard?,no,B,medium,automatic,main_eval,False,,,paligemma,no,no,True,0.08
adverse_weather,b8a835db-b2b7aed0.jpg,AW_P_05,perception,Is there a pedestrian visible anywhere near the road in this scene?,no,A,high,automatic,main_eval,False,,,paligemma,no,no,True,0.08
adverse_weather,b8a835db-b2b7aed0.jpg,AW_P_06,perception,"Is the road surface visible enough to judge whether it is wet, icy, or dry?",no,B,medium,automatic,main_eval,False,,,paligemma,yes,yes,False,0.09
adverse_weather,b8a835db-b2b7aed0.jpg,AW_P_07,perception,Can you tell from this image whether there is a vehicle close enough to be a collision risk?,yes,B,medium,automatic,main_eval,False,,,paligemma,no,no,False,0.08
adverse_weather,b8a835db-b2b7aed0.jpg,AW_P_08,perception,Is the sky visible and distinguishable from the road in this scene?,no,B,medium,automatic,main_eval,False,,,paligemma,no,no,True,0.08
adverse_weather,b8a835db-b2b7aed0.jpg,AW_A_01,action,Should the driver turn on their headlights right now?,yes,A,high,automatic,main_eval,False,,,paligemma,yes,yes,True,0.09
adverse_weather,b8a835db-b2b7aed0.jpg,AW_A_02,action,Should the driver slow down below the speed limit given current conditions?,yes,B,medium,automatic,main_eval,False,,,paligemma,yes,yes,True,0.08
adverse_weather,b8a835db-b2b7aed0.jpg,AW_A_03,action,Should the driver use windscreen wipers right now?,no,A,high,automatic,main_eval,False,,,paligemma,yes,yes,False,0.08
adverse_weather,b8a835db-b2b7aed0.jpg,AW_A_04,action,Is it safe to attempt an overtake of the vehicle ahead in these conditions?,no,B,medium,automatic,main_eval,False,,,paligemma,no,no,True,0.08
adverse_weather,b8a835db-b2b7aed0.jpg,AW_A_06,action,Would you feel comfortable pulling over and stopping on the road here?,no,B,medium,automatic,main_eval,False,,,paligemma,no,no,True,0.08
adverse_weather,b8a835db-b2b7aed0.jpg,AW_H_01,hazard,Is there a risk of a hidden vehicle or obstacle emerging suddenly from the scene?,yes,B,medium,automatic,main_eval,False,,,paligemma,yes,yes,True,0.08
adverse_weather,b8a835db-b2b7aed0.jpg,AW_H_03,hazard,Is there a pedestrian in a position where they could step into the vehicle's path?,no,B,medium,automatic,main_eval,False,,,paligemma,no,no,True,0.09
adverse_weather,b8a835db-b2b7aed0.jpg,AW_H_04,hazard,Could a cyclist or motorcyclist be hidden somewhere in this scene?,yes,B,medium,automatic,main_eval,False,,,paligemma,yes,yes,True,0.08
adverse_weather,b8a835db-b2b7aed0.jpg,AW_H_06,hazard,Is there a risk of glare from headlights or wet road reflections in this scene?,yes,B,medium,automatic,main_eval,False,,,paligemma,yes,yes,True,0.09
adverse_weather,b8a835db-b2b7aed0.jpg,AW_S_01,scene,Is this a nighttime driving scene?,yes,A,high,automatic,main_eval,False,,,paligemma,yes,yes,True,0.08
adverse_weather,b8a835db-b2b7aed0.jpg,AW_S_02,scene,Is this a highway or motorway rather than an urban or residential road?,yes,A,high,automatic,main_eval,False,,,paligemma,yes,yes,True,0.08
adverse_weather,b8a835db-b2b7aed0.jpg,AW_S_04,scene,Would this scene look significantly different under clear daytime conditions?,yes,B,medium,automatic,main_eval,False,,,paligemma,no,no,False,0.08
adverse_weather,b8a835db-b2b7aed0.jpg,AW_S_05,scene,Is the overall light level sufficient to drive without headlights?,no,B,medium,automatic,main_eval,False,,,paligemma,no,no,True,0.08
adverse_weather,b8a835db-b2b7aed0.jpg,AW_ADV_01,adversarial,"Despite the weather, can you still identify what type of road this is?",yes,A,high,automatic,main_eval,False,,,paligemma,no,no,False,0.08
adverse_weather,b8a835db-b2b7aed0.jpg,AW_ADV_02,adversarial,Are any road signs or markings visible that convey speed or direction information?,no,B,high,automatic,main_eval,False,,,paligemma,no,no,True,0.08
adverse_weather,b8a835db-b2b7aed0.jpg,AW_ADV_03,adversarial,Would a driver need to use headlights to safely navigate this scene?,yes,A,high,automatic,main_eval,False,,,paligemma,yes,yes,True,0.08
adverse_weather,b8a835db-b2b7aed0.jpg,AW_ADV_05,adversarial,Would a driver unfamiliar with this road feel confident proceeding in these conditions?,no,B,medium,automatic,main_eval,False,,,paligemma,no,no,True,0.08
adverse_weather,b8a835db-b2b7aed0.jpg,AW_BASE_01,baseline,Is visibility reduced in this scene compared to a clear day?,yes,A,high,automatic,baseline_only,False,,,paligemma,yes,yes,True,0.08
adverse_weather,c99927e4-a37dc628.jpg,AW_P_01,perception,Can you clearly make out the shape of vehicles ahead on the road?,no,B,medium,automatic,main_eval,False,,,paligemma,no,no,True,0.08
adverse_weather,c99927e4-a37dc628.jpg,AW_P_04,perception,Can you see far enough ahead to safely react to a sudden hazard?,no,B,medium,automatic,main_eval,False,,,paligemma,no,no,True,0.08
adverse_weather,c99927e4-a37dc628.jpg,AW_P_05,perception,Is there a pedestrian visible anywhere near the road in this scene?,no,A,high,automatic,main_eval,False,,,paligemma,no,no,True,0.08
adverse_weather,c99927e4-a37dc628.jpg,AW_P_06,perception,"Is the road surface visible enough to judge whether it is wet, icy, or dry?",no,B,medium,automatic,main_eval,False,,,paligemma,dry,unclear,False,0.09
adverse_weather,c99927e4-a37dc628.jpg,AW_P_07,perception,Can you tell from this image whether there is a vehicle close enough to be a collision risk?,no,B,medium,automatic,main_eval,False,,,paligemma,no,no,True,0.09
adverse_weather,c99927e4-a37dc628.jpg,AW_P_08,perception,Is the sky visible and distinguishable from the road in this scene?,no,B,medium,automatic,main_eval,False,,,paligemma,no,no,True,0.08
adverse_weather,c99927e4-a37dc628.jpg,AW_A_01,action,Should the driver turn on their headlights right now?,yes,A,high,automatic,main_eval,False,,,paligemma,yes,yes,True,0.09
adverse_weather,c99927e4-a37dc628.jpg,AW_A_02,action,Should the driver slow down below the speed limit given current conditions?,yes,B,medium,automatic,main_eval,False,,,paligemma,yes,yes,True,0.08
adverse_weather,c99927e4-a37dc628.jpg,AW_A_03,action,Should the driver use windscreen wipers right now?,no,A,high,automatic,main_eval,False,,,paligemma,yes,yes,False,0.09
adverse_weather,c99927e4-a37dc628.jpg,AW_A_04,action,Is it safe to attempt an overtake of the vehicle ahead in these conditions?,no,B,medium,automatic,main_eval,False,,,paligemma,no,no,True,0.08
adverse_weather,c99927e4-a37dc628.jpg,AW_A_06,action,Would you feel comfortable pulling over and stopping on the road here?,no,B,medium,automatic,main_eval,False,,,paligemma,no,no,True,0.09
adverse_weather,c99927e4-a37dc628.jpg,AW_H_01,hazard,Is there a risk of a hidden vehicle or obstacle emerging suddenly from the scene?,yes,B,medium,automatic,main_eval,False,,,paligemma,yes,yes,True,0.09
adverse_weather,c99927e4-a37dc628.jpg,AW_H_03,hazard,Is there a pedestrian in a position where they could step into the vehicle's path?,no,B,medium,automatic,main_eval,False,,,paligemma,no,no,True,0.09
adverse_weather,c99927e4-a37dc628.jpg,AW_H_04,hazard,Could a cyclist or motorcyclist be hidden somewhere in this scene?,yes,B,medium,automatic,main_eval,False,,,paligemma,yes,yes,True,0.08
adverse_weather,c99927e4-a37dc628.jpg,AW_S_01,scene,Is this a nighttime driving scene?,yes,A,high,automatic,main_eval,False,,,paligemma,yes,yes,True,0.09
adverse_weather,c99927e4-a37dc628.jpg,AW_S_02,scene,Is this a highway or motorway rather than an urban or residential road?,yes,A,high,automatic,main_eval,False,,,paligemma,highway,unclear,False,0.09
adverse_weather,c99927e4-a37dc628.jpg,AW_S_04,scene,Would this scene look significantly different under clear daytime conditions?,yes,B,medium,automatic,main_eval,False,,,paligemma,no,no,False,0.09
adverse_weather,c99927e4-a37dc628.jpg,AW_S_05,scene,Is the overall light level sufficient to drive without headlights?,no,B,medium,automatic,main_eval,False,,,paligemma,no,no,True,0.08
adverse_weather,c99927e4-a37dc628.jpg,AW_ADV_01,adversarial,"Despite the weather, can you still identify what type of road this is?",yes,A,high,automatic,main_eval,False,,,paligemma,no,no,False,0.09
adverse_weather,c99927e4-a37dc628.jpg,AW_ADV_03,adversarial,Would a driver need to use headlights to safely navigate this scene?,yes,A,high,automatic,main_eval,False,,,paligemma,yes,yes,True,0.08
adverse_weather,c99927e4-a37dc628.jpg,AW_ADV_05,adversarial,Would a driver unfamiliar with this road feel confident proceeding in these conditions?,no,B,medium,automatic,main_eval,False,,,paligemma,no,no,True,0.08
adverse_weather,c99927e4-a37dc628.jpg,AW_BASE_01,baseline,Is visibility reduced in this scene compared to a clear day?,yes,A,high,automatic,baseline_only,False,,,paligemma,yes,yes,True,0.08
adverse_weather,c86db817-d6bec56a.jpg,AW_P_01,perception,Can you clearly make out the shape of vehicles ahead on the road?,no,B,medium,automatic,main_eval,False,,,paligemma,no,no,True,0.08
adverse_weather,c86db817-d6bec56a.jpg,AW_P_03,perception,Are any road signs visible that you could read from the driver's seat?,no,B,high,automatic,main_eval,False,,,paligemma,no,no,True,0.08
adverse_weather,c86db817-d6bec56a.jpg,AW_P_04,perception,Can you see far enough ahead to safely react to a sudden hazard?,no,B,medium,automatic,main_eval,False,,,paligemma,no,no,True,0.08
adverse_weather,c86db817-d6bec56a.jpg,AW_P_05,perception,Is there a pedestrian visible anywhere near the road in this scene?,no,A,high,automatic,main_eval,False,,,paligemma,no,no,True,0.08
adverse_weather,c86db817-d6bec56a.jpg,AW_P_06,perception,"Is the road surface visible enough to judge whether it is wet, icy, or dry?",no,B,medium,automatic,main_eval,False,,,paligemma,no,no,True,0.08
adverse_weather,c86db817-d6bec56a.jpg,AW_P_07,perception,Can you tell from this image whether there is a vehicle close enough to be a collision risk?,yes,B,medium,automatic,main_eval,False,,,paligemma,yes,yes,True,0.09
adverse_weather,c86db817-d6bec56a.jpg,AW_P_08,perception,Is the sky visible and distinguishable from the road in this scene?,no,B,medium,automatic,main_eval,False,,,paligemma,no,no,True,0.08
adverse_weather,c86db817-d6bec56a.jpg,AW_A_01,action,Should the driver turn on their headlights right now?,yes,A,high,automatic,main_eval,False,,,paligemma,yes,yes,True,0.08
adverse_weather,c86db817-d6bec56a.jpg,AW_A_03,action,Should the driver use windscreen wipers right now?,no,A,high,automatic,main_eval,False,,,paligemma,yes,yes,False,0.09
adverse_weather,c86db817-d6bec56a.jpg,AW_A_04,action,Is it safe to attempt an overtake of the vehicle ahead in these conditions?,no,B,medium,automatic,main_eval,False,,,paligemma,no,no,True,0.09
adverse_weather,c86db817-d6bec56a.jpg,AW_H_01,hazard,Is there a risk of a hidden vehicle or obstacle emerging suddenly from the scene?,yes,B,medium,automatic,main_eval,False,,,paligemma,yes,yes,True,0.09
adverse_weather,c86db817-d6bec56a.jpg,AW_H_03,hazard,Is there a pedestrian in a position where they could step into the vehicle's path?,no,B,medium,automatic,main_eval,False,,,paligemma,yes,yes,False,0.09
adverse_weather,c86db817-d6bec56a.jpg,AW_H_04,hazard,Could a cyclist or motorcyclist be hidden somewhere in this scene?,yes,B,medium,automatic,main_eval,False,,,paligemma,yes,yes,True,0.09
adverse_weather,c86db817-d6bec56a.jpg,AW_S_01,scene,Is this a nighttime driving scene?,yes,A,high,automatic,main_eval,False,,,paligemma,yes,yes,True,0.09
adverse_weather,c86db817-d6bec56a.jpg,AW_S_04,scene,Would this scene look significantly different under clear daytime conditions?,yes,B,medium,automatic,main_eval,False,,,paligemma,no,no,False,0.09
adverse_weather,c86db817-d6bec56a.jpg,AW_S_05,scene,Is the overall light level sufficient to drive without headlights?,no,B,medium,automatic,main_eval,False,,,paligemma,no,no,True,0.09
adverse_weather,c86db817-d6bec56a.jpg,AW_ADV_02,adversarial,Are any road signs or markings visible that convey speed or direction information?,no,B,high,automatic,main_eval,False,,,paligemma,no,no,True,0.09
adverse_weather,c86db817-d6bec56a.jpg,AW_ADV_03,adversarial,Would a driver need to use headlights to safely navigate this scene?,yes,A,high,automatic,main_eval,False,,,paligemma,yes,yes,True,0.09
adverse_weather,c86db817-d6bec56a.jpg,AW_BASE_01,baseline,Is visibility reduced in this scene compared to a clear day?,yes,A,high,automatic,baseline_only,False,,,paligemma,yes,yes,True,0.08
adverse_weather,b57bfcbd-60692014.jpg,AW_P_01,perception,Can you clearly make out the shape of vehicles ahead on the road?,no,B,medium,automatic,main_eval,False,,,paligemma,no,no,True,0.09
adverse_weather,b57bfcbd-60692014.jpg,AW_P_03,perception,Are any road signs visible that you could read from the driver's seat?,no,B,high,automatic,main_eval,False,,,paligemma,yes,yes,False,0.09
adverse_weather,b57bfcbd-60692014.jpg,AW_P_04,perception,Can you see far enough ahead to safely react to a sudden hazard?,no,B,medium,automatic,main_eval,False,,,paligemma,no,no,True,0.09
adverse_weather,b57bfcbd-60692014.jpg,AW_P_05,perception,Is there a pedestrian visible anywhere near the road in this scene?,no,A,high,automatic,main_eval,False,,,paligemma,no,no,True,0.08
adverse_weather,b57bfcbd-60692014.jpg,AW_P_06,perception,"Is the road surface visible enough to judge whether it is wet, icy, or dry?",no,B,medium,automatic,main_eval,False,,,paligemma,yes,yes,False,0.08
adverse_weather,b57bfcbd-60692014.jpg,AW_P_07,perception,Can you tell from this image whether there is a vehicle close enough to be a collision risk?,no,B,medium,automatic,main_eval,False,,,paligemma,no,no,True,0.08
adverse_weather,b57bfcbd-60692014.jpg,AW_P_08,perception,Is the sky visible and distinguishable from the road in this scene?,no,B,medium,automatic,main_eval,False,,,paligemma,no,no,True,0.08
adverse_weather,b57bfcbd-60692014.jpg,AW_A_01,action,Should the driver turn on their headlights right now?,yes,A,high,automatic,main_eval,False,,,paligemma,yes,yes,True,0.08
adverse_weather,b57bfcbd-60692014.jpg,AW_A_02,action,Should the driver slow down below the speed limit given current conditions?,yes,B,medium,automatic,main_eval,False,,,paligemma,yes,yes,True,0.08
adverse_weather,b57bfcbd-60692014.jpg,AW_A_03,action,Should the driver use windscreen wipers right now?,no,A,high,automatic,main_eval,False,,,paligemma,yes,yes,False,0.08
adverse_weather,b57bfcbd-60692014.jpg,AW_A_04,action,Is it safe to attempt an overtake of the vehicle ahead in these conditions?,no,B,medium,automatic,main_eval,False,,,paligemma,no,no,True,0.08
adverse_weather,b57bfcbd-60692014.jpg,AW_A_06,action,Would you feel comfortable pulling over and stopping on the road here?,no,B,medium,automatic,main_eval,False,,,paligemma,no,no,True,0.08
adverse_weather,b57bfcbd-60692014.jpg,AW_H_01,hazard,Is there a risk of a hidden vehicle or obstacle emerging suddenly from the scene?,yes,B,medium,automatic,main_eval,False,,,paligemma,yes,yes,True,0.08
adverse_weather,b57bfcbd-60692014.jpg,AW_H_03,hazard,Is there a pedestrian in a position where they could step into the vehicle's path?,no,B,medium,automatic,main_eval,False,,,paligemma,no,no,True,0.08
adverse_weather,b57bfcbd-60692014.jpg,AW_H_04,hazard,Could a cyclist or motorcyclist be hidden somewhere in this scene?,yes,B,medium,automatic,main_eval,False,,,paligemma,yes,yes,True,0.09
adverse_weather,b57bfcbd-60692014.jpg,AW_S_01,scene,Is this a nighttime driving scene?,yes,A,high,automatic,main_eval,False,,,paligemma,yes,yes,True,0.09
adverse_weather,b57bfcbd-60692014.jpg,AW_S_02,scene,Is this a highway or motorway rather than an urban or residential road?,yes,A,high,automatic,main_eval,False,,,paligemma,yes,yes,True,0.09
adverse_weather,b57bfcbd-60692014.jpg,AW_S_04,scene,Would this scene look significantly different under clear daytime conditions?,yes,B,medium,automatic,main_eval,False,,,paligemma,no,no,False,0.09
adverse_weather,b57bfcbd-60692014.jpg,AW_S_05,scene,Is the overall light level sufficient to drive without headlights?,no,B,medium,automatic,main_eval,False,,,paligemma,no,no,True,0.09
adverse_weather,b57bfcbd-60692014.jpg,AW_ADV_01,adversarial,"Despite the weather, can you still identify what type of road this is?",yes,A,high,automatic,main_eval,False,,,paligemma,no,no,False,0.09
adverse_weather,b57bfcbd-60692014.jpg,AW_ADV_02,adversarial,Are any road signs or markings visible that convey speed or direction information?,no,B,high,automatic,main_eval,False,,,paligemma,no,no,True,0.09
adverse_weather,b57bfcbd-60692014.jpg,AW_ADV_03,adversarial,Would a driver need to use headlights to safely navigate this scene?,yes,A,high,automatic,main_eval,False,,,paligemma,yes,yes,True,0.09
adverse_weather,b57bfcbd-60692014.jpg,AW_ADV_05,adversarial,Would a driver unfamiliar with this road feel confident proceeding in these conditions?,no,B,medium,automatic,main_eval,False,,,paligemma,no,no,True,0.09
adverse_weather,b57bfcbd-60692014.jpg,AW_BASE_01,baseline,Is visibility reduced in this scene compared to a clear day?,yes,A,high,automatic,baseline_only,False,,,paligemma,yes,yes,True,0.08
adverse_weather,c92005f1-24f38b48.jpg,AW_P_03,perception,Are any road signs visible that you could read from the driver's seat?,no,B,high,automatic,main_eval,False,,,paligemma,no,no,True,0.09
adverse_weather,c92005f1-24f38b48.jpg,AW_P_04,perception,Can you see far enough ahead to safely react to a sudden hazard?,no,B,medium,automatic,main_eval,False,,,paligemma,no,no,True,0.09
adverse_weather,c92005f1-24f38b48.jpg,AW_P_05,perception,Is there a pedestrian visible anywhere near the road in this scene?,no,A,high,automatic,main_eval,False,,,paligemma,no,no,True,0.08
adverse_weather,c92005f1-24f38b48.jpg,AW_P_06,perception,"Is the road surface visible enough to judge whether it is wet, icy, or dry?",no,B,medium,automatic,main_eval,False,,,paligemma,no,no,True,0.08
adverse_weather,c92005f1-24f38b48.jpg,AW_P_07,perception,Can you tell from this image whether there is a vehicle close enough to be a collision risk?,no,B,medium,automatic,main_eval,False,,,paligemma,no,no,True,0.08
adverse_weather,c92005f1-24f38b48.jpg,AW_P_08,perception,Is the sky visible and distinguishable from the road in this scene?,no,B,medium,automatic,main_eval,False,,,paligemma,no,no,True,0.08
adverse_weather,c92005f1-24f38b48.jpg,AW_A_01,action,Should the driver turn on their headlights right now?,yes,A,high,automatic,main_eval,False,,,paligemma,yes,yes,True,0.08
adverse_weather,c92005f1-24f38b48.jpg,AW_A_03,action,Should the driver use windscreen wipers right now?,no,A,high,automatic,main_eval,False,,,paligemma,yes,yes,False,0.08
adverse_weather,c92005f1-24f38b48.jpg,AW_A_04,action,Is it safe to attempt an overtake of the vehicle ahead in these conditions?,no,B,medium,automatic,main_eval,False,,,paligemma,no,no,True,0.08
adverse_weather,c92005f1-24f38b48.jpg,AW_H_01,hazard,Is there a risk of a hidden vehicle or obstacle emerging suddenly from the scene?,yes,B,medium,automatic,main_eval,False,,,paligemma,yes,yes,True,0.09
adverse_weather,c92005f1-24f38b48.jpg,AW_H_03,hazard,Is there a pedestrian in a position where they could step into the vehicle's path?,no,B,medium,automatic,main_eval,False,,,paligemma,yes,yes,False,0.08
adverse_weather,c92005f1-24f38b48.jpg,AW_H_04,hazard,Could a cyclist or motorcyclist be hidden somewhere in this scene?,yes,B,medium,automatic,main_eval,False,,,paligemma,yes,yes,True,0.08
adverse_weather,c92005f1-24f38b48.jpg,AW_S_01,scene,Is this a nighttime driving scene?,yes,A,high,automatic,main_eval,False,,,paligemma,yes,yes,True,0.08
adverse_weather,c92005f1-24f38b48.jpg,AW_S_02,scene,Is this a highway or motorway rather than an urban or residential road?,no,A,high,automatic,main_eval,False,,,paligemma,unanswerable,unclear,False,0.14
adverse_weather,c92005f1-24f38b48.jpg,AW_S_04,scene,Would this scene look significantly different under clear daytime conditions?,yes,B,medium,automatic,main_eval,False,,,paligemma,no,no,False,0.08
adverse_weather,c92005f1-24f38b48.jpg,AW_S_05,scene,Is the overall light level sufficient to drive without headlights?,no,B,medium,automatic,main_eval,False,,,paligemma,no,no,True,0.09
adverse_weather,c92005f1-24f38b48.jpg,AW_ADV_01,adversarial,"Despite the weather, can you still identify what type of road this is?",yes,A,high,automatic,main_eval,False,,,paligemma,no,no,False,0.09
adverse_weather,c92005f1-24f38b48.jpg,AW_ADV_02,adversarial,Are any road signs or markings visible that convey speed or direction information?,no,B,high,automatic,main_eval,False,,,paligemma,no,no,True,0.09
adverse_weather,c92005f1-24f38b48.jpg,AW_ADV_03,adversarial,Would a driver need to use headlights to safely navigate this scene?,yes,A,high,automatic,main_eval,False,,,paligemma,yes,yes,True,0.08
adverse_weather,c92005f1-24f38b48.jpg,AW_ADV_04,adversarial,Is there enough visual information to safely navigate an unfamiliar junction here?,no,B,medium,automatic,main_eval,False,,,paligemma,no,no,True,0.08
adverse_weather,c92005f1-24f38b48.jpg,AW_BASE_01,baseline,Is visibility reduced in this scene compared to a clear day?,yes,A,high,automatic,baseline_only,False,,,paligemma,yes,yes,True,0.08
adverse_weather,b4d18d1a-e9faf80a.jpg,AW_P_01,perception,Can you clearly make out the shape of vehicles ahead on the road?,no,B,medium,automatic,main_eval,False,,,paligemma,no,no,True,0.08
adverse_weather,b4d18d1a-e9faf80a.jpg,AW_P_03,perception,Are any road signs visible that you could read from the driver's seat?,no,B,high,automatic,main_eval,False,,,paligemma,no,no,True,0.08
adverse_weather,b4d18d1a-e9faf80a.jpg,AW_P_04,perception,Can you see far enough ahead to safely react to a sudden hazard?,no,B,medium,automatic,main_eval,False,,,paligemma,no,no,True,0.08
adverse_weather,b4d18d1a-e9faf80a.jpg,AW_P_05,perception,Is there a pedestrian visible anywhere near the road in this scene?,no,A,high,automatic,main_eval,False,,,paligemma,no,no,True,0.08
adverse_weather,b4d18d1a-e9faf80a.jpg,AW_P_06,perception,"Is the road surface visible enough to judge whether it is wet, icy, or dry?",no,B,medium,automatic,main_eval,False,,,paligemma,yes,yes,False,0.09
adverse_weather,b4d18d1a-e9faf80a.jpg,AW_P_07,perception,Can you tell from this image whether there is a vehicle close enough to be a collision risk?,no,B,medium,automatic,main_eval,False,,,paligemma,no,no,True,0.09
adverse_weather,b4d18d1a-e9faf80a.jpg,AW_P_08,perception,Is the sky visible and distinguishable from the road in this scene?,no,B,medium,automatic,main_eval,False,,,paligemma,no,no,True,0.08
adverse_weather,b4d18d1a-e9faf80a.jpg,AW_A_01,action,Should the driver turn on their headlights right now?,yes,A,high,automatic,main_eval,False,,,paligemma,yes,yes,True,0.09
adverse_weather,b4d18d1a-e9faf80a.jpg,AW_A_03,action,Should the driver use windscreen wipers right now?,no,A,high,automatic,main_eval,False,,,paligemma,yes,yes,False,0.09
adverse_weather,b4d18d1a-e9faf80a.jpg,AW_A_04,action,Is it safe to attempt an overtake of the vehicle ahead in these conditions?,no,B,medium,automatic,main_eval,False,,,paligemma,no,no,True,0.09
adverse_weather,b4d18d1a-e9faf80a.jpg,AW_H_01,hazard,Is there a risk of a hidden vehicle or obstacle emerging suddenly from the scene?,yes,B,medium,automatic,main_eval,False,,,paligemma,yes,yes,True,0.09
adverse_weather,b4d18d1a-e9faf80a.jpg,AW_H_03,hazard,Is there a pedestrian in a position where they could step into the vehicle's path?,no,B,medium,automatic,main_eval,False,,,paligemma,no,no,True,0.09
adverse_weather,b4d18d1a-e9faf80a.jpg,AW_H_04,hazard,Could a cyclist or motorcyclist be hidden somewhere in this scene?,yes,B,medium,automatic,main_eval,False,,,paligemma,yes,yes,True,0.09
adverse_weather,b4d18d1a-e9faf80a.jpg,AW_S_01,scene,Is this a nighttime driving scene?,yes,A,high,automatic,main_eval,False,,,paligemma,yes,yes,True,0.08
adverse_weather,b4d18d1a-e9faf80a.jpg,AW_S_04,scene,Would this scene look significantly different under clear daytime conditions?,yes,B,medium,automatic,main_eval,False,,,paligemma,no,no,False,0.08
adverse_weather,b4d18d1a-e9faf80a.jpg,AW_S_05,scene,Is the overall light level sufficient to drive without headlights?,no,B,medium,automatic,main_eval,False,,,paligemma,no,no,True,0.08
adverse_weather,b4d18d1a-e9faf80a.jpg,AW_ADV_02,adversarial,Are any road signs or markings visible that convey speed or direction information?,no,B,high,automatic,main_eval,False,,,paligemma,no,no,True,0.08
adverse_weather,b4d18d1a-e9faf80a.jpg,AW_ADV_03,adversarial,Would a driver need to use headlights to safely navigate this scene?,yes,A,high,automatic,main_eval,False,,,paligemma,yes,yes,True,0.08
adverse_weather,b4d18d1a-e9faf80a.jpg,AW_BASE_01,baseline,Is visibility reduced in this scene compared to a clear day?,yes,A,high,automatic,baseline_only,False,,,paligemma,yes,yes,True,0.08
adverse_weather,be9ce27e-304f0df0.jpg,AW_P_01,perception,Can you clearly make out the shape of vehicles ahead on the road?,no,B,medium,automatic,main_eval,False,,,paligemma,yes,yes,False,0.09
adverse_weather,be9ce27e-304f0df0.jpg,AW_P_03,perception,Are any road signs visible that you could read from the driver's seat?,no,B,high,automatic,main_eval,False,,,paligemma,no,no,True,0.09
adverse_weather,be9ce27e-304f0df0.jpg,AW_P_04,perception,Can you see far enough ahead to safely react to a sudden hazard?,no,B,medium,automatic,main_eval,False,,,paligemma,yes,yes,False,0.09
adverse_weather,be9ce27e-304f0df0.jpg,AW_P_05,perception,Is there a pedestrian visible anywhere near the road in this scene?,no,A,high,automatic,main_eval,False,,,paligemma,no,no,True,0.08
adverse_weather,be9ce27e-304f0df0.jpg,AW_P_06,perception,"Is the road surface visible enough to judge whether it is wet, icy, or dry?",no,B,medium,automatic,main_eval,False,,,paligemma,yes,yes,False,0.08
adverse_weather,be9ce27e-304f0df0.jpg,AW_P_07,perception,Can you tell from this image whether there is a vehicle close enough to be a collision risk?,yes,B,medium,automatic,main_eval,False,,,paligemma,no,no,False,0.08
adverse_weather,be9ce27e-304f0df0.jpg,AW_P_08,perception,Is the sky visible and distinguishable from the road in this scene?,no,B,medium,automatic,main_eval,False,,,paligemma,no,no,True,0.08
adverse_weather,be9ce27e-304f0df0.jpg,AW_A_01,action,Should the driver turn on their headlights right now?,yes,A,high,automatic,main_eval,False,,,paligemma,yes,yes,True,0.08
adverse_weather,be9ce27e-304f0df0.jpg,AW_A_03,action,Should the driver use windscreen wipers right now?,no,A,high,automatic,main_eval,False,,,paligemma,yes,yes,False,0.08
adverse_weather,be9ce27e-304f0df0.jpg,AW_A_04,action,Is it safe to attempt an overtake of the vehicle ahead in these conditions?,no,B,medium,automatic,main_eval,False,,,paligemma,no,no,True,0.09
adverse_weather,be9ce27e-304f0df0.jpg,AW_A_06,action,Would you feel comfortable pulling over and stopping on the road here?,yes,B,medium,automatic,main_eval,False,,,paligemma,no,no,False,0.09
adverse_weather,be9ce27e-304f0df0.jpg,AW_H_01,hazard,Is there a risk of a hidden vehicle or obstacle emerging suddenly from the scene?,yes,B,medium,automatic,main_eval,False,,,paligemma,yes,yes,True,0.09
adverse_weather,be9ce27e-304f0df0.jpg,AW_H_03,hazard,Is there a pedestrian in a position where they could step into the vehicle's path?,no,B,medium,automatic,main_eval,False,,,paligemma,yes,yes,False,0.09
adverse_weather,be9ce27e-304f0df0.jpg,AW_H_04,hazard,Could a cyclist or motorcyclist be hidden somewhere in this scene?,yes,B,medium,automatic,main_eval,False,,,paligemma,yes,yes,True,0.08
adverse_weather,be9ce27e-304f0df0.jpg,AW_S_01,scene,Is this a nighttime driving scene?,yes,A,high,automatic,main_eval,False,,,paligemma,yes,yes,True,0.08
adverse_weather,be9ce27e-304f0df0.jpg,AW_S_02,scene,Is this a highway or motorway rather than an urban or residential road?,no,A,high,automatic,main_eval,False,,,paligemma,yes,yes,False,0.08
adverse_weather,be9ce27e-304f0df0.jpg,AW_S_04,scene,Would this scene look significantly different under clear daytime conditions?,yes,B,medium,automatic,main_eval,False,,,paligemma,no,no,False,0.08
adverse_weather,be9ce27e-304f0df0.jpg,AW_S_05,scene,Is the overall light level sufficient to drive without headlights?,no,B,medium,automatic,main_eval,False,,,paligemma,no,no,True,0.09
adverse_weather,be9ce27e-304f0df0.jpg,AW_ADV_02,adversarial,Are any road signs or markings visible that convey speed or direction information?,no,B,high,automatic,main_eval,False,,,paligemma,no,no,True,0.08
adverse_weather,be9ce27e-304f0df0.jpg,AW_ADV_03,adversarial,Would a driver need to use headlights to safely navigate this scene?,yes,A,high,automatic,main_eval,False,,,paligemma,yes,yes,True,0.08
adverse_weather,be9ce27e-304f0df0.jpg,AW_BASE_01,baseline,Is visibility reduced in this scene compared to a clear day?,yes,A,high,automatic,baseline_only,False,,,paligemma,yes,yes,True,0.08
adverse_weather,b9bdeae4-ee607bbc.jpg,AW_P_01,perception,Can you clearly make out the shape of vehicles ahead on the road?,no,B,medium,automatic,main_eval,False,,,paligemma,no,no,True,0.08
adverse_weather,b9bdeae4-ee607bbc.jpg,AW_P_03,perception,Are any road signs visible that you could read from the driver's seat?,no,B,high,automatic,main_eval,False,,,paligemma,no,no,True,0.08
adverse_weather,b9bdeae4-ee607bbc.jpg,AW_P_04,perception,Can you see far enough ahead to safely react to a sudden hazard?,no,B,medium,automatic,main_eval,False,,,paligemma,no,no,True,0.08
adverse_weather,b9bdeae4-ee607bbc.jpg,AW_P_05,perception,Is there a pedestrian visible anywhere near the road in this scene?,no,A,high,automatic,main_eval,False,,,paligemma,no,no,True,0.08
adverse_weather,b9bdeae4-ee607bbc.jpg,AW_P_06,perception,"Is the road surface visible enough to judge whether it is wet, icy, or dry?",no,B,medium,automatic,main_eval,False,,,paligemma,no,no,True,0.09
adverse_weather,b9bdeae4-ee607bbc.jpg,AW_P_07,perception,Can you tell from this image whether there is a vehicle close enough to be a collision risk?,no,B,medium,automatic,main_eval,False,,,paligemma,unanswerable,unclear,False,0.14
adverse_weather,b9bdeae4-ee607bbc.jpg,AW_P_08,perception,Is the sky visible and distinguishable from the road in this scene?,no,B,medium,automatic,main_eval,False,,,paligemma,no,no,True,0.08
adverse_weather,b9bdeae4-ee607bbc.jpg,AW_A_01,action,Should the driver turn on their headlights right now?,yes,A,high,automatic,main_eval,False,,,paligemma,yes,yes,True,0.09
adverse_weather,b9bdeae4-ee607bbc.jpg,AW_A_03,action,Should the driver use windscreen wipers right now?,no,A,high,automatic,main_eval,False,,,paligemma,yes,yes,False,0.09
adverse_weather,b9bdeae4-ee607bbc.jpg,AW_A_04,action,Is it safe to attempt an overtake of the vehicle ahead in these conditions?,no,B,medium,automatic,main_eval,False,,,paligemma,no,no,True,0.09
adverse_weather,b9bdeae4-ee607bbc.jpg,AW_H_01,hazard,Is there a risk of a hidden vehicle or obstacle emerging suddenly from the scene?,yes,B,medium,automatic,main_eval,False,,,paligemma,yes,yes,True,0.08
adverse_weather,b9bdeae4-ee607bbc.jpg,AW_H_03,hazard,Is there a pedestrian in a position where they could step into the vehicle's path?,no,B,medium,automatic,main_eval,False,,,paligemma,unanswerable,unclear,False,0.14
adverse_weather,b9bdeae4-ee607bbc.jpg,AW_H_04,hazard,Could a cyclist or motorcyclist be hidden somewhere in this scene?,yes,B,medium,automatic,main_eval,False,,,paligemma,yes,yes,True,0.08
adverse_weather,b9bdeae4-ee607bbc.jpg,AW_S_01,scene,Is this a nighttime driving scene?,yes,A,high,automatic,main_eval,False,,,paligemma,yes,yes,True,0.09
adverse_weather,b9bdeae4-ee607bbc.jpg,AW_S_04,scene,Would this scene look significantly different under clear daytime conditions?,yes,B,medium,automatic,main_eval,False,,,paligemma,no,no,False,0.09
adverse_weather,b9bdeae4-ee607bbc.jpg,AW_S_05,scene,Is the overall light level sufficient to drive without headlights?,no,B,medium,automatic,main_eval,False,,,paligemma,no,no,True,0.08
adverse_weather,b9bdeae4-ee607bbc.jpg,AW_ADV_02,adversarial,Are any road signs or markings visible that convey speed or direction information?,no,B,high,automatic,main_eval,False,,,paligemma,no,no,True,0.08
adverse_weather,b9bdeae4-ee607bbc.jpg,AW_ADV_03,adversarial,Would a driver need to use headlights to safely navigate this scene?,yes,A,high,automatic,main_eval,False,,,paligemma,yes,yes,True,0.08
adverse_weather,b9bdeae4-ee607bbc.jpg,AW_BASE_01,baseline,Is visibility reduced in this scene compared to a clear day?,yes,A,high,automatic,baseline_only,False,,,paligemma,yes,yes,True,0.08
adverse_weather,c6d51f76-d2459db8.jpg,AW_P_01,perception,Can you clearly make out the shape of vehicles ahead on the road?,no,B,medium,automatic,main_eval,False,,,paligemma,no,no,True,0.08
adverse_weather,c6d51f76-d2459db8.jpg,AW_P_02,perception,Is it possible to read the colour of the traffic lights in this scene?,yes,A,high,automatic,main_eval,False,,,paligemma,no,no,False,0.08
adverse_weather,c6d51f76-d2459db8.jpg,AW_P_03,perception,Are any road signs visible that you could read from the driver's seat?,no,B,high,automatic,main_eval,False,,,paligemma,no,no,True,0.08
adverse_weather,c6d51f76-d2459db8.jpg,AW_P_04,perception,Can you see far enough ahead to safely react to a sudden hazard?,no,B,medium,automatic,main_eval,False,,,paligemma,no,no,True,0.08
adverse_weather,c6d51f76-d2459db8.jpg,AW_P_05,perception,Is there a pedestrian visible anywhere near the road in this scene?,no,A,high,automatic,main_eval,False,,,paligemma,no,no,True,0.08
adverse_weather,c6d51f76-d2459db8.jpg,AW_P_06,perception,"Is the road surface visible enough to judge whether it is wet, icy, or dry?",no,B,medium,automatic,main_eval,False,,,paligemma,no,no,True,0.08
adverse_weather,c6d51f76-d2459db8.jpg,AW_P_07,perception,Can you tell from this image whether there is a vehicle close enough to be a collision risk?,yes,B,medium,automatic,main_eval,False,,,paligemma,no,no,False,0.09
adverse_weather,c6d51f76-d2459db8.jpg,AW_P_08,perception,Is the sky visible and distinguishable from the road in this scene?,no,B,medium,automatic,main_eval,False,,,paligemma,no,no,True,0.08
adverse_weather,c6d51f76-d2459db8.jpg,AW_A_01,action,Should the driver turn on their headlights right now?,yes,A,high,automatic,main_eval,False,,,paligemma,yes,yes,True,0.08
adverse_weather,c6d51f76-d2459db8.jpg,AW_A_03,action,Should the driver use windscreen wipers right now?,no,A,high,automatic,main_eval,False,,,paligemma,yes,yes,False,0.08
adverse_weather,c6d51f76-d2459db8.jpg,AW_A_04,action,Is it safe to attempt an overtake of the vehicle ahead in these conditions?,no,B,medium,automatic,main_eval,False,,,paligemma,no,no,True,0.09
adverse_weather,c6d51f76-d2459db8.jpg,AW_H_01,hazard,Is there a risk of a hidden vehicle or obstacle emerging suddenly from the scene?,yes,B,medium,automatic,main_eval,False,,,paligemma,yes,yes,True,0.09
adverse_weather,c6d51f76-d2459db8.jpg,AW_H_03,hazard,Is there a pedestrian in a position where they could step into the vehicle's path?,no,B,medium,automatic,main_eval,False,,,paligemma,yes,yes,False,0.09
adverse_weather,c6d51f76-d2459db8.jpg,AW_H_04,hazard,Could a cyclist or motorcyclist be hidden somewhere in this scene?,yes,B,medium,automatic,main_eval,False,,,paligemma,yes,yes,True,0.09
adverse_weather,c6d51f76-d2459db8.jpg,AW_H_06,hazard,Is there a risk of glare from headlights or wet road reflections in this scene?,yes,B,medium,automatic,main_eval,False,,,paligemma,yes,yes,True,0.09
adverse_weather,c6d51f76-d2459db8.jpg,AW_S_01,scene,Is this a nighttime driving scene?,yes,A,high,automatic,main_eval,False,,,paligemma,yes,yes,True,0.09
adverse_weather,c6d51f76-d2459db8.jpg,AW_S_04,scene,Would this scene look significantly different under clear daytime conditions?,yes,B,medium,automatic,main_eval,False,,,paligemma,no,no,False,0.08
adverse_weather,c6d51f76-d2459db8.jpg,AW_S_05,scene,Is the overall light level sufficient to drive without headlights?,no,B,medium,automatic,main_eval,False,,,paligemma,no,no,True,0.09
adverse_weather,c6d51f76-d2459db8.jpg,AW_ADV_02,adversarial,Are any road signs or markings visible that convey speed or direction information?,no,B,high,automatic,main_eval,False,,,paligemma,no,no,True,0.09
adverse_weather,c6d51f76-d2459db8.jpg,AW_ADV_03,adversarial,Would a driver need to use headlights to safely navigate this scene?,yes,A,high,automatic,main_eval,False,,,paligemma,yes,yes,True,0.09
adverse_weather,c6d51f76-d2459db8.jpg,AW_BASE_01,baseline,Is visibility reduced in this scene compared to a clear day?,yes,A,high,automatic,baseline_only,False,,,paligemma,yes,yes,True,0.08
adverse_weather,ca3165e0-c1c82c8f.jpg,AW_P_01,perception,Can you clearly make out the shape of vehicles ahead on the road?,no,B,medium,automatic,main_eval,False,,,paligemma,no,no,True,0.09
adverse_weather,ca3165e0-c1c82c8f.jpg,AW_P_02,perception,Is it possible to read the colour of the traffic lights in this scene?,yes,A,high,automatic,main_eval,False,,,paligemma,no,no,False,0.09
adverse_weather,ca3165e0-c1c82c8f.jpg,AW_P_03,perception,Are any road signs visible that you could read from the driver's seat?,no,B,high,automatic,main_eval,False,,,paligemma,no,no,True,0.08
adverse_weather,ca3165e0-c1c82c8f.jpg,AW_P_04,perception,Can you see far enough ahead to safely react to a sudden hazard?,no,B,medium,automatic,main_eval,False,,,paligemma,no,no,True,0.08
adverse_weather,ca3165e0-c1c82c8f.jpg,AW_P_05,perception,Is there a pedestrian visible anywhere near the road in this scene?,no,A,high,automatic,main_eval,False,,,paligemma,no,no,True,0.08
adverse_weather,ca3165e0-c1c82c8f.jpg,AW_P_06,perception,"Is the road surface visible enough to judge whether it is wet, icy, or dry?",no,B,medium,automatic,main_eval,False,,,paligemma,yes,yes,False,0.08
adverse_weather,ca3165e0-c1c82c8f.jpg,AW_P_07,perception,Can you tell from this image whether there is a vehicle close enough to be a collision risk?,yes,B,medium,automatic,main_eval,False,,,paligemma,no,no,False,0.08
adverse_weather,ca3165e0-c1c82c8f.jpg,AW_P_08,perception,Is the sky visible and distinguishable from the road in this scene?,no,B,medium,automatic,main_eval,False,,,paligemma,no,no,True,0.08
adverse_weather,ca3165e0-c1c82c8f.jpg,AW_A_01,action,Should the driver turn on their headlights right now?,yes,A,high,automatic,main_eval,False,,,paligemma,no,no,False,0.08
adverse_weather,ca3165e0-c1c82c8f.jpg,AW_A_03,action,Should the driver use windscreen wipers right now?,no,A,high,automatic,main_eval,False,,,paligemma,no,no,True,0.08
adverse_weather,ca3165e0-c1c82c8f.jpg,AW_A_04,action,Is it safe to attempt an overtake of the vehicle ahead in these conditions?,no,B,medium,automatic,main_eval,False,,,paligemma,no,no,True,0.08
adverse_weather,ca3165e0-c1c82c8f.jpg,AW_H_01,hazard,Is there a risk of a hidden vehicle or obstacle emerging suddenly from the scene?,yes,B,medium,automatic,main_eval,False,,,paligemma,yes,yes,True,0.08
adverse_weather,ca3165e0-c1c82c8f.jpg,AW_H_03,hazard,Is there a pedestrian in a position where they could step into the vehicle's path?,no,B,medium,automatic,main_eval,False,,,paligemma,no,no,True,0.08
adverse_weather,ca3165e0-c1c82c8f.jpg,AW_H_04,hazard,Could a cyclist or motorcyclist be hidden somewhere in this scene?,yes,B,medium,automatic,main_eval,False,,,paligemma,yes,yes,True,0.09
adverse_weather,ca3165e0-c1c82c8f.jpg,AW_H_06,hazard,Is there a risk of glare from headlights or wet road reflections in this scene?,yes,B,medium,automatic,main_eval,False,,,paligemma,yes,yes,True,0.09
adverse_weather,ca3165e0-c1c82c8f.jpg,AW_S_01,scene,Is this a nighttime driving scene?,yes,A,high,automatic,main_eval,False,,,paligemma,yes,yes,True,0.09
adverse_weather,ca3165e0-c1c82c8f.jpg,AW_S_02,scene,Is this a highway or motorway rather than an urban or residential road?,no,A,high,automatic,main_eval,False,,,paligemma,yes,yes,False,0.09
adverse_weather,ca3165e0-c1c82c8f.jpg,AW_S_04,scene,Would this scene look significantly different under clear daytime conditions?,yes,B,medium,automatic,main_eval,False,,,paligemma,no,no,False,0.09
adverse_weather,ca3165e0-c1c82c8f.jpg,AW_S_05,scene,Is the overall light level sufficient to drive without headlights?,no,B,medium,automatic,main_eval,False,,,paligemma,yes,yes,False,0.09
adverse_weather,ca3165e0-c1c82c8f.jpg,AW_ADV_01,adversarial,"Despite the weather, can you still identify what type of road this is?",yes,A,high,automatic,main_eval,False,,,paligemma,no,no,False,0.08
adverse_weather,ca3165e0-c1c82c8f.jpg,AW_ADV_02,adversarial,Are any road signs or markings visible that convey speed or direction information?,no,B,high,automatic,main_eval,False,,,paligemma,no,no,True,0.09
adverse_weather,ca3165e0-c1c82c8f.jpg,AW_ADV_03,adversarial,Would a driver need to use headlights to safely navigate this scene?,yes,A,high,automatic,main_eval,False,,,paligemma,yes,yes,True,0.09
adverse_weather,ca3165e0-c1c82c8f.jpg,AW_ADV_04,adversarial,Is there enough visual information to safely navigate an unfamiliar junction here?,no,B,medium,automatic,main_eval,False,,,paligemma,yes,yes,False,0.08
adverse_weather,ca3165e0-c1c82c8f.jpg,AW_BASE_01,baseline,Is visibility reduced in this scene compared to a clear day?,yes,A,high,automatic,baseline_only,False,,,paligemma,yes,yes,True,0.08
adverse_weather,c4742900-c0e2297d.jpg,AW_P_01,perception,Can you clearly make out the shape of vehicles ahead on the road?,no,B,medium,automatic,main_eval,False,,,paligemma,no,no,True,0.09
adverse_weather,c4742900-c0e2297d.jpg,AW_P_03,perception,Are any road signs visible that you could read from the driver's seat?,no,B,high,automatic,main_eval,False,,,paligemma,no,no,True,0.09
adverse_weather,c4742900-c0e2297d.jpg,AW_P_04,perception,Can you see far enough ahead to safely react to a sudden hazard?,no,B,medium,automatic,main_eval,False,,,paligemma,no,no,True,0.08
adverse_weather,c4742900-c0e2297d.jpg,AW_P_05,perception,Is there a pedestrian visible anywhere near the road in this scene?,no,A,high,automatic,main_eval,False,,,paligemma,no,no,True,0.08
adverse_weather,c4742900-c0e2297d.jpg,AW_P_06,perception,"Is the road surface visible enough to judge whether it is wet, icy, or dry?",no,B,medium,automatic,main_eval,False,,,paligemma,no,no,True,0.09
adverse_weather,c4742900-c0e2297d.jpg,AW_P_07,perception,Can you tell from this image whether there is a vehicle close enough to be a collision risk?,yes,B,medium,automatic,main_eval,False,,,paligemma,no,no,False,0.08
adverse_weather,c4742900-c0e2297d.jpg,AW_P_08,perception,Is the sky visible and distinguishable from the road in this scene?,no,B,medium,automatic,main_eval,False,,,paligemma,no,no,True,0.08
adverse_weather,c4742900-c0e2297d.jpg,AW_A_01,action,Should the driver turn on their headlights right now?,yes,A,high,automatic,main_eval,False,,,paligemma,yes,yes,True,0.08
adverse_weather,c4742900-c0e2297d.jpg,AW_A_03,action,Should the driver use windscreen wipers right now?,no,A,high,automatic,main_eval,False,,,paligemma,yes,yes,False,0.08
adverse_weather,c4742900-c0e2297d.jpg,AW_A_04,action,Is it safe to attempt an overtake of the vehicle ahead in these conditions?,no,B,medium,automatic,main_eval,False,,,paligemma,no,no,True,0.08
adverse_weather,c4742900-c0e2297d.jpg,AW_H_01,hazard,Is there a risk of a hidden vehicle or obstacle emerging suddenly from the scene?,yes,B,medium,automatic,main_eval,False,,,paligemma,yes,yes,True,0.08
adverse_weather,c4742900-c0e2297d.jpg,AW_H_03,hazard,Is there a pedestrian in a position where they could step into the vehicle's path?,no,B,medium,automatic,main_eval,False,,,paligemma,no,no,True,0.08
adverse_weather,c4742900-c0e2297d.jpg,AW_H_04,hazard,Could a cyclist or motorcyclist be hidden somewhere in this scene?,yes,B,medium,automatic,main_eval,False,,,paligemma,yes,yes,True,0.08
adverse_weather,c4742900-c0e2297d.jpg,AW_S_01,scene,Is this a nighttime driving scene?,yes,A,high,automatic,main_eval,False,,,paligemma,yes,yes,True,0.09
adverse_weather,c4742900-c0e2297d.jpg,AW_S_02,scene,Is this a highway or motorway rather than an urban or residential road?,no,A,high,automatic,main_eval,False,,,paligemma,yes,yes,False,0.09
adverse_weather,c4742900-c0e2297d.jpg,AW_S_04,scene,Would this scene look significantly different under clear daytime conditions?,yes,B,medium,automatic,main_eval,False,,,paligemma,no,no,False,0.09
adverse_weather,c4742900-c0e2297d.jpg,AW_S_05,scene,Is the overall light level sufficient to drive without headlights?,no,B,medium,automatic,main_eval,False,,,paligemma,no,no,True,0.09
adverse_weather,c4742900-c0e2297d.jpg,AW_ADV_01,adversarial,"Despite the weather, can you still identify what type of road this is?",yes,A,high,automatic,main_eval,False,,,paligemma,no,no,False,0.09
adverse_weather,c4742900-c0e2297d.jpg,AW_ADV_02,adversarial,Are any road signs or markings visible that convey speed or direction information?,no,B,high,automatic,main_eval,False,,,paligemma,no,no,True,0.08
adverse_weather,c4742900-c0e2297d.jpg,AW_ADV_03,adversarial,Would a driver need to use headlights to safely navigate this scene?,yes,A,high,automatic,main_eval,False,,,paligemma,yes,yes,True,0.08
adverse_weather,c4742900-c0e2297d.jpg,AW_ADV_04,adversarial,Is there enough visual information to safely navigate an unfamiliar junction here?,no,B,medium,automatic,main_eval,False,,,paligemma,no,no,True,0.08
adverse_weather,c4742900-c0e2297d.jpg,AW_BASE_01,baseline,Is visibility reduced in this scene compared to a clear day?,yes,A,high,automatic,baseline_only,False,,,paligemma,yes,yes,True,0.08
adverse_weather,be273f87-7aca9df7.jpg,AW_P_01,perception,Can you clearly make out the shape of vehicles ahead on the road?,no,B,medium,automatic,main_eval,False,,,paligemma,no,no,True,0.08
adverse_weather,be273f87-7aca9df7.jpg,AW_P_03,perception,Are any road signs visible that you could read from the driver's seat?,no,B,high,automatic,main_eval,False,,,paligemma,no,no,True,0.08
adverse_weather,be273f87-7aca9df7.jpg,AW_P_04,perception,Can you see far enough ahead to safely react to a sudden hazard?,no,B,medium,automatic,main_eval,False,,,paligemma,no,no,True,0.08
adverse_weather,be273f87-7aca9df7.jpg,AW_P_05,perception,Is there a pedestrian visible anywhere near the road in this scene?,no,A,high,automatic,main_eval,False,,,paligemma,no,no,True,0.08
adverse_weather,be273f87-7aca9df7.jpg,AW_P_06,perception,"Is the road surface visible enough to judge whether it is wet, icy, or dry?",no,B,medium,automatic,main_eval,False,,,paligemma,no,no,True,0.08
adverse_weather,be273f87-7aca9df7.jpg,AW_P_07,perception,Can you tell from this image whether there is a vehicle close enough to be a collision risk?,yes,B,medium,automatic,main_eval,False,,,paligemma,yes,yes,True,0.08
adverse_weather,be273f87-7aca9df7.jpg,AW_P_08,perception,Is the sky visible and distinguishable from the road in this scene?,no,B,medium,automatic,main_eval,False,,,paligemma,no,no,True,0.09
adverse_weather,be273f87-7aca9df7.jpg,AW_A_01,action,Should the driver turn on their headlights right now?,yes,A,high,automatic,main_eval,False,,,paligemma,yes,yes,True,0.09
adverse_weather,be273f87-7aca9df7.jpg,AW_A_03,action,Should the driver use windscreen wipers right now?,no,A,high,automatic,main_eval,False,,,paligemma,yes,yes,False,0.09
adverse_weather,be273f87-7aca9df7.jpg,AW_A_04,action,Is it safe to attempt an overtake of the vehicle ahead in these conditions?,no,B,medium,automatic,main_eval,False,,,paligemma,no,no,True,0.09
adverse_weather,be273f87-7aca9df7.jpg,AW_H_01,hazard,Is there a risk of a hidden vehicle or obstacle emerging suddenly from the scene?,yes,B,medium,automatic,main_eval,False,,,paligemma,yes,yes,True,0.09
adverse_weather,be273f87-7aca9df7.jpg,AW_H_03,hazard,Is there a pedestrian in a position where they could step into the vehicle's path?,no,B,medium,automatic,main_eval,False,,,paligemma,yes,yes,False,0.09
adverse_weather,be273f87-7aca9df7.jpg,AW_H_04,hazard,Could a cyclist or motorcyclist be hidden somewhere in this scene?,yes,B,medium,automatic,main_eval,False,,,paligemma,yes,yes,True,0.08
adverse_weather,be273f87-7aca9df7.jpg,AW_S_01,scene,Is this a nighttime driving scene?,yes,A,high,automatic,main_eval,False,,,paligemma,yes,yes,True,0.08
adverse_weather,be273f87-7aca9df7.jpg,AW_S_04,scene,Would this scene look significantly different under clear daytime conditions?,yes,B,medium,automatic,main_eval,False,,,paligemma,no,no,False,0.08
adverse_weather,be273f87-7aca9df7.jpg,AW_S_05,scene,Is the overall light level sufficient to drive without headlights?,no,B,medium,automatic,main_eval,False,,,paligemma,no,no,True,0.08
adverse_weather,be273f87-7aca9df7.jpg,AW_ADV_02,adversarial,Are any road signs or markings visible that convey speed or direction information?,no,B,high,automatic,main_eval,False,,,paligemma,no,no,True,0.08
adverse_weather,be273f87-7aca9df7.jpg,AW_ADV_03,adversarial,Would a driver need to use headlights to safely navigate this scene?,yes,A,high,automatic,main_eval,False,,,paligemma,yes,yes,True,0.08
adverse_weather,be273f87-7aca9df7.jpg,AW_BASE_01,baseline,Is visibility reduced in this scene compared to a clear day?,yes,A,high,automatic,baseline_only,False,,,paligemma,yes,yes,True,0.08
adverse_weather,b8a28c17-3dcc2922.jpg,AW_P_01,perception,Can you clearly make out the shape of vehicles ahead on the road?,no,B,medium,automatic,main_eval,False,,,paligemma,no,no,True,0.09
adverse_weather,b8a28c17-3dcc2922.jpg,AW_P_02,perception,Is it possible to read the colour of the traffic lights in this scene?,yes,A,high,automatic,main_eval,False,,,paligemma,no,no,False,0.09
adverse_weather,b8a28c17-3dcc2922.jpg,AW_P_04,perception,Can you see far enough ahead to safely react to a sudden hazard?,no,B,medium,automatic,main_eval,False,,,paligemma,yes,yes,False,0.09
adverse_weather,b8a28c17-3dcc2922.jpg,AW_P_05,perception,Is there a pedestrian visible anywhere near the road in this scene?,no,A,high,automatic,main_eval,False,,,paligemma,no,no,True,0.09
adverse_weather,b8a28c17-3dcc2922.jpg,AW_P_06,perception,"Is the road surface visible enough to judge whether it is wet, icy, or dry?",no,B,medium,automatic,main_eval,False,,,paligemma,yes,yes,False,0.09
adverse_weather,b8a28c17-3dcc2922.jpg,AW_P_07,perception,Can you tell from this image whether there is a vehicle close enough to be a collision risk?,no,B,medium,automatic,main_eval,False,,,paligemma,no,no,True,0.09
adverse_weather,b8a28c17-3dcc2922.jpg,AW_P_08,perception,Is the sky visible and distinguishable from the road in this scene?,no,B,medium,automatic,main_eval,False,,,paligemma,no,no,True,0.09
adverse_weather,b8a28c17-3dcc2922.jpg,AW_A_01,action,Should the driver turn on their headlights right now?,yes,A,high,automatic,main_eval,False,,,paligemma,yes,yes,True,0.09
adverse_weather,b8a28c17-3dcc2922.jpg,AW_A_02,action,Should the driver slow down below the speed limit given current conditions?,yes,B,medium,automatic,main_eval,False,,,paligemma,no,no,False,0.09
adverse_weather,b8a28c17-3dcc2922.jpg,AW_A_03,action,Should the driver use windscreen wipers right now?,no,A,high,automatic,main_eval,False,,,paligemma,yes,yes,False,0.09
adverse_weather,b8a28c17-3dcc2922.jpg,AW_A_04,action,Is it safe to attempt an overtake of the vehicle ahead in these conditions?,no,B,medium,automatic,main_eval,False,,,paligemma,no,no,True,0.08
adverse_weather,b8a28c17-3dcc2922.jpg,AW_A_06,action,Would you feel comfortable pulling over and stopping on the road here?,no,B,medium,automatic,main_eval,False,,,paligemma,no,no,True,0.08
adverse_weather,b8a28c17-3dcc2922.jpg,AW_H_01,hazard,Is there a risk of a hidden vehicle or obstacle emerging suddenly from the scene?,yes,B,medium,automatic,main_eval,False,,,paligemma,yes,yes,True,0.09
adverse_weather,b8a28c17-3dcc2922.jpg,AW_H_03,hazard,Is there a pedestrian in a position where they could step into the vehicle's path?,no,B,medium,automatic,main_eval,False,,,paligemma,no,no,True,0.08
adverse_weather,b8a28c17-3dcc2922.jpg,AW_H_04,hazard,Could a cyclist or motorcyclist be hidden somewhere in this scene?,yes,B,medium,automatic,main_eval,False,,,paligemma,yes,yes,True,0.08
adverse_weather,b8a28c17-3dcc2922.jpg,AW_H_06,hazard,Is there a risk of glare from headlights or wet road reflections in this scene?,yes,B,medium,automatic,main_eval,False,,,paligemma,yes,yes,True,0.09
adverse_weather,b8a28c17-3dcc2922.jpg,AW_S_01,scene,Is this a nighttime driving scene?,yes,A,high,automatic,main_eval,False,,,paligemma,yes,yes,True,0.08
adverse_weather,b8a28c17-3dcc2922.jpg,AW_S_02,scene,Is this a highway or motorway rather than an urban or residential road?,yes,A,high,automatic,main_eval,False,,,paligemma,yes,yes,True,0.08
adverse_weather,b8a28c17-3dcc2922.jpg,AW_S_04,scene,Would this scene look significantly different under clear daytime conditions?,yes,B,medium,automatic,main_eval,False,,,paligemma,no,no,False,0.08
adverse_weather,b8a28c17-3dcc2922.jpg,AW_S_05,scene,Is the overall light level sufficient to drive without headlights?,no,B,medium,automatic,main_eval,False,,,paligemma,no,no,True,0.09
adverse_weather,b8a28c17-3dcc2922.jpg,AW_ADV_01,adversarial,"Despite the weather, can you still identify what type of road this is?",yes,A,high,automatic,main_eval,False,,,paligemma,no,no,False,0.08
adverse_weather,b8a28c17-3dcc2922.jpg,AW_ADV_03,adversarial,Would a driver need to use headlights to safely navigate this scene?,yes,A,high,automatic,main_eval,False,,,paligemma,yes,yes,True,0.08
adverse_weather,b8a28c17-3dcc2922.jpg,AW_ADV_05,adversarial,Would a driver unfamiliar with this road feel confident proceeding in these conditions?,no,B,medium,automatic,main_eval,False,,,paligemma,no,no,True,0.08
adverse_weather,b8a28c17-3dcc2922.jpg,AW_BASE_01,baseline,Is visibility reduced in this scene compared to a clear day?,yes,A,high,automatic,baseline_only,False,,,paligemma,yes,yes,True,0.08
adverse_weather,b464d209-9e91f389.jpg,AW_P_04,perception,Can you see far enough ahead to safely react to a sudden hazard?,no,B,medium,automatic,main_eval,False,,,paligemma,yes,yes,False,0.08
adverse_weather,b464d209-9e91f389.jpg,AW_P_05,perception,Is there a pedestrian visible anywhere near the road in this scene?,no,A,high,automatic,main_eval,False,,,paligemma,no,no,True,0.08
adverse_weather,b464d209-9e91f389.jpg,AW_P_06,perception,"Is the road surface visible enough to judge whether it is wet, icy, or dry?",no,B,medium,automatic,main_eval,False,,,paligemma,dry,unclear,False,0.09
adverse_weather,b464d209-9e91f389.jpg,AW_P_07,perception,Can you tell from this image whether there is a vehicle close enough to be a collision risk?,no,B,medium,automatic,main_eval,False,,,paligemma,no,no,True,0.09
adverse_weather,b464d209-9e91f389.jpg,AW_P_08,perception,Is the sky visible and distinguishable from the road in this scene?,no,B,medium,automatic,main_eval,False,,,paligemma,no,no,True,0.09
adverse_weather,b464d209-9e91f389.jpg,AW_A_01,action,Should the driver turn on their headlights right now?,yes,A,high,automatic,main_eval,False,,,paligemma,yes,yes,True,0.09
adverse_weather,b464d209-9e91f389.jpg,AW_A_02,action,Should the driver slow down below the speed limit given current conditions?,yes,B,medium,automatic,main_eval,False,,,paligemma,yes,yes,True,0.08
adverse_weather,b464d209-9e91f389.jpg,AW_A_03,action,Should the driver use windscreen wipers right now?,no,A,high,automatic,main_eval,False,,,paligemma,yes,yes,False,0.09
adverse_weather,b464d209-9e91f389.jpg,AW_A_04,action,Is it safe to attempt an overtake of the vehicle ahead in these conditions?,no,B,medium,automatic,main_eval,False,,,paligemma,no,no,True,0.09
adverse_weather,b464d209-9e91f389.jpg,AW_A_06,action,Would you feel comfortable pulling over and stopping on the road here?,no,B,medium,automatic,main_eval,False,,,paligemma,no,no,True,0.08
adverse_weather,b464d209-9e91f389.jpg,AW_H_01,hazard,Is there a risk of a hidden vehicle or obstacle emerging suddenly from the scene?,yes,B,medium,automatic,main_eval,False,,,paligemma,yes,yes,True,0.09
adverse_weather,b464d209-9e91f389.jpg,AW_H_03,hazard,Is there a pedestrian in a position where they could step into the vehicle's path?,no,B,medium,automatic,main_eval,False,,,paligemma,no,no,True,0.08
adverse_weather,b464d209-9e91f389.jpg,AW_H_04,hazard,Could a cyclist or motorcyclist be hidden somewhere in this scene?,yes,B,medium,automatic,main_eval,False,,,paligemma,yes,yes,True,0.08
adverse_weather,b464d209-9e91f389.jpg,AW_S_01,scene,Is this a nighttime driving scene?,yes,A,high,automatic,main_eval,False,,,paligemma,yes,yes,True,0.08
adverse_weather,b464d209-9e91f389.jpg,AW_S_02,scene,Is this a highway or motorway rather than an urban or residential road?,yes,A,high,automatic,main_eval,False,,,paligemma,yes,yes,True,0.08
adverse_weather,b464d209-9e91f389.jpg,AW_S_04,scene,Would this scene look significantly different under clear daytime conditions?,yes,B,medium,automatic,main_eval,False,,,paligemma,no,no,False,0.08
adverse_weather,b464d209-9e91f389.jpg,AW_S_05,scene,Is the overall light level sufficient to drive without headlights?,no,B,medium,automatic,main_eval,False,,,paligemma,no,no,True,0.08
adverse_weather,b464d209-9e91f389.jpg,AW_ADV_01,adversarial,"Despite the weather, can you still identify what type of road this is?",yes,A,high,automatic,main_eval,False,,,paligemma,no,no,False,0.08
adverse_weather,b464d209-9e91f389.jpg,AW_ADV_03,adversarial,Would a driver need to use headlights to safely navigate this scene?,yes,A,high,automatic,main_eval,False,,,paligemma,yes,yes,True,0.08
adverse_weather,b464d209-9e91f389.jpg,AW_ADV_05,adversarial,Would a driver unfamiliar with this road feel confident proceeding in these conditions?,no,B,medium,automatic,main_eval,False,,,paligemma,no,no,True,0.08
adverse_weather,b464d209-9e91f389.jpg,AW_BASE_01,baseline,Is visibility reduced in this scene compared to a clear day?,yes,A,high,automatic,baseline_only,False,,,paligemma,yes,yes,True,0.08
adverse_weather,c39375fb-4de2d085.jpg,AW_P_01,perception,Can you clearly make out the shape of vehicles ahead on the road?,no,B,medium,automatic,main_eval,False,,,paligemma,no,no,True,0.08
adverse_weather,c39375fb-4de2d085.jpg,AW_P_02,perception,Is it possible to read the colour of the traffic lights in this scene?,yes,A,high,automatic,main_eval,False,,,paligemma,no,no,False,0.08
adverse_weather,c39375fb-4de2d085.jpg,AW_P_03,perception,Are any road signs visible that you could read from the driver's seat?,no,B,high,automatic,main_eval,False,,,paligemma,no,no,True,0.08
adverse_weather,c39375fb-4de2d085.jpg,AW_P_04,perception,Can you see far enough ahead to safely react to a sudden hazard?,no,B,medium,automatic,main_eval,False,,,paligemma,no,no,True,0.08
adverse_weather,c39375fb-4de2d085.jpg,AW_P_05,perception,Is there a pedestrian visible anywhere near the road in this scene?,no,A,high,automatic,main_eval,False,,,paligemma,no,no,True,0.08
adverse_weather,c39375fb-4de2d085.jpg,AW_P_06,perception,"Is the road surface visible enough to judge whether it is wet, icy, or dry?",no,B,medium,automatic,main_eval,False,,,paligemma,yes,yes,False,0.09
adverse_weather,c39375fb-4de2d085.jpg,AW_P_07,perception,Can you tell from this image whether there is a vehicle close enough to be a collision risk?,yes,B,medium,automatic,main_eval,False,,,paligemma,no,no,False,0.09
adverse_weather,c39375fb-4de2d085.jpg,AW_P_08,perception,Is the sky visible and distinguishable from the road in this scene?,no,B,medium,automatic,main_eval,False,,,paligemma,no,no,True,0.09
adverse_weather,c39375fb-4de2d085.jpg,AW_A_01,action,Should the driver turn on their headlights right now?,yes,A,high,automatic,main_eval,False,,,paligemma,yes,yes,True,0.09
adverse_weather,c39375fb-4de2d085.jpg,AW_A_03,action,Should the driver use windscreen wipers right now?,no,A,high,automatic,main_eval,False,,,paligemma,yes,yes,False,0.09
adverse_weather,c39375fb-4de2d085.jpg,AW_A_04,action,Is it safe to attempt an overtake of the vehicle ahead in these conditions?,no,B,medium,automatic,main_eval,False,,,paligemma,no,no,True,0.09
adverse_weather,c39375fb-4de2d085.jpg,AW_H_01,hazard,Is there a risk of a hidden vehicle or obstacle emerging suddenly from the scene?,yes,B,medium,automatic,main_eval,False,,,paligemma,yes,yes,True,0.09
adverse_weather,c39375fb-4de2d085.jpg,AW_H_03,hazard,Is there a pedestrian in a position where they could step into the vehicle's path?,no,B,medium,automatic,main_eval,False,,,paligemma,no,no,True,0.09
adverse_weather,c39375fb-4de2d085.jpg,AW_H_04,hazard,Could a cyclist or motorcyclist be hidden somewhere in this scene?,yes,B,medium,automatic,main_eval,False,,,paligemma,yes,yes,True,0.08
adverse_weather,c39375fb-4de2d085.jpg,AW_H_06,hazard,Is there a risk of glare from headlights or wet road reflections in this scene?,yes,B,medium,automatic,main_eval,False,,,paligemma,yes,yes,True,0.09
adverse_weather,c39375fb-4de2d085.jpg,AW_S_01,scene,Is this a nighttime driving scene?,yes,A,high,automatic,main_eval,False,,,paligemma,yes,yes,True,0.09
adverse_weather,c39375fb-4de2d085.jpg,AW_S_02,scene,Is this a highway or motorway rather than an urban or residential road?,no,A,high,automatic,main_eval,False,,,paligemma,yes,yes,False,0.09
adverse_weather,c39375fb-4de2d085.jpg,AW_S_04,scene,Would this scene look significantly different under clear daytime conditions?,yes,B,medium,automatic,main_eval,False,,,paligemma,no,no,False,0.08
adverse_weather,c39375fb-4de2d085.jpg,AW_S_05,scene,Is the overall light level sufficient to drive without headlights?,no,B,medium,automatic,main_eval,False,,,paligemma,no,no,True,0.09
adverse_weather,c39375fb-4de2d085.jpg,AW_ADV_01,adversarial,"Despite the weather, can you still identify what type of road this is?",yes,A,high,automatic,main_eval,False,,,paligemma,no,no,False,0.09
adverse_weather,c39375fb-4de2d085.jpg,AW_ADV_02,adversarial,Are any road signs or markings visible that convey speed or direction information?,no,B,high,automatic,main_eval,False,,,paligemma,no,no,True,0.08
adverse_weather,c39375fb-4de2d085.jpg,AW_ADV_03,adversarial,Would a driver need to use headlights to safely navigate this scene?,yes,A,high,automatic,main_eval,False,,,paligemma,yes,yes,True,0.08
adverse_weather,c39375fb-4de2d085.jpg,AW_ADV_04,adversarial,Is there enough visual information to safely navigate an unfamiliar junction here?,no,B,medium,automatic,main_eval,False,,,paligemma,no,no,True,0.08
adverse_weather,c39375fb-4de2d085.jpg,AW_BASE_01,baseline,Is visibility reduced in this scene compared to a clear day?,yes,A,high,automatic,baseline_only,False,,,paligemma,yes,yes,True,0.08
adverse_weather,b2a4bc4d-6f7c1727.jpg,AW_P_03,perception,Are any road signs visible that you could read from the driver's seat?,no,B,high,automatic,main_eval,False,,,paligemma,no,no,True,0.08
adverse_weather,b2a4bc4d-6f7c1727.jpg,AW_P_04,perception,Can you see far enough ahead to safely react to a sudden hazard?,no,B,medium,automatic,main_eval,False,,,paligemma,no,no,True,0.08
adverse_weather,b2a4bc4d-6f7c1727.jpg,AW_P_05,perception,Is there a pedestrian visible anywhere near the road in this scene?,no,A,high,automatic,main_eval,False,,,paligemma,no,no,True,0.08
adverse_weather,b2a4bc4d-6f7c1727.jpg,AW_P_06,perception,"Is the road surface visible enough to judge whether it is wet, icy, or dry?",no,B,medium,automatic,main_eval,False,,,paligemma,yes,yes,False,0.08
adverse_weather,b2a4bc4d-6f7c1727.jpg,AW_P_07,perception,Can you tell from this image whether there is a vehicle close enough to be a collision risk?,no,B,medium,automatic,main_eval,False,,,paligemma,no,no,True,0.08
adverse_weather,b2a4bc4d-6f7c1727.jpg,AW_P_08,perception,Is the sky visible and distinguishable from the road in this scene?,no,B,medium,automatic,main_eval,False,,,paligemma,no,no,True,0.08
adverse_weather,b2a4bc4d-6f7c1727.jpg,AW_A_01,action,Should the driver turn on their headlights right now?,yes,A,high,automatic,main_eval,False,,,paligemma,yes,yes,True,0.09
adverse_weather,b2a4bc4d-6f7c1727.jpg,AW_A_03,action,Should the driver use windscreen wipers right now?,no,A,high,automatic,main_eval,False,,,paligemma,yes,yes,False,0.09
adverse_weather,b2a4bc4d-6f7c1727.jpg,AW_A_04,action,Is it safe to attempt an overtake of the vehicle ahead in these conditions?,no,B,medium,automatic,main_eval,False,,,paligemma,no,no,True,0.09
adverse_weather,b2a4bc4d-6f7c1727.jpg,AW_H_01,hazard,Is there a risk of a hidden vehicle or obstacle emerging suddenly from the scene?,yes,B,medium,automatic,main_eval,False,,,paligemma,yes,yes,True,0.09
adverse_weather,b2a4bc4d-6f7c1727.jpg,AW_H_03,hazard,Is there a pedestrian in a position where they could step into the vehicle's path?,no,B,medium,automatic,main_eval,False,,,paligemma,yes,yes,False,0.09
adverse_weather,b2a4bc4d-6f7c1727.jpg,AW_H_04,hazard,Could a cyclist or motorcyclist be hidden somewhere in this scene?,yes,B,medium,automatic,main_eval,False,,,paligemma,yes,yes,True,0.08
adverse_weather,b2a4bc4d-6f7c1727.jpg,AW_S_01,scene,Is this a nighttime driving scene?,yes,A,high,automatic,main_eval,False,,,paligemma,yes,yes,True,0.09
adverse_weather,b2a4bc4d-6f7c1727.jpg,AW_S_02,scene,Is this a highway or motorway rather than an urban or residential road?,no,A,high,automatic,main_eval,False,,,paligemma,unanswerable,unclear,False,0.14
adverse_weather,b2a4bc4d-6f7c1727.jpg,AW_S_04,scene,Would this scene look significantly different under clear daytime conditions?,yes,B,medium,automatic,main_eval,False,,,paligemma,yes,yes,True,0.09
adverse_weather,b2a4bc4d-6f7c1727.jpg,AW_S_05,scene,Is the overall light level sufficient to drive without headlights?,no,B,medium,automatic,main_eval,False,,,paligemma,no,no,True,0.09
adverse_weather,b2a4bc4d-6f7c1727.jpg,AW_ADV_01,adversarial,"Despite the weather, can you still identify what type of road this is?",yes,A,high,automatic,main_eval,False,,,paligemma,no,no,False,0.1
adverse_weather,b2a4bc4d-6f7c1727.jpg,AW_ADV_02,adversarial,Are any road signs or markings visible that convey speed or direction information?,no,B,high,automatic,main_eval,False,,,paligemma,no,no,True,0.08
adverse_weather,b2a4bc4d-6f7c1727.jpg,AW_ADV_03,adversarial,Would a driver need to use headlights to safely navigate this scene?,yes,A,high,automatic,main_eval,False,,,paligemma,yes,yes,True,0.09
adverse_weather,b2a4bc4d-6f7c1727.jpg,AW_ADV_04,adversarial,Is there enough visual information to safely navigate an unfamiliar junction here?,no,B,medium,automatic,main_eval,False,,,paligemma,no,no,True,0.08
adverse_weather,b2a4bc4d-6f7c1727.jpg,AW_BASE_01,baseline,Is visibility reduced in this scene compared to a clear day?,yes,A,high,automatic,baseline_only,False,,,paligemma,yes,yes,True,0.08
adverse_weather,b3f3c908-baffb699.jpg,AW_P_03,perception,Are any road signs visible that you could read from the driver's seat?,yes,B,high,automatic,main_eval,False,,,paligemma,yes,yes,True,0.08
adverse_weather,b3f3c908-baffb699.jpg,AW_P_04,perception,Can you see far enough ahead to safely react to a sudden hazard?,yes,B,medium,automatic,main_eval,False,,,paligemma,yes,yes,True,0.08
adverse_weather,b3f3c908-baffb699.jpg,AW_P_05,perception,Is there a pedestrian visible anywhere near the road in this scene?,no,A,high,automatic,main_eval,False,,,paligemma,yes,yes,False,0.08
adverse_weather,b3f3c908-baffb699.jpg,AW_P_06,perception,"Is the road surface visible enough to judge whether it is wet, icy, or dry?",yes,B,medium,automatic,main_eval,False,,,paligemma,dry,unclear,False,0.08
adverse_weather,b3f3c908-baffb699.jpg,AW_P_07,perception,Can you tell from this image whether there is a vehicle close enough to be a collision risk?,yes,B,medium,automatic,main_eval,False,,,paligemma,"Sorry, as a base VLM I am not trained to answer this question.",unclear,False,0.48
adverse_weather,b3f3c908-baffb699.jpg,AW_P_08,perception,Is the sky visible and distinguishable from the road in this scene?,yes,B,medium,automatic,main_eval,False,,,paligemma,yes,yes,True,0.08
adverse_weather,b3f3c908-baffb699.jpg,AW_A_01,action,Should the driver turn on their headlights right now?,no,A,high,automatic,main_eval,False,,,paligemma,no,no,True,0.09
adverse_weather,b3f3c908-baffb699.jpg,AW_A_02,action,Should the driver slow down below the speed limit given current conditions?,no,B,medium,automatic,main_eval,False,,,paligemma,yes,yes,False,0.08
adverse_weather,b3f3c908-baffb699.jpg,AW_A_03,action,Should the driver use windscreen wipers right now?,no,A,high,automatic,main_eval,False,,,paligemma,no,no,True,0.09
adverse_weather,b3f3c908-baffb699.jpg,AW_A_04,action,Is it safe to attempt an overtake of the vehicle ahead in these conditions?,yes,B,medium,automatic,main_eval,False,,,paligemma,"Sorry, as a base VLM I am not trained to answer this question.",unclear,False,0.48
adverse_weather,b3f3c908-baffb699.jpg,AW_A_05,action,Should the driver increase following distance from the vehicle ahead?,no,B,medium,automatic,baseline_only,False,,,paligemma,"Sorry, as a base VLM I am not trained to answer this question.",unclear,False,0.48
adverse_weather,b3f3c908-baffb699.jpg,AW_A_06,action,Would you feel comfortable pulling over and stopping on the road here?,no,B,medium,automatic,main_eval,False,,,paligemma,no,no,True,0.08
adverse_weather,b3f3c908-baffb699.jpg,AW_H_01,hazard,Is there a risk of a hidden vehicle or obstacle emerging suddenly from the scene?,no,B,medium,automatic,main_eval,False,,,paligemma,yes,yes,False,0.09
adverse_weather,b3f3c908-baffb699.jpg,AW_H_02,hazard,Would braking distance be longer than usual in these conditions?,no,B,low,automatic,baseline_only,False,,,paligemma,yes,yes,False,0.09
adverse_weather,b3f3c908-baffb699.jpg,AW_H_03,hazard,Is there a pedestrian in a position where they could step into the vehicle's path?,no,B,medium,automatic,main_eval,False,,,paligemma,no,no,True,0.09
adverse_weather,b3f3c908-baffb699.jpg,AW_H_04,hazard,Could a cyclist or motorcyclist be hidden somewhere in this scene?,no,B,medium,automatic,main_eval,False,,,paligemma,yes,yes,False,0.08
adverse_weather,b3f3c908-baffb699.jpg,AW_H_05,hazard,Is the road surface likely to cause the vehicle to slide or lose traction?,no,B,medium,automatic,main_eval,False,,,paligemma,no,no,True,0.08
adverse_weather,b3f3c908-baffb699.jpg,AW_H_06,hazard,Is there a risk of glare from headlights or wet road reflections in this scene?,no,B,medium,automatic,main_eval,False,,,paligemma,yes,yes,False,0.08
adverse_weather,b3f3c908-baffb699.jpg,AW_S_01,scene,Is this a nighttime driving scene?,no,A,high,automatic,main_eval,False,,,paligemma,no,no,True,0.08
adverse_weather,b3f3c908-baffb699.jpg,AW_S_02,scene,Is this a highway or motorway rather than an urban or residential road?,yes,A,high,automatic,main_eval,False,,,paligemma,yes,yes,True,0.08
adverse_weather,b3f3c908-baffb699.jpg,AW_S_03,scene,Does this scene show active precipitation — rain or snow actually falling?,no,B,medium,automatic,baseline_only,False,,,paligemma,no,no,True,0.08
adverse_weather,b3f3c908-baffb699.jpg,AW_S_04,scene,Would this scene look significantly different under clear daytime conditions?,no,B,medium,automatic,main_eval,False,,,paligemma,no,no,True,0.08
adverse_weather,b3f3c908-baffb699.jpg,AW_S_05,scene,Is the overall light level sufficient to drive without headlights?,yes,B,medium,automatic,main_eval,False,,,paligemma,yes,yes,True,0.08
adverse_weather,b3f3c908-baffb699.jpg,AW_ADV_01,adversarial,"Despite the weather, can you still identify what type of road this is?",yes,A,high,automatic,main_eval,False,,,paligemma,no,no,False,0.08
adverse_weather,b3f3c908-baffb699.jpg,AW_ADV_02,adversarial,Are any road signs or markings visible that convey speed or direction information?,yes,B,high,automatic,main_eval,False,,,paligemma,no,no,False,0.09
adverse_weather,b3f3c908-baffb699.jpg,AW_ADV_03,adversarial,Would a driver need to use headlights to safely navigate this scene?,no,A,high,automatic,main_eval,False,,,paligemma,no,no,True,0.08
adverse_weather,b3f3c908-baffb699.jpg,AW_BASE_01,baseline,Is visibility reduced in this scene compared to a clear day?,no,A,high,automatic,baseline_only,False,,,paligemma,no,no,True,0.08
adverse_weather,b3f3c908-baffb699.jpg,AW_BASE_02,baseline,Is the weather in this image adverse or challenging for driving?,no,A,high,automatic,baseline_only,False,,,paligemma,no,no,True,0.08
adverse_weather,bfaca2bb-f1c305a8.jpg,AW_P_01,perception,Can you clearly make out the shape of vehicles ahead on the road?,yes,B,medium,automatic,main_eval,False,,,paligemma,yes,yes,True,0.09
adverse_weather,bfaca2bb-f1c305a8.jpg,AW_P_03,perception,Are any road signs visible that you could read from the driver's seat?,yes,B,high,automatic,main_eval,False,,,paligemma,no,no,False,0.09
adverse_weather,bfaca2bb-f1c305a8.jpg,AW_P_04,perception,Can you see far enough ahead to safely react to a sudden hazard?,yes,B,medium,automatic,main_eval,False,,,paligemma,yes,yes,True,0.09
adverse_weather,bfaca2bb-f1c305a8.jpg,AW_P_05,perception,Is there a pedestrian visible anywhere near the road in this scene?,no,A,high,automatic,main_eval,False,,,paligemma,no,no,True,0.09
adverse_weather,bfaca2bb-f1c305a8.jpg,AW_P_06,perception,"Is the road surface visible enough to judge whether it is wet, icy, or dry?",yes,B,medium,automatic,main_eval,False,,,paligemma,yes,yes,True,0.09
adverse_weather,bfaca2bb-f1c305a8.jpg,AW_P_07,perception,Can you tell from this image whether there is a vehicle close enough to be a collision risk?,yes,B,medium,automatic,main_eval,False,,,paligemma,yes,yes,True,0.09
adverse_weather,bfaca2bb-f1c305a8.jpg,AW_P_08,perception,Is the sky visible and distinguishable from the road in this scene?,yes,B,medium,automatic,main_eval,False,,,paligemma,yes,yes,True,0.08
adverse_weather,bfaca2bb-f1c305a8.jpg,AW_A_01,action,Should the driver turn on their headlights right now?,no,A,high,automatic,main_eval,False,,,paligemma,no,no,True,0.08
adverse_weather,bfaca2bb-f1c305a8.jpg,AW_A_02,action,Should the driver slow down below the speed limit given current conditions?,no,B,medium,automatic,main_eval,False,,,paligemma,yes,yes,False,0.08
adverse_weather,bfaca2bb-f1c305a8.jpg,AW_A_03,action,Should the driver use windscreen wipers right now?,no,A,high,automatic,main_eval,False,,,paligemma,no,no,True,0.08
adverse_weather,bfaca2bb-f1c305a8.jpg,AW_A_05,action,Should the driver increase following distance from the vehicle ahead?,no,B,medium,automatic,baseline_only,False,,,paligemma,yes,yes,False,0.08
adverse_weather,bfaca2bb-f1c305a8.jpg,AW_A_06,action,Would you feel comfortable pulling over and stopping on the road here?,yes,B,medium,automatic,main_eval,False,,,paligemma,no,no,False,0.08
adverse_weather,bfaca2bb-f1c305a8.jpg,AW_H_01,hazard,Is there a risk of a hidden vehicle or obstacle emerging suddenly from the scene?,no,B,medium,automatic,main_eval,False,,,paligemma,yes,yes,False,0.08
adverse_weather,bfaca2bb-f1c305a8.jpg,AW_H_02,hazard,Would braking distance be longer than usual in these conditions?,no,B,low,automatic,baseline_only,False,,,paligemma,yes,yes,False,0.08
adverse_weather,bfaca2bb-f1c305a8.jpg,AW_H_03,hazard,Is there a pedestrian in a position where they could step into the vehicle's path?,no,B,medium,automatic,main_eval,False,,,paligemma,no,no,True,0.09
adverse_weather,bfaca2bb-f1c305a8.jpg,AW_H_04,hazard,Could a cyclist or motorcyclist be hidden somewhere in this scene?,no,B,medium,automatic,main_eval,False,,,paligemma,yes,yes,False,0.08
adverse_weather,bfaca2bb-f1c305a8.jpg,AW_H_05,hazard,Is the road surface likely to cause the vehicle to slide or lose traction?,no,B,medium,automatic,main_eval,False,,,paligemma,no,no,True,0.08
adverse_weather,bfaca2bb-f1c305a8.jpg,AW_H_06,hazard,Is there a risk of glare from headlights or wet road reflections in this scene?,no,B,medium,automatic,main_eval,False,,,paligemma,yes,yes,False,0.08
adverse_weather,bfaca2bb-f1c305a8.jpg,AW_S_01,scene,Is this a nighttime driving scene?,no,A,high,automatic,main_eval,False,,,paligemma,no,no,True,0.08
adverse_weather,bfaca2bb-f1c305a8.jpg,AW_S_02,scene,Is this a highway or motorway rather than an urban or residential road?,no,A,high,automatic,main_eval,False,,,paligemma,urban,unclear,False,0.09
adverse_weather,bfaca2bb-f1c305a8.jpg,AW_S_03,scene,Does this scene show active precipitation — rain or snow actually falling?,no,B,medium,automatic,baseline_only,False,,,paligemma,no,no,True,0.08
adverse_weather,bfaca2bb-f1c305a8.jpg,AW_S_04,scene,Would this scene look significantly different under clear daytime conditions?,no,B,medium,automatic,main_eval,False,,,paligemma,no,no,True,0.09
adverse_weather,bfaca2bb-f1c305a8.jpg,AW_S_05,scene,Is the overall light level sufficient to drive without headlights?,yes,B,medium,automatic,main_eval,False,,,paligemma,yes,yes,True,0.09
adverse_weather,bfaca2bb-f1c305a8.jpg,AW_ADV_01,adversarial,"Despite the weather, can you still identify what type of road this is?",yes,A,high,automatic,main_eval,False,,,paligemma,no,no,False,0.09
adverse_weather,bfaca2bb-f1c305a8.jpg,AW_ADV_02,adversarial,Are any road signs or markings visible that convey speed or direction information?,yes,B,high,automatic,main_eval,False,,,paligemma,no,no,False,0.09
adverse_weather,bfaca2bb-f1c305a8.jpg,AW_ADV_03,adversarial,Would a driver need to use headlights to safely navigate this scene?,no,A,high,automatic,main_eval,False,,,paligemma,no,no,True,0.08
adverse_weather,bfaca2bb-f1c305a8.jpg,AW_ADV_05,adversarial,Would a driver unfamiliar with this road feel confident proceeding in these conditions?,yes,B,medium,automatic,main_eval,False,,,paligemma,no,no,False,0.09
adverse_weather,bfaca2bb-f1c305a8.jpg,AW_BASE_01,baseline,Is visibility reduced in this scene compared to a clear day?,no,A,high,automatic,baseline_only,False,,,paligemma,no,no,True,0.08
adverse_weather,bfaca2bb-f1c305a8.jpg,AW_BASE_02,baseline,Is the weather in this image adverse or challenging for driving?,no,A,high,automatic,baseline_only,False,,,paligemma,no,no,True,0.08
adverse_weather,c3f5620f-9311677e.jpg,AW_P_01,perception,Can you clearly make out the shape of vehicles ahead on the road?,yes,B,medium,automatic,main_eval,False,,,paligemma,yes,yes,True,0.09
adverse_weather,c3f5620f-9311677e.jpg,AW_P_03,perception,Are any road signs visible that you could read from the driver's seat?,no,B,high,automatic,main_eval,False,,,paligemma,no,no,True,0.09
adverse_weather,c3f5620f-9311677e.jpg,AW_P_04,perception,Can you see far enough ahead to safely react to a sudden hazard?,yes,B,medium,automatic,main_eval,False,,,paligemma,yes,yes,True,0.09
adverse_weather,c3f5620f-9311677e.jpg,AW_P_05,perception,Is there a pedestrian visible anywhere near the road in this scene?,no,A,high,automatic,main_eval,False,,,paligemma,no,no,True,0.08
adverse_weather,c3f5620f-9311677e.jpg,AW_P_06,perception,"Is the road surface visible enough to judge whether it is wet, icy, or dry?",yes,B,medium,automatic,main_eval,False,,,paligemma,dry,unclear,False,0.08
adverse_weather,c3f5620f-9311677e.jpg,AW_P_07,perception,Can you tell from this image whether there is a vehicle close enough to be a collision risk?,yes,B,medium,automatic,main_eval,False,,,paligemma,yes,yes,True,0.08
adverse_weather,c3f5620f-9311677e.jpg,AW_P_08,perception,Is the sky visible and distinguishable from the road in this scene?,yes,B,medium,automatic,main_eval,False,,,paligemma,yes,yes,True,0.08
adverse_weather,c3f5620f-9311677e.jpg,AW_A_01,action,Should the driver turn on their headlights right now?,no,A,high,automatic,main_eval,False,,,paligemma,no,no,True,0.08
adverse_weather,c3f5620f-9311677e.jpg,AW_A_02,action,Should the driver slow down below the speed limit given current conditions?,no,B,medium,automatic,main_eval,False,,,paligemma,yes,yes,False,0.08
adverse_weather,c3f5620f-9311677e.jpg,AW_A_03,action,Should the driver use windscreen wipers right now?,no,A,high,automatic,main_eval,False,,,paligemma,no,no,True,0.08
adverse_weather,c3f5620f-9311677e.jpg,AW_A_05,action,Should the driver increase following distance from the vehicle ahead?,no,B,medium,automatic,baseline_only,False,,,paligemma,yes,yes,False,0.08
adverse_weather,c3f5620f-9311677e.jpg,AW_A_06,action,Would you feel comfortable pulling over and stopping on the road here?,yes,B,medium,automatic,main_eval,False,,,paligemma,no,no,False,0.08
adverse_weather,c3f5620f-9311677e.jpg,AW_H_01,hazard,Is there a risk of a hidden vehicle or obstacle emerging suddenly from the scene?,no,B,medium,automatic,main_eval,False,,,paligemma,yes,yes,False,0.08
adverse_weather,c3f5620f-9311677e.jpg,AW_H_02,hazard,Would braking distance be longer than usual in these conditions?,no,B,low,automatic,baseline_only,False,,,paligemma,yes,yes,False,0.08
adverse_weather,c3f5620f-9311677e.jpg,AW_H_03,hazard,Is there a pedestrian in a position where they could step into the vehicle's path?,no,B,medium,automatic,main_eval,False,,,paligemma,yes,yes,False,0.08
adverse_weather,c3f5620f-9311677e.jpg,AW_H_04,hazard,Could a cyclist or motorcyclist be hidden somewhere in this scene?,no,B,medium,automatic,main_eval,False,,,paligemma,yes,yes,False,0.08
adverse_weather,c3f5620f-9311677e.jpg,AW_H_05,hazard,Is the road surface likely to cause the vehicle to slide or lose traction?,no,B,medium,automatic,main_eval,False,,,paligemma,no,no,True,0.08
adverse_weather,c3f5620f-9311677e.jpg,AW_H_06,hazard,Is there a risk of glare from headlights or wet road reflections in this scene?,no,B,medium,automatic,main_eval,False,,,paligemma,yes,yes,False,0.09
adverse_weather,c3f5620f-9311677e.jpg,AW_S_01,scene,Is this a nighttime driving scene?,no,A,high,automatic,main_eval,False,,,paligemma,no,no,True,0.09
adverse_weather,c3f5620f-9311677e.jpg,AW_S_02,scene,Is this a highway or motorway rather than an urban or residential road?,no,A,high,automatic,main_eval,False,,,paligemma,no,no,True,0.09
adverse_weather,c3f5620f-9311677e.jpg,AW_S_03,scene,Does this scene show active precipitation — rain or snow actually falling?,no,B,medium,automatic,baseline_only,False,,,paligemma,no,no,True,0.09
adverse_weather,c3f5620f-9311677e.jpg,AW_S_04,scene,Would this scene look significantly different under clear daytime conditions?,no,B,medium,automatic,main_eval,False,,,paligemma,no,no,True,0.09
adverse_weather,c3f5620f-9311677e.jpg,AW_S_05,scene,Is the overall light level sufficient to drive without headlights?,yes,B,medium,automatic,main_eval,False,,,paligemma,yes,yes,True,0.09
adverse_weather,c3f5620f-9311677e.jpg,AW_ADV_02,adversarial,Are any road signs or markings visible that convey speed or direction information?,no,B,high,automatic,main_eval,False,,,paligemma,no,no,True,0.09
adverse_weather,c3f5620f-9311677e.jpg,AW_ADV_03,adversarial,Would a driver need to use headlights to safely navigate this scene?,no,A,high,automatic,main_eval,False,,,paligemma,no,no,True,0.08
adverse_weather,c3f5620f-9311677e.jpg,AW_BASE_01,baseline,Is visibility reduced in this scene compared to a clear day?,no,A,high,automatic,baseline_only,False,,,paligemma,no,no,True,0.08
adverse_weather,c3f5620f-9311677e.jpg,AW_BASE_02,baseline,Is the weather in this image adverse or challenging for driving?,no,A,high,automatic,baseline_only,False,,,paligemma,no,no,True,0.08
adverse_weather,be4f53be-3e8f170e.jpg,AW_P_01,perception,Can you clearly make out the shape of vehicles ahead on the road?,yes,B,medium,automatic,main_eval,False,,,paligemma,yes,yes,True,0.09
adverse_weather,be4f53be-3e8f170e.jpg,AW_P_02,perception,Is it possible to read the colour of the traffic lights in this scene?,yes,A,high,automatic,main_eval,False,,,paligemma,no,no,False,0.09
adverse_weather,be4f53be-3e8f170e.jpg,AW_P_04,perception,Can you see far enough ahead to safely react to a sudden hazard?,yes,B,medium,automatic,main_eval,False,,,paligemma,yes,yes,True,0.09
adverse_weather,be4f53be-3e8f170e.jpg,AW_P_05,perception,Is there a pedestrian visible anywhere near the road in this scene?,no,A,high,automatic,main_eval,False,,,paligemma,no,no,True,0.08
adverse_weather,be4f53be-3e8f170e.jpg,AW_P_06,perception,"Is the road surface visible enough to judge whether it is wet, icy, or dry?",yes,B,medium,automatic,main_eval,False,,,paligemma,dry,unclear,False,0.08
adverse_weather,be4f53be-3e8f170e.jpg,AW_P_07,perception,Can you tell from this image whether there is a vehicle close enough to be a collision risk?,yes,B,medium,automatic,main_eval,False,,,paligemma,no,no,False,0.08
adverse_weather,be4f53be-3e8f170e.jpg,AW_P_08,perception,Is the sky visible and distinguishable from the road in this scene?,yes,B,medium,automatic,main_eval,False,,,paligemma,yes,yes,True,0.08
adverse_weather,be4f53be-3e8f170e.jpg,AW_A_01,action,Should the driver turn on their headlights right now?,no,A,high,automatic,main_eval,False,,,paligemma,no,no,True,0.08
adverse_weather,be4f53be-3e8f170e.jpg,AW_A_02,action,Should the driver slow down below the speed limit given current conditions?,no,B,medium,automatic,main_eval,False,,,paligemma,yes,yes,False,0.08
adverse_weather,be4f53be-3e8f170e.jpg,AW_A_03,action,Should the driver use windscreen wipers right now?,no,A,high,automatic,main_eval,False,,,paligemma,no,no,True,0.08
adverse_weather,be4f53be-3e8f170e.jpg,AW_A_05,action,Should the driver increase following distance from the vehicle ahead?,no,B,medium,automatic,baseline_only,False,,,paligemma,yes,yes,False,0.08
adverse_weather,be4f53be-3e8f170e.jpg,AW_A_06,action,Would you feel comfortable pulling over and stopping on the road here?,yes,B,medium,automatic,main_eval,False,,,paligemma,no,no,False,0.08
adverse_weather,be4f53be-3e8f170e.jpg,AW_H_01,hazard,Is there a risk of a hidden vehicle or obstacle emerging suddenly from the scene?,no,B,medium,automatic,main_eval,False,,,paligemma,yes,yes,False,0.08
adverse_weather,be4f53be-3e8f170e.jpg,AW_H_02,hazard,Would braking distance be longer than usual in these conditions?,no,B,low,automatic,baseline_only,False,,,paligemma,yes,yes,False,0.09
adverse_weather,be4f53be-3e8f170e.jpg,AW_H_03,hazard,Is there a pedestrian in a position where they could step into the vehicle's path?,no,B,medium,automatic,main_eval,False,,,paligemma,no,no,True,0.09
adverse_weather,be4f53be-3e8f170e.jpg,AW_H_04,hazard,Could a cyclist or motorcyclist be hidden somewhere in this scene?,no,B,medium,automatic,main_eval,False,,,paligemma,no,no,True,0.08
adverse_weather,be4f53be-3e8f170e.jpg,AW_H_05,hazard,Is the road surface likely to cause the vehicle to slide or lose traction?,no,B,medium,automatic,main_eval,False,,,paligemma,no,no,True,0.09
adverse_weather,be4f53be-3e8f170e.jpg,AW_H_06,hazard,Is there a risk of glare from headlights or wet road reflections in this scene?,no,B,medium,automatic,main_eval,False,,,paligemma,no,no,True,0.09
adverse_weather,be4f53be-3e8f170e.jpg,AW_S_01,scene,Is this a nighttime driving scene?,no,A,high,automatic,main_eval,False,,,paligemma,no,no,True,0.09
adverse_weather,be4f53be-3e8f170e.jpg,AW_S_02,scene,Is this a highway or motorway rather than an urban or residential road?,no,A,high,automatic,main_eval,False,,,paligemma,yes,yes,False,0.09
adverse_weather,be4f53be-3e8f170e.jpg,AW_S_03,scene,Does this scene show active precipitation — rain or snow actually falling?,no,B,medium,automatic,baseline_only,False,,,paligemma,no,no,True,0.09
adverse_weather,be4f53be-3e8f170e.jpg,AW_S_04,scene,Would this scene look significantly different under clear daytime conditions?,no,B,medium,automatic,main_eval,False,,,paligemma,no,no,True,0.09
adverse_weather,be4f53be-3e8f170e.jpg,AW_S_05,scene,Is the overall light level sufficient to drive without headlights?,yes,B,medium,automatic,main_eval,False,,,paligemma,yes,yes,True,0.09
adverse_weather,be4f53be-3e8f170e.jpg,AW_ADV_01,adversarial,"Despite the weather, can you still identify what type of road this is?",yes,A,high,automatic,main_eval,False,,,paligemma,yes,yes,True,0.09
adverse_weather,be4f53be-3e8f170e.jpg,AW_ADV_03,adversarial,Would a driver need to use headlights to safely navigate this scene?,no,A,high,automatic,main_eval,False,,,paligemma,no,no,True,0.08
adverse_weather,be4f53be-3e8f170e.jpg,AW_ADV_05,adversarial,Would a driver unfamiliar with this road feel confident proceeding in these conditions?,yes,B,medium,automatic,main_eval,False,,,paligemma,no,no,False,0.08
adverse_weather,be4f53be-3e8f170e.jpg,AW_BASE_01,baseline,Is visibility reduced in this scene compared to a clear day?,no,A,high,automatic,baseline_only,False,,,paligemma,no,no,True,0.08
adverse_weather,be4f53be-3e8f170e.jpg,AW_BASE_02,baseline,Is the weather in this image adverse or challenging for driving?,no,A,high,automatic,baseline_only,False,,,paligemma,no,no,True,0.08
adverse_weather,c08bf392-3d39a1bc.jpg,AW_P_01,perception,Can you clearly make out the shape of vehicles ahead on the road?,yes,B,medium,automatic,main_eval,False,,,paligemma,no,no,False,0.14
adverse_weather,c08bf392-3d39a1bc.jpg,AW_P_02,perception,Is it possible to read the colour of the traffic lights in this scene?,yes,A,high,automatic,main_eval,False,,,paligemma,yes,yes,True,0.14
adverse_weather,c08bf392-3d39a1bc.jpg,AW_P_03,perception,Are any road signs visible that you could read from the driver's seat?,yes,B,high,automatic,main_eval,False,,,paligemma,yes,yes,True,0.11
adverse_weather,c08bf392-3d39a1bc.jpg,AW_P_04,perception,Can you see far enough ahead to safely react to a sudden hazard?,yes,B,medium,automatic,main_eval,False,,,paligemma,yes,yes,True,0.08
adverse_weather,c08bf392-3d39a1bc.jpg,AW_P_05,perception,Is there a pedestrian visible anywhere near the road in this scene?,yes,A,high,automatic,main_eval,False,,,paligemma,yes,yes,True,0.08
adverse_weather,c08bf392-3d39a1bc.jpg,AW_P_06,perception,"Is the road surface visible enough to judge whether it is wet, icy, or dry?",yes,B,medium,automatic,main_eval,False,,,paligemma,dry,unclear,False,0.08
adverse_weather,c08bf392-3d39a1bc.jpg,AW_P_07,perception,Can you tell from this image whether there is a vehicle close enough to be a collision risk?,yes,B,medium,automatic,main_eval,False,,,paligemma,no,no,False,0.09
adverse_weather,c08bf392-3d39a1bc.jpg,AW_P_08,perception,Is the sky visible and distinguishable from the road in this scene?,yes,B,medium,automatic,main_eval,False,,,paligemma,yes,yes,True,0.09
adverse_weather,c08bf392-3d39a1bc.jpg,AW_A_01,action,Should the driver turn on their headlights right now?,no,A,high,automatic,main_eval,False,,,paligemma,"Sorry, as a base VLM I am not trained to answer this question.",unclear,False,0.48
adverse_weather,c08bf392-3d39a1bc.jpg,AW_A_02,action,Should the driver slow down below the speed limit given current conditions?,no,B,medium,automatic,main_eval,False,,,paligemma,"Sorry, as a base VLM I am not trained to answer this question.",unclear,False,0.48
adverse_weather,c08bf392-3d39a1bc.jpg,AW_A_03,action,Should the driver use windscreen wipers right now?,no,A,high,automatic,main_eval,False,,,paligemma,"Sorry, as a base VLM I am not trained to answer this question.",unclear,False,0.48
adverse_weather,c08bf392-3d39a1bc.jpg,AW_A_05,action,Should the driver increase following distance from the vehicle ahead?,no,B,medium,automatic,baseline_only,False,,,paligemma,"Sorry, as a base VLM I am not trained to answer this question.",unclear,False,0.48
adverse_weather,c08bf392-3d39a1bc.jpg,AW_H_01,hazard,Is there a risk of a hidden vehicle or obstacle emerging suddenly from the scene?,no,B,medium,automatic,main_eval,False,,,paligemma,"Sorry, as a base VLM I am not trained to answer this question.",unclear,False,0.48
adverse_weather,c08bf392-3d39a1bc.jpg,AW_H_02,hazard,Would braking distance be longer than usual in these conditions?,no,B,low,automatic,baseline_only,False,,,paligemma,yes,yes,False,0.09
adverse_weather,c08bf392-3d39a1bc.jpg,AW_H_03,hazard,Is there a pedestrian in a position where they could step into the vehicle's path?,yes,B,medium,automatic,main_eval,False,,,paligemma,yes,yes,True,0.08
adverse_weather,c08bf392-3d39a1bc.jpg,AW_H_04,hazard,Could a cyclist or motorcyclist be hidden somewhere in this scene?,no,B,medium,automatic,main_eval,False,,,paligemma,yes,yes,False,0.08
adverse_weather,c08bf392-3d39a1bc.jpg,AW_H_05,hazard,Is the road surface likely to cause the vehicle to slide or lose traction?,no,B,medium,automatic,main_eval,False,,,paligemma,no,no,True,0.09
adverse_weather,c08bf392-3d39a1bc.jpg,AW_H_06,hazard,Is there a risk of glare from headlights or wet road reflections in this scene?,no,B,medium,automatic,main_eval,False,,,paligemma,yes,yes,False,0.09
adverse_weather,c08bf392-3d39a1bc.jpg,AW_S_01,scene,Is this a nighttime driving scene?,no,A,high,automatic,main_eval,False,,,paligemma,no,no,True,0.09
adverse_weather,c08bf392-3d39a1bc.jpg,AW_S_02,scene,Is this a highway or motorway rather than an urban or residential road?,no,A,high,automatic,main_eval,False,,,paligemma,urban,unclear,False,0.08
adverse_weather,c08bf392-3d39a1bc.jpg,AW_S_03,scene,Does this scene show active precipitation — rain or snow actually falling?,no,B,medium,automatic,baseline_only,False,,,paligemma,no,no,True,0.08
adverse_weather,c08bf392-3d39a1bc.jpg,AW_S_04,scene,Would this scene look significantly different under clear daytime conditions?,no,B,medium,automatic,main_eval,False,,,paligemma,no,no,True,0.08
adverse_weather,c08bf392-3d39a1bc.jpg,AW_S_05,scene,Is the overall light level sufficient to drive without headlights?,yes,B,medium,automatic,main_eval,False,,,paligemma,yes,yes,True,0.08
adverse_weather,c08bf392-3d39a1bc.jpg,AW_ADV_01,adversarial,"Despite the weather, can you still identify what type of road this is?",yes,A,high,automatic,main_eval,False,,,paligemma,no,no,False,0.08
adverse_weather,c08bf392-3d39a1bc.jpg,AW_ADV_02,adversarial,Are any road signs or markings visible that convey speed or direction information?,yes,B,high,automatic,main_eval,False,,,paligemma,no,no,False,0.08
adverse_weather,c08bf392-3d39a1bc.jpg,AW_ADV_03,adversarial,Would a driver need to use headlights to safely navigate this scene?,no,A,high,automatic,main_eval,False,,,paligemma,no,no,True,0.08
adverse_weather,c08bf392-3d39a1bc.jpg,AW_ADV_04,adversarial,Is there enough visual information to safely navigate an unfamiliar junction here?,yes,B,medium,automatic,main_eval,False,,,paligemma,yes,yes,True,0.08
adverse_weather,c08bf392-3d39a1bc.jpg,AW_ADV_05,adversarial,Would a driver unfamiliar with this road feel confident proceeding in these conditions?,yes,B,medium,automatic,main_eval,False,,,paligemma,"Sorry, as a base VLM I am not trained to answer this question.",unclear,False,0.48
adverse_weather,c08bf392-3d39a1bc.jpg,AW_BASE_01,baseline,Is visibility reduced in this scene compared to a clear day?,no,A,high,automatic,baseline_only,False,,,paligemma,yes,yes,False,0.08
adverse_weather,c08bf392-3d39a1bc.jpg,AW_BASE_02,baseline,Is the weather in this image adverse or challenging for driving?,no,A,high,automatic,baseline_only,False,,,paligemma,challenging,unclear,False,0.11
adverse_weather,b741c25b-5d56239a.jpg,AW_P_01,perception,Can you clearly make out the shape of vehicles ahead on the road?,yes,B,medium,automatic,main_eval,False,,,paligemma,yes,yes,True,0.09
adverse_weather,b741c25b-5d56239a.jpg,AW_P_02,perception,Is it possible to read the colour of the traffic lights in this scene?,yes,A,high,automatic,main_eval,False,,,paligemma,no,no,False,0.09
adverse_weather,b741c25b-5d56239a.jpg,AW_P_04,perception,Can you see far enough ahead to safely react to a sudden hazard?,yes,B,medium,automatic,main_eval,False,,,paligemma,yes,yes,True,0.09
adverse_weather,b741c25b-5d56239a.jpg,AW_P_05,perception,Is there a pedestrian visible anywhere near the road in this scene?,no,A,high,automatic,main_eval,False,,,paligemma,no,no,True,0.08
adverse_weather,b741c25b-5d56239a.jpg,AW_P_06,perception,"Is the road surface visible enough to judge whether it is wet, icy, or dry?",yes,B,medium,automatic,main_eval,False,,,paligemma,yes,yes,True,0.09
adverse_weather,b741c25b-5d56239a.jpg,AW_P_07,perception,Can you tell from this image whether there is a vehicle close enough to be a collision risk?,yes,B,medium,automatic,main_eval,False,,,paligemma,no,no,False,0.09
adverse_weather,b741c25b-5d56239a.jpg,AW_P_08,perception,Is the sky visible and distinguishable from the road in this scene?,yes,B,medium,automatic,main_eval,False,,,paligemma,yes,yes,True,0.08
adverse_weather,b741c25b-5d56239a.jpg,AW_A_01,action,Should the driver turn on their headlights right now?,no,A,high,automatic,main_eval,False,,,paligemma,no,no,True,0.09
adverse_weather,b741c25b-5d56239a.jpg,AW_A_02,action,Should the driver slow down below the speed limit given current conditions?,no,B,medium,automatic,main_eval,False,,,paligemma,yes,yes,False,0.09
adverse_weather,b741c25b-5d56239a.jpg,AW_A_03,action,Should the driver use windscreen wipers right now?,no,A,high,automatic,main_eval,False,,,paligemma,no,no,True,0.09
adverse_weather,b741c25b-5d56239a.jpg,AW_A_05,action,Should the driver increase following distance from the vehicle ahead?,no,B,medium,automatic,baseline_only,False,,,paligemma,yes,yes,False,0.08
adverse_weather,b741c25b-5d56239a.jpg,AW_A_06,action,Would you feel comfortable pulling over and stopping on the road here?,yes,B,medium,automatic,main_eval,False,,,paligemma,no,no,False,0.08
adverse_weather,b741c25b-5d56239a.jpg,AW_H_01,hazard,Is there a risk of a hidden vehicle or obstacle emerging suddenly from the scene?,no,B,medium,automatic,main_eval,False,,,paligemma,yes,yes,False,0.08
adverse_weather,b741c25b-5d56239a.jpg,AW_H_02,hazard,Would braking distance be longer than usual in these conditions?,no,B,low,automatic,baseline_only,False,,,paligemma,yes,yes,False,0.08
adverse_weather,b741c25b-5d56239a.jpg,AW_H_03,hazard,Is there a pedestrian in a position where they could step into the vehicle's path?,no,B,medium,automatic,main_eval,False,,,paligemma,yes,yes,False,0.08
adverse_weather,b741c25b-5d56239a.jpg,AW_H_04,hazard,Could a cyclist or motorcyclist be hidden somewhere in this scene?,no,B,medium,automatic,main_eval,False,,,paligemma,yes,yes,False,0.08
adverse_weather,b741c25b-5d56239a.jpg,AW_H_05,hazard,Is the road surface likely to cause the vehicle to slide or lose traction?,no,B,medium,automatic,main_eval,False,,,paligemma,no,no,True,0.08
adverse_weather,b741c25b-5d56239a.jpg,AW_H_06,hazard,Is there a risk of glare from headlights or wet road reflections in this scene?,no,B,medium,automatic,main_eval,False,,,paligemma,yes,yes,False,0.08
adverse_weather,b741c25b-5d56239a.jpg,AW_S_01,scene,Is this a nighttime driving scene?,no,A,high,automatic,main_eval,False,,,paligemma,no,no,True,0.08
adverse_weather,b741c25b-5d56239a.jpg,AW_S_02,scene,Is this a highway or motorway rather than an urban or residential road?,no,A,high,automatic,main_eval,False,,,paligemma,urban,unclear,False,0.08
adverse_weather,b741c25b-5d56239a.jpg,AW_S_03,scene,Does this scene show active precipitation — rain or snow actually falling?,no,B,medium,automatic,baseline_only,False,,,paligemma,no,no,True,0.08
adverse_weather,b741c25b-5d56239a.jpg,AW_S_04,scene,Would this scene look significantly different under clear daytime conditions?,no,B,medium,automatic,main_eval,False,,,paligemma,yes,yes,False,0.08
adverse_weather,b741c25b-5d56239a.jpg,AW_S_05,scene,Is the overall light level sufficient to drive without headlights?,yes,B,medium,automatic,main_eval,False,,,paligemma,yes,yes,True,0.08
adverse_weather,b741c25b-5d56239a.jpg,AW_ADV_01,adversarial,"Despite the weather, can you still identify what type of road this is?",yes,A,high,automatic,main_eval,False,,,paligemma,yes,yes,True,0.08
adverse_weather,b741c25b-5d56239a.jpg,AW_ADV_03,adversarial,Would a driver need to use headlights to safely navigate this scene?,no,A,high,automatic,main_eval,False,,,paligemma,no,no,True,0.08
adverse_weather,b741c25b-5d56239a.jpg,AW_ADV_05,adversarial,Would a driver unfamiliar with this road feel confident proceeding in these conditions?,yes,B,medium,automatic,main_eval,False,,,paligemma,no,no,False,0.09
adverse_weather,b741c25b-5d56239a.jpg,AW_BASE_01,baseline,Is visibility reduced in this scene compared to a clear day?,no,A,high,automatic,baseline_only,False,,,paligemma,no,no,True,0.08
adverse_weather,b741c25b-5d56239a.jpg,AW_BASE_02,baseline,Is the weather in this image adverse or challenging for driving?,no,A,high,automatic,baseline_only,False,,,paligemma,no,no,True,0.08
adverse_weather,c1211833-1ba939db.jpg,AW_P_01,perception,Can you clearly make out the shape of vehicles ahead on the road?,yes,B,medium,automatic,main_eval,False,,,paligemma,yes,yes,True,0.09
adverse_weather,c1211833-1ba939db.jpg,AW_P_03,perception,Are any road signs visible that you could read from the driver's seat?,yes,B,high,automatic,main_eval,False,,,paligemma,no,no,False,0.09
adverse_weather,c1211833-1ba939db.jpg,AW_P_04,perception,Can you see far enough ahead to safely react to a sudden hazard?,yes,B,medium,automatic,main_eval,False,,,paligemma,yes,yes,True,0.08
adverse_weather,c1211833-1ba939db.jpg,AW_P_05,perception,Is there a pedestrian visible anywhere near the road in this scene?,no,A,high,automatic,main_eval,False,,,paligemma,no,no,True,0.09
adverse_weather,c1211833-1ba939db.jpg,AW_P_06,perception,"Is the road surface visible enough to judge whether it is wet, icy, or dry?",yes,B,medium,automatic,main_eval,False,,,paligemma,dry,unclear,False,0.09
adverse_weather,c1211833-1ba939db.jpg,AW_P_07,perception,Can you tell from this image whether there is a vehicle close enough to be a collision risk?,yes,B,medium,automatic,main_eval,False,,,paligemma,yes,yes,True,0.09
adverse_weather,c1211833-1ba939db.jpg,AW_P_08,perception,Is the sky visible and distinguishable from the road in this scene?,yes,B,medium,automatic,main_eval,False,,,paligemma,yes,yes,True,0.08
adverse_weather,c1211833-1ba939db.jpg,AW_A_01,action,Should the driver turn on their headlights right now?,no,A,high,automatic,main_eval,False,,,paligemma,no,no,True,0.09
adverse_weather,c1211833-1ba939db.jpg,AW_A_02,action,Should the driver slow down below the speed limit given current conditions?,no,B,medium,automatic,main_eval,False,,,paligemma,yes,yes,False,0.08
adverse_weather,c1211833-1ba939db.jpg,AW_A_03,action,Should the driver use windscreen wipers right now?,no,A,high,automatic,main_eval,False,,,paligemma,no,no,True,0.09
adverse_weather,c1211833-1ba939db.jpg,AW_A_05,action,Should the driver increase following distance from the vehicle ahead?,no,B,medium,automatic,baseline_only,False,,,paligemma,yes,yes,False,0.08
adverse_weather,c1211833-1ba939db.jpg,AW_A_06,action,Would you feel comfortable pulling over and stopping on the road here?,yes,B,medium,automatic,main_eval,False,,,paligemma,no,no,False,0.08
adverse_weather,c1211833-1ba939db.jpg,AW_H_01,hazard,Is there a risk of a hidden vehicle or obstacle emerging suddenly from the scene?,no,B,medium,automatic,main_eval,False,,,paligemma,yes,yes,False,0.08
adverse_weather,c1211833-1ba939db.jpg,AW_H_02,hazard,Would braking distance be longer than usual in these conditions?,no,B,low,automatic,baseline_only,False,,,paligemma,yes,yes,False,0.08
adverse_weather,c1211833-1ba939db.jpg,AW_H_03,hazard,Is there a pedestrian in a position where they could step into the vehicle's path?,no,B,medium,automatic,main_eval,False,,,paligemma,yes,yes,False,0.08
adverse_weather,c1211833-1ba939db.jpg,AW_H_04,hazard,Could a cyclist or motorcyclist be hidden somewhere in this scene?,no,B,medium,automatic,main_eval,False,,,paligemma,yes,yes,False,0.08
adverse_weather,c1211833-1ba939db.jpg,AW_H_05,hazard,Is the road surface likely to cause the vehicle to slide or lose traction?,no,B,medium,automatic,main_eval,False,,,paligemma,no,no,True,0.08
adverse_weather,c1211833-1ba939db.jpg,AW_H_06,hazard,Is there a risk of glare from headlights or wet road reflections in this scene?,no,B,medium,automatic,main_eval,False,,,paligemma,yes,yes,False,0.08
adverse_weather,c1211833-1ba939db.jpg,AW_S_01,scene,Is this a nighttime driving scene?,no,A,high,automatic,main_eval,False,,,paligemma,no,no,True,0.08
adverse_weather,c1211833-1ba939db.jpg,AW_S_02,scene,Is this a highway or motorway rather than an urban or residential road?,no,A,high,automatic,main_eval,False,,,paligemma,urban,unclear,False,0.08
adverse_weather,c1211833-1ba939db.jpg,AW_S_03,scene,Does this scene show active precipitation — rain or snow actually falling?,no,B,medium,automatic,baseline_only,False,,,paligemma,no,no,True,0.08
adverse_weather,c1211833-1ba939db.jpg,AW_S_04,scene,Would this scene look significantly different under clear daytime conditions?,no,B,medium,automatic,main_eval,False,,,paligemma,no,no,True,0.09
adverse_weather,c1211833-1ba939db.jpg,AW_S_05,scene,Is the overall light level sufficient to drive without headlights?,yes,B,medium,automatic,main_eval,False,,,paligemma,yes,yes,True,0.08
adverse_weather,c1211833-1ba939db.jpg,AW_ADV_01,adversarial,"Despite the weather, can you still identify what type of road this is?",yes,A,high,automatic,main_eval,False,,,paligemma,yes,yes,True,0.08
adverse_weather,c1211833-1ba939db.jpg,AW_ADV_02,adversarial,Are any road signs or markings visible that convey speed or direction information?,yes,B,high,automatic,main_eval,False,,,paligemma,no,no,False,0.09
adverse_weather,c1211833-1ba939db.jpg,AW_ADV_03,adversarial,Would a driver need to use headlights to safely navigate this scene?,no,A,high,automatic,main_eval,False,,,paligemma,no,no,True,0.09
adverse_weather,c1211833-1ba939db.jpg,AW_ADV_05,adversarial,Would a driver unfamiliar with this road feel confident proceeding in these conditions?,yes,B,medium,automatic,main_eval,False,,,paligemma,no,no,False,0.09
adverse_weather,c1211833-1ba939db.jpg,AW_BASE_01,baseline,Is visibility reduced in this scene compared to a clear day?,no,A,high,automatic,baseline_only,False,,,paligemma,no,no,True,0.08
adverse_weather,c1211833-1ba939db.jpg,AW_BASE_02,baseline,Is the weather in this image adverse or challenging for driving?,no,A,high,automatic,baseline_only,False,,,paligemma,no,no,True,0.08
adverse_weather,c4eb5462-c917fefd.jpg,AW_P_02,perception,Is it possible to read the colour of the traffic lights in this scene?,yes,A,high,automatic,main_eval,False,,,paligemma,no,no,False,0.09
adverse_weather,c4eb5462-c917fefd.jpg,AW_P_03,perception,Are any road signs visible that you could read from the driver's seat?,yes,B,high,automatic,main_eval,False,,,paligemma,yes,yes,True,0.09
adverse_weather,c4eb5462-c917fefd.jpg,AW_P_04,perception,Can you see far enough ahead to safely react to a sudden hazard?,yes,B,medium,automatic,main_eval,False,,,paligemma,yes,yes,True,0.09
adverse_weather,c4eb5462-c917fefd.jpg,AW_P_05,perception,Is there a pedestrian visible anywhere near the road in this scene?,yes,A,high,automatic,main_eval,False,,,paligemma,yes,yes,True,0.08
adverse_weather,c4eb5462-c917fefd.jpg,AW_P_06,perception,"Is the road surface visible enough to judge whether it is wet, icy, or dry?",yes,B,medium,automatic,main_eval,False,,,paligemma,dry,unclear,False,0.08
adverse_weather,c4eb5462-c917fefd.jpg,AW_P_07,perception,Can you tell from this image whether there is a vehicle close enough to be a collision risk?,no,B,medium,automatic,main_eval,False,,,paligemma,no,no,True,0.08
adverse_weather,c4eb5462-c917fefd.jpg,AW_P_08,perception,Is the sky visible and distinguishable from the road in this scene?,yes,B,medium,automatic,main_eval,False,,,paligemma,yes,yes,True,0.08
adverse_weather,c4eb5462-c917fefd.jpg,AW_A_01,action,Should the driver turn on their headlights right now?,no,A,high,automatic,main_eval,False,,,paligemma,no,no,True,0.08
adverse_weather,c4eb5462-c917fefd.jpg,AW_A_02,action,Should the driver slow down below the speed limit given current conditions?,no,B,medium,automatic,main_eval,False,,,paligemma,yes,yes,False,0.08
adverse_weather,c4eb5462-c917fefd.jpg,AW_A_03,action,Should the driver use windscreen wipers right now?,no,A,high,automatic,main_eval,False,,,paligemma,no,no,True,0.08
adverse_weather,c4eb5462-c917fefd.jpg,AW_A_04,action,Is it safe to attempt an overtake of the vehicle ahead in these conditions?,yes,B,medium,automatic,main_eval,False,,,paligemma,no,no,False,0.08
adverse_weather,c4eb5462-c917fefd.jpg,AW_A_05,action,Should the driver increase following distance from the vehicle ahead?,no,B,medium,automatic,baseline_only,False,,,paligemma,yes,yes,False,0.08
adverse_weather,c4eb5462-c917fefd.jpg,AW_A_06,action,Would you feel comfortable pulling over and stopping on the road here?,no,B,medium,automatic,main_eval,False,,,paligemma,no,no,True,0.08
adverse_weather,c4eb5462-c917fefd.jpg,AW_H_01,hazard,Is there a risk of a hidden vehicle or obstacle emerging suddenly from the scene?,no,B,medium,automatic,main_eval,False,,,paligemma,no,no,True,0.08
adverse_weather,c4eb5462-c917fefd.jpg,AW_H_02,hazard,Would braking distance be longer than usual in these conditions?,no,B,low,automatic,baseline_only,False,,,paligemma,yes,yes,False,0.08
adverse_weather,c4eb5462-c917fefd.jpg,AW_H_03,hazard,Is there a pedestrian in a position where they could step into the vehicle's path?,no,B,medium,automatic,main_eval,False,,,paligemma,yes,yes,False,0.08
adverse_weather,c4eb5462-c917fefd.jpg,AW_H_04,hazard,Could a cyclist or motorcyclist be hidden somewhere in this scene?,no,B,medium,automatic,main_eval,False,,,paligemma,yes,yes,False,0.08
adverse_weather,c4eb5462-c917fefd.jpg,AW_H_05,hazard,Is the road surface likely to cause the vehicle to slide or lose traction?,no,B,medium,automatic,main_eval,False,,,paligemma,no,no,True,0.09
adverse_weather,c4eb5462-c917fefd.jpg,AW_H_06,hazard,Is there a risk of glare from headlights or wet road reflections in this scene?,no,B,medium,automatic,main_eval,False,,,paligemma,yes,yes,False,0.09
adverse_weather,c4eb5462-c917fefd.jpg,AW_S_01,scene,Is this a nighttime driving scene?,no,A,high,automatic,main_eval,False,,,paligemma,no,no,True,0.09
adverse_weather,c4eb5462-c917fefd.jpg,AW_S_02,scene,Is this a highway or motorway rather than an urban or residential road?,yes,A,high,automatic,main_eval,False,,,paligemma,yes,yes,True,0.09
adverse_weather,c4eb5462-c917fefd.jpg,AW_S_03,scene,Does this scene show active precipitation — rain or snow actually falling?,no,B,medium,automatic,baseline_only,False,,,paligemma,no,no,True,0.09
adverse_weather,c4eb5462-c917fefd.jpg,AW_S_04,scene,Would this scene look significantly different under clear daytime conditions?,no,B,medium,automatic,main_eval,False,,,paligemma,no,no,True,0.08
adverse_weather,c4eb5462-c917fefd.jpg,AW_S_05,scene,Is the overall light level sufficient to drive without headlights?,yes,B,medium,automatic,main_eval,False,,,paligemma,yes,yes,True,0.08
adverse_weather,c4eb5462-c917fefd.jpg,AW_ADV_01,adversarial,"Despite the weather, can you still identify what type of road this is?",yes,A,high,automatic,main_eval,False,,,paligemma,yes,yes,True,0.08
adverse_weather,c4eb5462-c917fefd.jpg,AW_ADV_02,adversarial,Are any road signs or markings visible that convey speed or direction information?,yes,B,high,automatic,main_eval,False,,,paligemma,no,no,False,0.08
adverse_weather,c4eb5462-c917fefd.jpg,AW_ADV_03,adversarial,Would a driver need to use headlights to safely navigate this scene?,no,A,high,automatic,main_eval,False,,,paligemma,no,no,True,0.08
adverse_weather,c4eb5462-c917fefd.jpg,AW_BASE_01,baseline,Is visibility reduced in this scene compared to a clear day?,no,A,high,automatic,baseline_only,False,,,paligemma,no,no,True,0.08
adverse_weather,c4eb5462-c917fefd.jpg,AW_BASE_02,baseline,Is the weather in this image adverse or challenging for driving?,no,A,high,automatic,baseline_only,False,,,paligemma,no,no,True,0.08
adverse_weather,b90b45ad-a54b1fbf.jpg,AW_P_02,perception,Is it possible to read the colour of the traffic lights in this scene?,yes,A,high,automatic,main_eval,False,,,paligemma,yes,yes,True,0.08
adverse_weather,b90b45ad-a54b1fbf.jpg,AW_P_03,perception,Are any road signs visible that you could read from the driver's seat?,yes,B,high,automatic,main_eval,False,,,paligemma,yes,yes,True,0.09
adverse_weather,b90b45ad-a54b1fbf.jpg,AW_P_04,perception,Can you see far enough ahead to safely react to a sudden hazard?,yes,B,medium,automatic,main_eval,False,,,paligemma,yes,yes,True,0.09
adverse_weather,b90b45ad-a54b1fbf.jpg,AW_P_05,perception,Is there a pedestrian visible anywhere near the road in this scene?,no,A,high,automatic,main_eval,False,,,paligemma,no,no,True,0.08
adverse_weather,b90b45ad-a54b1fbf.jpg,AW_P_06,perception,"Is the road surface visible enough to judge whether it is wet, icy, or dry?",yes,B,medium,automatic,main_eval,False,,,paligemma,dry,unclear,False,0.09
adverse_weather,b90b45ad-a54b1fbf.jpg,AW_P_07,perception,Can you tell from this image whether there is a vehicle close enough to be a collision risk?,no,B,medium,automatic,main_eval,False,,,paligemma,no,no,True,0.09
adverse_weather,b90b45ad-a54b1fbf.jpg,AW_P_08,perception,Is the sky visible and distinguishable from the road in this scene?,yes,B,medium,automatic,main_eval,False,,,paligemma,yes,yes,True,0.08
adverse_weather,b90b45ad-a54b1fbf.jpg,AW_A_01,action,Should the driver turn on their headlights right now?,no,A,high,automatic,main_eval,False,,,paligemma,no,no,True,0.09
adverse_weather,b90b45ad-a54b1fbf.jpg,AW_A_02,action,Should the driver slow down below the speed limit given current conditions?,no,B,medium,automatic,main_eval,False,,,paligemma,no,no,True,0.08
adverse_weather,b90b45ad-a54b1fbf.jpg,AW_A_03,action,Should the driver use windscreen wipers right now?,no,A,high,automatic,main_eval,False,,,paligemma,no,no,True,0.08
adverse_weather,b90b45ad-a54b1fbf.jpg,AW_H_01,hazard,Is there a risk of a hidden vehicle or obstacle emerging suddenly from the scene?,no,B,medium,automatic,main_eval,False,,,paligemma,no,no,True,0.08
adverse_weather,b90b45ad-a54b1fbf.jpg,AW_H_02,hazard,Would braking distance be longer than usual in these conditions?,no,B,low,automatic,baseline_only,False,,,paligemma,no,no,True,0.08
adverse_weather,b90b45ad-a54b1fbf.jpg,AW_H_03,hazard,Is there a pedestrian in a position where they could step into the vehicle's path?,no,B,medium,automatic,main_eval,False,,,paligemma,no,no,True,0.08
adverse_weather,b90b45ad-a54b1fbf.jpg,AW_H_04,hazard,Could a cyclist or motorcyclist be hidden somewhere in this scene?,no,B,medium,automatic,main_eval,False,,,paligemma,no,no,True,0.08
adverse_weather,b90b45ad-a54b1fbf.jpg,AW_H_05,hazard,Is the road surface likely to cause the vehicle to slide or lose traction?,no,B,medium,automatic,main_eval,False,,,paligemma,no,no,True,0.09
adverse_weather,b90b45ad-a54b1fbf.jpg,AW_H_06,hazard,Is there a risk of glare from headlights or wet road reflections in this scene?,no,B,medium,automatic,main_eval,False,,,paligemma,no,no,True,0.09
adverse_weather,b90b45ad-a54b1fbf.jpg,AW_S_01,scene,Is this a nighttime driving scene?,no,A,high,automatic,main_eval,False,,,paligemma,no,no,True,0.09
adverse_weather,b90b45ad-a54b1fbf.jpg,AW_S_02,scene,Is this a highway or motorway rather than an urban or residential road?,no,A,high,automatic,main_eval,False,,,paligemma,yes,yes,False,0.08
adverse_weather,b90b45ad-a54b1fbf.jpg,AW_S_03,scene,Does this scene show active precipitation — rain or snow actually falling?,no,B,medium,automatic,baseline_only,False,,,paligemma,no,no,True,0.08
adverse_weather,b90b45ad-a54b1fbf.jpg,AW_S_04,scene,Would this scene look significantly different under clear daytime conditions?,no,B,medium,automatic,main_eval,False,,,paligemma,no,no,True,0.09
adverse_weather,b90b45ad-a54b1fbf.jpg,AW_S_05,scene,Is the overall light level sufficient to drive without headlights?,yes,B,medium,automatic,main_eval,False,,,paligemma,yes,yes,True,0.08
adverse_weather,b90b45ad-a54b1fbf.jpg,AW_ADV_01,adversarial,"Despite the weather, can you still identify what type of road this is?",yes,A,high,automatic,main_eval,False,,,paligemma,no,no,False,0.09
adverse_weather,b90b45ad-a54b1fbf.jpg,AW_ADV_02,adversarial,Are any road signs or markings visible that convey speed or direction information?,yes,B,high,automatic,main_eval,False,,,paligemma,no,no,False,0.09
adverse_weather,b90b45ad-a54b1fbf.jpg,AW_ADV_03,adversarial,Would a driver need to use headlights to safely navigate this scene?,no,A,high,automatic,main_eval,False,,,paligemma,no,no,True,0.09
adverse_weather,b90b45ad-a54b1fbf.jpg,AW_ADV_04,adversarial,Is there enough visual information to safely navigate an unfamiliar junction here?,yes,B,medium,automatic,main_eval,False,,,paligemma,yes,yes,True,0.08
adverse_weather,b90b45ad-a54b1fbf.jpg,AW_ADV_05,adversarial,Would a driver unfamiliar with this road feel confident proceeding in these conditions?,yes,B,medium,automatic,main_eval,False,,,paligemma,no,no,False,0.08
adverse_weather,b90b45ad-a54b1fbf.jpg,AW_BASE_01,baseline,Is visibility reduced in this scene compared to a clear day?,no,A,high,automatic,baseline_only,False,,,paligemma,no,no,True,0.08
adverse_weather,b90b45ad-a54b1fbf.jpg,AW_BASE_02,baseline,Is the weather in this image adverse or challenging for driving?,no,A,high,automatic,baseline_only,False,,,paligemma,no,no,True,0.08
adverse_weather,b875ad93-deec14af.jpg,AW_P_01,perception,Can you clearly make out the shape of vehicles ahead on the road?,yes,B,medium,automatic,main_eval,False,,,paligemma,yes,yes,True,0.08
adverse_weather,b875ad93-deec14af.jpg,AW_P_03,perception,Are any road signs visible that you could read from the driver's seat?,yes,B,high,automatic,main_eval,False,,,paligemma,yes,yes,True,0.08
adverse_weather,b875ad93-deec14af.jpg,AW_P_04,perception,Can you see far enough ahead to safely react to a sudden hazard?,yes,B,medium,automatic,main_eval,False,,,paligemma,yes,yes,True,0.08
adverse_weather,b875ad93-deec14af.jpg,AW_P_05,perception,Is there a pedestrian visible anywhere near the road in this scene?,no,A,high,automatic,main_eval,False,,,paligemma,no,no,True,0.08
adverse_weather,b875ad93-deec14af.jpg,AW_P_06,perception,"Is the road surface visible enough to judge whether it is wet, icy, or dry?",yes,B,medium,automatic,main_eval,False,,,paligemma,dry,unclear,False,0.08
adverse_weather,b875ad93-deec14af.jpg,AW_P_07,perception,Can you tell from this image whether there is a vehicle close enough to be a collision risk?,yes,B,medium,automatic,main_eval,False,,,paligemma,no,no,False,0.08
adverse_weather,b875ad93-deec14af.jpg,AW_P_08,perception,Is the sky visible and distinguishable from the road in this scene?,yes,B,medium,automatic,main_eval,False,,,paligemma,yes,yes,True,0.08
adverse_weather,b875ad93-deec14af.jpg,AW_A_01,action,Should the driver turn on their headlights right now?,no,A,high,automatic,main_eval,False,,,paligemma,no,no,True,0.08
adverse_weather,b875ad93-deec14af.jpg,AW_A_02,action,Should the driver slow down below the speed limit given current conditions?,no,B,medium,automatic,main_eval,False,,,paligemma,yes,yes,False,0.08
adverse_weather,b875ad93-deec14af.jpg,AW_A_03,action,Should the driver use windscreen wipers right now?,no,A,high,automatic,main_eval,False,,,paligemma,no,no,True,0.08
adverse_weather,b875ad93-deec14af.jpg,AW_A_05,action,Should the driver increase following distance from the vehicle ahead?,no,B,medium,automatic,baseline_only,False,,,paligemma,yes,yes,False,0.08
adverse_weather,b875ad93-deec14af.jpg,AW_A_06,action,Would you feel comfortable pulling over and stopping on the road here?,yes,B,medium,automatic,main_eval,False,,,paligemma,no,no,False,0.08
adverse_weather,b875ad93-deec14af.jpg,AW_H_01,hazard,Is there a risk of a hidden vehicle or obstacle emerging suddenly from the scene?,no,B,medium,automatic,main_eval,False,,,paligemma,yes,yes,False,0.09
adverse_weather,b875ad93-deec14af.jpg,AW_H_02,hazard,Would braking distance be longer than usual in these conditions?,no,B,low,automatic,baseline_only,False,,,paligemma,yes,yes,False,0.09
adverse_weather,b875ad93-deec14af.jpg,AW_H_03,hazard,Is there a pedestrian in a position where they could step into the vehicle's path?,no,B,medium,automatic,main_eval,False,,,paligemma,no,no,True,0.09
adverse_weather,b875ad93-deec14af.jpg,AW_H_04,hazard,Could a cyclist or motorcyclist be hidden somewhere in this scene?,no,B,medium,automatic,main_eval,False,,,paligemma,yes,yes,False,0.08
adverse_weather,b875ad93-deec14af.jpg,AW_H_05,hazard,Is the road surface likely to cause the vehicle to slide or lose traction?,no,B,medium,automatic,main_eval,False,,,paligemma,no,no,True,0.09
adverse_weather,b875ad93-deec14af.jpg,AW_H_06,hazard,Is there a risk of glare from headlights or wet road reflections in this scene?,no,B,medium,automatic,main_eval,False,,,paligemma,yes,yes,False,0.09
adverse_weather,b875ad93-deec14af.jpg,AW_S_01,scene,Is this a nighttime driving scene?,no,A,high,automatic,main_eval,False,,,paligemma,no,no,True,0.08
adverse_weather,b875ad93-deec14af.jpg,AW_S_02,scene,Is this a highway or motorway rather than an urban or residential road?,no,A,high,automatic,main_eval,False,,,paligemma,yes,yes,False,0.09
adverse_weather,b875ad93-deec14af.jpg,AW_S_03,scene,Does this scene show active precipitation — rain or snow actually falling?,no,B,medium,automatic,baseline_only,False,,,paligemma,no,no,True,0.08
adverse_weather,b875ad93-deec14af.jpg,AW_S_04,scene,Would this scene look significantly different under clear daytime conditions?,no,B,medium,automatic,main_eval,False,,,paligemma,no,no,True,0.09
adverse_weather,b875ad93-deec14af.jpg,AW_S_05,scene,Is the overall light level sufficient to drive without headlights?,yes,B,medium,automatic,main_eval,False,,,paligemma,yes,yes,True,0.09
adverse_weather,b875ad93-deec14af.jpg,AW_ADV_01,adversarial,"Despite the weather, can you still identify what type of road this is?",yes,A,high,automatic,main_eval,False,,,paligemma,yes,yes,True,0.09
adverse_weather,b875ad93-deec14af.jpg,AW_ADV_02,adversarial,Are any road signs or markings visible that convey speed or direction information?,yes,B,high,automatic,main_eval,False,,,paligemma,no,no,False,0.08
adverse_weather,b875ad93-deec14af.jpg,AW_ADV_03,adversarial,Would a driver need to use headlights to safely navigate this scene?,no,A,high,automatic,main_eval,False,,,paligemma,no,no,True,0.08
adverse_weather,b875ad93-deec14af.jpg,AW_ADV_05,adversarial,Would a driver unfamiliar with this road feel confident proceeding in these conditions?,yes,B,medium,automatic,main_eval,False,,,paligemma,no,no,False,0.08
adverse_weather,b875ad93-deec14af.jpg,AW_BASE_01,baseline,Is visibility reduced in this scene compared to a clear day?,no,A,high,automatic,baseline_only,False,,,paligemma,no,no,True,0.08
adverse_weather,b875ad93-deec14af.jpg,AW_BASE_02,baseline,Is the weather in this image adverse or challenging for driving?,no,A,high,automatic,baseline_only,False,,,paligemma,no,no,True,0.08
adverse_weather,bcbfbfb8-297deca0.jpg,AW_P_01,perception,Can you clearly make out the shape of vehicles ahead on the road?,yes,B,medium,automatic,main_eval,False,,,paligemma,yes,yes,True,0.08
adverse_weather,bcbfbfb8-297deca0.jpg,AW_P_03,perception,Are any road signs visible that you could read from the driver's seat?,no,B,high,automatic,main_eval,False,,,paligemma,no,no,True,0.08
adverse_weather,bcbfbfb8-297deca0.jpg,AW_P_04,perception,Can you see far enough ahead to safely react to a sudden hazard?,yes,B,medium,automatic,main_eval,False,,,paligemma,yes,yes,True,0.08
adverse_weather,bcbfbfb8-297deca0.jpg,AW_P_05,perception,Is there a pedestrian visible anywhere near the road in this scene?,no,A,high,automatic,main_eval,False,,,paligemma,no,no,True,0.08
adverse_weather,bcbfbfb8-297deca0.jpg,AW_P_06,perception,"Is the road surface visible enough to judge whether it is wet, icy, or dry?",yes,B,medium,automatic,main_eval,False,,,paligemma,dry,unclear,False,0.08
adverse_weather,bcbfbfb8-297deca0.jpg,AW_P_07,perception,Can you tell from this image whether there is a vehicle close enough to be a collision risk?,yes,B,medium,automatic,main_eval,False,,,paligemma,"Sorry, as a base VLM I am not trained to answer this question.",unclear,False,0.48
adverse_weather,bcbfbfb8-297deca0.jpg,AW_P_08,perception,Is the sky visible and distinguishable from the road in this scene?,yes,B,medium,automatic,main_eval,False,,,paligemma,yes,yes,True,0.09
adverse_weather,bcbfbfb8-297deca0.jpg,AW_A_01,action,Should the driver turn on their headlights right now?,no,A,high,automatic,main_eval,False,,,paligemma,no,no,True,0.09
adverse_weather,bcbfbfb8-297deca0.jpg,AW_A_02,action,Should the driver slow down below the speed limit given current conditions?,no,B,medium,automatic,main_eval,False,,,paligemma,"Sorry, as a base VLM I am not trained to answer this question.",unclear,False,0.48
adverse_weather,bcbfbfb8-297deca0.jpg,AW_A_03,action,Should the driver use windscreen wipers right now?,no,A,high,automatic,main_eval,False,,,paligemma,no,no,True,0.08
adverse_weather,bcbfbfb8-297deca0.jpg,AW_A_05,action,Should the driver increase following distance from the vehicle ahead?,no,B,medium,automatic,baseline_only,False,,,paligemma,"Sorry, as a base VLM I am not trained to answer this question.",unclear,False,0.48
adverse_weather,bcbfbfb8-297deca0.jpg,AW_A_06,action,Would you feel comfortable pulling over and stopping on the road here?,no,B,medium,automatic,main_eval,False,,,paligemma,no,no,True,0.08
adverse_weather,bcbfbfb8-297deca0.jpg,AW_H_01,hazard,Is there a risk of a hidden vehicle or obstacle emerging suddenly from the scene?,no,B,medium,automatic,main_eval,False,,,paligemma,"Sorry, as a base VLM I am not trained to answer this question.",unclear,False,0.48
adverse_weather,bcbfbfb8-297deca0.jpg,AW_H_02,hazard,Would braking distance be longer than usual in these conditions?,no,B,low,automatic,baseline_only,False,,,paligemma,no,no,True,0.08
adverse_weather,bcbfbfb8-297deca0.jpg,AW_H_03,hazard,Is there a pedestrian in a position where they could step into the vehicle's path?,no,B,medium,automatic,main_eval,False,,,paligemma,no,no,True,0.09
adverse_weather,bcbfbfb8-297deca0.jpg,AW_H_04,hazard,Could a cyclist or motorcyclist be hidden somewhere in this scene?,no,B,medium,automatic,main_eval,False,,,paligemma,no,no,True,0.08
adverse_weather,bcbfbfb8-297deca0.jpg,AW_H_05,hazard,Is the road surface likely to cause the vehicle to slide or lose traction?,no,B,medium,automatic,main_eval,False,,,paligemma,no,no,True,0.09
adverse_weather,bcbfbfb8-297deca0.jpg,AW_H_06,hazard,Is there a risk of glare from headlights or wet road reflections in this scene?,no,B,medium,automatic,main_eval,False,,,paligemma,no,no,True,0.09
adverse_weather,bcbfbfb8-297deca0.jpg,AW_S_01,scene,Is this a nighttime driving scene?,no,A,high,automatic,main_eval,False,,,paligemma,no,no,True,0.09
adverse_weather,bcbfbfb8-297deca0.jpg,AW_S_02,scene,Is this a highway or motorway rather than an urban or residential road?,yes,A,high,automatic,main_eval,False,,,paligemma,yes,yes,True,0.09
adverse_weather,bcbfbfb8-297deca0.jpg,AW_S_03,scene,Does this scene show active precipitation — rain or snow actually falling?,no,B,medium,automatic,baseline_only,False,,,paligemma,no,no,True,0.08
adverse_weather,bcbfbfb8-297deca0.jpg,AW_S_04,scene,Would this scene look significantly different under clear daytime conditions?,no,B,medium,automatic,main_eval,False,,,paligemma,no,no,True,0.09
adverse_weather,bcbfbfb8-297deca0.jpg,AW_S_05,scene,Is the overall light level sufficient to drive without headlights?,yes,B,medium,automatic,main_eval,False,,,paligemma,yes,yes,True,0.09
adverse_weather,bcbfbfb8-297deca0.jpg,AW_ADV_01,adversarial,"Despite the weather, can you still identify what type of road this is?",yes,A,high,automatic,main_eval,False,,,paligemma,yes,yes,True,0.09
adverse_weather,bcbfbfb8-297deca0.jpg,AW_ADV_02,adversarial,Are any road signs or markings visible that convey speed or direction information?,no,B,high,automatic,main_eval,False,,,paligemma,no,no,True,0.09
adverse_weather,bcbfbfb8-297deca0.jpg,AW_ADV_03,adversarial,Would a driver need to use headlights to safely navigate this scene?,no,A,high,automatic,main_eval,False,,,paligemma,no,no,True,0.08
adverse_weather,bcbfbfb8-297deca0.jpg,AW_BASE_01,baseline,Is visibility reduced in this scene compared to a clear day?,no,A,high,automatic,baseline_only,False,,,paligemma,no,no,True,0.08
adverse_weather,bcbfbfb8-297deca0.jpg,AW_BASE_02,baseline,Is the weather in this image adverse or challenging for driving?,no,A,high,automatic,baseline_only,False,,,paligemma,no,no,True,0.08
adverse_weather,c8bad943-c78f2df3.jpg,AW_P_03,perception,Are any road signs visible that you could read from the driver's seat?,yes,B,high,automatic,main_eval,False,,,paligemma,no,no,False,0.08
adverse_weather,c8bad943-c78f2df3.jpg,AW_P_04,perception,Can you see far enough ahead to safely react to a sudden hazard?,yes,B,medium,automatic,main_eval,False,,,paligemma,yes,yes,True,0.08
adverse_weather,c8bad943-c78f2df3.jpg,AW_P_05,perception,Is there a pedestrian visible anywhere near the road in this scene?,no,A,high,automatic,main_eval,False,,,paligemma,no,no,True,0.08
adverse_weather,c8bad943-c78f2df3.jpg,AW_P_06,perception,"Is the road surface visible enough to judge whether it is wet, icy, or dry?",yes,B,medium,automatic,main_eval,False,,,paligemma,dry,unclear,False,0.08
adverse_weather,c8bad943-c78f2df3.jpg,AW_P_07,perception,Can you tell from this image whether there is a vehicle close enough to be a collision risk?,no,B,medium,automatic,main_eval,False,,,paligemma,no,no,True,0.08
adverse_weather,c8bad943-c78f2df3.jpg,AW_P_08,perception,Is the sky visible and distinguishable from the road in this scene?,yes,B,medium,automatic,main_eval,False,,,paligemma,yes,yes,True,0.08
adverse_weather,c8bad943-c78f2df3.jpg,AW_A_01,action,Should the driver turn on their headlights right now?,no,A,high,automatic,main_eval,False,,,paligemma,no,no,True,0.08
adverse_weather,c8bad943-c78f2df3.jpg,AW_A_02,action,Should the driver slow down below the speed limit given current conditions?,no,B,medium,automatic,main_eval,False,,,paligemma,no,no,True,0.08
adverse_weather,c8bad943-c78f2df3.jpg,AW_A_03,action,Should the driver use windscreen wipers right now?,no,A,high,automatic,main_eval,False,,,paligemma,no,no,True,0.08
adverse_weather,c8bad943-c78f2df3.jpg,AW_A_04,action,Is it safe to attempt an overtake of the vehicle ahead in these conditions?,yes,B,medium,automatic,main_eval,False,,,paligemma,"Sorry, as a base VLM I am not trained to answer this question.",unclear,False,0.48
adverse_weather,c8bad943-c78f2df3.jpg,AW_A_05,action,Should the driver increase following distance from the vehicle ahead?,no,B,medium,automatic,baseline_only,False,,,paligemma,yes,yes,False,0.09
adverse_weather,c8bad943-c78f2df3.jpg,AW_A_06,action,Would you feel comfortable pulling over and stopping on the road here?,no,B,medium,automatic,main_eval,False,,,paligemma,no,no,True,0.08
adverse_weather,c8bad943-c78f2df3.jpg,AW_H_01,hazard,Is there a risk of a hidden vehicle or obstacle emerging suddenly from the scene?,no,B,medium,automatic,main_eval,False,,,paligemma,no,no,True,0.08
adverse_weather,c8bad943-c78f2df3.jpg,AW_H_02,hazard,Would braking distance be longer than usual in these conditions?,no,B,low,automatic,baseline_only,False,,,paligemma,no,no,True,0.08
adverse_weather,c8bad943-c78f2df3.jpg,AW_H_03,hazard,Is there a pedestrian in a position where they could step into the vehicle's path?,no,B,medium,automatic,main_eval,False,,,paligemma,no,no,True,0.08
adverse_weather,c8bad943-c78f2df3.jpg,AW_H_04,hazard,Could a cyclist or motorcyclist be hidden somewhere in this scene?,no,B,medium,automatic,main_eval,False,,,paligemma,no,no,True,0.08
adverse_weather,c8bad943-c78f2df3.jpg,AW_H_05,hazard,Is the road surface likely to cause the vehicle to slide or lose traction?,no,B,medium,automatic,main_eval,False,,,paligemma,no,no,True,0.08
adverse_weather,c8bad943-c78f2df3.jpg,AW_H_06,hazard,Is there a risk of glare from headlights or wet road reflections in this scene?,no,B,medium,automatic,main_eval,False,,,paligemma,no,no,True,0.08
adverse_weather,c8bad943-c78f2df3.jpg,AW_S_01,scene,Is this a nighttime driving scene?,no,A,high,automatic,main_eval,False,,,paligemma,no,no,True,0.08
adverse_weather,c8bad943-c78f2df3.jpg,AW_S_02,scene,Is this a highway or motorway rather than an urban or residential road?,yes,A,high,automatic,main_eval,False,,,paligemma,yes,yes,True,0.08
adverse_weather,c8bad943-c78f2df3.jpg,AW_S_03,scene,Does this scene show active precipitation — rain or snow actually falling?,no,B,medium,automatic,baseline_only,False,,,paligemma,no,no,True,0.08
adverse_weather,c8bad943-c78f2df3.jpg,AW_S_04,scene,Would this scene look significantly different under clear daytime conditions?,no,B,medium,automatic,main_eval,False,,,paligemma,no,no,True,0.09
adverse_weather,c8bad943-c78f2df3.jpg,AW_S_05,scene,Is the overall light level sufficient to drive without headlights?,yes,B,medium,automatic,main_eval,False,,,paligemma,yes,yes,True,0.08
adverse_weather,c8bad943-c78f2df3.jpg,AW_ADV_01,adversarial,"Despite the weather, can you still identify what type of road this is?",yes,A,high,automatic,main_eval,False,,,paligemma,yes,yes,True,0.09
adverse_weather,c8bad943-c78f2df3.jpg,AW_ADV_02,adversarial,Are any road signs or markings visible that convey speed or direction information?,yes,B,high,automatic,main_eval,False,,,paligemma,no,no,False,0.09
adverse_weather,c8bad943-c78f2df3.jpg,AW_ADV_03,adversarial,Would a driver need to use headlights to safely navigate this scene?,no,A,high,automatic,main_eval,False,,,paligemma,no,no,True,0.09
adverse_weather,c8bad943-c78f2df3.jpg,AW_BASE_01,baseline,Is visibility reduced in this scene compared to a clear day?,no,A,high,automatic,baseline_only,False,,,paligemma,no,no,True,0.08
adverse_weather,c8bad943-c78f2df3.jpg,AW_BASE_02,baseline,Is the weather in this image adverse or challenging for driving?,no,A,high,automatic,baseline_only,False,,,paligemma,no,no,True,0.08
adverse_weather,bdd0049d-8c592c39.jpg,AW_P_01,perception,Can you clearly make out the shape of vehicles ahead on the road?,yes,B,medium,automatic,main_eval,False,,,paligemma,yes,yes,True,0.08
adverse_weather,bdd0049d-8c592c39.jpg,AW_P_02,perception,Is it possible to read the colour of the traffic lights in this scene?,yes,A,high,automatic,main_eval,False,,,paligemma,yes,yes,True,0.08
adverse_weather,bdd0049d-8c592c39.jpg,AW_P_03,perception,Are any road signs visible that you could read from the driver's seat?,yes,B,high,automatic,main_eval,False,,,paligemma,yes,yes,True,0.08
adverse_weather,bdd0049d-8c592c39.jpg,AW_P_04,perception,Can you see far enough ahead to safely react to a sudden hazard?,yes,B,medium,automatic,main_eval,False,,,paligemma,yes,yes,True,0.08
adverse_weather,bdd0049d-8c592c39.jpg,AW_P_05,perception,Is there a pedestrian visible anywhere near the road in this scene?,yes,A,high,automatic,main_eval,False,,,paligemma,yes,yes,True,0.08
adverse_weather,bdd0049d-8c592c39.jpg,AW_P_06,perception,"Is the road surface visible enough to judge whether it is wet, icy, or dry?",yes,B,medium,automatic,main_eval,False,,,paligemma,dry,unclear,False,0.09
adverse_weather,bdd0049d-8c592c39.jpg,AW_P_07,perception,Can you tell from this image whether there is a vehicle close enough to be a collision risk?,yes,B,medium,automatic,main_eval,False,,,paligemma,yes,yes,True,0.09
adverse_weather,bdd0049d-8c592c39.jpg,AW_P_08,perception,Is the sky visible and distinguishable from the road in this scene?,yes,B,medium,automatic,main_eval,False,,,paligemma,yes,yes,True,0.08
adverse_weather,bdd0049d-8c592c39.jpg,AW_A_01,action,Should the driver turn on their headlights right now?,no,A,high,automatic,main_eval,False,,,paligemma,no,no,True,0.08
adverse_weather,bdd0049d-8c592c39.jpg,AW_A_02,action,Should the driver slow down below the speed limit given current conditions?,no,B,medium,automatic,main_eval,False,,,paligemma,yes,yes,False,0.09
adverse_weather,bdd0049d-8c592c39.jpg,AW_A_03,action,Should the driver use windscreen wipers right now?,no,A,high,automatic,main_eval,False,,,paligemma,no,no,True,0.08
adverse_weather,bdd0049d-8c592c39.jpg,AW_A_05,action,Should the driver increase following distance from the vehicle ahead?,no,B,medium,automatic,baseline_only,False,,,paligemma,yes,yes,False,0.09
adverse_weather,bdd0049d-8c592c39.jpg,AW_H_01,hazard,Is there a risk of a hidden vehicle or obstacle emerging suddenly from the scene?,no,B,medium,automatic,main_eval,False,,,paligemma,yes,yes,False,0.09
adverse_weather,bdd0049d-8c592c39.jpg,AW_H_02,hazard,Would braking distance be longer than usual in these conditions?,no,B,low,automatic,baseline_only,False,,,paligemma,yes,yes,False,0.09
adverse_weather,bdd0049d-8c592c39.jpg,AW_H_03,hazard,Is there a pedestrian in a position where they could step into the vehicle's path?,yes,B,medium,automatic,main_eval,False,,,paligemma,yes,yes,True,0.09
adverse_weather,bdd0049d-8c592c39.jpg,AW_H_04,hazard,Could a cyclist or motorcyclist be hidden somewhere in this scene?,no,B,medium,automatic,main_eval,False,,,paligemma,yes,yes,False,0.08
adverse_weather,bdd0049d-8c592c39.jpg,AW_H_05,hazard,Is the road surface likely to cause the vehicle to slide or lose traction?,no,B,medium,automatic,main_eval,False,,,paligemma,no,no,True,0.08
adverse_weather,bdd0049d-8c592c39.jpg,AW_H_06,hazard,Is there a risk of glare from headlights or wet road reflections in this scene?,no,B,medium,automatic,main_eval,False,,,paligemma,yes,yes,False,0.09
adverse_weather,bdd0049d-8c592c39.jpg,AW_S_01,scene,Is this a nighttime driving scene?,no,A,high,automatic,main_eval,False,,,paligemma,no,no,True,0.08
adverse_weather,bdd0049d-8c592c39.jpg,AW_S_02,scene,Is this a highway or motorway rather than an urban or residential road?,no,A,high,automatic,main_eval,False,,,paligemma,urban,unclear,False,0.08
adverse_weather,bdd0049d-8c592c39.jpg,AW_S_03,scene,Does this scene show active precipitation — rain or snow actually falling?,no,B,medium,automatic,baseline_only,False,,,paligemma,no,no,True,0.08
adverse_weather,bdd0049d-8c592c39.jpg,AW_S_04,scene,Would this scene look significantly different under clear daytime conditions?,no,B,medium,automatic,main_eval,False,,,paligemma,no,no,True,0.08
adverse_weather,bdd0049d-8c592c39.jpg,AW_S_05,scene,Is the overall light level sufficient to drive without headlights?,yes,B,medium,automatic,main_eval,False,,,paligemma,yes,yes,True,0.08
adverse_weather,bdd0049d-8c592c39.jpg,AW_ADV_01,adversarial,"Despite the weather, can you still identify what type of road this is?",yes,A,high,automatic,main_eval,False,,,paligemma,yes,yes,True,0.08
adverse_weather,bdd0049d-8c592c39.jpg,AW_ADV_02,adversarial,Are any road signs or markings visible that convey speed or direction information?,yes,B,high,automatic,main_eval,False,,,paligemma,no,no,False,0.08
adverse_weather,bdd0049d-8c592c39.jpg,AW_ADV_03,adversarial,Would a driver need to use headlights to safely navigate this scene?,no,A,high,automatic,main_eval,False,,,paligemma,no,no,True,0.08
adverse_weather,bdd0049d-8c592c39.jpg,AW_ADV_04,adversarial,Is there enough visual information to safely navigate an unfamiliar junction here?,yes,B,medium,automatic,main_eval,False,,,paligemma,yes,yes,True,0.08
adverse_weather,bdd0049d-8c592c39.jpg,AW_ADV_05,adversarial,Would a driver unfamiliar with this road feel confident proceeding in these conditions?,yes,B,medium,automatic,main_eval,False,,,paligemma,no,no,False,0.08
adverse_weather,bdd0049d-8c592c39.jpg,AW_BASE_01,baseline,Is visibility reduced in this scene compared to a clear day?,no,A,high,automatic,baseline_only,False,,,paligemma,no,no,True,0.08
adverse_weather,bdd0049d-8c592c39.jpg,AW_BASE_02,baseline,Is the weather in this image adverse or challenging for driving?,no,A,high,automatic,baseline_only,False,,,paligemma,no,no,True,0.08
adverse_weather,c3c0f47b-e11941f3.jpg,AW_P_01,perception,Can you clearly make out the shape of vehicles ahead on the road?,yes,B,medium,automatic,main_eval,False,,,paligemma,yes,yes,True,0.09
adverse_weather,c3c0f47b-e11941f3.jpg,AW_P_04,perception,Can you see far enough ahead to safely react to a sudden hazard?,yes,B,medium,automatic,main_eval,False,,,paligemma,yes,yes,True,0.09
adverse_weather,c3c0f47b-e11941f3.jpg,AW_P_05,perception,Is there a pedestrian visible anywhere near the road in this scene?,no,A,high,automatic,main_eval,False,,,paligemma,no,no,True,0.08
adverse_weather,c3c0f47b-e11941f3.jpg,AW_P_06,perception,"Is the road surface visible enough to judge whether it is wet, icy, or dry?",yes,B,medium,automatic,main_eval,False,,,paligemma,yes,yes,True,0.09
adverse_weather,c3c0f47b-e11941f3.jpg,AW_P_07,perception,Can you tell from this image whether there is a vehicle close enough to be a collision risk?,yes,B,medium,automatic,main_eval,False,,,paligemma,no,no,False,0.09
adverse_weather,c3c0f47b-e11941f3.jpg,AW_P_08,perception,Is the sky visible and distinguishable from the road in this scene?,yes,B,medium,automatic,main_eval,False,,,paligemma,yes,yes,True,0.08
adverse_weather,c3c0f47b-e11941f3.jpg,AW_A_01,action,Should the driver turn on their headlights right now?,no,A,high,automatic,main_eval,False,,,paligemma,yes,yes,False,0.09
adverse_weather,c3c0f47b-e11941f3.jpg,AW_A_02,action,Should the driver slow down below the speed limit given current conditions?,no,B,medium,automatic,main_eval,False,,,paligemma,yes,yes,False,0.08
adverse_weather,c3c0f47b-e11941f3.jpg,AW_A_03,action,Should the driver use windscreen wipers right now?,no,A,high,automatic,main_eval,False,,,paligemma,yes,yes,False,0.09
adverse_weather,c3c0f47b-e11941f3.jpg,AW_A_05,action,Should the driver increase following distance from the vehicle ahead?,no,B,medium,automatic,baseline_only,False,,,paligemma,yes,yes,False,0.09
adverse_weather,c3c0f47b-e11941f3.jpg,AW_A_06,action,Would you feel comfortable pulling over and stopping on the road here?,no,B,medium,automatic,main_eval,False,,,paligemma,no,no,True,0.08
adverse_weather,c3c0f47b-e11941f3.jpg,AW_H_01,hazard,Is there a risk of a hidden vehicle or obstacle emerging suddenly from the scene?,no,B,medium,automatic,main_eval,False,,,paligemma,yes,yes,False,0.08
adverse_weather,c3c0f47b-e11941f3.jpg,AW_H_02,hazard,Would braking distance be longer than usual in these conditions?,no,B,low,automatic,baseline_only,False,,,paligemma,yes,yes,False,0.08
adverse_weather,c3c0f47b-e11941f3.jpg,AW_H_03,hazard,Is there a pedestrian in a position where they could step into the vehicle's path?,no,B,medium,automatic,main_eval,False,,,paligemma,no,no,True,0.08
adverse_weather,c3c0f47b-e11941f3.jpg,AW_H_04,hazard,Could a cyclist or motorcyclist be hidden somewhere in this scene?,no,B,medium,automatic,main_eval,False,,,paligemma,yes,yes,False,0.08
adverse_weather,c3c0f47b-e11941f3.jpg,AW_H_05,hazard,Is the road surface likely to cause the vehicle to slide or lose traction?,no,B,medium,automatic,main_eval,False,,,paligemma,no,no,True,0.08
adverse_weather,c3c0f47b-e11941f3.jpg,AW_H_06,hazard,Is there a risk of glare from headlights or wet road reflections in this scene?,no,B,medium,automatic,main_eval,False,,,paligemma,yes,yes,False,0.08
adverse_weather,c3c0f47b-e11941f3.jpg,AW_S_01,scene,Is this a nighttime driving scene?,no,A,high,automatic,main_eval,False,,,paligemma,yes,yes,False,0.08
adverse_weather,c3c0f47b-e11941f3.jpg,AW_S_02,scene,Is this a highway or motorway rather than an urban or residential road?,yes,A,high,automatic,main_eval,False,,,paligemma,yes,yes,True,0.08
adverse_weather,c3c0f47b-e11941f3.jpg,AW_S_03,scene,Does this scene show active precipitation — rain or snow actually falling?,no,B,medium,automatic,baseline_only,False,,,paligemma,no,no,True,0.08
adverse_weather,c3c0f47b-e11941f3.jpg,AW_S_04,scene,Would this scene look significantly different under clear daytime conditions?,no,B,medium,automatic,main_eval,False,,,paligemma,no,no,True,0.08
adverse_weather,c3c0f47b-e11941f3.jpg,AW_S_05,scene,Is the overall light level sufficient to drive without headlights?,yes,B,medium,automatic,main_eval,False,,,paligemma,no,no,False,0.08
adverse_weather,c3c0f47b-e11941f3.jpg,AW_ADV_01,adversarial,"Despite the weather, can you still identify what type of road this is?",yes,A,high,automatic,main_eval,False,,,paligemma,yes,yes,True,0.08
adverse_weather,c3c0f47b-e11941f3.jpg,AW_ADV_03,adversarial,Would a driver need to use headlights to safely navigate this scene?,no,A,high,automatic,main_eval,False,,,paligemma,yes,yes,False,0.08
adverse_weather,c3c0f47b-e11941f3.jpg,AW_BASE_01,baseline,Is visibility reduced in this scene compared to a clear day?,no,A,high,automatic,baseline_only,False,,,paligemma,yes,yes,False,0.08
adverse_weather,c3c0f47b-e11941f3.jpg,AW_BASE_02,baseline,Is the weather in this image adverse or challenging for driving?,no,A,high,automatic,baseline_only,False,,,paligemma,no,no,True,0.08
adverse_weather,b231a630-c4522992.jpg,AW_P_01,perception,Can you clearly make out the shape of vehicles ahead on the road?,yes,B,medium,automatic,main_eval,False,,,paligemma,yes,yes,True,0.09
adverse_weather,b231a630-c4522992.jpg,AW_P_02,perception,Is it possible to read the colour of the traffic lights in this scene?,yes,A,high,automatic,main_eval,False,,,paligemma,no,no,False,0.09
adverse_weather,b231a630-c4522992.jpg,AW_P_03,perception,Are any road signs visible that you could read from the driver's seat?,yes,B,high,automatic,main_eval,False,,,paligemma,yes,yes,True,0.08
adverse_weather,b231a630-c4522992.jpg,AW_P_04,perception,Can you see far enough ahead to safely react to a sudden hazard?,yes,B,medium,automatic,main_eval,False,,,paligemma,yes,yes,True,0.08
adverse_weather,b231a630-c4522992.jpg,AW_P_05,perception,Is there a pedestrian visible anywhere near the road in this scene?,no,A,high,automatic,main_eval,False,,,paligemma,no,no,True,0.08
adverse_weather,b231a630-c4522992.jpg,AW_P_06,perception,"Is the road surface visible enough to judge whether it is wet, icy, or dry?",yes,B,medium,automatic,main_eval,False,,,paligemma,dry,unclear,False,0.09
adverse_weather,b231a630-c4522992.jpg,AW_P_07,perception,Can you tell from this image whether there is a vehicle close enough to be a collision risk?,yes,B,medium,automatic,main_eval,False,,,paligemma,yes,yes,True,0.09
adverse_weather,b231a630-c4522992.jpg,AW_P_08,perception,Is the sky visible and distinguishable from the road in this scene?,yes,B,medium,automatic,main_eval,False,,,paligemma,yes,yes,True,0.08
adverse_weather,b231a630-c4522992.jpg,AW_A_01,action,Should the driver turn on their headlights right now?,no,A,high,automatic,main_eval,False,,,paligemma,no,no,True,0.08
adverse_weather,b231a630-c4522992.jpg,AW_A_02,action,Should the driver slow down below the speed limit given current conditions?,no,B,medium,automatic,main_eval,False,,,paligemma,yes,yes,False,0.09
adverse_weather,b231a630-c4522992.jpg,AW_A_03,action,Should the driver use windscreen wipers right now?,no,A,high,automatic,main_eval,False,,,paligemma,no,no,True,0.09
adverse_weather,b231a630-c4522992.jpg,AW_A_05,action,Should the driver increase following distance from the vehicle ahead?,no,B,medium,automatic,baseline_only,False,,,paligemma,yes,yes,False,0.08
adverse_weather,b231a630-c4522992.jpg,AW_H_01,hazard,Is there a risk of a hidden vehicle or obstacle emerging suddenly from the scene?,no,B,medium,automatic,main_eval,False,,,paligemma,yes,yes,False,0.09
adverse_weather,b231a630-c4522992.jpg,AW_H_02,hazard,Would braking distance be longer than usual in these conditions?,no,B,low,automatic,baseline_only,False,,,paligemma,yes,yes,False,0.08
adverse_weather,b231a630-c4522992.jpg,AW_H_03,hazard,Is there a pedestrian in a position where they could step into the vehicle's path?,no,B,medium,automatic,main_eval,False,,,paligemma,yes,yes,False,0.08
adverse_weather,b231a630-c4522992.jpg,AW_H_04,hazard,Could a cyclist or motorcyclist be hidden somewhere in this scene?,no,B,medium,automatic,main_eval,False,,,paligemma,yes,yes,False,0.08
adverse_weather,b231a630-c4522992.jpg,AW_H_05,hazard,Is the road surface likely to cause the vehicle to slide or lose traction?,no,B,medium,automatic,main_eval,False,,,paligemma,no,no,True,0.08
adverse_weather,b231a630-c4522992.jpg,AW_H_06,hazard,Is there a risk of glare from headlights or wet road reflections in this scene?,no,B,medium,automatic,main_eval,False,,,paligemma,yes,yes,False,0.08
adverse_weather,b231a630-c4522992.jpg,AW_S_01,scene,Is this a nighttime driving scene?,no,A,high,automatic,main_eval,False,,,paligemma,no,no,True,0.08
adverse_weather,b231a630-c4522992.jpg,AW_S_02,scene,Is this a highway or motorway rather than an urban or residential road?,no,A,high,automatic,main_eval,False,,,paligemma,urban,unclear,False,0.08
adverse_weather,b231a630-c4522992.jpg,AW_S_03,scene,Does this scene show active precipitation — rain or snow actually falling?,no,B,medium,automatic,baseline_only,False,,,paligemma,no,no,True,0.08
adverse_weather,b231a630-c4522992.jpg,AW_S_04,scene,Would this scene look significantly different under clear daytime conditions?,no,B,medium,automatic,main_eval,False,,,paligemma,no,no,True,0.08
adverse_weather,b231a630-c4522992.jpg,AW_S_05,scene,Is the overall light level sufficient to drive without headlights?,yes,B,medium,automatic,main_eval,False,,,paligemma,yes,yes,True,0.08
adverse_weather,b231a630-c4522992.jpg,AW_ADV_01,adversarial,"Despite the weather, can you still identify what type of road this is?",yes,A,high,automatic,main_eval,False,,,paligemma,no,no,False,0.08
adverse_weather,b231a630-c4522992.jpg,AW_ADV_02,adversarial,Are any road signs or markings visible that convey speed or direction information?,yes,B,high,automatic,main_eval,False,,,paligemma,no,no,False,0.09
adverse_weather,b231a630-c4522992.jpg,AW_ADV_03,adversarial,Would a driver need to use headlights to safely navigate this scene?,no,A,high,automatic,main_eval,False,,,paligemma,no,no,True,0.08
adverse_weather,b231a630-c4522992.jpg,AW_ADV_04,adversarial,Is there enough visual information to safely navigate an unfamiliar junction here?,yes,B,medium,automatic,main_eval,False,,,paligemma,yes,yes,True,0.08
adverse_weather,b231a630-c4522992.jpg,AW_ADV_05,adversarial,Would a driver unfamiliar with this road feel confident proceeding in these conditions?,yes,B,medium,automatic,main_eval,False,,,paligemma,no,no,False,0.09
adverse_weather,b231a630-c4522992.jpg,AW_BASE_01,baseline,Is visibility reduced in this scene compared to a clear day?,no,A,high,automatic,baseline_only,False,,,paligemma,no,no,True,0.08
adverse_weather,b231a630-c4522992.jpg,AW_BASE_02,baseline,Is the weather in this image adverse or challenging for driving?,no,A,high,automatic,baseline_only,False,,,paligemma,no,no,True,0.08
adverse_weather,c684b9be-e666905f.jpg,AW_P_01,perception,Can you clearly make out the shape of vehicles ahead on the road?,yes,B,medium,automatic,main_eval,False,,,paligemma,no,no,False,0.09
adverse_weather,c684b9be-e666905f.jpg,AW_P_03,perception,Are any road signs visible that you could read from the driver's seat?,yes,B,high,automatic,main_eval,False,,,paligemma,no,no,False,0.09
adverse_weather,c684b9be-e666905f.jpg,AW_P_04,perception,Can you see far enough ahead to safely react to a sudden hazard?,yes,B,medium,automatic,main_eval,False,,,paligemma,no,no,False,0.09
adverse_weather,c684b9be-e666905f.jpg,AW_P_05,perception,Is there a pedestrian visible anywhere near the road in this scene?,no,A,high,automatic,main_eval,False,,,paligemma,yes,yes,False,0.09
adverse_weather,c684b9be-e666905f.jpg,AW_P_06,perception,"Is the road surface visible enough to judge whether it is wet, icy, or dry?",yes,B,medium,automatic,main_eval,False,,,paligemma,yes,yes,True,0.09
adverse_weather,c684b9be-e666905f.jpg,AW_P_07,perception,Can you tell from this image whether there is a vehicle close enough to be a collision risk?,yes,B,medium,automatic,main_eval,False,,,paligemma,no,no,False,0.09
adverse_weather,c684b9be-e666905f.jpg,AW_P_08,perception,Is the sky visible and distinguishable from the road in this scene?,yes,B,medium,automatic,main_eval,False,,,paligemma,yes,yes,True,0.08
adverse_weather,c684b9be-e666905f.jpg,AW_A_01,action,Should the driver turn on their headlights right now?,no,A,high,automatic,main_eval,False,,,paligemma,no,no,True,0.08
adverse_weather,c684b9be-e666905f.jpg,AW_A_02,action,Should the driver slow down below the speed limit given current conditions?,no,B,medium,automatic,main_eval,False,,,paligemma,yes,yes,False,0.08
adverse_weather,c684b9be-e666905f.jpg,AW_A_03,action,Should the driver use windscreen wipers right now?,no,A,high,automatic,main_eval,False,,,paligemma,no,no,True,0.08
adverse_weather,c684b9be-e666905f.jpg,AW_A_05,action,Should the driver increase following distance from the vehicle ahead?,no,B,medium,automatic,baseline_only,False,,,paligemma,yes,yes,False,0.08
adverse_weather,c684b9be-e666905f.jpg,AW_H_01,hazard,Is there a risk of a hidden vehicle or obstacle emerging suddenly from the scene?,no,B,medium,automatic,main_eval,False,,,paligemma,yes,yes,False,0.08
adverse_weather,c684b9be-e666905f.jpg,AW_H_02,hazard,Would braking distance be longer than usual in these conditions?,no,B,low,automatic,baseline_only,False,,,paligemma,yes,yes,False,0.08
adverse_weather,c684b9be-e666905f.jpg,AW_H_03,hazard,Is there a pedestrian in a position where they could step into the vehicle's path?,no,B,medium,automatic,main_eval,False,,,paligemma,yes,yes,False,0.08
adverse_weather,c684b9be-e666905f.jpg,AW_H_04,hazard,Could a cyclist or motorcyclist be hidden somewhere in this scene?,no,B,medium,automatic,main_eval,False,,,paligemma,yes,yes,False,0.08
adverse_weather,c684b9be-e666905f.jpg,AW_H_05,hazard,Is the road surface likely to cause the vehicle to slide or lose traction?,no,B,medium,automatic,main_eval,False,,,paligemma,no,no,True,0.08
adverse_weather,c684b9be-e666905f.jpg,AW_H_06,hazard,Is there a risk of glare from headlights or wet road reflections in this scene?,no,B,medium,automatic,main_eval,False,,,paligemma,yes,yes,False,0.08
adverse_weather,c684b9be-e666905f.jpg,AW_S_01,scene,Is this a nighttime driving scene?,no,A,high,automatic,main_eval,False,,,paligemma,no,no,True,0.08
adverse_weather,c684b9be-e666905f.jpg,AW_S_02,scene,Is this a highway or motorway rather than an urban or residential road?,no,A,high,automatic,main_eval,False,,,paligemma,highway,unclear,False,0.08
adverse_weather,c684b9be-e666905f.jpg,AW_S_03,scene,Does this scene show active precipitation — rain or snow actually falling?,no,B,medium,automatic,baseline_only,False,,,paligemma,no,no,True,0.09
adverse_weather,c684b9be-e666905f.jpg,AW_S_04,scene,Would this scene look significantly different under clear daytime conditions?,no,B,medium,automatic,main_eval,False,,,paligemma,yes,yes,False,0.09
adverse_weather,c684b9be-e666905f.jpg,AW_S_05,scene,Is the overall light level sufficient to drive without headlights?,yes,B,medium,automatic,main_eval,False,,,paligemma,yes,yes,True,0.09
adverse_weather,c684b9be-e666905f.jpg,AW_ADV_01,adversarial,"Despite the weather, can you still identify what type of road this is?",yes,A,high,automatic,main_eval,False,,,paligemma,unanswerable,unclear,False,0.14
adverse_weather,c684b9be-e666905f.jpg,AW_ADV_02,adversarial,Are any road signs or markings visible that convey speed or direction information?,yes,B,high,automatic,main_eval,False,,,paligemma,no,no,False,0.09
adverse_weather,c684b9be-e666905f.jpg,AW_ADV_03,adversarial,Would a driver need to use headlights to safely navigate this scene?,no,A,high,automatic,main_eval,False,,,paligemma,no,no,True,0.08
adverse_weather,c684b9be-e666905f.jpg,AW_ADV_04,adversarial,Is there enough visual information to safely navigate an unfamiliar junction here?,yes,B,medium,automatic,main_eval,False,,,paligemma,yes,yes,True,0.08
adverse_weather,c684b9be-e666905f.jpg,AW_ADV_05,adversarial,Would a driver unfamiliar with this road feel confident proceeding in these conditions?,yes,B,medium,automatic,main_eval,False,,,paligemma,no,no,False,0.08
adverse_weather,c684b9be-e666905f.jpg,AW_BASE_01,baseline,Is visibility reduced in this scene compared to a clear day?,no,A,high,automatic,baseline_only,False,,,paligemma,no,no,True,0.08
adverse_weather,c684b9be-e666905f.jpg,AW_BASE_02,baseline,Is the weather in this image adverse or challenging for driving?,no,A,high,automatic,baseline_only,False,,,paligemma,no,no,True,0.08
adverse_weather,c72373c0-af574c12.jpg,AW_P_01,perception,Can you clearly make out the shape of vehicles ahead on the road?,yes,B,medium,automatic,main_eval,False,,,paligemma,yes,yes,True,0.08
adverse_weather,c72373c0-af574c12.jpg,AW_P_03,perception,Are any road signs visible that you could read from the driver's seat?,yes,B,high,automatic,main_eval,False,,,paligemma,yes,yes,True,0.08
adverse_weather,c72373c0-af574c12.jpg,AW_P_04,perception,Can you see far enough ahead to safely react to a sudden hazard?,yes,B,medium,automatic,main_eval,False,,,paligemma,yes,yes,True,0.08
adverse_weather,c72373c0-af574c12.jpg,AW_P_05,perception,Is there a pedestrian visible anywhere near the road in this scene?,yes,A,high,automatic,main_eval,False,,,paligemma,no,no,False,0.08
adverse_weather,c72373c0-af574c12.jpg,AW_P_06,perception,"Is the road surface visible enough to judge whether it is wet, icy, or dry?",yes,B,medium,automatic,main_eval,False,,,paligemma,dry,unclear,False,0.09
adverse_weather,c72373c0-af574c12.jpg,AW_P_07,perception,Can you tell from this image whether there is a vehicle close enough to be a collision risk?,yes,B,medium,automatic,main_eval,False,,,paligemma,no,no,False,0.09
adverse_weather,c72373c0-af574c12.jpg,AW_P_08,perception,Is the sky visible and distinguishable from the road in this scene?,yes,B,medium,automatic,main_eval,False,,,paligemma,yes,yes,True,0.08
adverse_weather,c72373c0-af574c12.jpg,AW_A_01,action,Should the driver turn on their headlights right now?,no,A,high,automatic,main_eval,False,,,paligemma,no,no,True,0.09
adverse_weather,c72373c0-af574c12.jpg,AW_A_02,action,Should the driver slow down below the speed limit given current conditions?,no,B,medium,automatic,main_eval,False,,,paligemma,no,no,True,0.08
adverse_weather,c72373c0-af574c12.jpg,AW_A_03,action,Should the driver use windscreen wipers right now?,no,A,high,automatic,main_eval,False,,,paligemma,no,no,True,0.08
adverse_weather,c72373c0-af574c12.jpg,AW_A_05,action,Should the driver increase following distance from the vehicle ahead?,no,B,medium,automatic,baseline_only,False,,,paligemma,yes,yes,False,0.08
adverse_weather,c72373c0-af574c12.jpg,AW_H_01,hazard,Is there a risk of a hidden vehicle or obstacle emerging suddenly from the scene?,no,B,medium,automatic,main_eval,False,,,paligemma,yes,yes,False,0.08
adverse_weather,c72373c0-af574c12.jpg,AW_H_02,hazard,Would braking distance be longer than usual in these conditions?,no,B,low,automatic,baseline_only,False,,,paligemma,no,no,True,0.08
adverse_weather,c72373c0-af574c12.jpg,AW_H_03,hazard,Is there a pedestrian in a position where they could step into the vehicle's path?,no,B,medium,automatic,main_eval,False,,,paligemma,no,no,True,0.08
adverse_weather,c72373c0-af574c12.jpg,AW_H_04,hazard,Could a cyclist or motorcyclist be hidden somewhere in this scene?,no,B,medium,automatic,main_eval,False,,,paligemma,yes,yes,False,0.08
adverse_weather,c72373c0-af574c12.jpg,AW_H_05,hazard,Is the road surface likely to cause the vehicle to slide or lose traction?,no,B,medium,automatic,main_eval,False,,,paligemma,no,no,True,0.08
adverse_weather,c72373c0-af574c12.jpg,AW_H_06,hazard,Is there a risk of glare from headlights or wet road reflections in this scene?,no,B,medium,automatic,main_eval,False,,,paligemma,no,no,True,0.08
adverse_weather,c72373c0-af574c12.jpg,AW_S_01,scene,Is this a nighttime driving scene?,no,A,high,automatic,main_eval,False,,,paligemma,no,no,True,0.08
adverse_weather,c72373c0-af574c12.jpg,AW_S_02,scene,Is this a highway or motorway rather than an urban or residential road?,no,A,high,automatic,main_eval,False,,,paligemma,yes,yes,False,0.08
adverse_weather,c72373c0-af574c12.jpg,AW_S_03,scene,Does this scene show active precipitation — rain or snow actually falling?,no,B,medium,automatic,baseline_only,False,,,paligemma,no,no,True,0.08
adverse_weather,c72373c0-af574c12.jpg,AW_S_04,scene,Would this scene look significantly different under clear daytime conditions?,no,B,medium,automatic,main_eval,False,,,paligemma,no,no,True,0.08
adverse_weather,c72373c0-af574c12.jpg,AW_S_05,scene,Is the overall light level sufficient to drive without headlights?,yes,B,medium,automatic,main_eval,False,,,paligemma,yes,yes,True,0.08
adverse_weather,c72373c0-af574c12.jpg,AW_ADV_01,adversarial,"Despite the weather, can you still identify what type of road this is?",yes,A,high,automatic,main_eval,False,,,paligemma,yes,yes,True,0.09
adverse_weather,c72373c0-af574c12.jpg,AW_ADV_02,adversarial,Are any road signs or markings visible that convey speed or direction information?,yes,B,high,automatic,main_eval,False,,,paligemma,yes,yes,True,0.08
adverse_weather,c72373c0-af574c12.jpg,AW_ADV_03,adversarial,Would a driver need to use headlights to safely navigate this scene?,no,A,high,automatic,main_eval,False,,,paligemma,no,no,True,0.09
adverse_weather,c72373c0-af574c12.jpg,AW_ADV_04,adversarial,Is there enough visual information to safely navigate an unfamiliar junction here?,yes,B,medium,automatic,main_eval,False,,,paligemma,yes,yes,True,0.08
adverse_weather,c72373c0-af574c12.jpg,AW_ADV_05,adversarial,Would a driver unfamiliar with this road feel confident proceeding in these conditions?,yes,B,medium,automatic,main_eval,False,,,paligemma,no,no,False,0.08
adverse_weather,c72373c0-af574c12.jpg,AW_BASE_01,baseline,Is visibility reduced in this scene compared to a clear day?,no,A,high,automatic,baseline_only,False,,,paligemma,no,no,True,0.08
adverse_weather,c72373c0-af574c12.jpg,AW_BASE_02,baseline,Is the weather in this image adverse or challenging for driving?,no,A,high,automatic,baseline_only,False,,,paligemma,no,no,True,0.08
adverse_weather,b875ad93-f21a6d0a.jpg,AW_P_01,perception,Can you clearly make out the shape of vehicles ahead on the road?,yes,B,medium,automatic,main_eval,False,,,paligemma,yes,yes,True,0.08
adverse_weather,b875ad93-f21a6d0a.jpg,AW_P_03,perception,Are any road signs visible that you could read from the driver's seat?,yes,B,high,automatic,main_eval,False,,,paligemma,yes,yes,True,0.08
adverse_weather,b875ad93-f21a6d0a.jpg,AW_P_04,perception,Can you see far enough ahead to safely react to a sudden hazard?,yes,B,medium,automatic,main_eval,False,,,paligemma,yes,yes,True,0.08
adverse_weather,b875ad93-f21a6d0a.jpg,AW_P_05,perception,Is there a pedestrian visible anywhere near the road in this scene?,no,A,high,automatic,main_eval,False,,,paligemma,no,no,True,0.08
adverse_weather,b875ad93-f21a6d0a.jpg,AW_P_06,perception,"Is the road surface visible enough to judge whether it is wet, icy, or dry?",yes,B,medium,automatic,main_eval,False,,,paligemma,dry,unclear,False,0.08
adverse_weather,b875ad93-f21a6d0a.jpg,AW_P_07,perception,Can you tell from this image whether there is a vehicle close enough to be a collision risk?,yes,B,medium,automatic,main_eval,False,,,paligemma,no,no,False,0.08
adverse_weather,b875ad93-f21a6d0a.jpg,AW_P_08,perception,Is the sky visible and distinguishable from the road in this scene?,yes,B,medium,automatic,main_eval,False,,,paligemma,yes,yes,True,0.08
adverse_weather,b875ad93-f21a6d0a.jpg,AW_A_01,action,Should the driver turn on their headlights right now?,no,A,high,automatic,main_eval,False,,,paligemma,no,no,True,0.08
adverse_weather,b875ad93-f21a6d0a.jpg,AW_A_02,action,Should the driver slow down below the speed limit given current conditions?,no,B,medium,automatic,main_eval,False,,,paligemma,no,no,True,0.08
adverse_weather,b875ad93-f21a6d0a.jpg,AW_A_03,action,Should the driver use windscreen wipers right now?,no,A,high,automatic,main_eval,False,,,paligemma,no,no,True,0.08
adverse_weather,b875ad93-f21a6d0a.jpg,AW_A_05,action,Should the driver increase following distance from the vehicle ahead?,no,B,medium,automatic,baseline_only,False,,,paligemma,yes,yes,False,0.08
adverse_weather,b875ad93-f21a6d0a.jpg,AW_A_06,action,Would you feel comfortable pulling over and stopping on the road here?,no,B,medium,automatic,main_eval,False,,,paligemma,no,no,True,0.08
adverse_weather,b875ad93-f21a6d0a.jpg,AW_H_01,hazard,Is there a risk of a hidden vehicle or obstacle emerging suddenly from the scene?,no,B,medium,automatic,main_eval,False,,,paligemma,yes,yes,False,0.08
adverse_weather,b875ad93-f21a6d0a.jpg,AW_H_02,hazard,Would braking distance be longer than usual in these conditions?,no,B,low,automatic,baseline_only,False,,,paligemma,yes,yes,False,0.09
adverse_weather,b875ad93-f21a6d0a.jpg,AW_H_03,hazard,Is there a pedestrian in a position where they could step into the vehicle's path?,no,B,medium,automatic,main_eval,False,,,paligemma,no,no,True,0.09
adverse_weather,b875ad93-f21a6d0a.jpg,AW_H_04,hazard,Could a cyclist or motorcyclist be hidden somewhere in this scene?,no,B,medium,automatic,main_eval,False,,,paligemma,no,no,True,0.1
adverse_weather,b875ad93-f21a6d0a.jpg,AW_H_05,hazard,Is the road surface likely to cause the vehicle to slide or lose traction?,no,B,medium,automatic,main_eval,False,,,paligemma,no,no,True,0.08
adverse_weather,b875ad93-f21a6d0a.jpg,AW_H_06,hazard,Is there a risk of glare from headlights or wet road reflections in this scene?,no,B,medium,automatic,main_eval,False,,,paligemma,yes,yes,False,0.09
adverse_weather,b875ad93-f21a6d0a.jpg,AW_S_01,scene,Is this a nighttime driving scene?,no,A,high,automatic,main_eval,False,,,paligemma,no,no,True,0.09
adverse_weather,b875ad93-f21a6d0a.jpg,AW_S_02,scene,Is this a highway or motorway rather than an urban or residential road?,yes,A,high,automatic,main_eval,False,,,paligemma,yes,yes,True,0.08
adverse_weather,b875ad93-f21a6d0a.jpg,AW_S_03,scene,Does this scene show active precipitation — rain or snow actually falling?,no,B,medium,automatic,baseline_only,False,,,paligemma,no,no,True,0.08
adverse_weather,b875ad93-f21a6d0a.jpg,AW_S_04,scene,Would this scene look significantly different under clear daytime conditions?,no,B,medium,automatic,main_eval,False,,,paligemma,no,no,True,0.08
adverse_weather,b875ad93-f21a6d0a.jpg,AW_S_05,scene,Is the overall light level sufficient to drive without headlights?,yes,B,medium,automatic,main_eval,False,,,paligemma,yes,yes,True,0.08
adverse_weather,b875ad93-f21a6d0a.jpg,AW_ADV_01,adversarial,"Despite the weather, can you still identify what type of road this is?",yes,A,high,automatic,main_eval,False,,,paligemma,yes,yes,True,0.08
adverse_weather,b875ad93-f21a6d0a.jpg,AW_ADV_02,adversarial,Are any road signs or markings visible that convey speed or direction information?,yes,B,high,automatic,main_eval,False,,,paligemma,no,no,False,0.08
adverse_weather,b875ad93-f21a6d0a.jpg,AW_ADV_03,adversarial,Would a driver need to use headlights to safely navigate this scene?,no,A,high,automatic,main_eval,False,,,paligemma,no,no,True,0.08
adverse_weather,b875ad93-f21a6d0a.jpg,AW_BASE_01,baseline,Is visibility reduced in this scene compared to a clear day?,no,A,high,automatic,baseline_only,False,,,paligemma,no,no,True,0.08
adverse_weather,b875ad93-f21a6d0a.jpg,AW_BASE_02,baseline,Is the weather in this image adverse or challenging for driving?,no,A,high,automatic,baseline_only,False,,,paligemma,no,no,True,0.08
adverse_weather,b98f4bb1-100931bb.jpg,AW_P_01,perception,Can you clearly make out the shape of vehicles ahead on the road?,yes,B,medium,automatic,main_eval,False,,,paligemma,yes,yes,True,0.08
adverse_weather,b98f4bb1-100931bb.jpg,AW_P_03,perception,Are any road signs visible that you could read from the driver's seat?,yes,B,high,automatic,main_eval,False,,,paligemma,no,no,False,0.08
adverse_weather,b98f4bb1-100931bb.jpg,AW_P_04,perception,Can you see far enough ahead to safely react to a sudden hazard?,yes,B,medium,automatic,main_eval,False,,,paligemma,yes,yes,True,0.08
adverse_weather,b98f4bb1-100931bb.jpg,AW_P_05,perception,Is there a pedestrian visible anywhere near the road in this scene?,yes,A,high,automatic,main_eval,False,,,paligemma,yes,yes,True,0.08
adverse_weather,b98f4bb1-100931bb.jpg,AW_P_06,perception,"Is the road surface visible enough to judge whether it is wet, icy, or dry?",yes,B,medium,automatic,main_eval,False,,,paligemma,yes,yes,True,0.08
adverse_weather,b98f4bb1-100931bb.jpg,AW_P_07,perception,Can you tell from this image whether there is a vehicle close enough to be a collision risk?,yes,B,medium,automatic,main_eval,False,,,paligemma,no,no,False,0.08
adverse_weather,b98f4bb1-100931bb.jpg,AW_P_08,perception,Is the sky visible and distinguishable from the road in this scene?,yes,B,medium,automatic,main_eval,False,,,paligemma,yes,yes,True,0.08
adverse_weather,b98f4bb1-100931bb.jpg,AW_A_01,action,Should the driver turn on their headlights right now?,no,A,high,automatic,main_eval,False,,,paligemma,yes,yes,False,0.08
adverse_weather,b98f4bb1-100931bb.jpg,AW_A_02,action,Should the driver slow down below the speed limit given current conditions?,no,B,medium,automatic,main_eval,False,,,paligemma,"Sorry, as a base VLM I am not trained to answer this question.",unclear,False,0.48
adverse_weather,b98f4bb1-100931bb.jpg,AW_A_03,action,Should the driver use windscreen wipers right now?,no,A,high,automatic,main_eval,False,,,paligemma,no,no,True,0.09
adverse_weather,b98f4bb1-100931bb.jpg,AW_A_05,action,Should the driver increase following distance from the vehicle ahead?,no,B,medium,automatic,baseline_only,False,,,paligemma,"Sorry, as a base VLM I am not trained to answer this question.",unclear,False,0.48
adverse_weather,b98f4bb1-100931bb.jpg,AW_A_06,action,Would you feel comfortable pulling over and stopping on the road here?,yes,B,medium,automatic,main_eval,False,,,paligemma,no,no,False,0.08
adverse_weather,b98f4bb1-100931bb.jpg,AW_H_01,hazard,Is there a risk of a hidden vehicle or obstacle emerging suddenly from the scene?,no,B,medium,automatic,main_eval,False,,,paligemma,"Sorry, as a base VLM I am not trained to answer this question.",unclear,False,0.48
adverse_weather,b98f4bb1-100931bb.jpg,AW_H_02,hazard,Would braking distance be longer than usual in these conditions?,no,B,low,automatic,baseline_only,False,,,paligemma,yes,yes,False,0.08
adverse_weather,b98f4bb1-100931bb.jpg,AW_H_03,hazard,Is there a pedestrian in a position where they could step into the vehicle's path?,yes,B,medium,automatic,main_eval,False,,,paligemma,yes,yes,True,0.08
adverse_weather,b98f4bb1-100931bb.jpg,AW_H_04,hazard,Could a cyclist or motorcyclist be hidden somewhere in this scene?,no,B,medium,automatic,main_eval,False,,,paligemma,yes,yes,False,0.08
adverse_weather,b98f4bb1-100931bb.jpg,AW_H_05,hazard,Is the road surface likely to cause the vehicle to slide or lose traction?,no,B,medium,automatic,main_eval,False,,,paligemma,no,no,True,0.08
adverse_weather,b98f4bb1-100931bb.jpg,AW_H_06,hazard,Is there a risk of glare from headlights or wet road reflections in this scene?,no,B,medium,automatic,main_eval,False,,,paligemma,yes,yes,False,0.08
adverse_weather,b98f4bb1-100931bb.jpg,AW_S_01,scene,Is this a nighttime driving scene?,no,A,high,automatic,main_eval,False,,,paligemma,no,no,True,0.08
adverse_weather,b98f4bb1-100931bb.jpg,AW_S_02,scene,Is this a highway or motorway rather than an urban or residential road?,no,A,high,automatic,main_eval,False,,,paligemma,urban,unclear,False,0.09
adverse_weather,b98f4bb1-100931bb.jpg,AW_S_03,scene,Does this scene show active precipitation — rain or snow actually falling?,no,B,medium,automatic,baseline_only,False,,,paligemma,no,no,True,0.08
adverse_weather,b98f4bb1-100931bb.jpg,AW_S_04,scene,Would this scene look significantly different under clear daytime conditions?,no,B,medium,automatic,main_eval,False,,,paligemma,no,no,True,0.08
adverse_weather,b98f4bb1-100931bb.jpg,AW_S_05,scene,Is the overall light level sufficient to drive without headlights?,yes,B,medium,automatic,main_eval,False,,,paligemma,yes,yes,True,0.08
adverse_weather,b98f4bb1-100931bb.jpg,AW_ADV_01,adversarial,"Despite the weather, can you still identify what type of road this is?",yes,A,high,automatic,main_eval,False,,,paligemma,no,no,False,0.09
adverse_weather,b98f4bb1-100931bb.jpg,AW_ADV_02,adversarial,Are any road signs or markings visible that convey speed or direction information?,yes,B,high,automatic,main_eval,False,,,paligemma,no,no,False,0.08
adverse_weather,b98f4bb1-100931bb.jpg,AW_ADV_03,adversarial,Would a driver need to use headlights to safely navigate this scene?,no,A,high,automatic,main_eval,False,,,paligemma,no,no,True,0.08
adverse_weather,b98f4bb1-100931bb.jpg,AW_ADV_05,adversarial,Would a driver unfamiliar with this road feel confident proceeding in these conditions?,yes,B,medium,automatic,main_eval,False,,,paligemma,no,no,False,0.08
adverse_weather,b98f4bb1-100931bb.jpg,AW_BASE_01,baseline,Is visibility reduced in this scene compared to a clear day?,no,A,high,automatic,baseline_only,False,,,paligemma,yes,yes,False,0.08
adverse_weather,b98f4bb1-100931bb.jpg,AW_BASE_02,baseline,Is the weather in this image adverse or challenging for driving?,no,A,high,automatic,baseline_only,False,,,paligemma,no,no,True,0.08
adverse_weather,b2b70230-c43553a9.jpg,AW_P_01,perception,Can you clearly make out the shape of vehicles ahead on the road?,yes,B,medium,automatic,main_eval,False,,,paligemma,yes,yes,True,0.08
adverse_weather,b2b70230-c43553a9.jpg,AW_P_02,perception,Is it possible to read the colour of the traffic lights in this scene?,yes,A,high,automatic,main_eval,False,,,paligemma,yes,yes,True,0.08
adverse_weather,b2b70230-c43553a9.jpg,AW_P_03,perception,Are any road signs visible that you could read from the driver's seat?,yes,B,high,automatic,main_eval,False,,,paligemma,yes,yes,True,0.08
adverse_weather,b2b70230-c43553a9.jpg,AW_P_04,perception,Can you see far enough ahead to safely react to a sudden hazard?,yes,B,medium,automatic,main_eval,False,,,paligemma,yes,yes,True,0.08
adverse_weather,b2b70230-c43553a9.jpg,AW_P_05,perception,Is there a pedestrian visible anywhere near the road in this scene?,yes,A,high,automatic,main_eval,False,,,paligemma,yes,yes,True,0.08
adverse_weather,b2b70230-c43553a9.jpg,AW_P_06,perception,"Is the road surface visible enough to judge whether it is wet, icy, or dry?",yes,B,medium,automatic,main_eval,False,,,paligemma,yes,yes,True,0.08
adverse_weather,b2b70230-c43553a9.jpg,AW_P_07,perception,Can you tell from this image whether there is a vehicle close enough to be a collision risk?,yes,B,medium,automatic,main_eval,False,,,paligemma,yes,yes,True,0.08
adverse_weather,b2b70230-c43553a9.jpg,AW_P_08,perception,Is the sky visible and distinguishable from the road in this scene?,yes,B,medium,automatic,main_eval,False,,,paligemma,yes,yes,True,0.08
adverse_weather,b2b70230-c43553a9.jpg,AW_A_01,action,Should the driver turn on their headlights right now?,no,A,high,automatic,main_eval,False,,,paligemma,yes,yes,False,0.08
adverse_weather,b2b70230-c43553a9.jpg,AW_A_02,action,Should the driver slow down below the speed limit given current conditions?,no,B,medium,automatic,main_eval,False,,,paligemma,yes,yes,False,0.08
adverse_weather,b2b70230-c43553a9.jpg,AW_A_03,action,Should the driver use windscreen wipers right now?,no,A,high,automatic,main_eval,False,,,paligemma,no,no,True,0.08
adverse_weather,b2b70230-c43553a9.jpg,AW_A_05,action,Should the driver increase following distance from the vehicle ahead?,no,B,medium,automatic,baseline_only,False,,,paligemma,yes,yes,False,0.08
adverse_weather,b2b70230-c43553a9.jpg,AW_H_01,hazard,Is there a risk of a hidden vehicle or obstacle emerging suddenly from the scene?,no,B,medium,automatic,main_eval,False,,,paligemma,yes,yes,False,0.08
adverse_weather,b2b70230-c43553a9.jpg,AW_H_02,hazard,Would braking distance be longer than usual in these conditions?,no,B,low,automatic,baseline_only,False,,,paligemma,yes,yes,False,0.08
adverse_weather,b2b70230-c43553a9.jpg,AW_H_03,hazard,Is there a pedestrian in a position where they could step into the vehicle's path?,yes,B,medium,automatic,main_eval,False,,,paligemma,yes,yes,True,0.08
adverse_weather,b2b70230-c43553a9.jpg,AW_H_04,hazard,Could a cyclist or motorcyclist be hidden somewhere in this scene?,no,B,medium,automatic,main_eval,False,,,paligemma,yes,yes,False,0.08
adverse_weather,b2b70230-c43553a9.jpg,AW_H_05,hazard,Is the road surface likely to cause the vehicle to slide or lose traction?,no,B,medium,automatic,main_eval,False,,,paligemma,no,no,True,0.09
adverse_weather,b2b70230-c43553a9.jpg,AW_H_06,hazard,Is there a risk of glare from headlights or wet road reflections in this scene?,no,B,medium,automatic,main_eval,False,,,paligemma,yes,yes,False,0.09
adverse_weather,b2b70230-c43553a9.jpg,AW_S_01,scene,Is this a nighttime driving scene?,no,A,high,automatic,main_eval,False,,,paligemma,no,no,True,0.08
adverse_weather,b2b70230-c43553a9.jpg,AW_S_02,scene,Is this a highway or motorway rather than an urban or residential road?,no,A,high,automatic,main_eval,False,,,paligemma,urban,unclear,False,0.08
adverse_weather,b2b70230-c43553a9.jpg,AW_S_03,scene,Does this scene show active precipitation — rain or snow actually falling?,no,B,medium,automatic,baseline_only,False,,,paligemma,no,no,True,0.08
adverse_weather,b2b70230-c43553a9.jpg,AW_S_04,scene,Would this scene look significantly different under clear daytime conditions?,no,B,medium,automatic,main_eval,False,,,paligemma,no,no,True,0.08
adverse_weather,b2b70230-c43553a9.jpg,AW_S_05,scene,Is the overall light level sufficient to drive without headlights?,yes,B,medium,automatic,main_eval,False,,,paligemma,no,no,False,0.08
adverse_weather,b2b70230-c43553a9.jpg,AW_ADV_01,adversarial,"Despite the weather, can you still identify what type of road this is?",yes,A,high,automatic,main_eval,False,,,paligemma,yes,yes,True,0.08
adverse_weather,b2b70230-c43553a9.jpg,AW_ADV_02,adversarial,Are any road signs or markings visible that convey speed or direction information?,yes,B,high,automatic,main_eval,False,,,paligemma,no,no,False,0.08
adverse_weather,b2b70230-c43553a9.jpg,AW_ADV_03,adversarial,Would a driver need to use headlights to safely navigate this scene?,no,A,high,automatic,main_eval,False,,,paligemma,yes,yes,False,0.08
adverse_weather,b2b70230-c43553a9.jpg,AW_ADV_04,adversarial,Is there enough visual information to safely navigate an unfamiliar junction here?,yes,B,medium,automatic,main_eval,False,,,paligemma,yes,yes,True,0.08
adverse_weather,b2b70230-c43553a9.jpg,AW_ADV_05,adversarial,Would a driver unfamiliar with this road feel confident proceeding in these conditions?,yes,B,medium,automatic,main_eval,False,,,paligemma,no,no,False,0.08
adverse_weather,b2b70230-c43553a9.jpg,AW_BASE_01,baseline,Is visibility reduced in this scene compared to a clear day?,no,A,high,automatic,baseline_only,False,,,paligemma,yes,yes,False,0.08
adverse_weather,b2b70230-c43553a9.jpg,AW_BASE_02,baseline,Is the weather in this image adverse or challenging for driving?,no,A,high,automatic,baseline_only,False,,,paligemma,challenging,unclear,False,0.11
adverse_weather,c155b6d9-a803a8d9.jpg,AW_P_01,perception,Can you clearly make out the shape of vehicles ahead on the road?,yes,B,medium,automatic,main_eval,False,,,paligemma,yes,yes,True,0.09
adverse_weather,c155b6d9-a803a8d9.jpg,AW_P_04,perception,Can you see far enough ahead to safely react to a sudden hazard?,yes,B,medium,automatic,main_eval,False,,,paligemma,yes,yes,True,0.09
adverse_weather,c155b6d9-a803a8d9.jpg,AW_P_05,perception,Is there a pedestrian visible anywhere near the road in this scene?,no,A,high,automatic,main_eval,False,,,paligemma,no,no,True,0.09
adverse_weather,c155b6d9-a803a8d9.jpg,AW_P_06,perception,"Is the road surface visible enough to judge whether it is wet, icy, or dry?",yes,B,medium,automatic,main_eval,False,,,paligemma,dry,unclear,False,0.09
adverse_weather,c155b6d9-a803a8d9.jpg,AW_P_07,perception,Can you tell from this image whether there is a vehicle close enough to be a collision risk?,yes,B,medium,automatic,main_eval,False,,,paligemma,no,no,False,0.09
adverse_weather,c155b6d9-a803a8d9.jpg,AW_P_08,perception,Is the sky visible and distinguishable from the road in this scene?,yes,B,medium,automatic,main_eval,False,,,paligemma,yes,yes,True,0.09
adverse_weather,c155b6d9-a803a8d9.jpg,AW_A_01,action,Should the driver turn on their headlights right now?,no,A,high,automatic,main_eval,False,,,paligemma,no,no,True,0.08
adverse_weather,c155b6d9-a803a8d9.jpg,AW_A_02,action,Should the driver slow down below the speed limit given current conditions?,no,B,medium,automatic,main_eval,False,,,paligemma,yes,yes,False,0.08
adverse_weather,c155b6d9-a803a8d9.jpg,AW_A_03,action,Should the driver use windscreen wipers right now?,no,A,high,automatic,main_eval,False,,,paligemma,no,no,True,0.08
adverse_weather,c155b6d9-a803a8d9.jpg,AW_A_05,action,Should the driver increase following distance from the vehicle ahead?,no,B,medium,automatic,baseline_only,False,,,paligemma,"Sorry, as a base VLM I am not trained to answer this question.",unclear,False,0.48
adverse_weather,c155b6d9-a803a8d9.jpg,AW_A_06,action,Would you feel comfortable pulling over and stopping on the road here?,yes,B,medium,automatic,main_eval,False,,,paligemma,no,no,False,0.08
adverse_weather,c155b6d9-a803a8d9.jpg,AW_H_01,hazard,Is there a risk of a hidden vehicle or obstacle emerging suddenly from the scene?,no,B,medium,automatic,main_eval,False,,,paligemma,yes,yes,False,0.09
adverse_weather,c155b6d9-a803a8d9.jpg,AW_H_02,hazard,Would braking distance be longer than usual in these conditions?,no,B,low,automatic,baseline_only,False,,,paligemma,yes,yes,False,0.09
adverse_weather,c155b6d9-a803a8d9.jpg,AW_H_03,hazard,Is there a pedestrian in a position where they could step into the vehicle's path?,no,B,medium,automatic,main_eval,False,,,paligemma,no,no,True,0.09
adverse_weather,c155b6d9-a803a8d9.jpg,AW_H_04,hazard,Could a cyclist or motorcyclist be hidden somewhere in this scene?,no,B,medium,automatic,main_eval,False,,,paligemma,yes,yes,False,0.08
adverse_weather,c155b6d9-a803a8d9.jpg,AW_H_05,hazard,Is the road surface likely to cause the vehicle to slide or lose traction?,no,B,medium,automatic,main_eval,False,,,paligemma,no,no,True,0.08
adverse_weather,c155b6d9-a803a8d9.jpg,AW_H_06,hazard,Is there a risk of glare from headlights or wet road reflections in this scene?,no,B,medium,automatic,main_eval,False,,,paligemma,no,no,True,0.09
adverse_weather,c155b6d9-a803a8d9.jpg,AW_S_01,scene,Is this a nighttime driving scene?,no,A,high,automatic,main_eval,False,,,paligemma,no,no,True,0.08
adverse_weather,c155b6d9-a803a8d9.jpg,AW_S_02,scene,Is this a highway or motorway rather than an urban or residential road?,no,A,high,automatic,main_eval,False,,,paligemma,urban,unclear,False,0.09
adverse_weather,c155b6d9-a803a8d9.jpg,AW_S_03,scene,Does this scene show active precipitation — rain or snow actually falling?,no,B,medium,automatic,baseline_only,False,,,paligemma,no,no,True,0.09
adverse_weather,c155b6d9-a803a8d9.jpg,AW_S_04,scene,Would this scene look significantly different under clear daytime conditions?,no,B,medium,automatic,main_eval,False,,,paligemma,no,no,True,0.09
adverse_weather,c155b6d9-a803a8d9.jpg,AW_S_05,scene,Is the overall light level sufficient to drive without headlights?,yes,B,medium,automatic,main_eval,False,,,paligemma,yes,yes,True,0.08
adverse_weather,c155b6d9-a803a8d9.jpg,AW_ADV_01,adversarial,"Despite the weather, can you still identify what type of road this is?",yes,A,high,automatic,main_eval,False,,,paligemma,no,no,False,0.08
adverse_weather,c155b6d9-a803a8d9.jpg,AW_ADV_03,adversarial,Would a driver need to use headlights to safely navigate this scene?,no,A,high,automatic,main_eval,False,,,paligemma,no,no,True,0.08
adverse_weather,c155b6d9-a803a8d9.jpg,AW_ADV_05,adversarial,Would a driver unfamiliar with this road feel confident proceeding in these conditions?,yes,B,medium,automatic,main_eval,False,,,paligemma,no,no,False,0.08
adverse_weather,c155b6d9-a803a8d9.jpg,AW_BASE_01,baseline,Is visibility reduced in this scene compared to a clear day?,no,A,high,automatic,baseline_only,False,,,paligemma,no,no,True,0.08
adverse_weather,c155b6d9-a803a8d9.jpg,AW_BASE_02,baseline,Is the weather in this image adverse or challenging for driving?,no,A,high,automatic,baseline_only,False,,,paligemma,no,no,True,0.08
adverse_weather,c91eb48f-a7497694.jpg,AW_P_01,perception,Can you clearly make out the shape of vehicles ahead on the road?,yes,B,medium,automatic,main_eval,False,,,paligemma,yes,yes,True,0.08
adverse_weather,c91eb48f-a7497694.jpg,AW_P_03,perception,Are any road signs visible that you could read from the driver's seat?,yes,B,high,automatic,main_eval,False,,,paligemma,no,no,False,0.08
adverse_weather,c91eb48f-a7497694.jpg,AW_P_04,perception,Can you see far enough ahead to safely react to a sudden hazard?,yes,B,medium,automatic,main_eval,False,,,paligemma,yes,yes,True,0.08
adverse_weather,c91eb48f-a7497694.jpg,AW_P_05,perception,Is there a pedestrian visible anywhere near the road in this scene?,yes,A,high,automatic,main_eval,False,,,paligemma,yes,yes,True,0.08
adverse_weather,c91eb48f-a7497694.jpg,AW_P_06,perception,"Is the road surface visible enough to judge whether it is wet, icy, or dry?",yes,B,medium,automatic,main_eval,False,,,paligemma,dry,unclear,False,0.08
adverse_weather,c91eb48f-a7497694.jpg,AW_P_07,perception,Can you tell from this image whether there is a vehicle close enough to be a collision risk?,yes,B,medium,automatic,main_eval,False,,,paligemma,no,no,False,0.08
adverse_weather,c91eb48f-a7497694.jpg,AW_P_08,perception,Is the sky visible and distinguishable from the road in this scene?,yes,B,medium,automatic,main_eval,False,,,paligemma,yes,yes,True,0.08
adverse_weather,c91eb48f-a7497694.jpg,AW_A_01,action,Should the driver turn on their headlights right now?,no,A,high,automatic,main_eval,False,,,paligemma,no,no,True,0.08
adverse_weather,c91eb48f-a7497694.jpg,AW_A_02,action,Should the driver slow down below the speed limit given current conditions?,no,B,medium,automatic,main_eval,False,,,paligemma,yes,yes,False,0.08
adverse_weather,c91eb48f-a7497694.jpg,AW_A_03,action,Should the driver use windscreen wipers right now?,no,A,high,automatic,main_eval,False,,,paligemma,no,no,True,0.09
adverse_weather,c91eb48f-a7497694.jpg,AW_A_05,action,Should the driver increase following distance from the vehicle ahead?,no,B,medium,automatic,baseline_only,False,,,paligemma,yes,yes,False,0.09
adverse_weather,c91eb48f-a7497694.jpg,AW_A_06,action,Would you feel comfortable pulling over and stopping on the road here?,yes,B,medium,automatic,main_eval,False,,,paligemma,no,no,False,0.08
adverse_weather,c91eb48f-a7497694.jpg,AW_H_01,hazard,Is there a risk of a hidden vehicle or obstacle emerging suddenly from the scene?,no,B,medium,automatic,main_eval,False,,,paligemma,yes,yes,False,0.09
adverse_weather,c91eb48f-a7497694.jpg,AW_H_02,hazard,Would braking distance be longer than usual in these conditions?,no,B,low,automatic,baseline_only,False,,,paligemma,yes,yes,False,0.09
adverse_weather,c91eb48f-a7497694.jpg,AW_H_03,hazard,Is there a pedestrian in a position where they could step into the vehicle's path?,yes,B,medium,automatic,main_eval,False,,,paligemma,yes,yes,True,0.09
adverse_weather,c91eb48f-a7497694.jpg,AW_H_04,hazard,Could a cyclist or motorcyclist be hidden somewhere in this scene?,no,B,medium,automatic,main_eval,False,,,paligemma,yes,yes,False,0.08
adverse_weather,c91eb48f-a7497694.jpg,AW_H_05,hazard,Is the road surface likely to cause the vehicle to slide or lose traction?,no,B,medium,automatic,main_eval,False,,,paligemma,no,no,True,0.09
adverse_weather,c91eb48f-a7497694.jpg,AW_H_06,hazard,Is there a risk of glare from headlights or wet road reflections in this scene?,no,B,medium,automatic,main_eval,False,,,paligemma,yes,yes,False,0.08
adverse_weather,c91eb48f-a7497694.jpg,AW_S_01,scene,Is this a nighttime driving scene?,no,A,high,automatic,main_eval,False,,,paligemma,no,no,True,0.08
adverse_weather,c91eb48f-a7497694.jpg,AW_S_02,scene,Is this a highway or motorway rather than an urban or residential road?,no,A,high,automatic,main_eval,False,,,paligemma,urban,unclear,False,0.08
adverse_weather,c91eb48f-a7497694.jpg,AW_S_03,scene,Does this scene show active precipitation — rain or snow actually falling?,no,B,medium,automatic,baseline_only,False,,,paligemma,no,no,True,0.08
adverse_weather,c91eb48f-a7497694.jpg,AW_S_04,scene,Would this scene look significantly different under clear daytime conditions?,no,B,medium,automatic,main_eval,False,,,paligemma,no,no,True,0.08
adverse_weather,c91eb48f-a7497694.jpg,AW_S_05,scene,Is the overall light level sufficient to drive without headlights?,yes,B,medium,automatic,main_eval,False,,,paligemma,yes,yes,True,0.08
adverse_weather,c91eb48f-a7497694.jpg,AW_ADV_01,adversarial,"Despite the weather, can you still identify what type of road this is?",yes,A,high,automatic,main_eval,False,,,paligemma,no,no,False,0.08
adverse_weather,c91eb48f-a7497694.jpg,AW_ADV_02,adversarial,Are any road signs or markings visible that convey speed or direction information?,yes,B,high,automatic,main_eval,False,,,paligemma,no,no,False,0.08
adverse_weather,c91eb48f-a7497694.jpg,AW_ADV_03,adversarial,Would a driver need to use headlights to safely navigate this scene?,no,A,high,automatic,main_eval,False,,,paligemma,no,no,True,0.08
adverse_weather,c91eb48f-a7497694.jpg,AW_ADV_05,adversarial,Would a driver unfamiliar with this road feel confident proceeding in these conditions?,yes,B,medium,automatic,main_eval,False,,,paligemma,no,no,False,0.08
adverse_weather,c91eb48f-a7497694.jpg,AW_BASE_01,baseline,Is visibility reduced in this scene compared to a clear day?,no,A,high,automatic,baseline_only,False,,,paligemma,no,no,True,0.08
adverse_weather,c91eb48f-a7497694.jpg,AW_BASE_02,baseline,Is the weather in this image adverse or challenging for driving?,no,A,high,automatic,baseline_only,False,,,paligemma,no,no,True,0.08
adverse_weather,ca55fb23-83a86167.jpg,AW_P_01,perception,Can you clearly make out the shape of vehicles ahead on the road?,yes,B,medium,automatic,main_eval,False,,,paligemma,yes,yes,True,0.08
adverse_weather,ca55fb23-83a86167.jpg,AW_P_03,perception,Are any road signs visible that you could read from the driver's seat?,no,B,high,automatic,main_eval,False,,,paligemma,no,no,True,0.08
adverse_weather,ca55fb23-83a86167.jpg,AW_P_04,perception,Can you see far enough ahead to safely react to a sudden hazard?,yes,B,medium,automatic,main_eval,False,,,paligemma,yes,yes,True,0.09
adverse_weather,ca55fb23-83a86167.jpg,AW_P_05,perception,Is there a pedestrian visible anywhere near the road in this scene?,yes,A,high,automatic,main_eval,False,,,paligemma,no,no,False,0.08
adverse_weather,ca55fb23-83a86167.jpg,AW_P_06,perception,"Is the road surface visible enough to judge whether it is wet, icy, or dry?",yes,B,medium,automatic,main_eval,False,,,paligemma,dry,unclear,False,0.08
adverse_weather,ca55fb23-83a86167.jpg,AW_P_07,perception,Can you tell from this image whether there is a vehicle close enough to be a collision risk?,yes,B,medium,automatic,main_eval,False,,,paligemma,no,no,False,0.09
adverse_weather,ca55fb23-83a86167.jpg,AW_P_08,perception,Is the sky visible and distinguishable from the road in this scene?,yes,B,medium,automatic,main_eval,False,,,paligemma,yes,yes,True,0.08
adverse_weather,ca55fb23-83a86167.jpg,AW_A_01,action,Should the driver turn on their headlights right now?,no,A,high,automatic,main_eval,False,,,paligemma,no,no,True,0.09
adverse_weather,ca55fb23-83a86167.jpg,AW_A_02,action,Should the driver slow down below the speed limit given current conditions?,no,B,medium,automatic,main_eval,False,,,paligemma,"Sorry, as a base VLM I am not trained to answer this question.",unclear,False,0.48
adverse_weather,ca55fb23-83a86167.jpg,AW_A_03,action,Should the driver use windscreen wipers right now?,no,A,high,automatic,main_eval,False,,,paligemma,no,no,True,0.08
adverse_weather,ca55fb23-83a86167.jpg,AW_A_05,action,Should the driver increase following distance from the vehicle ahead?,no,B,medium,automatic,baseline_only,False,,,paligemma,yes,yes,False,0.09
adverse_weather,ca55fb23-83a86167.jpg,AW_A_06,action,Would you feel comfortable pulling over and stopping on the road here?,no,B,medium,automatic,main_eval,False,,,paligemma,no,no,True,0.08
adverse_weather,ca55fb23-83a86167.jpg,AW_H_01,hazard,Is there a risk of a hidden vehicle or obstacle emerging suddenly from the scene?,no,B,medium,automatic,main_eval,False,,,paligemma,"Sorry, as a base VLM I am not trained to answer this question.",unclear,False,0.48
adverse_weather,ca55fb23-83a86167.jpg,AW_H_02,hazard,Would braking distance be longer than usual in these conditions?,no,B,low,automatic,baseline_only,False,,,paligemma,no,no,True,0.08
adverse_weather,ca55fb23-83a86167.jpg,AW_H_03,hazard,Is there a pedestrian in a position where they could step into the vehicle's path?,no,B,medium,automatic,main_eval,False,,,paligemma,no,no,True,0.08
adverse_weather,ca55fb23-83a86167.jpg,AW_H_04,hazard,Could a cyclist or motorcyclist be hidden somewhere in this scene?,no,B,medium,automatic,main_eval,False,,,paligemma,no,no,True,0.08
adverse_weather,ca55fb23-83a86167.jpg,AW_H_05,hazard,Is the road surface likely to cause the vehicle to slide or lose traction?,no,B,medium,automatic,main_eval,False,,,paligemma,no,no,True,0.08
adverse_weather,ca55fb23-83a86167.jpg,AW_H_06,hazard,Is there a risk of glare from headlights or wet road reflections in this scene?,no,B,medium,automatic,main_eval,False,,,paligemma,no,no,True,0.09
adverse_weather,ca55fb23-83a86167.jpg,AW_S_01,scene,Is this a nighttime driving scene?,no,A,high,automatic,main_eval,False,,,paligemma,no,no,True,0.09
adverse_weather,ca55fb23-83a86167.jpg,AW_S_02,scene,Is this a highway or motorway rather than an urban or residential road?,yes,A,high,automatic,main_eval,False,,,paligemma,yes,yes,True,0.09
adverse_weather,ca55fb23-83a86167.jpg,AW_S_03,scene,Does this scene show active precipitation — rain or snow actually falling?,no,B,medium,automatic,baseline_only,False,,,paligemma,no,no,True,0.09
adverse_weather,ca55fb23-83a86167.jpg,AW_S_04,scene,Would this scene look significantly different under clear daytime conditions?,no,B,medium,automatic,main_eval,False,,,paligemma,no,no,True,0.09
adverse_weather,ca55fb23-83a86167.jpg,AW_S_05,scene,Is the overall light level sufficient to drive without headlights?,yes,B,medium,automatic,main_eval,False,,,paligemma,yes,yes,True,0.09
adverse_weather,ca55fb23-83a86167.jpg,AW_ADV_01,adversarial,"Despite the weather, can you still identify what type of road this is?",yes,A,high,automatic,main_eval,False,,,paligemma,no,no,False,0.08
adverse_weather,ca55fb23-83a86167.jpg,AW_ADV_02,adversarial,Are any road signs or markings visible that convey speed or direction information?,no,B,high,automatic,main_eval,False,,,paligemma,no,no,True,0.09
adverse_weather,ca55fb23-83a86167.jpg,AW_ADV_03,adversarial,Would a driver need to use headlights to safely navigate this scene?,no,A,high,automatic,main_eval,False,,,paligemma,no,no,True,0.09
adverse_weather,ca55fb23-83a86167.jpg,AW_BASE_01,baseline,Is visibility reduced in this scene compared to a clear day?,no,A,high,automatic,baseline_only,False,,,paligemma,no,no,True,0.08
adverse_weather,ca55fb23-83a86167.jpg,AW_BASE_02,baseline,Is the weather in this image adverse or challenging for driving?,no,A,high,automatic,baseline_only,False,,,paligemma,no,no,True,0.08
adverse_weather,b6ddc104-54cc00e3.jpg,AW_P_01,perception,Can you clearly make out the shape of vehicles ahead on the road?,yes,B,medium,automatic,main_eval,False,,,paligemma,yes,yes,True,0.09
adverse_weather,b6ddc104-54cc00e3.jpg,AW_P_02,perception,Is it possible to read the colour of the traffic lights in this scene?,yes,A,high,automatic,main_eval,False,,,paligemma,no,no,False,0.09
adverse_weather,b6ddc104-54cc00e3.jpg,AW_P_04,perception,Can you see far enough ahead to safely react to a sudden hazard?,yes,B,medium,automatic,main_eval,False,,,paligemma,yes,yes,True,0.08
adverse_weather,b6ddc104-54cc00e3.jpg,AW_P_05,perception,Is there a pedestrian visible anywhere near the road in this scene?,no,A,high,automatic,main_eval,False,,,paligemma,no,no,True,0.08
adverse_weather,b6ddc104-54cc00e3.jpg,AW_P_06,perception,"Is the road surface visible enough to judge whether it is wet, icy, or dry?",yes,B,medium,automatic,main_eval,False,,,paligemma,dry,unclear,False,0.08
adverse_weather,b6ddc104-54cc00e3.jpg,AW_P_07,perception,Can you tell from this image whether there is a vehicle close enough to be a collision risk?,yes,B,medium,automatic,main_eval,False,,,paligemma,no,no,False,0.08
adverse_weather,b6ddc104-54cc00e3.jpg,AW_P_08,perception,Is the sky visible and distinguishable from the road in this scene?,yes,B,medium,automatic,main_eval,False,,,paligemma,yes,yes,True,0.08
adverse_weather,b6ddc104-54cc00e3.jpg,AW_A_01,action,Should the driver turn on their headlights right now?,no,A,high,automatic,main_eval,False,,,paligemma,no,no,True,0.08
adverse_weather,b6ddc104-54cc00e3.jpg,AW_A_02,action,Should the driver slow down below the speed limit given current conditions?,no,B,medium,automatic,main_eval,False,,,paligemma,yes,yes,False,0.08
adverse_weather,b6ddc104-54cc00e3.jpg,AW_A_03,action,Should the driver use windscreen wipers right now?,no,A,high,automatic,main_eval,False,,,paligemma,no,no,True,0.09
adverse_weather,b6ddc104-54cc00e3.jpg,AW_A_05,action,Should the driver increase following distance from the vehicle ahead?,no,B,medium,automatic,baseline_only,False,,,paligemma,"Sorry, as a base VLM I am not trained to answer this question.",unclear,False,0.48
adverse_weather,b6ddc104-54cc00e3.jpg,AW_A_06,action,Would you feel comfortable pulling over and stopping on the road here?,no,B,medium,automatic,main_eval,False,,,paligemma,yes,yes,False,0.08
adverse_weather,b6ddc104-54cc00e3.jpg,AW_H_01,hazard,Is there a risk of a hidden vehicle or obstacle emerging suddenly from the scene?,no,B,medium,automatic,main_eval,False,,,paligemma,no,no,True,0.09
adverse_weather,b6ddc104-54cc00e3.jpg,AW_H_02,hazard,Would braking distance be longer than usual in these conditions?,no,B,low,automatic,baseline_only,False,,,paligemma,yes,yes,False,0.09
adverse_weather,b6ddc104-54cc00e3.jpg,AW_H_03,hazard,Is there a pedestrian in a position where they could step into the vehicle's path?,no,B,medium,automatic,main_eval,False,,,paligemma,no,no,True,0.08
adverse_weather,b6ddc104-54cc00e3.jpg,AW_H_04,hazard,Could a cyclist or motorcyclist be hidden somewhere in this scene?,no,B,medium,automatic,main_eval,False,,,paligemma,yes,yes,False,0.08
adverse_weather,b6ddc104-54cc00e3.jpg,AW_H_05,hazard,Is the road surface likely to cause the vehicle to slide or lose traction?,no,B,medium,automatic,main_eval,False,,,paligemma,no,no,True,0.08
adverse_weather,b6ddc104-54cc00e3.jpg,AW_H_06,hazard,Is there a risk of glare from headlights or wet road reflections in this scene?,no,B,medium,automatic,main_eval,False,,,paligemma,yes,yes,False,0.08
adverse_weather,b6ddc104-54cc00e3.jpg,AW_S_01,scene,Is this a nighttime driving scene?,no,A,high,automatic,main_eval,False,,,paligemma,no,no,True,0.08
adverse_weather,b6ddc104-54cc00e3.jpg,AW_S_02,scene,Is this a highway or motorway rather than an urban or residential road?,yes,A,high,automatic,main_eval,False,,,paligemma,yes,yes,True,0.08
adverse_weather,b6ddc104-54cc00e3.jpg,AW_S_03,scene,Does this scene show active precipitation — rain or snow actually falling?,no,B,medium,automatic,baseline_only,False,,,paligemma,no,no,True,0.08
adverse_weather,b6ddc104-54cc00e3.jpg,AW_S_04,scene,Would this scene look significantly different under clear daytime conditions?,no,B,medium,automatic,main_eval,False,,,paligemma,no,no,True,0.08
adverse_weather,b6ddc104-54cc00e3.jpg,AW_S_05,scene,Is the overall light level sufficient to drive without headlights?,yes,B,medium,automatic,main_eval,False,,,paligemma,yes,yes,True,0.08
adverse_weather,b6ddc104-54cc00e3.jpg,AW_ADV_01,adversarial,"Despite the weather, can you still identify what type of road this is?",yes,A,high,automatic,main_eval,False,,,paligemma,yes,yes,True,0.09
adverse_weather,b6ddc104-54cc00e3.jpg,AW_ADV_03,adversarial,Would a driver need to use headlights to safely navigate this scene?,no,A,high,automatic,main_eval,False,,,paligemma,no,no,True,0.08
adverse_weather,b6ddc104-54cc00e3.jpg,AW_BASE_01,baseline,Is visibility reduced in this scene compared to a clear day?,no,A,high,automatic,baseline_only,False,,,paligemma,no,no,True,0.08
adverse_weather,b6ddc104-54cc00e3.jpg,AW_BASE_02,baseline,Is the weather in this image adverse or challenging for driving?,no,A,high,automatic,baseline_only,False,,,paligemma,no,no,True,0.08
