category,image_id,q_id,q_type,question,ground_truth,gt_tier,gt_confidence,gt_source,use_for,is_augmented,source_image_id,weather,model,full_response,extracted_ans,correct,response_time
junctions,b84507e4-e4553a8d.jpg,JN_BASE_01,baseline,Is a traffic light visible in this scene?,yes,A,high,automatic,baseline_only,False,,clear,smolvlm,No,no,False,10.11
junctions,b84507e4-e4553a8d.jpg,JN_BASE_02,baseline,Is this scene located at an intersection or junction?,yes,A,high,automatic,baseline_only,False,,clear,smolvlm,Yes,yes,True,0.8
junctions,b84507e4-e4553a8d.jpg,JN_P_01,perception,Are there two or more traffic lights visible in this scene?,no,A,high,automatic,main_eval,False,,clear,smolvlm,No,no,True,0.5
junctions,b84507e4-e4553a8d.jpg,JN_P_02,perception,Is at least one pedestrian visible in or near the intersection?,no,A,high,automatic,main_eval,False,,clear,smolvlm,Yes,yes,False,0.5
junctions,b84507e4-e4553a8d.jpg,JN_P_03,perception,Is there a vehicle larger than a standard car — such as a bus or truck — visible at this junction?,no,A,high,automatic,main_eval,False,,clear,smolvlm,No,no,True,0.5
junctions,b84507e4-e4553a8d.jpg,JN_P_05,perception,Are road signs visible at this junction?,yes,A,high,automatic,main_eval,False,,clear,smolvlm,Yes,yes,True,0.5
junctions,b84507e4-e4553a8d.jpg,JN_P_07,perception,Is this junction scene captured during daytime?,no,A,high,automatic,main_eval,False,,clear,smolvlm,No,no,True,0.5
junctions,b84507e4-e4553a8d.jpg,JN_P_08,perception,Is any pedestrian visible who appears to be actively crossing the road?,no,B,medium,automatic,main_eval,False,,clear,smolvlm,No,no,True,0.5
junctions,b84507e4-e4553a8d.jpg,JN_A_01,action,Should the ego vehicle stop before entering this intersection?,yes,A,high,automatic,main_eval,False,,clear,smolvlm,No,no,False,0.5
junctions,b84507e4-e4553a8d.jpg,JN_A_02,action,Should the driver yield to pedestrians before proceeding through this junction?,no,A,high,automatic,main_eval,False,,clear,smolvlm,Yes,yes,False,0.5
junctions,b84507e4-e4553a8d.jpg,JN_A_04,action,Should the driver be prepared to brake suddenly at this junction?,yes,A,high,automatic,main_eval,False,,clear,smolvlm,Yes,yes,True,0.5
junctions,b84507e4-e4553a8d.jpg,JN_A_06,action,Should the driver sound the horn to warn other road users at this junction?,no,B,medium,automatic,main_eval,False,,clear,smolvlm,No,no,True,0.49
junctions,b84507e4-e4553a8d.jpg,JN_H_01,hazard,Is there a risk of a pedestrian stepping into the path of the ego vehicle?,no,A,high,automatic,main_eval,False,,clear,smolvlm,Yes,yes,False,0.43
junctions,b84507e4-e4553a8d.jpg,JN_H_02,hazard,Could a large vehicle such as a bus or truck obstruct the driver's sightline at this junction?,no,A,high,automatic,main_eval,False,,clear,smolvlm,Yes,yes,False,0.43
junctions,b84507e4-e4553a8d.jpg,JN_S_01,scene,Is this a signalised intersection with active traffic lights?,yes,A,high,automatic,main_eval,False,,clear,smolvlm,No,no,False,0.43
junctions,b84507e4-e4553a8d.jpg,JN_S_03,scene,Is this junction on a highway or high-speed road rather than an urban street?,no,A,high,automatic,main_eval,False,,clear,smolvlm,No,no,True,0.43
junctions,b84507e4-e4553a8d.jpg,JN_S_04,scene,Is this a nighttime junction scene?,yes,A,high,automatic,main_eval,False,,clear,smolvlm,Yes,yes,True,0.43
junctions,b84507e4-e4553a8d.jpg,JN_S_05,scene,Does this scene show an unsignalised junction with no traffic lights visible?,no,A,high,automatic,main_eval,False,,clear,smolvlm,Yes,yes,False,0.43
junctions,b84507e4-e4553a8d.jpg,JN_ADV_01,adversarial,Is the traffic light currently displaying a green signal that permits the ego vehicle to proceed?,no,A,high,automatic,main_eval,False,,clear,smolvlm,No,no,True,0.43
junctions,b84507e4-e4553a8d.jpg,JN_ADV_02,adversarial,"Is the traffic light currently displaying red or yellow, requiring the ego vehicle to stop or yield?",yes,A,high,automatic,main_eval,False,,clear,smolvlm,No,no,False,0.44
junctions,b84507e4-e4553a8d.jpg,JN_ADV_03,adversarial,Is there a vehicle currently occupying the centre of the intersection ahead?,no,B,medium,automatic,main_eval,False,,clear,smolvlm,No,no,True,0.43
junctions,b84507e4-e4553a8d.jpg,JN_ADV_04,adversarial,Are the lane markings at this junction clear enough to identify which lane leads to the intended direction?,yes,A,high,automatic,main_eval,False,,clear,smolvlm,No,no,False,0.43
junctions,b2a5baf7-58519386.jpg,JN_BASE_01,baseline,Is a traffic light visible in this scene?,yes,A,high,automatic,baseline_only,False,,clear,smolvlm,Yes,yes,True,0.44
junctions,b2a5baf7-58519386.jpg,JN_BASE_02,baseline,Is this scene located at an intersection or junction?,yes,A,high,automatic,baseline_only,False,,clear,smolvlm,Yes,yes,True,0.43
junctions,b2a5baf7-58519386.jpg,JN_P_01,perception,Are there two or more traffic lights visible in this scene?,yes,A,high,automatic,main_eval,False,,clear,smolvlm,Yes,yes,True,0.43
junctions,b2a5baf7-58519386.jpg,JN_P_02,perception,Is at least one pedestrian visible in or near the intersection?,no,A,high,automatic,main_eval,False,,clear,smolvlm,No,no,True,0.44
junctions,b2a5baf7-58519386.jpg,JN_P_03,perception,Is there a vehicle larger than a standard car — such as a bus or truck — visible at this junction?,no,A,high,automatic,main_eval,False,,clear,smolvlm,No,no,True,0.43
junctions,b2a5baf7-58519386.jpg,JN_P_08,perception,Is any pedestrian visible who appears to be actively crossing the road?,no,B,medium,automatic,main_eval,False,,clear,smolvlm,No,no,True,0.43
junctions,b2a5baf7-58519386.jpg,JN_A_01,action,Should the ego vehicle stop before entering this intersection?,no,A,high,automatic,main_eval,False,,clear,smolvlm,No,no,True,0.43
junctions,b2a5baf7-58519386.jpg,JN_A_02,action,Should the driver yield to pedestrians before proceeding through this junction?,no,A,high,automatic,main_eval,False,,clear,smolvlm,No,no,True,0.43
junctions,b2a5baf7-58519386.jpg,JN_A_04,action,Should the driver be prepared to brake suddenly at this junction?,no,A,high,automatic,main_eval,False,,clear,smolvlm,No,no,True,0.43
junctions,b2a5baf7-58519386.jpg,JN_A_05,action,Would it be safe to make a right turn at this intersection right now?,yes,B,medium,automatic,main_eval,False,,clear,smolvlm,Yes,yes,True,0.44
junctions,b2a5baf7-58519386.jpg,JN_A_06,action,Should the driver sound the horn to warn other road users at this junction?,no,B,medium,automatic,main_eval,False,,clear,smolvlm,No,no,True,0.43
junctions,b2a5baf7-58519386.jpg,JN_H_01,hazard,Is there a risk of a pedestrian stepping into the path of the ego vehicle?,no,A,high,automatic,main_eval,False,,clear,smolvlm,Yes,yes,False,0.44
junctions,b2a5baf7-58519386.jpg,JN_H_02,hazard,Could a large vehicle such as a bus or truck obstruct the driver's sightline at this junction?,no,A,high,automatic,main_eval,False,,clear,smolvlm,No,no,True,0.43
junctions,b2a5baf7-58519386.jpg,JN_S_01,scene,Is this a signalised intersection with active traffic lights?,yes,A,high,automatic,main_eval,False,,clear,smolvlm,Yes,yes,True,0.43
junctions,b2a5baf7-58519386.jpg,JN_S_03,scene,Is this junction on a highway or high-speed road rather than an urban street?,no,A,high,automatic,main_eval,False,,clear,smolvlm,No,no,True,0.44
junctions,b2a5baf7-58519386.jpg,JN_S_05,scene,Does this scene show an unsignalised junction with no traffic lights visible?,no,A,high,automatic,main_eval,False,,clear,smolvlm,Yes,yes,False,0.43
junctions,b2a5baf7-58519386.jpg,JN_ADV_01,adversarial,Is the traffic light currently displaying a green signal that permits the ego vehicle to proceed?,yes,A,high,automatic,main_eval,False,,clear,smolvlm,Yes,yes,True,0.44
junctions,b2a5baf7-58519386.jpg,JN_ADV_02,adversarial,"Is the traffic light currently displaying red or yellow, requiring the ego vehicle to stop or yield?",no,A,high,automatic,main_eval,False,,clear,smolvlm,No,no,True,0.44
junctions,b2a5baf7-58519386.jpg,JN_ADV_03,adversarial,Is there a vehicle currently occupying the centre of the intersection ahead?,no,B,medium,automatic,main_eval,False,,clear,smolvlm,Yes,yes,False,0.43
junctions,b2a5baf7-58519386.jpg,JN_ADV_04,adversarial,Are the lane markings at this junction clear enough to identify which lane leads to the intended direction?,yes,A,high,automatic,main_eval,False,,clear,smolvlm,Yes,yes,True,0.44
junctions,b6658d33-fe2d18f8.jpg,JN_BASE_01,baseline,Is a traffic light visible in this scene?,yes,A,high,automatic,baseline_only,False,,clear,smolvlm,Yes,yes,True,0.44
junctions,b6658d33-fe2d18f8.jpg,JN_BASE_02,baseline,Is this scene located at an intersection or junction?,yes,A,high,automatic,baseline_only,False,,clear,smolvlm,Yes,yes,True,0.44
junctions,b6658d33-fe2d18f8.jpg,JN_P_01,perception,Are there two or more traffic lights visible in this scene?,yes,A,high,automatic,main_eval,False,,clear,smolvlm,Yes,yes,True,0.44
junctions,b6658d33-fe2d18f8.jpg,JN_P_02,perception,Is at least one pedestrian visible in or near the intersection?,no,A,high,automatic,main_eval,False,,clear,smolvlm,No,no,True,0.44
junctions,b6658d33-fe2d18f8.jpg,JN_P_03,perception,Is there a vehicle larger than a standard car — such as a bus or truck — visible at this junction?,no,A,high,automatic,main_eval,False,,clear,smolvlm,No,no,True,0.43
junctions,b6658d33-fe2d18f8.jpg,JN_P_05,perception,Are road signs visible at this junction?,no,A,high,automatic,main_eval,False,,clear,smolvlm,No,no,True,0.44
junctions,b6658d33-fe2d18f8.jpg,JN_P_07,perception,Is this junction scene captured during daytime?,no,A,high,automatic,main_eval,False,,clear,smolvlm,No,no,True,0.44
junctions,b6658d33-fe2d18f8.jpg,JN_P_08,perception,Is any pedestrian visible who appears to be actively crossing the road?,no,B,medium,automatic,main_eval,False,,clear,smolvlm,No,no,True,0.43
junctions,b6658d33-fe2d18f8.jpg,JN_A_01,action,Should the ego vehicle stop before entering this intersection?,no,A,high,automatic,main_eval,False,,clear,smolvlm,No,no,True,0.44
junctions,b6658d33-fe2d18f8.jpg,JN_A_02,action,Should the driver yield to pedestrians before proceeding through this junction?,no,A,high,automatic,main_eval,False,,clear,smolvlm,No,no,True,0.44
junctions,b6658d33-fe2d18f8.jpg,JN_A_04,action,Should the driver be prepared to brake suddenly at this junction?,no,A,high,automatic,main_eval,False,,clear,smolvlm,Yes,yes,False,0.44
junctions,b6658d33-fe2d18f8.jpg,JN_A_05,action,Would it be safe to make a right turn at this intersection right now?,yes,B,medium,automatic,main_eval,False,,clear,smolvlm,No,no,False,0.44
junctions,b6658d33-fe2d18f8.jpg,JN_A_06,action,Should the driver sound the horn to warn other road users at this junction?,no,B,medium,automatic,main_eval,False,,clear,smolvlm,No,no,True,0.44
junctions,b6658d33-fe2d18f8.jpg,JN_H_01,hazard,Is there a risk of a pedestrian stepping into the path of the ego vehicle?,no,A,high,automatic,main_eval,False,,clear,smolvlm,Yes,yes,False,0.43
junctions,b6658d33-fe2d18f8.jpg,JN_H_02,hazard,Could a large vehicle such as a bus or truck obstruct the driver's sightline at this junction?,no,A,high,automatic,main_eval,False,,clear,smolvlm,Yes,yes,False,0.44
junctions,b6658d33-fe2d18f8.jpg,JN_S_01,scene,Is this a signalised intersection with active traffic lights?,yes,A,high,automatic,main_eval,False,,clear,smolvlm,Yes,yes,True,0.43
junctions,b6658d33-fe2d18f8.jpg,JN_S_03,scene,Is this junction on a highway or high-speed road rather than an urban street?,no,A,high,automatic,main_eval,False,,clear,smolvlm,No,no,True,0.44
junctions,b6658d33-fe2d18f8.jpg,JN_S_04,scene,Is this a nighttime junction scene?,yes,A,high,automatic,main_eval,False,,clear,smolvlm,Yes,yes,True,0.44
junctions,b6658d33-fe2d18f8.jpg,JN_S_05,scene,Does this scene show an unsignalised junction with no traffic lights visible?,no,A,high,automatic,main_eval,False,,clear,smolvlm,Yes,yes,False,0.44
junctions,b6658d33-fe2d18f8.jpg,JN_ADV_01,adversarial,Is the traffic light currently displaying a green signal that permits the ego vehicle to proceed?,yes,A,high,automatic,main_eval,False,,clear,smolvlm,Yes,yes,True,0.44
junctions,b6658d33-fe2d18f8.jpg,JN_ADV_02,adversarial,"Is the traffic light currently displaying red or yellow, requiring the ego vehicle to stop or yield?",no,A,high,automatic,main_eval,False,,clear,smolvlm,No,no,True,0.44
junctions,b6658d33-fe2d18f8.jpg,JN_ADV_03,adversarial,Is there a vehicle currently occupying the centre of the intersection ahead?,no,B,medium,automatic,main_eval,False,,clear,smolvlm,No,no,True,0.44
junctions,b6658d33-fe2d18f8.jpg,JN_ADV_04,adversarial,Are the lane markings at this junction clear enough to identify which lane leads to the intended direction?,no,A,high,automatic,main_eval,False,,clear,smolvlm,No,no,True,0.44
junctions,c0677163-c63c7c95.jpg,JN_BASE_01,baseline,Is a traffic light visible in this scene?,yes,A,high,automatic,baseline_only,False,,undefined,smolvlm,Yes,yes,True,0.44
junctions,c0677163-c63c7c95.jpg,JN_BASE_02,baseline,Is this scene located at an intersection or junction?,yes,A,high,automatic,baseline_only,False,,undefined,smolvlm,Yes,yes,True,0.44
junctions,c0677163-c63c7c95.jpg,JN_P_01,perception,Are there two or more traffic lights visible in this scene?,yes,A,high,automatic,main_eval,False,,undefined,smolvlm,Yes,yes,True,0.44
junctions,c0677163-c63c7c95.jpg,JN_P_02,perception,Is at least one pedestrian visible in or near the intersection?,no,A,high,automatic,main_eval,False,,undefined,smolvlm,No,no,True,0.43
junctions,c0677163-c63c7c95.jpg,JN_P_03,perception,Is there a vehicle larger than a standard car — such as a bus or truck — visible at this junction?,no,A,high,automatic,main_eval,False,,undefined,smolvlm,No,no,True,0.44
junctions,c0677163-c63c7c95.jpg,JN_P_05,perception,Are road signs visible at this junction?,no,A,high,automatic,main_eval,False,,undefined,smolvlm,No,no,True,0.44
junctions,c0677163-c63c7c95.jpg,JN_P_07,perception,Is this junction scene captured during daytime?,yes,A,high,automatic,main_eval,False,,undefined,smolvlm,Yes,yes,True,0.44
junctions,c0677163-c63c7c95.jpg,JN_P_08,perception,Is any pedestrian visible who appears to be actively crossing the road?,no,B,medium,automatic,main_eval,False,,undefined,smolvlm,No,no,True,0.44
junctions,c0677163-c63c7c95.jpg,JN_A_01,action,Should the ego vehicle stop before entering this intersection?,no,A,high,automatic,main_eval,False,,undefined,smolvlm,No,no,True,0.44
junctions,c0677163-c63c7c95.jpg,JN_A_02,action,Should the driver yield to pedestrians before proceeding through this junction?,no,A,high,automatic,main_eval,False,,undefined,smolvlm,No,no,True,0.44
junctions,c0677163-c63c7c95.jpg,JN_A_04,action,Should the driver be prepared to brake suddenly at this junction?,no,A,high,automatic,main_eval,False,,undefined,smolvlm,Yes,yes,False,0.44
junctions,c0677163-c63c7c95.jpg,JN_A_05,action,Would it be safe to make a right turn at this intersection right now?,yes,B,medium,automatic,main_eval,False,,undefined,smolvlm,No,no,False,0.44
junctions,c0677163-c63c7c95.jpg,JN_A_06,action,Should the driver sound the horn to warn other road users at this junction?,no,B,medium,automatic,main_eval,False,,undefined,smolvlm,No,no,True,0.44
junctions,c0677163-c63c7c95.jpg,JN_H_01,hazard,Is there a risk of a pedestrian stepping into the path of the ego vehicle?,no,A,high,automatic,main_eval,False,,undefined,smolvlm,Yes,yes,False,0.44
junctions,c0677163-c63c7c95.jpg,JN_H_02,hazard,Could a large vehicle such as a bus or truck obstruct the driver's sightline at this junction?,no,A,high,automatic,main_eval,False,,undefined,smolvlm,Yes,yes,False,0.44
junctions,c0677163-c63c7c95.jpg,JN_S_01,scene,Is this a signalised intersection with active traffic lights?,yes,A,high,automatic,main_eval,False,,undefined,smolvlm,Yes,yes,True,0.44
junctions,c0677163-c63c7c95.jpg,JN_S_03,scene,Is this junction on a highway or high-speed road rather than an urban street?,no,A,high,automatic,main_eval,False,,undefined,smolvlm,No,no,True,0.44
junctions,c0677163-c63c7c95.jpg,JN_S_04,scene,Is this a nighttime junction scene?,no,A,high,automatic,main_eval,False,,undefined,smolvlm,No,no,True,0.44
junctions,c0677163-c63c7c95.jpg,JN_S_05,scene,Does this scene show an unsignalised junction with no traffic lights visible?,no,A,high,automatic,main_eval,False,,undefined,smolvlm,Yes,yes,False,0.44
junctions,c0677163-c63c7c95.jpg,JN_ADV_01,adversarial,Is the traffic light currently displaying a green signal that permits the ego vehicle to proceed?,yes,A,high,automatic,main_eval,False,,undefined,smolvlm,Yes,yes,True,0.44
junctions,c0677163-c63c7c95.jpg,JN_ADV_02,adversarial,"Is the traffic light currently displaying red or yellow, requiring the ego vehicle to stop or yield?",no,A,high,automatic,main_eval,False,,undefined,smolvlm,No,no,True,0.44
junctions,c0677163-c63c7c95.jpg,JN_ADV_03,adversarial,Is there a vehicle currently occupying the centre of the intersection ahead?,no,B,medium,automatic,main_eval,False,,undefined,smolvlm,No,no,True,0.44
junctions,c0677163-c63c7c95.jpg,JN_ADV_04,adversarial,Are the lane markings at this junction clear enough to identify which lane leads to the intended direction?,yes,A,high,automatic,main_eval,False,,undefined,smolvlm,Yes,yes,True,0.44
junctions,c79be479-405bfb76.jpg,JN_BASE_01,baseline,Is a traffic light visible in this scene?,yes,A,high,automatic,baseline_only,False,,overcast,smolvlm,Yes,yes,True,0.44
junctions,c79be479-405bfb76.jpg,JN_BASE_02,baseline,Is this scene located at an intersection or junction?,yes,A,high,automatic,baseline_only,False,,overcast,smolvlm,Yes,yes,True,0.44
junctions,c79be479-405bfb76.jpg,JN_P_01,perception,Are there two or more traffic lights visible in this scene?,yes,A,high,automatic,main_eval,False,,overcast,smolvlm,Yes,yes,True,0.44
junctions,c79be479-405bfb76.jpg,JN_P_02,perception,Is at least one pedestrian visible in or near the intersection?,no,A,high,automatic,main_eval,False,,overcast,smolvlm,No,no,True,0.44
junctions,c79be479-405bfb76.jpg,JN_P_03,perception,Is there a vehicle larger than a standard car — such as a bus or truck — visible at this junction?,yes,A,high,automatic,main_eval,False,,overcast,smolvlm,No,no,False,0.43
junctions,c79be479-405bfb76.jpg,JN_P_05,perception,Are road signs visible at this junction?,yes,A,high,automatic,main_eval,False,,overcast,smolvlm,Yes,yes,True,0.44
junctions,c79be479-405bfb76.jpg,JN_P_08,perception,Is any pedestrian visible who appears to be actively crossing the road?,no,B,medium,automatic,main_eval,False,,overcast,smolvlm,No,no,True,0.44
junctions,c79be479-405bfb76.jpg,JN_A_02,action,Should the driver yield to pedestrians before proceeding through this junction?,no,A,high,automatic,main_eval,False,,overcast,smolvlm,No,no,True,0.43
junctions,c79be479-405bfb76.jpg,JN_A_06,action,Should the driver sound the horn to warn other road users at this junction?,no,B,medium,automatic,main_eval,False,,overcast,smolvlm,No,no,True,0.44
junctions,c79be479-405bfb76.jpg,JN_H_01,hazard,Is there a risk of a pedestrian stepping into the path of the ego vehicle?,no,A,high,automatic,main_eval,False,,overcast,smolvlm,Yes,yes,False,0.44
junctions,c79be479-405bfb76.jpg,JN_H_02,hazard,Could a large vehicle such as a bus or truck obstruct the driver's sightline at this junction?,yes,A,high,automatic,main_eval,False,,overcast,smolvlm,Yes,yes,True,0.44
junctions,c79be479-405bfb76.jpg,JN_S_01,scene,Is this a signalised intersection with active traffic lights?,yes,A,high,automatic,main_eval,False,,overcast,smolvlm,Yes,yes,True,0.44
junctions,c79be479-405bfb76.jpg,JN_S_03,scene,Is this junction on a highway or high-speed road rather than an urban street?,no,A,high,automatic,main_eval,False,,overcast,smolvlm,No,no,True,0.44
junctions,c79be479-405bfb76.jpg,JN_S_05,scene,Does this scene show an unsignalised junction with no traffic lights visible?,no,A,high,automatic,main_eval,False,,overcast,smolvlm,Yes,yes,False,0.44
junctions,c79be479-405bfb76.jpg,JN_ADV_03,adversarial,Is there a vehicle currently occupying the centre of the intersection ahead?,no,B,medium,automatic,main_eval,False,,overcast,smolvlm,Yes,yes,False,0.44
junctions,c79be479-405bfb76.jpg,JN_ADV_04,adversarial,Are the lane markings at this junction clear enough to identify which lane leads to the intended direction?,yes,A,high,automatic,main_eval,False,,overcast,smolvlm,No,no,False,0.44
junctions,c769da9c-f1ad8284.jpg,JN_BASE_01,baseline,Is a traffic light visible in this scene?,yes,A,high,automatic,baseline_only,False,,clear,smolvlm,Yes,yes,True,0.44
junctions,c769da9c-f1ad8284.jpg,JN_BASE_02,baseline,Is this scene located at an intersection or junction?,yes,A,high,automatic,baseline_only,False,,clear,smolvlm,Yes,yes,True,0.44
junctions,c769da9c-f1ad8284.jpg,JN_P_01,perception,Are there two or more traffic lights visible in this scene?,yes,A,high,automatic,main_eval,False,,clear,smolvlm,Yes,yes,True,0.44
junctions,c769da9c-f1ad8284.jpg,JN_P_02,perception,Is at least one pedestrian visible in or near the intersection?,no,A,high,automatic,main_eval,False,,clear,smolvlm,No,no,True,0.44
junctions,c769da9c-f1ad8284.jpg,JN_P_03,perception,Is there a vehicle larger than a standard car — such as a bus or truck — visible at this junction?,no,A,high,automatic,main_eval,False,,clear,smolvlm,No,no,True,0.44
junctions,c769da9c-f1ad8284.jpg,JN_P_05,perception,Are road signs visible at this junction?,yes,A,high,automatic,main_eval,False,,clear,smolvlm,Yes,yes,True,0.44
junctions,c769da9c-f1ad8284.jpg,JN_P_08,perception,Is any pedestrian visible who appears to be actively crossing the road?,no,B,medium,automatic,main_eval,False,,clear,smolvlm,No,no,True,0.44
junctions,c769da9c-f1ad8284.jpg,JN_A_01,action,Should the ego vehicle stop before entering this intersection?,no,A,high,automatic,main_eval,False,,clear,smolvlm,No,no,True,0.44
junctions,c769da9c-f1ad8284.jpg,JN_A_02,action,Should the driver yield to pedestrians before proceeding through this junction?,no,A,high,automatic,main_eval,False,,clear,smolvlm,No,no,True,0.44
junctions,c769da9c-f1ad8284.jpg,JN_A_04,action,Should the driver be prepared to brake suddenly at this junction?,no,A,high,automatic,main_eval,False,,clear,smolvlm,Yes,yes,False,0.44
junctions,c769da9c-f1ad8284.jpg,JN_A_05,action,Would it be safe to make a right turn at this intersection right now?,yes,B,medium,automatic,main_eval,False,,clear,smolvlm,No,no,False,0.44
junctions,c769da9c-f1ad8284.jpg,JN_A_06,action,Should the driver sound the horn to warn other road users at this junction?,no,B,medium,automatic,main_eval,False,,clear,smolvlm,No,no,True,0.44
junctions,c769da9c-f1ad8284.jpg,JN_H_01,hazard,Is there a risk of a pedestrian stepping into the path of the ego vehicle?,no,A,high,automatic,main_eval,False,,clear,smolvlm,No,no,True,0.44
junctions,c769da9c-f1ad8284.jpg,JN_H_02,hazard,Could a large vehicle such as a bus or truck obstruct the driver's sightline at this junction?,no,A,high,automatic,main_eval,False,,clear,smolvlm,Yes,yes,False,0.44
junctions,c769da9c-f1ad8284.jpg,JN_S_01,scene,Is this a signalised intersection with active traffic lights?,yes,A,high,automatic,main_eval,False,,clear,smolvlm,Yes,yes,True,0.44
junctions,c769da9c-f1ad8284.jpg,JN_S_03,scene,Is this junction on a highway or high-speed road rather than an urban street?,no,A,high,automatic,main_eval,False,,clear,smolvlm,Yes,yes,False,0.44
junctions,c769da9c-f1ad8284.jpg,JN_S_05,scene,Does this scene show an unsignalised junction with no traffic lights visible?,no,A,high,automatic,main_eval,False,,clear,smolvlm,Yes,yes,False,0.44
junctions,c769da9c-f1ad8284.jpg,JN_ADV_01,adversarial,Is the traffic light currently displaying a green signal that permits the ego vehicle to proceed?,yes,A,high,automatic,main_eval,False,,clear,smolvlm,Yes,yes,True,0.44
junctions,c769da9c-f1ad8284.jpg,JN_ADV_02,adversarial,"Is the traffic light currently displaying red or yellow, requiring the ego vehicle to stop or yield?",no,A,high,automatic,main_eval,False,,clear,smolvlm,No,no,True,0.44
junctions,c769da9c-f1ad8284.jpg,JN_ADV_03,adversarial,Is there a vehicle currently occupying the centre of the intersection ahead?,no,B,medium,automatic,main_eval,False,,clear,smolvlm,Yes,yes,False,0.44
junctions,c769da9c-f1ad8284.jpg,JN_ADV_04,adversarial,Are the lane markings at this junction clear enough to identify which lane leads to the intended direction?,no,A,high,automatic,main_eval,False,,clear,smolvlm,No,no,True,0.44
junctions,be724abb-9a2a625c.jpg,JN_BASE_01,baseline,Is a traffic light visible in this scene?,yes,A,high,automatic,baseline_only,False,,partly cloudy,smolvlm,Yes,yes,True,0.44
junctions,be724abb-9a2a625c.jpg,JN_BASE_02,baseline,Is this scene located at an intersection or junction?,yes,A,high,automatic,baseline_only,False,,partly cloudy,smolvlm,Yes,yes,True,0.44
junctions,be724abb-9a2a625c.jpg,JN_P_01,perception,Are there two or more traffic lights visible in this scene?,yes,A,high,automatic,main_eval,False,,partly cloudy,smolvlm,Yes,yes,True,0.44
junctions,be724abb-9a2a625c.jpg,JN_P_02,perception,Is at least one pedestrian visible in or near the intersection?,no,A,high,automatic,main_eval,False,,partly cloudy,smolvlm,No,no,True,0.44
junctions,be724abb-9a2a625c.jpg,JN_P_03,perception,Is there a vehicle larger than a standard car — such as a bus or truck — visible at this junction?,no,A,high,automatic,main_eval,False,,partly cloudy,smolvlm,No,no,True,0.44
junctions,be724abb-9a2a625c.jpg,JN_P_05,perception,Are road signs visible at this junction?,yes,A,high,automatic,main_eval,False,,partly cloudy,smolvlm,Yes,yes,True,0.44
junctions,be724abb-9a2a625c.jpg,JN_P_08,perception,Is any pedestrian visible who appears to be actively crossing the road?,no,B,medium,automatic,main_eval,False,,partly cloudy,smolvlm,No,no,True,0.44
junctions,be724abb-9a2a625c.jpg,JN_A_01,action,Should the ego vehicle stop before entering this intersection?,no,A,high,automatic,main_eval,False,,partly cloudy,smolvlm,No,no,True,0.44
junctions,be724abb-9a2a625c.jpg,JN_A_02,action,Should the driver yield to pedestrians before proceeding through this junction?,no,A,high,automatic,main_eval,False,,partly cloudy,smolvlm,No,no,True,0.44
junctions,be724abb-9a2a625c.jpg,JN_A_04,action,Should the driver be prepared to brake suddenly at this junction?,no,A,high,automatic,main_eval,False,,partly cloudy,smolvlm,Yes,yes,False,0.44
junctions,be724abb-9a2a625c.jpg,JN_A_05,action,Would it be safe to make a right turn at this intersection right now?,yes,B,medium,automatic,main_eval,False,,partly cloudy,smolvlm,No,no,False,0.44
junctions,be724abb-9a2a625c.jpg,JN_A_06,action,Should the driver sound the horn to warn other road users at this junction?,no,B,medium,automatic,main_eval,False,,partly cloudy,smolvlm,No,no,True,0.44
junctions,be724abb-9a2a625c.jpg,JN_H_01,hazard,Is there a risk of a pedestrian stepping into the path of the ego vehicle?,no,A,high,automatic,main_eval,False,,partly cloudy,smolvlm,Yes,yes,False,0.44
junctions,be724abb-9a2a625c.jpg,JN_H_02,hazard,Could a large vehicle such as a bus or truck obstruct the driver's sightline at this junction?,no,A,high,automatic,main_eval,False,,partly cloudy,smolvlm,Yes,yes,False,0.44
junctions,be724abb-9a2a625c.jpg,JN_S_01,scene,Is this a signalised intersection with active traffic lights?,yes,A,high,automatic,main_eval,False,,partly cloudy,smolvlm,Yes,yes,True,0.44
junctions,be724abb-9a2a625c.jpg,JN_S_03,scene,Is this junction on a highway or high-speed road rather than an urban street?,no,A,high,automatic,main_eval,False,,partly cloudy,smolvlm,No,no,True,0.44
junctions,be724abb-9a2a625c.jpg,JN_S_05,scene,Does this scene show an unsignalised junction with no traffic lights visible?,no,A,high,automatic,main_eval,False,,partly cloudy,smolvlm,Yes,yes,False,0.44
junctions,be724abb-9a2a625c.jpg,JN_ADV_01,adversarial,Is the traffic light currently displaying a green signal that permits the ego vehicle to proceed?,yes,A,high,automatic,main_eval,False,,partly cloudy,smolvlm,Yes,yes,True,0.44
junctions,be724abb-9a2a625c.jpg,JN_ADV_02,adversarial,"Is the traffic light currently displaying red or yellow, requiring the ego vehicle to stop or yield?",no,A,high,automatic,main_eval,False,,partly cloudy,smolvlm,No,no,True,0.44
junctions,be724abb-9a2a625c.jpg,JN_ADV_03,adversarial,Is there a vehicle currently occupying the centre of the intersection ahead?,no,B,medium,automatic,main_eval,False,,partly cloudy,smolvlm,No,no,True,0.44
junctions,be724abb-9a2a625c.jpg,JN_ADV_04,adversarial,Are the lane markings at this junction clear enough to identify which lane leads to the intended direction?,no,A,high,automatic,main_eval,False,,partly cloudy,smolvlm,No,no,True,0.44
junctions,c65628b7-8260b5b1.jpg,JN_BASE_01,baseline,Is a traffic light visible in this scene?,yes,A,high,automatic,baseline_only,False,,clear,smolvlm,Yes,yes,True,0.44
junctions,c65628b7-8260b5b1.jpg,JN_BASE_02,baseline,Is this scene located at an intersection or junction?,yes,A,high,automatic,baseline_only,False,,clear,smolvlm,No,no,False,0.44
junctions,c65628b7-8260b5b1.jpg,JN_P_01,perception,Are there two or more traffic lights visible in this scene?,no,A,high,automatic,main_eval,False,,clear,smolvlm,Yes,yes,False,0.44
junctions,c65628b7-8260b5b1.jpg,JN_P_02,perception,Is at least one pedestrian visible in or near the intersection?,no,A,high,automatic,main_eval,False,,clear,smolvlm,No,no,True,0.44
junctions,c65628b7-8260b5b1.jpg,JN_P_03,perception,Is there a vehicle larger than a standard car — such as a bus or truck — visible at this junction?,no,A,high,automatic,main_eval,False,,clear,smolvlm,No,no,True,0.44
junctions,c65628b7-8260b5b1.jpg,JN_P_07,perception,Is this junction scene captured during daytime?,no,A,high,automatic,main_eval,False,,clear,smolvlm,No,no,True,0.44
junctions,c65628b7-8260b5b1.jpg,JN_P_08,perception,Is any pedestrian visible who appears to be actively crossing the road?,no,B,medium,automatic,main_eval,False,,clear,smolvlm,No,no,True,0.44
junctions,c65628b7-8260b5b1.jpg,JN_A_01,action,Should the ego vehicle stop before entering this intersection?,no,A,high,automatic,main_eval,False,,clear,smolvlm,No,no,True,0.44
junctions,c65628b7-8260b5b1.jpg,JN_A_02,action,Should the driver yield to pedestrians before proceeding through this junction?,no,A,high,automatic,main_eval,False,,clear,smolvlm,No,no,True,0.44
junctions,c65628b7-8260b5b1.jpg,JN_A_04,action,Should the driver be prepared to brake suddenly at this junction?,no,A,high,automatic,main_eval,False,,clear,smolvlm,Yes,yes,False,0.44
junctions,c65628b7-8260b5b1.jpg,JN_A_05,action,Would it be safe to make a right turn at this intersection right now?,yes,B,medium,automatic,main_eval,False,,clear,smolvlm,No,no,False,0.44
junctions,c65628b7-8260b5b1.jpg,JN_A_06,action,Should the driver sound the horn to warn other road users at this junction?,no,B,medium,automatic,main_eval,False,,clear,smolvlm,No,no,True,0.44
junctions,c65628b7-8260b5b1.jpg,JN_H_01,hazard,Is there a risk of a pedestrian stepping into the path of the ego vehicle?,no,A,high,automatic,main_eval,False,,clear,smolvlm,Yes,yes,False,0.44
junctions,c65628b7-8260b5b1.jpg,JN_H_02,hazard,Could a large vehicle such as a bus or truck obstruct the driver's sightline at this junction?,no,A,high,automatic,main_eval,False,,clear,smolvlm,Yes,yes,False,0.44
junctions,c65628b7-8260b5b1.jpg,JN_S_01,scene,Is this a signalised intersection with active traffic lights?,yes,A,high,automatic,main_eval,False,,clear,smolvlm,Yes,yes,True,0.44
junctions,c65628b7-8260b5b1.jpg,JN_S_03,scene,Is this junction on a highway or high-speed road rather than an urban street?,no,A,high,automatic,main_eval,False,,clear,smolvlm,No,no,True,0.44
junctions,c65628b7-8260b5b1.jpg,JN_S_04,scene,Is this a nighttime junction scene?,yes,A,high,automatic,main_eval,False,,clear,smolvlm,Yes,yes,True,0.44
junctions,c65628b7-8260b5b1.jpg,JN_S_05,scene,Does this scene show an unsignalised junction with no traffic lights visible?,no,A,high,automatic,main_eval,False,,clear,smolvlm,Yes,yes,False,0.44
junctions,c65628b7-8260b5b1.jpg,JN_ADV_01,adversarial,Is the traffic light currently displaying a green signal that permits the ego vehicle to proceed?,yes,A,high,automatic,main_eval,False,,clear,smolvlm,Yes,yes,True,0.44
junctions,c65628b7-8260b5b1.jpg,JN_ADV_02,adversarial,"Is the traffic light currently displaying red or yellow, requiring the ego vehicle to stop or yield?",no,A,high,automatic,main_eval,False,,clear,smolvlm,No,no,True,0.44
junctions,c65628b7-8260b5b1.jpg,JN_ADV_03,adversarial,Is there a vehicle currently occupying the centre of the intersection ahead?,no,B,medium,automatic,main_eval,False,,clear,smolvlm,No,no,True,0.44
junctions,c65628b7-8260b5b1.jpg,JN_ADV_04,adversarial,Are the lane markings at this junction clear enough to identify which lane leads to the intended direction?,no,A,high,automatic,main_eval,False,,clear,smolvlm,No,no,True,0.44
junctions,b39fe3cd-f0d534c0.jpg,JN_BASE_01,baseline,Is a traffic light visible in this scene?,yes,A,high,automatic,baseline_only,False,,clear,smolvlm,No,no,False,0.44
junctions,b39fe3cd-f0d534c0.jpg,JN_BASE_02,baseline,Is this scene located at an intersection or junction?,yes,A,high,automatic,baseline_only,False,,clear,smolvlm,Yes,yes,True,0.44
junctions,b39fe3cd-f0d534c0.jpg,JN_P_01,perception,Are there two or more traffic lights visible in this scene?,yes,A,high,automatic,main_eval,False,,clear,smolvlm,No,no,False,0.44
junctions,b39fe3cd-f0d534c0.jpg,JN_P_02,perception,Is at least one pedestrian visible in or near the intersection?,no,A,high,automatic,main_eval,False,,clear,smolvlm,No,no,True,0.44
junctions,b39fe3cd-f0d534c0.jpg,JN_P_03,perception,Is there a vehicle larger than a standard car — such as a bus or truck — visible at this junction?,no,A,high,automatic,main_eval,False,,clear,smolvlm,No,no,True,0.44
junctions,b39fe3cd-f0d534c0.jpg,JN_P_05,perception,Are road signs visible at this junction?,no,A,high,automatic,main_eval,False,,clear,smolvlm,No,no,True,0.44
junctions,b39fe3cd-f0d534c0.jpg,JN_P_07,perception,Is this junction scene captured during daytime?,no,A,high,automatic,main_eval,False,,clear,smolvlm,No,no,True,0.44
junctions,b39fe3cd-f0d534c0.jpg,JN_P_08,perception,Is any pedestrian visible who appears to be actively crossing the road?,no,B,medium,automatic,main_eval,False,,clear,smolvlm,No,no,True,0.44
junctions,b39fe3cd-f0d534c0.jpg,JN_A_01,action,Should the ego vehicle stop before entering this intersection?,no,A,high,automatic,main_eval,False,,clear,smolvlm,No,no,True,0.44
junctions,b39fe3cd-f0d534c0.jpg,JN_A_02,action,Should the driver yield to pedestrians before proceeding through this junction?,no,A,high,automatic,main_eval,False,,clear,smolvlm,Yes,yes,False,0.44
junctions,b39fe3cd-f0d534c0.jpg,JN_A_04,action,Should the driver be prepared to brake suddenly at this junction?,no,A,high,automatic,main_eval,False,,clear,smolvlm,Yes,yes,False,0.44
junctions,b39fe3cd-f0d534c0.jpg,JN_A_05,action,Would it be safe to make a right turn at this intersection right now?,yes,B,medium,automatic,main_eval,False,,clear,smolvlm,No,no,False,0.44
junctions,b39fe3cd-f0d534c0.jpg,JN_A_06,action,Should the driver sound the horn to warn other road users at this junction?,no,B,medium,automatic,main_eval,False,,clear,smolvlm,No,no,True,0.44
junctions,b39fe3cd-f0d534c0.jpg,JN_H_01,hazard,Is there a risk of a pedestrian stepping into the path of the ego vehicle?,no,A,high,automatic,main_eval,False,,clear,smolvlm,Yes,yes,False,0.44
junctions,b39fe3cd-f0d534c0.jpg,JN_H_02,hazard,Could a large vehicle such as a bus or truck obstruct the driver's sightline at this junction?,no,A,high,automatic,main_eval,False,,clear,smolvlm,Yes,yes,False,0.44
junctions,b39fe3cd-f0d534c0.jpg,JN_S_01,scene,Is this a signalised intersection with active traffic lights?,yes,A,high,automatic,main_eval,False,,clear,smolvlm,No,no,False,0.44
junctions,b39fe3cd-f0d534c0.jpg,JN_S_03,scene,Is this junction on a highway or high-speed road rather than an urban street?,no,A,high,automatic,main_eval,False,,clear,smolvlm,No,no,True,0.44
junctions,b39fe3cd-f0d534c0.jpg,JN_S_04,scene,Is this a nighttime junction scene?,yes,A,high,automatic,main_eval,False,,clear,smolvlm,Yes,yes,True,0.44
junctions,b39fe3cd-f0d534c0.jpg,JN_S_05,scene,Does this scene show an unsignalised junction with no traffic lights visible?,no,A,high,automatic,main_eval,False,,clear,smolvlm,Yes,yes,False,0.44
junctions,b39fe3cd-f0d534c0.jpg,JN_ADV_01,adversarial,Is the traffic light currently displaying a green signal that permits the ego vehicle to proceed?,yes,A,high,automatic,main_eval,False,,clear,smolvlm,No,no,False,0.44
junctions,b39fe3cd-f0d534c0.jpg,JN_ADV_02,adversarial,"Is the traffic light currently displaying red or yellow, requiring the ego vehicle to stop or yield?",no,A,high,automatic,main_eval,False,,clear,smolvlm,No,no,True,0.44
junctions,b39fe3cd-f0d534c0.jpg,JN_ADV_03,adversarial,Is there a vehicle currently occupying the centre of the intersection ahead?,no,B,medium,automatic,main_eval,False,,clear,smolvlm,No,no,True,0.44
junctions,b39fe3cd-f0d534c0.jpg,JN_ADV_04,adversarial,Are the lane markings at this junction clear enough to identify which lane leads to the intended direction?,yes,A,high,automatic,main_eval,False,,clear,smolvlm,No,no,False,0.44
junctions,c82ab19a-4ac23d9f.jpg,JN_BASE_01,baseline,Is a traffic light visible in this scene?,yes,A,high,automatic,baseline_only,False,,snowy,smolvlm,Yes,yes,True,0.44
junctions,c82ab19a-4ac23d9f.jpg,JN_BASE_02,baseline,Is this scene located at an intersection or junction?,yes,A,high,automatic,baseline_only,False,,snowy,smolvlm,Yes,yes,True,0.44
junctions,c82ab19a-4ac23d9f.jpg,JN_P_01,perception,Are there two or more traffic lights visible in this scene?,no,A,high,automatic,main_eval,False,,snowy,smolvlm,Yes,yes,False,0.44
junctions,c82ab19a-4ac23d9f.jpg,JN_P_02,perception,Is at least one pedestrian visible in or near the intersection?,no,A,high,automatic,main_eval,False,,snowy,smolvlm,No,no,True,0.44
junctions,c82ab19a-4ac23d9f.jpg,JN_P_03,perception,Is there a vehicle larger than a standard car — such as a bus or truck — visible at this junction?,no,A,high,automatic,main_eval,False,,snowy,smolvlm,No,no,True,0.44
junctions,c82ab19a-4ac23d9f.jpg,JN_P_05,perception,Are road signs visible at this junction?,yes,A,high,automatic,main_eval,False,,snowy,smolvlm,Yes,yes,True,0.44
junctions,c82ab19a-4ac23d9f.jpg,JN_P_07,perception,Is this junction scene captured during daytime?,yes,A,high,automatic,main_eval,False,,snowy,smolvlm,Yes,yes,True,0.44
junctions,c82ab19a-4ac23d9f.jpg,JN_P_08,perception,Is any pedestrian visible who appears to be actively crossing the road?,no,B,medium,automatic,main_eval,False,,snowy,smolvlm,No,no,True,0.44
junctions,c82ab19a-4ac23d9f.jpg,JN_A_01,action,Should the ego vehicle stop before entering this intersection?,no,A,high,automatic,main_eval,False,,snowy,smolvlm,No,no,True,0.44
junctions,c82ab19a-4ac23d9f.jpg,JN_A_02,action,Should the driver yield to pedestrians before proceeding through this junction?,no,A,high,automatic,main_eval,False,,snowy,smolvlm,No,no,True,0.44
junctions,c82ab19a-4ac23d9f.jpg,JN_A_04,action,Should the driver be prepared to brake suddenly at this junction?,no,A,high,automatic,main_eval,False,,snowy,smolvlm,Yes,yes,False,0.44
junctions,c82ab19a-4ac23d9f.jpg,JN_A_05,action,Would it be safe to make a right turn at this intersection right now?,yes,B,medium,automatic,main_eval,False,,snowy,smolvlm,No,no,False,0.44
junctions,c82ab19a-4ac23d9f.jpg,JN_A_06,action,Should the driver sound the horn to warn other road users at this junction?,no,B,medium,automatic,main_eval,False,,snowy,smolvlm,No,no,True,0.44
junctions,c82ab19a-4ac23d9f.jpg,JN_H_01,hazard,Is there a risk of a pedestrian stepping into the path of the ego vehicle?,no,A,high,automatic,main_eval,False,,snowy,smolvlm,Yes,yes,False,0.44
junctions,c82ab19a-4ac23d9f.jpg,JN_H_02,hazard,Could a large vehicle such as a bus or truck obstruct the driver's sightline at this junction?,no,A,high,automatic,main_eval,False,,snowy,smolvlm,Yes,yes,False,0.44
junctions,c82ab19a-4ac23d9f.jpg,JN_S_01,scene,Is this a signalised intersection with active traffic lights?,yes,A,high,automatic,main_eval,False,,snowy,smolvlm,Yes,yes,True,0.44
junctions,c82ab19a-4ac23d9f.jpg,JN_S_03,scene,Is this junction on a highway or high-speed road rather than an urban street?,no,A,high,automatic,main_eval,False,,snowy,smolvlm,No,no,True,0.44
junctions,c82ab19a-4ac23d9f.jpg,JN_S_04,scene,Is this a nighttime junction scene?,no,A,high,automatic,main_eval,False,,snowy,smolvlm,No,no,True,0.44
junctions,c82ab19a-4ac23d9f.jpg,JN_S_05,scene,Does this scene show an unsignalised junction with no traffic lights visible?,no,A,high,automatic,main_eval,False,,snowy,smolvlm,Yes,yes,False,0.44
junctions,c82ab19a-4ac23d9f.jpg,JN_ADV_01,adversarial,Is the traffic light currently displaying a green signal that permits the ego vehicle to proceed?,yes,A,high,automatic,main_eval,False,,snowy,smolvlm,Yes,yes,True,0.44
junctions,c82ab19a-4ac23d9f.jpg,JN_ADV_02,adversarial,"Is the traffic light currently displaying red or yellow, requiring the ego vehicle to stop or yield?",no,A,high,automatic,main_eval,False,,snowy,smolvlm,Yes,yes,False,0.44
junctions,c82ab19a-4ac23d9f.jpg,JN_ADV_03,adversarial,Is there a vehicle currently occupying the centre of the intersection ahead?,yes,B,medium,automatic,main_eval,False,,snowy,smolvlm,Yes,yes,True,0.44
junctions,c82ab19a-4ac23d9f.jpg,JN_ADV_04,adversarial,Are the lane markings at this junction clear enough to identify which lane leads to the intended direction?,no,A,high,automatic,main_eval,False,,snowy,smolvlm,No,no,True,0.44
junctions,c37360b7-7dab5705.jpg,JN_BASE_01,baseline,Is a traffic light visible in this scene?,yes,A,high,automatic,baseline_only,False,,rainy,smolvlm,Yes,yes,True,0.44
junctions,c37360b7-7dab5705.jpg,JN_BASE_02,baseline,Is this scene located at an intersection or junction?,yes,A,high,automatic,baseline_only,False,,rainy,smolvlm,Yes,yes,True,0.44
junctions,c37360b7-7dab5705.jpg,JN_P_01,perception,Are there two or more traffic lights visible in this scene?,yes,A,high,automatic,main_eval,False,,rainy,smolvlm,Yes,yes,True,0.44
junctions,c37360b7-7dab5705.jpg,JN_P_02,perception,Is at least one pedestrian visible in or near the intersection?,no,A,high,automatic,main_eval,False,,rainy,smolvlm,No,no,True,0.44
junctions,c37360b7-7dab5705.jpg,JN_P_03,perception,Is there a vehicle larger than a standard car — such as a bus or truck — visible at this junction?,no,A,high,automatic,main_eval,False,,rainy,smolvlm,No,no,True,0.44
junctions,c37360b7-7dab5705.jpg,JN_P_07,perception,Is this junction scene captured during daytime?,yes,A,high,automatic,main_eval,False,,rainy,smolvlm,Yes,yes,True,0.44
junctions,c37360b7-7dab5705.jpg,JN_P_08,perception,Is any pedestrian visible who appears to be actively crossing the road?,no,B,medium,automatic,main_eval,False,,rainy,smolvlm,No,no,True,0.44
junctions,c37360b7-7dab5705.jpg,JN_A_01,action,Should the ego vehicle stop before entering this intersection?,no,A,high,automatic,main_eval,False,,rainy,smolvlm,No,no,True,0.44
junctions,c37360b7-7dab5705.jpg,JN_A_02,action,Should the driver yield to pedestrians before proceeding through this junction?,no,A,high,automatic,main_eval,False,,rainy,smolvlm,Yes,yes,False,0.44
junctions,c37360b7-7dab5705.jpg,JN_A_04,action,Should the driver be prepared to brake suddenly at this junction?,no,A,high,automatic,main_eval,False,,rainy,smolvlm,Yes,yes,False,0.44
junctions,c37360b7-7dab5705.jpg,JN_A_05,action,Would it be safe to make a right turn at this intersection right now?,yes,B,medium,automatic,main_eval,False,,rainy,smolvlm,No,no,False,0.44
junctions,c37360b7-7dab5705.jpg,JN_A_06,action,Should the driver sound the horn to warn other road users at this junction?,no,B,medium,automatic,main_eval,False,,rainy,smolvlm,No,no,True,0.44
junctions,c37360b7-7dab5705.jpg,JN_H_01,hazard,Is there a risk of a pedestrian stepping into the path of the ego vehicle?,no,A,high,automatic,main_eval,False,,rainy,smolvlm,Yes,yes,False,0.44
junctions,c37360b7-7dab5705.jpg,JN_H_02,hazard,Could a large vehicle such as a bus or truck obstruct the driver's sightline at this junction?,no,A,high,automatic,main_eval,False,,rainy,smolvlm,Yes,yes,False,0.44
junctions,c37360b7-7dab5705.jpg,JN_S_01,scene,Is this a signalised intersection with active traffic lights?,yes,A,high,automatic,main_eval,False,,rainy,smolvlm,Yes,yes,True,0.44
junctions,c37360b7-7dab5705.jpg,JN_S_03,scene,Is this junction on a highway or high-speed road rather than an urban street?,no,A,high,automatic,main_eval,False,,rainy,smolvlm,No,no,True,0.44
junctions,c37360b7-7dab5705.jpg,JN_S_04,scene,Is this a nighttime junction scene?,no,A,high,automatic,main_eval,False,,rainy,smolvlm,No,no,True,0.44
junctions,c37360b7-7dab5705.jpg,JN_S_05,scene,Does this scene show an unsignalised junction with no traffic lights visible?,no,A,high,automatic,main_eval,False,,rainy,smolvlm,Yes,yes,False,0.44
junctions,c37360b7-7dab5705.jpg,JN_ADV_01,adversarial,Is the traffic light currently displaying a green signal that permits the ego vehicle to proceed?,yes,A,high,automatic,main_eval,False,,rainy,smolvlm,Yes,yes,True,0.44
junctions,c37360b7-7dab5705.jpg,JN_ADV_02,adversarial,"Is the traffic light currently displaying red or yellow, requiring the ego vehicle to stop or yield?",no,A,high,automatic,main_eval,False,,rainy,smolvlm,No,no,True,0.44
junctions,c37360b7-7dab5705.jpg,JN_ADV_03,adversarial,Is there a vehicle currently occupying the centre of the intersection ahead?,no,B,medium,automatic,main_eval,False,,rainy,smolvlm,No,no,True,0.44
junctions,c37360b7-7dab5705.jpg,JN_ADV_04,adversarial,Are the lane markings at this junction clear enough to identify which lane leads to the intended direction?,yes,A,high,automatic,main_eval,False,,rainy,smolvlm,No,no,False,0.44
junctions,c2f5e5c4-35640746.jpg,JN_BASE_01,baseline,Is a traffic light visible in this scene?,yes,A,high,automatic,baseline_only,False,,clear,smolvlm,No,no,False,0.44
junctions,c2f5e5c4-35640746.jpg,JN_BASE_02,baseline,Is this scene located at an intersection or junction?,yes,A,high,automatic,baseline_only,False,,clear,smolvlm,Yes,yes,True,0.44
junctions,c2f5e5c4-35640746.jpg,JN_P_01,perception,Are there two or more traffic lights visible in this scene?,yes,A,high,automatic,main_eval,False,,clear,smolvlm,No,no,False,0.44
junctions,c2f5e5c4-35640746.jpg,JN_P_02,perception,Is at least one pedestrian visible in or near the intersection?,no,A,high,automatic,main_eval,False,,clear,smolvlm,No,no,True,0.44
junctions,c2f5e5c4-35640746.jpg,JN_P_03,perception,Is there a vehicle larger than a standard car — such as a bus or truck — visible at this junction?,yes,A,high,automatic,main_eval,False,,clear,smolvlm,No,no,False,0.44
junctions,c2f5e5c4-35640746.jpg,JN_P_05,perception,Are road signs visible at this junction?,no,A,high,automatic,main_eval,False,,clear,smolvlm,No,no,True,0.44
junctions,c2f5e5c4-35640746.jpg,JN_P_07,perception,Is this junction scene captured during daytime?,yes,A,high,automatic,main_eval,False,,clear,smolvlm,Yes,yes,True,0.44
junctions,c2f5e5c4-35640746.jpg,JN_P_08,perception,Is any pedestrian visible who appears to be actively crossing the road?,no,B,medium,automatic,main_eval,False,,clear,smolvlm,No,no,True,0.44
junctions,c2f5e5c4-35640746.jpg,JN_A_01,action,Should the ego vehicle stop before entering this intersection?,yes,A,high,automatic,main_eval,False,,clear,smolvlm,No,no,False,0.44
junctions,c2f5e5c4-35640746.jpg,JN_A_02,action,Should the driver yield to pedestrians before proceeding through this junction?,no,A,high,automatic,main_eval,False,,clear,smolvlm,Yes,yes,False,0.44
junctions,c2f5e5c4-35640746.jpg,JN_A_04,action,Should the driver be prepared to brake suddenly at this junction?,yes,A,high,automatic,main_eval,False,,clear,smolvlm,Yes,yes,True,0.44
junctions,c2f5e5c4-35640746.jpg,JN_A_05,action,Would it be safe to make a right turn at this intersection right now?,no,B,medium,automatic,main_eval,False,,clear,smolvlm,No,no,True,0.44
junctions,c2f5e5c4-35640746.jpg,JN_A_06,action,Should the driver sound the horn to warn other road users at this junction?,no,B,medium,automatic,main_eval,False,,clear,smolvlm,No,no,True,0.44
junctions,c2f5e5c4-35640746.jpg,JN_H_01,hazard,Is there a risk of a pedestrian stepping into the path of the ego vehicle?,no,A,high,automatic,main_eval,False,,clear,smolvlm,Yes,yes,False,0.44
junctions,c2f5e5c4-35640746.jpg,JN_H_02,hazard,Could a large vehicle such as a bus or truck obstruct the driver's sightline at this junction?,yes,A,high,automatic,main_eval,False,,clear,smolvlm,Yes,yes,True,0.44
junctions,c2f5e5c4-35640746.jpg,JN_S_01,scene,Is this a signalised intersection with active traffic lights?,yes,A,high,automatic,main_eval,False,,clear,smolvlm,No,no,False,0.44
junctions,c2f5e5c4-35640746.jpg,JN_S_03,scene,Is this junction on a highway or high-speed road rather than an urban street?,no,A,high,automatic,main_eval,False,,clear,smolvlm,No,no,True,0.44
junctions,c2f5e5c4-35640746.jpg,JN_S_04,scene,Is this a nighttime junction scene?,no,A,high,automatic,main_eval,False,,clear,smolvlm,No,no,True,0.44
junctions,c2f5e5c4-35640746.jpg,JN_S_05,scene,Does this scene show an unsignalised junction with no traffic lights visible?,no,A,high,automatic,main_eval,False,,clear,smolvlm,Yes,yes,False,0.44
junctions,c2f5e5c4-35640746.jpg,JN_ADV_03,adversarial,Is there a vehicle currently occupying the centre of the intersection ahead?,no,B,medium,automatic,main_eval,False,,clear,smolvlm,No,no,True,0.44
junctions,c2f5e5c4-35640746.jpg,JN_ADV_04,adversarial,Are the lane markings at this junction clear enough to identify which lane leads to the intended direction?,yes,A,high,automatic,main_eval,False,,clear,smolvlm,Yes,yes,True,0.44
junctions,bfb3e0e3-6767a552.jpg,JN_BASE_01,baseline,Is a traffic light visible in this scene?,yes,A,high,automatic,baseline_only,False,,partly cloudy,smolvlm,Yes,yes,True,0.46
junctions,bfb3e0e3-6767a552.jpg,JN_BASE_02,baseline,Is this scene located at an intersection or junction?,yes,A,high,automatic,baseline_only,False,,partly cloudy,smolvlm,Yes,yes,True,0.44
junctions,bfb3e0e3-6767a552.jpg,JN_P_01,perception,Are there two or more traffic lights visible in this scene?,no,A,high,automatic,main_eval,False,,partly cloudy,smolvlm,Yes,yes,False,0.44
junctions,bfb3e0e3-6767a552.jpg,JN_P_02,perception,Is at least one pedestrian visible in or near the intersection?,no,A,high,automatic,main_eval,False,,partly cloudy,smolvlm,No,no,True,0.44
junctions,bfb3e0e3-6767a552.jpg,JN_P_03,perception,Is there a vehicle larger than a standard car — such as a bus or truck — visible at this junction?,no,A,high,automatic,main_eval,False,,partly cloudy,smolvlm,No,no,True,0.44
junctions,bfb3e0e3-6767a552.jpg,JN_P_05,perception,Are road signs visible at this junction?,yes,A,high,automatic,main_eval,False,,partly cloudy,smolvlm,No,no,False,0.44
junctions,bfb3e0e3-6767a552.jpg,JN_P_07,perception,Is this junction scene captured during daytime?,yes,A,high,automatic,main_eval,False,,partly cloudy,smolvlm,Yes,yes,True,0.44
junctions,bfb3e0e3-6767a552.jpg,JN_P_08,perception,Is any pedestrian visible who appears to be actively crossing the road?,no,B,medium,automatic,main_eval,False,,partly cloudy,smolvlm,No,no,True,0.44
junctions,bfb3e0e3-6767a552.jpg,JN_A_01,action,Should the ego vehicle stop before entering this intersection?,no,A,high,automatic,main_eval,False,,partly cloudy,smolvlm,No,no,True,0.44
junctions,bfb3e0e3-6767a552.jpg,JN_A_02,action,Should the driver yield to pedestrians before proceeding through this junction?,no,A,high,automatic,main_eval,False,,partly cloudy,smolvlm,Yes,yes,False,0.44
junctions,bfb3e0e3-6767a552.jpg,JN_A_04,action,Should the driver be prepared to brake suddenly at this junction?,no,A,high,automatic,main_eval,False,,partly cloudy,smolvlm,Yes,yes,False,0.44
junctions,bfb3e0e3-6767a552.jpg,JN_A_05,action,Would it be safe to make a right turn at this intersection right now?,yes,B,medium,automatic,main_eval,False,,partly cloudy,smolvlm,Yes,yes,True,0.44
junctions,bfb3e0e3-6767a552.jpg,JN_A_06,action,Should the driver sound the horn to warn other road users at this junction?,no,B,medium,automatic,main_eval,False,,partly cloudy,smolvlm,No,no,True,0.44
junctions,bfb3e0e3-6767a552.jpg,JN_H_01,hazard,Is there a risk of a pedestrian stepping into the path of the ego vehicle?,no,A,high,automatic,main_eval,False,,partly cloudy,smolvlm,No,no,True,0.44
junctions,bfb3e0e3-6767a552.jpg,JN_H_02,hazard,Could a large vehicle such as a bus or truck obstruct the driver's sightline at this junction?,no,A,high,automatic,main_eval,False,,partly cloudy,smolvlm,No,no,True,0.44
junctions,bfb3e0e3-6767a552.jpg,JN_S_01,scene,Is this a signalised intersection with active traffic lights?,yes,A,high,automatic,main_eval,False,,partly cloudy,smolvlm,Yes,yes,True,0.44
junctions,bfb3e0e3-6767a552.jpg,JN_S_03,scene,Is this junction on a highway or high-speed road rather than an urban street?,no,A,high,automatic,main_eval,False,,partly cloudy,smolvlm,No,no,True,0.44
junctions,bfb3e0e3-6767a552.jpg,JN_S_04,scene,Is this a nighttime junction scene?,no,A,high,automatic,main_eval,False,,partly cloudy,smolvlm,No,no,True,0.44
junctions,bfb3e0e3-6767a552.jpg,JN_S_05,scene,Does this scene show an unsignalised junction with no traffic lights visible?,no,A,high,automatic,main_eval,False,,partly cloudy,smolvlm,Yes,yes,False,0.44
junctions,bfb3e0e3-6767a552.jpg,JN_ADV_01,adversarial,Is the traffic light currently displaying a green signal that permits the ego vehicle to proceed?,yes,A,high,automatic,main_eval,False,,partly cloudy,smolvlm,Yes,yes,True,0.44
junctions,bfb3e0e3-6767a552.jpg,JN_ADV_02,adversarial,"Is the traffic light currently displaying red or yellow, requiring the ego vehicle to stop or yield?",no,A,high,automatic,main_eval,False,,partly cloudy,smolvlm,No,no,True,0.44
junctions,bfb3e0e3-6767a552.jpg,JN_ADV_03,adversarial,Is there a vehicle currently occupying the centre of the intersection ahead?,no,B,medium,automatic,main_eval,False,,partly cloudy,smolvlm,No,no,True,0.44
junctions,bfb3e0e3-6767a552.jpg,JN_ADV_04,adversarial,Are the lane markings at this junction clear enough to identify which lane leads to the intended direction?,yes,A,high,automatic,main_eval,False,,partly cloudy,smolvlm,Yes,yes,True,0.44
junctions,b4aa2f44-023fb7df.jpg,JN_BASE_01,baseline,Is a traffic light visible in this scene?,yes,A,high,automatic,baseline_only,False,,clear,smolvlm,No,no,False,0.44
junctions,b4aa2f44-023fb7df.jpg,JN_BASE_02,baseline,Is this scene located at an intersection or junction?,yes,A,high,automatic,baseline_only,False,,clear,smolvlm,No,no,False,0.44
junctions,b4aa2f44-023fb7df.jpg,JN_P_01,perception,Are there two or more traffic lights visible in this scene?,no,A,high,automatic,main_eval,False,,clear,smolvlm,No,no,True,0.44
junctions,b4aa2f44-023fb7df.jpg,JN_P_02,perception,Is at least one pedestrian visible in or near the intersection?,no,A,high,automatic,main_eval,False,,clear,smolvlm,No,no,True,0.44
junctions,b4aa2f44-023fb7df.jpg,JN_P_03,perception,Is there a vehicle larger than a standard car — such as a bus or truck — visible at this junction?,yes,A,high,automatic,main_eval,False,,clear,smolvlm,Yes,yes,True,0.44
junctions,b4aa2f44-023fb7df.jpg,JN_P_05,perception,Are road signs visible at this junction?,no,A,high,automatic,main_eval,False,,clear,smolvlm,No,no,True,0.44
junctions,b4aa2f44-023fb7df.jpg,JN_P_07,perception,Is this junction scene captured during daytime?,yes,A,high,automatic,main_eval,False,,clear,smolvlm,Yes,yes,True,0.44
junctions,b4aa2f44-023fb7df.jpg,JN_P_08,perception,Is any pedestrian visible who appears to be actively crossing the road?,no,B,medium,automatic,main_eval,False,,clear,smolvlm,No,no,True,0.44
junctions,b4aa2f44-023fb7df.jpg,JN_A_01,action,Should the ego vehicle stop before entering this intersection?,no,A,high,automatic,main_eval,False,,clear,smolvlm,No,no,True,0.44
junctions,b4aa2f44-023fb7df.jpg,JN_A_02,action,Should the driver yield to pedestrians before proceeding through this junction?,no,A,high,automatic,main_eval,False,,clear,smolvlm,No,no,True,0.44
junctions,b4aa2f44-023fb7df.jpg,JN_A_04,action,Should the driver be prepared to brake suddenly at this junction?,no,A,high,automatic,main_eval,False,,clear,smolvlm,Yes,yes,False,0.44
junctions,b4aa2f44-023fb7df.jpg,JN_A_05,action,Would it be safe to make a right turn at this intersection right now?,yes,B,medium,automatic,main_eval,False,,clear,smolvlm,No,no,False,0.44
junctions,b4aa2f44-023fb7df.jpg,JN_A_06,action,Should the driver sound the horn to warn other road users at this junction?,no,B,medium,automatic,main_eval,False,,clear,smolvlm,No,no,True,0.44
junctions,b4aa2f44-023fb7df.jpg,JN_H_01,hazard,Is there a risk of a pedestrian stepping into the path of the ego vehicle?,no,A,high,automatic,main_eval,False,,clear,smolvlm,No,no,True,0.44
junctions,b4aa2f44-023fb7df.jpg,JN_H_02,hazard,Could a large vehicle such as a bus or truck obstruct the driver's sightline at this junction?,yes,A,high,automatic,main_eval,False,,clear,smolvlm,Yes,yes,True,0.44
junctions,b4aa2f44-023fb7df.jpg,JN_S_01,scene,Is this a signalised intersection with active traffic lights?,yes,A,high,automatic,main_eval,False,,clear,smolvlm,No,no,False,0.44
junctions,b4aa2f44-023fb7df.jpg,JN_S_03,scene,Is this junction on a highway or high-speed road rather than an urban street?,no,A,high,automatic,main_eval,False,,clear,smolvlm,No,no,True,0.44
junctions,b4aa2f44-023fb7df.jpg,JN_S_04,scene,Is this a nighttime junction scene?,no,A,high,automatic,main_eval,False,,clear,smolvlm,No,no,True,0.44
junctions,b4aa2f44-023fb7df.jpg,JN_S_05,scene,Does this scene show an unsignalised junction with no traffic lights visible?,no,A,high,automatic,main_eval,False,,clear,smolvlm,No,no,True,0.44
junctions,b4aa2f44-023fb7df.jpg,JN_ADV_01,adversarial,Is the traffic light currently displaying a green signal that permits the ego vehicle to proceed?,yes,A,high,automatic,main_eval,False,,clear,smolvlm,No,no,False,0.44
junctions,b4aa2f44-023fb7df.jpg,JN_ADV_02,adversarial,"Is the traffic light currently displaying red or yellow, requiring the ego vehicle to stop or yield?",no,A,high,automatic,main_eval,False,,clear,smolvlm,No,no,True,0.44
junctions,b4aa2f44-023fb7df.jpg,JN_ADV_03,adversarial,Is there a vehicle currently occupying the centre of the intersection ahead?,no,B,medium,automatic,main_eval,False,,clear,smolvlm,No,no,True,0.44
junctions,b4aa2f44-023fb7df.jpg,JN_ADV_04,adversarial,Are the lane markings at this junction clear enough to identify which lane leads to the intended direction?,no,A,high,automatic,main_eval,False,,clear,smolvlm,No,no,True,0.44
junctions,bd4c8e34-0a6f19e0.jpg,JN_BASE_01,baseline,Is a traffic light visible in this scene?,yes,A,high,automatic,baseline_only,False,,clear,smolvlm,Yes,yes,True,0.44
junctions,bd4c8e34-0a6f19e0.jpg,JN_BASE_02,baseline,Is this scene located at an intersection or junction?,yes,A,high,automatic,baseline_only,False,,clear,smolvlm,Yes,yes,True,0.44
junctions,bd4c8e34-0a6f19e0.jpg,JN_P_01,perception,Are there two or more traffic lights visible in this scene?,no,A,high,automatic,main_eval,False,,clear,smolvlm,Yes,yes,False,0.44
junctions,bd4c8e34-0a6f19e0.jpg,JN_P_02,perception,Is at least one pedestrian visible in or near the intersection?,no,A,high,automatic,main_eval,False,,clear,smolvlm,No,no,True,0.44
junctions,bd4c8e34-0a6f19e0.jpg,JN_P_03,perception,Is there a vehicle larger than a standard car — such as a bus or truck — visible at this junction?,no,A,high,automatic,main_eval,False,,clear,smolvlm,No,no,True,0.44
junctions,bd4c8e34-0a6f19e0.jpg,JN_P_05,perception,Are road signs visible at this junction?,yes,A,high,automatic,main_eval,False,,clear,smolvlm,No,no,False,0.44
junctions,bd4c8e34-0a6f19e0.jpg,JN_P_07,perception,Is this junction scene captured during daytime?,yes,A,high,automatic,main_eval,False,,clear,smolvlm,Yes,yes,True,0.44
junctions,bd4c8e34-0a6f19e0.jpg,JN_P_08,perception,Is any pedestrian visible who appears to be actively crossing the road?,no,B,medium,automatic,main_eval,False,,clear,smolvlm,No,no,True,0.44
junctions,bd4c8e34-0a6f19e0.jpg,JN_A_01,action,Should the ego vehicle stop before entering this intersection?,no,A,high,automatic,main_eval,False,,clear,smolvlm,No,no,True,0.44
junctions,bd4c8e34-0a6f19e0.jpg,JN_A_02,action,Should the driver yield to pedestrians before proceeding through this junction?,no,A,high,automatic,main_eval,False,,clear,smolvlm,No,no,True,0.44
junctions,bd4c8e34-0a6f19e0.jpg,JN_A_04,action,Should the driver be prepared to brake suddenly at this junction?,no,A,high,automatic,main_eval,False,,clear,smolvlm,Yes,yes,False,0.44
junctions,bd4c8e34-0a6f19e0.jpg,JN_A_05,action,Would it be safe to make a right turn at this intersection right now?,yes,B,medium,automatic,main_eval,False,,clear,smolvlm,No,no,False,0.44
junctions,bd4c8e34-0a6f19e0.jpg,JN_A_06,action,Should the driver sound the horn to warn other road users at this junction?,no,B,medium,automatic,main_eval,False,,clear,smolvlm,No,no,True,0.44
junctions,bd4c8e34-0a6f19e0.jpg,JN_H_01,hazard,Is there a risk of a pedestrian stepping into the path of the ego vehicle?,no,A,high,automatic,main_eval,False,,clear,smolvlm,No,no,True,0.44
junctions,bd4c8e34-0a6f19e0.jpg,JN_H_02,hazard,Could a large vehicle such as a bus or truck obstruct the driver's sightline at this junction?,no,A,high,automatic,main_eval,False,,clear,smolvlm,No,no,True,0.44
junctions,bd4c8e34-0a6f19e0.jpg,JN_S_01,scene,Is this a signalised intersection with active traffic lights?,yes,A,high,automatic,main_eval,False,,clear,smolvlm,Yes,yes,True,0.44
junctions,bd4c8e34-0a6f19e0.jpg,JN_S_03,scene,Is this junction on a highway or high-speed road rather than an urban street?,no,A,high,automatic,main_eval,False,,clear,smolvlm,No,no,True,0.44
junctions,bd4c8e34-0a6f19e0.jpg,JN_S_04,scene,Is this a nighttime junction scene?,no,A,high,automatic,main_eval,False,,clear,smolvlm,No,no,True,0.44
junctions,bd4c8e34-0a6f19e0.jpg,JN_S_05,scene,Does this scene show an unsignalised junction with no traffic lights visible?,no,A,high,automatic,main_eval,False,,clear,smolvlm,No,no,True,0.44
junctions,bd4c8e34-0a6f19e0.jpg,JN_ADV_01,adversarial,Is the traffic light currently displaying a green signal that permits the ego vehicle to proceed?,yes,A,high,automatic,main_eval,False,,clear,smolvlm,Yes,yes,True,0.44
junctions,bd4c8e34-0a6f19e0.jpg,JN_ADV_02,adversarial,"Is the traffic light currently displaying red or yellow, requiring the ego vehicle to stop or yield?",no,A,high,automatic,main_eval,False,,clear,smolvlm,Yes,yes,False,0.44
junctions,bd4c8e34-0a6f19e0.jpg,JN_ADV_03,adversarial,Is there a vehicle currently occupying the centre of the intersection ahead?,no,B,medium,automatic,main_eval,False,,clear,smolvlm,No,no,True,0.44
junctions,bd4c8e34-0a6f19e0.jpg,JN_ADV_04,adversarial,Are the lane markings at this junction clear enough to identify which lane leads to the intended direction?,yes,A,high,automatic,main_eval,False,,clear,smolvlm,Yes,yes,True,0.44
junctions,c924c4a4-7f9aa43a.jpg,JN_BASE_01,baseline,Is a traffic light visible in this scene?,yes,A,high,automatic,baseline_only,False,,partly cloudy,smolvlm,Yes,yes,True,0.44
junctions,c924c4a4-7f9aa43a.jpg,JN_BASE_02,baseline,Is this scene located at an intersection or junction?,yes,A,high,automatic,baseline_only,False,,partly cloudy,smolvlm,Yes,yes,True,0.44
junctions,c924c4a4-7f9aa43a.jpg,JN_P_01,perception,Are there two or more traffic lights visible in this scene?,yes,A,high,automatic,main_eval,False,,partly cloudy,smolvlm,Yes,yes,True,0.44
junctions,c924c4a4-7f9aa43a.jpg,JN_P_02,perception,Is at least one pedestrian visible in or near the intersection?,no,A,high,automatic,main_eval,False,,partly cloudy,smolvlm,No,no,True,0.44
junctions,c924c4a4-7f9aa43a.jpg,JN_P_03,perception,Is there a vehicle larger than a standard car — such as a bus or truck — visible at this junction?,yes,A,high,automatic,main_eval,False,,partly cloudy,smolvlm,Yes,yes,True,0.44
junctions,c924c4a4-7f9aa43a.jpg,JN_P_05,perception,Are road signs visible at this junction?,yes,A,high,automatic,main_eval,False,,partly cloudy,smolvlm,Yes,yes,True,0.44
junctions,c924c4a4-7f9aa43a.jpg,JN_P_07,perception,Is this junction scene captured during daytime?,yes,A,high,automatic,main_eval,False,,partly cloudy,smolvlm,Yes,yes,True,0.44
junctions,c924c4a4-7f9aa43a.jpg,JN_P_08,perception,Is any pedestrian visible who appears to be actively crossing the road?,no,B,medium,automatic,main_eval,False,,partly cloudy,smolvlm,No,no,True,0.44
junctions,c924c4a4-7f9aa43a.jpg,JN_A_01,action,Should the ego vehicle stop before entering this intersection?,no,A,high,automatic,main_eval,False,,partly cloudy,smolvlm,No,no,True,0.44
junctions,c924c4a4-7f9aa43a.jpg,JN_A_02,action,Should the driver yield to pedestrians before proceeding through this junction?,no,A,high,automatic,main_eval,False,,partly cloudy,smolvlm,No,no,True,0.44
junctions,c924c4a4-7f9aa43a.jpg,JN_A_04,action,Should the driver be prepared to brake suddenly at this junction?,no,A,high,automatic,main_eval,False,,partly cloudy,smolvlm,Yes,yes,False,0.44
junctions,c924c4a4-7f9aa43a.jpg,JN_A_05,action,Would it be safe to make a right turn at this intersection right now?,yes,B,medium,automatic,main_eval,False,,partly cloudy,smolvlm,No,no,False,0.44
junctions,c924c4a4-7f9aa43a.jpg,JN_A_06,action,Should the driver sound the horn to warn other road users at this junction?,no,B,medium,automatic,main_eval,False,,partly cloudy,smolvlm,No,no,True,0.44
junctions,c924c4a4-7f9aa43a.jpg,JN_H_01,hazard,Is there a risk of a pedestrian stepping into the path of the ego vehicle?,no,A,high,automatic,main_eval,False,,partly cloudy,smolvlm,Yes,yes,False,0.44
junctions,c924c4a4-7f9aa43a.jpg,JN_H_02,hazard,Could a large vehicle such as a bus or truck obstruct the driver's sightline at this junction?,yes,A,high,automatic,main_eval,False,,partly cloudy,smolvlm,Yes,yes,True,0.44
junctions,c924c4a4-7f9aa43a.jpg,JN_S_01,scene,Is this a signalised intersection with active traffic lights?,yes,A,high,automatic,main_eval,False,,partly cloudy,smolvlm,Yes,yes,True,0.44
junctions,c924c4a4-7f9aa43a.jpg,JN_S_03,scene,Is this junction on a highway or high-speed road rather than an urban street?,no,A,high,automatic,main_eval,False,,partly cloudy,smolvlm,No,no,True,0.44
junctions,c924c4a4-7f9aa43a.jpg,JN_S_04,scene,Is this a nighttime junction scene?,no,A,high,automatic,main_eval,False,,partly cloudy,smolvlm,No,no,True,0.44
junctions,c924c4a4-7f9aa43a.jpg,JN_S_05,scene,Does this scene show an unsignalised junction with no traffic lights visible?,no,A,high,automatic,main_eval,False,,partly cloudy,smolvlm,Yes,yes,False,0.44
junctions,c924c4a4-7f9aa43a.jpg,JN_ADV_01,adversarial,Is the traffic light currently displaying a green signal that permits the ego vehicle to proceed?,yes,A,high,automatic,main_eval,False,,partly cloudy,smolvlm,Yes,yes,True,0.44
junctions,c924c4a4-7f9aa43a.jpg,JN_ADV_02,adversarial,"Is the traffic light currently displaying red or yellow, requiring the ego vehicle to stop or yield?",no,A,high,automatic,main_eval,False,,partly cloudy,smolvlm,No,no,True,0.44
junctions,c924c4a4-7f9aa43a.jpg,JN_ADV_03,adversarial,Is there a vehicle currently occupying the centre of the intersection ahead?,no,B,medium,automatic,main_eval,False,,partly cloudy,smolvlm,Yes,yes,False,0.44
junctions,c924c4a4-7f9aa43a.jpg,JN_ADV_04,adversarial,Are the lane markings at this junction clear enough to identify which lane leads to the intended direction?,no,A,high,automatic,main_eval,False,,partly cloudy,smolvlm,Yes,yes,False,0.44
junctions,c0677163-16b35549.jpg,JN_BASE_01,baseline,Is a traffic light visible in this scene?,yes,A,high,automatic,baseline_only,False,,overcast,smolvlm,Yes,yes,True,0.44
junctions,c0677163-16b35549.jpg,JN_BASE_02,baseline,Is this scene located at an intersection or junction?,yes,A,high,automatic,baseline_only,False,,overcast,smolvlm,Yes,yes,True,0.44
junctions,c0677163-16b35549.jpg,JN_P_01,perception,Are there two or more traffic lights visible in this scene?,yes,A,high,automatic,main_eval,False,,overcast,smolvlm,Yes,yes,True,0.44
junctions,c0677163-16b35549.jpg,JN_P_02,perception,Is at least one pedestrian visible in or near the intersection?,no,A,high,automatic,main_eval,False,,overcast,smolvlm,No,no,True,0.44
junctions,c0677163-16b35549.jpg,JN_P_03,perception,Is there a vehicle larger than a standard car — such as a bus or truck — visible at this junction?,no,A,high,automatic,main_eval,False,,overcast,smolvlm,No,no,True,0.44
junctions,c0677163-16b35549.jpg,JN_P_05,perception,Are road signs visible at this junction?,yes,A,high,automatic,main_eval,False,,overcast,smolvlm,No,no,False,0.44
junctions,c0677163-16b35549.jpg,JN_P_08,perception,Is any pedestrian visible who appears to be actively crossing the road?,no,B,medium,automatic,main_eval,False,,overcast,smolvlm,No,no,True,0.44
junctions,c0677163-16b35549.jpg,JN_A_01,action,Should the ego vehicle stop before entering this intersection?,no,A,high,automatic,main_eval,False,,overcast,smolvlm,No,no,True,0.44
junctions,c0677163-16b35549.jpg,JN_A_02,action,Should the driver yield to pedestrians before proceeding through this junction?,no,A,high,automatic,main_eval,False,,overcast,smolvlm,No,no,True,0.44
junctions,c0677163-16b35549.jpg,JN_A_04,action,Should the driver be prepared to brake suddenly at this junction?,no,A,high,automatic,main_eval,False,,overcast,smolvlm,Yes,yes,False,0.44
junctions,c0677163-16b35549.jpg,JN_A_05,action,Would it be safe to make a right turn at this intersection right now?,yes,B,medium,automatic,main_eval,False,,overcast,smolvlm,No,no,False,0.44
junctions,c0677163-16b35549.jpg,JN_A_06,action,Should the driver sound the horn to warn other road users at this junction?,no,B,medium,automatic,main_eval,False,,overcast,smolvlm,No,no,True,0.44
junctions,c0677163-16b35549.jpg,JN_H_01,hazard,Is there a risk of a pedestrian stepping into the path of the ego vehicle?,no,A,high,automatic,main_eval,False,,overcast,smolvlm,Yes,yes,False,0.44
junctions,c0677163-16b35549.jpg,JN_H_02,hazard,Could a large vehicle such as a bus or truck obstruct the driver's sightline at this junction?,no,A,high,automatic,main_eval,False,,overcast,smolvlm,Yes,yes,False,0.44
junctions,c0677163-16b35549.jpg,JN_S_01,scene,Is this a signalised intersection with active traffic lights?,yes,A,high,automatic,main_eval,False,,overcast,smolvlm,Yes,yes,True,0.44
junctions,c0677163-16b35549.jpg,JN_S_03,scene,Is this junction on a highway or high-speed road rather than an urban street?,no,A,high,automatic,main_eval,False,,overcast,smolvlm,No,no,True,0.44
junctions,c0677163-16b35549.jpg,JN_S_05,scene,Does this scene show an unsignalised junction with no traffic lights visible?,no,A,high,automatic,main_eval,False,,overcast,smolvlm,Yes,yes,False,0.44
junctions,c0677163-16b35549.jpg,JN_ADV_01,adversarial,Is the traffic light currently displaying a green signal that permits the ego vehicle to proceed?,yes,A,high,automatic,main_eval,False,,overcast,smolvlm,Yes,yes,True,0.44
junctions,c0677163-16b35549.jpg,JN_ADV_02,adversarial,"Is the traffic light currently displaying red or yellow, requiring the ego vehicle to stop or yield?",no,A,high,automatic,main_eval,False,,overcast,smolvlm,No,no,True,0.44
junctions,c0677163-16b35549.jpg,JN_ADV_03,adversarial,Is there a vehicle currently occupying the centre of the intersection ahead?,no,B,medium,automatic,main_eval,False,,overcast,smolvlm,Yes,yes,False,0.44
junctions,c0677163-16b35549.jpg,JN_ADV_04,adversarial,Are the lane markings at this junction clear enough to identify which lane leads to the intended direction?,yes,A,high,automatic,main_eval,False,,overcast,smolvlm,No,no,False,0.44
junctions,bfa23f26-588ee4a8.jpg,JN_BASE_01,baseline,Is a traffic light visible in this scene?,yes,A,high,automatic,baseline_only,False,,overcast,smolvlm,Yes,yes,True,0.44
junctions,bfa23f26-588ee4a8.jpg,JN_BASE_02,baseline,Is this scene located at an intersection or junction?,yes,A,high,automatic,baseline_only,False,,overcast,smolvlm,Yes,yes,True,0.44
junctions,bfa23f26-588ee4a8.jpg,JN_P_01,perception,Are there two or more traffic lights visible in this scene?,no,A,high,automatic,main_eval,False,,overcast,smolvlm,Yes,yes,False,0.44
junctions,bfa23f26-588ee4a8.jpg,JN_P_02,perception,Is at least one pedestrian visible in or near the intersection?,no,A,high,automatic,main_eval,False,,overcast,smolvlm,No,no,True,0.44
junctions,bfa23f26-588ee4a8.jpg,JN_P_03,perception,Is there a vehicle larger than a standard car — such as a bus or truck — visible at this junction?,no,A,high,automatic,main_eval,False,,overcast,smolvlm,No,no,True,0.44
junctions,bfa23f26-588ee4a8.jpg,JN_P_05,perception,Are road signs visible at this junction?,yes,A,high,automatic,main_eval,False,,overcast,smolvlm,Yes,yes,True,0.44
junctions,bfa23f26-588ee4a8.jpg,JN_P_08,perception,Is any pedestrian visible who appears to be actively crossing the road?,no,B,medium,automatic,main_eval,False,,overcast,smolvlm,No,no,True,0.44
junctions,bfa23f26-588ee4a8.jpg,JN_A_01,action,Should the ego vehicle stop before entering this intersection?,no,A,high,automatic,main_eval,False,,overcast,smolvlm,No,no,True,0.44
junctions,bfa23f26-588ee4a8.jpg,JN_A_02,action,Should the driver yield to pedestrians before proceeding through this junction?,no,A,high,automatic,main_eval,False,,overcast,smolvlm,No,no,True,0.44
junctions,bfa23f26-588ee4a8.jpg,JN_A_04,action,Should the driver be prepared to brake suddenly at this junction?,no,A,high,automatic,main_eval,False,,overcast,smolvlm,Yes,yes,False,0.44
junctions,bfa23f26-588ee4a8.jpg,JN_A_05,action,Would it be safe to make a right turn at this intersection right now?,yes,B,medium,automatic,main_eval,False,,overcast,smolvlm,No,no,False,0.44
junctions,bfa23f26-588ee4a8.jpg,JN_A_06,action,Should the driver sound the horn to warn other road users at this junction?,no,B,medium,automatic,main_eval,False,,overcast,smolvlm,No,no,True,0.44
junctions,bfa23f26-588ee4a8.jpg,JN_H_01,hazard,Is there a risk of a pedestrian stepping into the path of the ego vehicle?,no,A,high,automatic,main_eval,False,,overcast,smolvlm,Yes,yes,False,0.44
junctions,bfa23f26-588ee4a8.jpg,JN_H_02,hazard,Could a large vehicle such as a bus or truck obstruct the driver's sightline at this junction?,no,A,high,automatic,main_eval,False,,overcast,smolvlm,Yes,yes,False,0.44
junctions,bfa23f26-588ee4a8.jpg,JN_S_01,scene,Is this a signalised intersection with active traffic lights?,yes,A,high,automatic,main_eval,False,,overcast,smolvlm,Yes,yes,True,0.44
junctions,bfa23f26-588ee4a8.jpg,JN_S_03,scene,Is this junction on a highway or high-speed road rather than an urban street?,no,A,high,automatic,main_eval,False,,overcast,smolvlm,No,no,True,0.44
junctions,bfa23f26-588ee4a8.jpg,JN_S_05,scene,Does this scene show an unsignalised junction with no traffic lights visible?,no,A,high,automatic,main_eval,False,,overcast,smolvlm,Yes,yes,False,0.44
junctions,bfa23f26-588ee4a8.jpg,JN_ADV_01,adversarial,Is the traffic light currently displaying a green signal that permits the ego vehicle to proceed?,yes,A,high,automatic,main_eval,False,,overcast,smolvlm,Yes,yes,True,0.44
junctions,bfa23f26-588ee4a8.jpg,JN_ADV_02,adversarial,"Is the traffic light currently displaying red or yellow, requiring the ego vehicle to stop or yield?",no,A,high,automatic,main_eval,False,,overcast,smolvlm,Yes,yes,False,0.44
junctions,bfa23f26-588ee4a8.jpg,JN_ADV_03,adversarial,Is there a vehicle currently occupying the centre of the intersection ahead?,no,B,medium,automatic,main_eval,False,,overcast,smolvlm,Yes,yes,False,0.44
junctions,bfa23f26-588ee4a8.jpg,JN_ADV_04,adversarial,Are the lane markings at this junction clear enough to identify which lane leads to the intended direction?,yes,A,high,automatic,main_eval,False,,overcast,smolvlm,No,no,False,0.44
junctions,b6c938b0-7bc5d2b8.jpg,JN_BASE_01,baseline,Is a traffic light visible in this scene?,yes,A,high,automatic,baseline_only,False,,clear,smolvlm,Yes,yes,True,0.44
junctions,b6c938b0-7bc5d2b8.jpg,JN_BASE_02,baseline,Is this scene located at an intersection or junction?,yes,A,high,automatic,baseline_only,False,,clear,smolvlm,Yes,yes,True,0.44
junctions,b6c938b0-7bc5d2b8.jpg,JN_P_01,perception,Are there two or more traffic lights visible in this scene?,yes,A,high,automatic,main_eval,False,,clear,smolvlm,Yes,yes,True,0.44
junctions,b6c938b0-7bc5d2b8.jpg,JN_P_02,perception,Is at least one pedestrian visible in or near the intersection?,no,A,high,automatic,main_eval,False,,clear,smolvlm,No,no,True,0.44
junctions,b6c938b0-7bc5d2b8.jpg,JN_P_03,perception,Is there a vehicle larger than a standard car — such as a bus or truck — visible at this junction?,no,A,high,automatic,main_eval,False,,clear,smolvlm,No,no,True,0.44
junctions,b6c938b0-7bc5d2b8.jpg,JN_P_05,perception,Are road signs visible at this junction?,no,A,high,automatic,main_eval,False,,clear,smolvlm,No,no,True,0.44
junctions,b6c938b0-7bc5d2b8.jpg,JN_P_07,perception,Is this junction scene captured during daytime?,no,A,high,automatic,main_eval,False,,clear,smolvlm,No,no,True,0.44
junctions,b6c938b0-7bc5d2b8.jpg,JN_P_08,perception,Is any pedestrian visible who appears to be actively crossing the road?,no,B,medium,automatic,main_eval,False,,clear,smolvlm,No,no,True,0.44
junctions,b6c938b0-7bc5d2b8.jpg,JN_A_01,action,Should the ego vehicle stop before entering this intersection?,yes,A,high,automatic,main_eval,False,,clear,smolvlm,No,no,False,0.44
junctions,b6c938b0-7bc5d2b8.jpg,JN_A_02,action,Should the driver yield to pedestrians before proceeding through this junction?,no,A,high,automatic,main_eval,False,,clear,smolvlm,No,no,True,0.44
junctions,b6c938b0-7bc5d2b8.jpg,JN_A_04,action,Should the driver be prepared to brake suddenly at this junction?,yes,A,high,automatic,main_eval,False,,clear,smolvlm,Yes,yes,True,0.45
junctions,b6c938b0-7bc5d2b8.jpg,JN_A_05,action,Would it be safe to make a right turn at this intersection right now?,no,B,medium,automatic,main_eval,False,,clear,smolvlm,No,no,True,0.44
junctions,b6c938b0-7bc5d2b8.jpg,JN_A_06,action,Should the driver sound the horn to warn other road users at this junction?,no,B,medium,automatic,main_eval,False,,clear,smolvlm,No,no,True,0.44
junctions,b6c938b0-7bc5d2b8.jpg,JN_H_01,hazard,Is there a risk of a pedestrian stepping into the path of the ego vehicle?,no,A,high,automatic,main_eval,False,,clear,smolvlm,Yes,yes,False,0.44
junctions,b6c938b0-7bc5d2b8.jpg,JN_H_02,hazard,Could a large vehicle such as a bus or truck obstruct the driver's sightline at this junction?,no,A,high,automatic,main_eval,False,,clear,smolvlm,Yes,yes,False,0.44
junctions,b6c938b0-7bc5d2b8.jpg,JN_S_01,scene,Is this a signalised intersection with active traffic lights?,yes,A,high,automatic,main_eval,False,,clear,smolvlm,Yes,yes,True,0.44
junctions,b6c938b0-7bc5d2b8.jpg,JN_S_03,scene,Is this junction on a highway or high-speed road rather than an urban street?,no,A,high,automatic,main_eval,False,,clear,smolvlm,No,no,True,0.44
junctions,b6c938b0-7bc5d2b8.jpg,JN_S_04,scene,Is this a nighttime junction scene?,yes,A,high,automatic,main_eval,False,,clear,smolvlm,Yes,yes,True,0.44
junctions,b6c938b0-7bc5d2b8.jpg,JN_S_05,scene,Does this scene show an unsignalised junction with no traffic lights visible?,no,A,high,automatic,main_eval,False,,clear,smolvlm,Yes,yes,False,0.44
junctions,b6c938b0-7bc5d2b8.jpg,JN_ADV_03,adversarial,Is there a vehicle currently occupying the centre of the intersection ahead?,yes,B,medium,automatic,main_eval,False,,clear,smolvlm,No,no,False,0.44
junctions,b6c938b0-7bc5d2b8.jpg,JN_ADV_04,adversarial,Are the lane markings at this junction clear enough to identify which lane leads to the intended direction?,no,A,high,automatic,main_eval,False,,clear,smolvlm,No,no,True,0.44
junctions,bff7ed18-00774a1e.jpg,JN_BASE_01,baseline,Is a traffic light visible in this scene?,yes,A,high,automatic,baseline_only,False,,overcast,smolvlm,Yes,yes,True,0.44
junctions,bff7ed18-00774a1e.jpg,JN_BASE_02,baseline,Is this scene located at an intersection or junction?,yes,A,high,automatic,baseline_only,False,,overcast,smolvlm,Yes,yes,True,0.44
junctions,bff7ed18-00774a1e.jpg,JN_P_01,perception,Are there two or more traffic lights visible in this scene?,yes,A,high,automatic,main_eval,False,,overcast,smolvlm,Yes,yes,True,0.44
junctions,bff7ed18-00774a1e.jpg,JN_P_02,perception,Is at least one pedestrian visible in or near the intersection?,no,A,high,automatic,main_eval,False,,overcast,smolvlm,No,no,True,0.44
junctions,bff7ed18-00774a1e.jpg,JN_P_03,perception,Is there a vehicle larger than a standard car — such as a bus or truck — visible at this junction?,no,A,high,automatic,main_eval,False,,overcast,smolvlm,No,no,True,0.44
junctions,bff7ed18-00774a1e.jpg,JN_P_05,perception,Are road signs visible at this junction?,no,A,high,automatic,main_eval,False,,overcast,smolvlm,Yes,yes,False,0.44
junctions,bff7ed18-00774a1e.jpg,JN_P_08,perception,Is any pedestrian visible who appears to be actively crossing the road?,no,B,medium,automatic,main_eval,False,,overcast,smolvlm,No,no,True,0.44
junctions,bff7ed18-00774a1e.jpg,JN_A_01,action,Should the ego vehicle stop before entering this intersection?,no,A,high,automatic,main_eval,False,,overcast,smolvlm,No,no,True,0.44
junctions,bff7ed18-00774a1e.jpg,JN_A_02,action,Should the driver yield to pedestrians before proceeding through this junction?,no,A,high,automatic,main_eval,False,,overcast,smolvlm,No,no,True,0.44
junctions,bff7ed18-00774a1e.jpg,JN_A_04,action,Should the driver be prepared to brake suddenly at this junction?,no,A,high,automatic,main_eval,False,,overcast,smolvlm,Yes,yes,False,0.44
junctions,bff7ed18-00774a1e.jpg,JN_A_05,action,Would it be safe to make a right turn at this intersection right now?,yes,B,medium,automatic,main_eval,False,,overcast,smolvlm,No,no,False,0.44
junctions,bff7ed18-00774a1e.jpg,JN_A_06,action,Should the driver sound the horn to warn other road users at this junction?,no,B,medium,automatic,main_eval,False,,overcast,smolvlm,No,no,True,0.44
junctions,bff7ed18-00774a1e.jpg,JN_H_01,hazard,Is there a risk of a pedestrian stepping into the path of the ego vehicle?,no,A,high,automatic,main_eval,False,,overcast,smolvlm,Yes,yes,False,0.44
junctions,bff7ed18-00774a1e.jpg,JN_H_02,hazard,Could a large vehicle such as a bus or truck obstruct the driver's sightline at this junction?,no,A,high,automatic,main_eval,False,,overcast,smolvlm,Yes,yes,False,0.44
junctions,bff7ed18-00774a1e.jpg,JN_S_01,scene,Is this a signalised intersection with active traffic lights?,yes,A,high,automatic,main_eval,False,,overcast,smolvlm,Yes,yes,True,0.44
junctions,bff7ed18-00774a1e.jpg,JN_S_03,scene,Is this junction on a highway or high-speed road rather than an urban street?,no,A,high,automatic,main_eval,False,,overcast,smolvlm,No,no,True,0.44
junctions,bff7ed18-00774a1e.jpg,JN_S_05,scene,Does this scene show an unsignalised junction with no traffic lights visible?,no,A,high,automatic,main_eval,False,,overcast,smolvlm,Yes,yes,False,0.44
junctions,bff7ed18-00774a1e.jpg,JN_ADV_01,adversarial,Is the traffic light currently displaying a green signal that permits the ego vehicle to proceed?,yes,A,high,automatic,main_eval,False,,overcast,smolvlm,No,no,False,0.44
junctions,bff7ed18-00774a1e.jpg,JN_ADV_02,adversarial,"Is the traffic light currently displaying red or yellow, requiring the ego vehicle to stop or yield?",no,A,high,automatic,main_eval,False,,overcast,smolvlm,Red,unclear,False,0.44
junctions,bff7ed18-00774a1e.jpg,JN_ADV_03,adversarial,Is there a vehicle currently occupying the centre of the intersection ahead?,yes,B,medium,automatic,main_eval,False,,overcast,smolvlm,No,no,False,0.44
junctions,bff7ed18-00774a1e.jpg,JN_ADV_04,adversarial,Are the lane markings at this junction clear enough to identify which lane leads to the intended direction?,yes,A,high,automatic,main_eval,False,,overcast,smolvlm,No,no,False,0.44
junctions,c24e7c72-be9fff6f.jpg,JN_BASE_01,baseline,Is a traffic light visible in this scene?,yes,A,high,automatic,baseline_only,False,,overcast,smolvlm,No,no,False,0.44
junctions,c24e7c72-be9fff6f.jpg,JN_BASE_02,baseline,Is this scene located at an intersection or junction?,yes,A,high,automatic,baseline_only,False,,overcast,smolvlm,Yes,yes,True,0.44
junctions,c24e7c72-be9fff6f.jpg,JN_P_01,perception,Are there two or more traffic lights visible in this scene?,yes,A,high,automatic,main_eval,False,,overcast,smolvlm,Yes,yes,True,0.44
junctions,c24e7c72-be9fff6f.jpg,JN_P_02,perception,Is at least one pedestrian visible in or near the intersection?,no,A,high,automatic,main_eval,False,,overcast,smolvlm,Yes,yes,False,0.44
junctions,c24e7c72-be9fff6f.jpg,JN_P_03,perception,Is there a vehicle larger than a standard car — such as a bus or truck — visible at this junction?,no,A,high,automatic,main_eval,False,,overcast,smolvlm,No,no,True,0.44
junctions,c24e7c72-be9fff6f.jpg,JN_P_05,perception,Are road signs visible at this junction?,no,A,high,automatic,main_eval,False,,overcast,smolvlm,No,no,True,0.44
junctions,c24e7c72-be9fff6f.jpg,JN_P_07,perception,Is this junction scene captured during daytime?,yes,A,high,automatic,main_eval,False,,overcast,smolvlm,Yes,yes,True,0.44
junctions,c24e7c72-be9fff6f.jpg,JN_P_08,perception,Is any pedestrian visible who appears to be actively crossing the road?,no,B,medium,automatic,main_eval,False,,overcast,smolvlm,No,no,True,0.44
junctions,c24e7c72-be9fff6f.jpg,JN_A_01,action,Should the ego vehicle stop before entering this intersection?,no,A,high,automatic,main_eval,False,,overcast,smolvlm,Yes,yes,False,0.44
junctions,c24e7c72-be9fff6f.jpg,JN_A_02,action,Should the driver yield to pedestrians before proceeding through this junction?,no,A,high,automatic,main_eval,False,,overcast,smolvlm,Yes,yes,False,0.44
junctions,c24e7c72-be9fff6f.jpg,JN_A_04,action,Should the driver be prepared to brake suddenly at this junction?,no,A,high,automatic,main_eval,False,,overcast,smolvlm,Yes,yes,False,0.44
junctions,c24e7c72-be9fff6f.jpg,JN_A_05,action,Would it be safe to make a right turn at this intersection right now?,yes,B,medium,automatic,main_eval,False,,overcast,smolvlm,No,no,False,0.44
junctions,c24e7c72-be9fff6f.jpg,JN_A_06,action,Should the driver sound the horn to warn other road users at this junction?,no,B,medium,automatic,main_eval,False,,overcast,smolvlm,No,no,True,0.44
junctions,c24e7c72-be9fff6f.jpg,JN_H_01,hazard,Is there a risk of a pedestrian stepping into the path of the ego vehicle?,no,A,high,automatic,main_eval,False,,overcast,smolvlm,Yes,yes,False,0.44
junctions,c24e7c72-be9fff6f.jpg,JN_H_02,hazard,Could a large vehicle such as a bus or truck obstruct the driver's sightline at this junction?,no,A,high,automatic,main_eval,False,,overcast,smolvlm,No,no,True,0.44
junctions,c24e7c72-be9fff6f.jpg,JN_S_01,scene,Is this a signalised intersection with active traffic lights?,yes,A,high,automatic,main_eval,False,,overcast,smolvlm,No,no,False,0.44
junctions,c24e7c72-be9fff6f.jpg,JN_S_03,scene,Is this junction on a highway or high-speed road rather than an urban street?,no,A,high,automatic,main_eval,False,,overcast,smolvlm,No,no,True,0.44
junctions,c24e7c72-be9fff6f.jpg,JN_S_04,scene,Is this a nighttime junction scene?,no,A,high,automatic,main_eval,False,,overcast,smolvlm,No,no,True,0.44
junctions,c24e7c72-be9fff6f.jpg,JN_S_05,scene,Does this scene show an unsignalised junction with no traffic lights visible?,no,A,high,automatic,main_eval,False,,overcast,smolvlm,Yes,yes,False,0.44
junctions,c24e7c72-be9fff6f.jpg,JN_ADV_01,adversarial,Is the traffic light currently displaying a green signal that permits the ego vehicle to proceed?,yes,A,high,automatic,main_eval,False,,overcast,smolvlm,No,no,False,0.44
junctions,c24e7c72-be9fff6f.jpg,JN_ADV_02,adversarial,"Is the traffic light currently displaying red or yellow, requiring the ego vehicle to stop or yield?",no,A,high,automatic,main_eval,False,,overcast,smolvlm,No,no,True,0.44
junctions,c24e7c72-be9fff6f.jpg,JN_ADV_03,adversarial,Is there a vehicle currently occupying the centre of the intersection ahead?,no,B,medium,automatic,main_eval,False,,overcast,smolvlm,No,no,True,0.44
junctions,c24e7c72-be9fff6f.jpg,JN_ADV_04,adversarial,Are the lane markings at this junction clear enough to identify which lane leads to the intended direction?,yes,A,high,automatic,main_eval,False,,overcast,smolvlm,No,no,False,0.44
junctions,b38f59d4-58f1cff8.jpg,JN_BASE_01,baseline,Is a traffic light visible in this scene?,yes,A,high,automatic,baseline_only,False,,clear,smolvlm,Yes,yes,True,0.44
junctions,b38f59d4-58f1cff8.jpg,JN_BASE_02,baseline,Is this scene located at an intersection or junction?,yes,A,high,automatic,baseline_only,False,,clear,smolvlm,Yes,yes,True,0.44
junctions,b38f59d4-58f1cff8.jpg,JN_P_01,perception,Are there two or more traffic lights visible in this scene?,yes,A,high,automatic,main_eval,False,,clear,smolvlm,No,no,False,0.44
junctions,b38f59d4-58f1cff8.jpg,JN_P_02,perception,Is at least one pedestrian visible in or near the intersection?,no,A,high,automatic,main_eval,False,,clear,smolvlm,No,no,True,0.44
junctions,b38f59d4-58f1cff8.jpg,JN_P_03,perception,Is there a vehicle larger than a standard car — such as a bus or truck — visible at this junction?,no,A,high,automatic,main_eval,False,,clear,smolvlm,No,no,True,0.44
junctions,b38f59d4-58f1cff8.jpg,JN_P_05,perception,Are road signs visible at this junction?,yes,A,high,automatic,main_eval,False,,clear,smolvlm,Yes,yes,True,0.44
junctions,b38f59d4-58f1cff8.jpg,JN_P_07,perception,Is this junction scene captured during daytime?,yes,A,high,automatic,main_eval,False,,clear,smolvlm,Yes,yes,True,0.44
junctions,b38f59d4-58f1cff8.jpg,JN_P_08,perception,Is any pedestrian visible who appears to be actively crossing the road?,no,B,medium,automatic,main_eval,False,,clear,smolvlm,No,no,True,0.44
junctions,b38f59d4-58f1cff8.jpg,JN_A_01,action,Should the ego vehicle stop before entering this intersection?,yes,A,high,automatic,main_eval,False,,clear,smolvlm,No,no,False,0.44
junctions,b38f59d4-58f1cff8.jpg,JN_A_02,action,Should the driver yield to pedestrians before proceeding through this junction?,no,A,high,automatic,main_eval,False,,clear,smolvlm,No,no,True,0.44
junctions,b38f59d4-58f1cff8.jpg,JN_A_04,action,Should the driver be prepared to brake suddenly at this junction?,yes,A,high,automatic,main_eval,False,,clear,smolvlm,Yes,yes,True,0.44
junctions,b38f59d4-58f1cff8.jpg,JN_A_06,action,Should the driver sound the horn to warn other road users at this junction?,no,B,medium,automatic,main_eval,False,,clear,smolvlm,No,no,True,0.44
junctions,b38f59d4-58f1cff8.jpg,JN_H_01,hazard,Is there a risk of a pedestrian stepping into the path of the ego vehicle?,no,A,high,automatic,main_eval,False,,clear,smolvlm,No,no,True,0.44
junctions,b38f59d4-58f1cff8.jpg,JN_H_02,hazard,Could a large vehicle such as a bus or truck obstruct the driver's sightline at this junction?,no,A,high,automatic,main_eval,False,,clear,smolvlm,No,no,True,0.44
junctions,b38f59d4-58f1cff8.jpg,JN_S_01,scene,Is this a signalised intersection with active traffic lights?,yes,A,high,automatic,main_eval,False,,clear,smolvlm,Yes,yes,True,0.44
junctions,b38f59d4-58f1cff8.jpg,JN_S_03,scene,Is this junction on a highway or high-speed road rather than an urban street?,no,A,high,automatic,main_eval,False,,clear,smolvlm,Yes,yes,False,0.44
junctions,b38f59d4-58f1cff8.jpg,JN_S_04,scene,Is this a nighttime junction scene?,no,A,high,automatic,main_eval,False,,clear,smolvlm,No,no,True,0.44
junctions,b38f59d4-58f1cff8.jpg,JN_S_05,scene,Does this scene show an unsignalised junction with no traffic lights visible?,no,A,high,automatic,main_eval,False,,clear,smolvlm,No,no,True,0.44
junctions,b38f59d4-58f1cff8.jpg,JN_ADV_01,adversarial,Is the traffic light currently displaying a green signal that permits the ego vehicle to proceed?,no,A,high,automatic,main_eval,False,,clear,smolvlm,No,no,True,0.44
junctions,b38f59d4-58f1cff8.jpg,JN_ADV_02,adversarial,"Is the traffic light currently displaying red or yellow, requiring the ego vehicle to stop or yield?",yes,A,high,automatic,main_eval,False,,clear,smolvlm,No,no,False,0.44
junctions,b38f59d4-58f1cff8.jpg,JN_ADV_03,adversarial,Is there a vehicle currently occupying the centre of the intersection ahead?,no,B,medium,automatic,main_eval,False,,clear,smolvlm,No,no,True,0.44
junctions,b38f59d4-58f1cff8.jpg,JN_ADV_04,adversarial,Are the lane markings at this junction clear enough to identify which lane leads to the intended direction?,no,A,high,automatic,main_eval,False,,clear,smolvlm,No,no,True,0.44
junctions,baf89af3-64d570fc.jpg,JN_BASE_01,baseline,Is a traffic light visible in this scene?,yes,A,high,automatic,baseline_only,False,,undefined,smolvlm,Yes,yes,True,0.44
junctions,baf89af3-64d570fc.jpg,JN_BASE_02,baseline,Is this scene located at an intersection or junction?,yes,A,high,automatic,baseline_only,False,,undefined,smolvlm,Yes,yes,True,0.44
junctions,baf89af3-64d570fc.jpg,JN_P_01,perception,Are there two or more traffic lights visible in this scene?,yes,A,high,automatic,main_eval,False,,undefined,smolvlm,Yes,yes,True,0.44
junctions,baf89af3-64d570fc.jpg,JN_P_02,perception,Is at least one pedestrian visible in or near the intersection?,no,A,high,automatic,main_eval,False,,undefined,smolvlm,No,no,True,0.44
junctions,baf89af3-64d570fc.jpg,JN_P_03,perception,Is there a vehicle larger than a standard car — such as a bus or truck — visible at this junction?,no,A,high,automatic,main_eval,False,,undefined,smolvlm,No,no,True,0.44
junctions,baf89af3-64d570fc.jpg,JN_P_05,perception,Are road signs visible at this junction?,yes,A,high,automatic,main_eval,False,,undefined,smolvlm,Yes,yes,True,0.44
junctions,baf89af3-64d570fc.jpg,JN_P_08,perception,Is any pedestrian visible who appears to be actively crossing the road?,no,B,medium,automatic,main_eval,False,,undefined,smolvlm,No,no,True,0.45
junctions,baf89af3-64d570fc.jpg,JN_A_01,action,Should the ego vehicle stop before entering this intersection?,no,A,high,automatic,main_eval,False,,undefined,smolvlm,No,no,True,0.44
junctions,baf89af3-64d570fc.jpg,JN_A_02,action,Should the driver yield to pedestrians before proceeding through this junction?,no,A,high,automatic,main_eval,False,,undefined,smolvlm,No,no,True,0.44
junctions,baf89af3-64d570fc.jpg,JN_A_04,action,Should the driver be prepared to brake suddenly at this junction?,no,A,high,automatic,main_eval,False,,undefined,smolvlm,Yes,yes,False,0.44
junctions,baf89af3-64d570fc.jpg,JN_A_05,action,Would it be safe to make a right turn at this intersection right now?,yes,B,medium,automatic,main_eval,False,,undefined,smolvlm,No,no,False,0.44
junctions,baf89af3-64d570fc.jpg,JN_A_06,action,Should the driver sound the horn to warn other road users at this junction?,no,B,medium,automatic,main_eval,False,,undefined,smolvlm,No,no,True,0.44
junctions,baf89af3-64d570fc.jpg,JN_H_01,hazard,Is there a risk of a pedestrian stepping into the path of the ego vehicle?,no,A,high,automatic,main_eval,False,,undefined,smolvlm,Yes,yes,False,0.44
junctions,baf89af3-64d570fc.jpg,JN_H_02,hazard,Could a large vehicle such as a bus or truck obstruct the driver's sightline at this junction?,no,A,high,automatic,main_eval,False,,undefined,smolvlm,Yes,yes,False,0.44
junctions,baf89af3-64d570fc.jpg,JN_S_01,scene,Is this a signalised intersection with active traffic lights?,yes,A,high,automatic,main_eval,False,,undefined,smolvlm,Yes,yes,True,0.44
junctions,baf89af3-64d570fc.jpg,JN_S_03,scene,Is this junction on a highway or high-speed road rather than an urban street?,no,A,high,automatic,main_eval,False,,undefined,smolvlm,Yes,yes,False,0.44
junctions,baf89af3-64d570fc.jpg,JN_S_05,scene,Does this scene show an unsignalised junction with no traffic lights visible?,no,A,high,automatic,main_eval,False,,undefined,smolvlm,Yes,yes,False,0.44
junctions,baf89af3-64d570fc.jpg,JN_ADV_01,adversarial,Is the traffic light currently displaying a green signal that permits the ego vehicle to proceed?,yes,A,high,automatic,main_eval,False,,undefined,smolvlm,Yes,yes,True,0.44
junctions,baf89af3-64d570fc.jpg,JN_ADV_02,adversarial,"Is the traffic light currently displaying red or yellow, requiring the ego vehicle to stop or yield?",no,A,high,automatic,main_eval,False,,undefined,smolvlm,No,no,True,0.44
junctions,baf89af3-64d570fc.jpg,JN_ADV_03,adversarial,Is there a vehicle currently occupying the centre of the intersection ahead?,yes,B,medium,automatic,main_eval,False,,undefined,smolvlm,No,no,False,0.44
junctions,baf89af3-64d570fc.jpg,JN_ADV_04,adversarial,Are the lane markings at this junction clear enough to identify which lane leads to the intended direction?,no,A,high,automatic,main_eval,False,,undefined,smolvlm,No,no,True,0.44
junctions,b3a087a4-9d116610.jpg,JN_BASE_01,baseline,Is a traffic light visible in this scene?,yes,A,high,automatic,baseline_only,False,,clear,smolvlm,Yes,yes,True,0.44
junctions,b3a087a4-9d116610.jpg,JN_BASE_02,baseline,Is this scene located at an intersection or junction?,yes,A,high,automatic,baseline_only,False,,clear,smolvlm,Yes,yes,True,0.44
junctions,b3a087a4-9d116610.jpg,JN_P_01,perception,Are there two or more traffic lights visible in this scene?,yes,A,high,automatic,main_eval,False,,clear,smolvlm,Yes,yes,True,0.44
junctions,b3a087a4-9d116610.jpg,JN_P_02,perception,Is at least one pedestrian visible in or near the intersection?,no,A,high,automatic,main_eval,False,,clear,smolvlm,No,no,True,0.44
junctions,b3a087a4-9d116610.jpg,JN_P_03,perception,Is there a vehicle larger than a standard car — such as a bus or truck — visible at this junction?,yes,A,high,automatic,main_eval,False,,clear,smolvlm,Yes,yes,True,0.44
junctions,b3a087a4-9d116610.jpg,JN_P_05,perception,Are road signs visible at this junction?,yes,A,high,automatic,main_eval,False,,clear,smolvlm,Yes,yes,True,0.44
junctions,b3a087a4-9d116610.jpg,JN_P_07,perception,Is this junction scene captured during daytime?,no,A,high,automatic,main_eval,False,,clear,smolvlm,No,no,True,0.44
junctions,b3a087a4-9d116610.jpg,JN_P_08,perception,Is any pedestrian visible who appears to be actively crossing the road?,no,B,medium,automatic,main_eval,False,,clear,smolvlm,No,no,True,0.44
junctions,b3a087a4-9d116610.jpg,JN_A_01,action,Should the ego vehicle stop before entering this intersection?,no,A,high,automatic,main_eval,False,,clear,smolvlm,No,no,True,0.44
junctions,b3a087a4-9d116610.jpg,JN_A_02,action,Should the driver yield to pedestrians before proceeding through this junction?,no,A,high,automatic,main_eval,False,,clear,smolvlm,No,no,True,0.44
junctions,b3a087a4-9d116610.jpg,JN_A_04,action,Should the driver be prepared to brake suddenly at this junction?,no,A,high,automatic,main_eval,False,,clear,smolvlm,Yes,yes,False,0.44
junctions,b3a087a4-9d116610.jpg,JN_A_05,action,Would it be safe to make a right turn at this intersection right now?,yes,B,medium,automatic,main_eval,False,,clear,smolvlm,No,no,False,0.44
junctions,b3a087a4-9d116610.jpg,JN_A_06,action,Should the driver sound the horn to warn other road users at this junction?,no,B,medium,automatic,main_eval,False,,clear,smolvlm,No,no,True,0.44
junctions,b3a087a4-9d116610.jpg,JN_H_01,hazard,Is there a risk of a pedestrian stepping into the path of the ego vehicle?,no,A,high,automatic,main_eval,False,,clear,smolvlm,Yes,yes,False,0.44
junctions,b3a087a4-9d116610.jpg,JN_H_02,hazard,Could a large vehicle such as a bus or truck obstruct the driver's sightline at this junction?,yes,A,high,automatic,main_eval,False,,clear,smolvlm,Yes,yes,True,0.44
junctions,b3a087a4-9d116610.jpg,JN_S_01,scene,Is this a signalised intersection with active traffic lights?,yes,A,high,automatic,main_eval,False,,clear,smolvlm,Yes,yes,True,0.44
junctions,b3a087a4-9d116610.jpg,JN_S_03,scene,Is this junction on a highway or high-speed road rather than an urban street?,no,A,high,automatic,main_eval,False,,clear,smolvlm,No,no,True,0.44
junctions,b3a087a4-9d116610.jpg,JN_S_04,scene,Is this a nighttime junction scene?,yes,A,high,automatic,main_eval,False,,clear,smolvlm,Yes,yes,True,0.44
junctions,b3a087a4-9d116610.jpg,JN_S_05,scene,Does this scene show an unsignalised junction with no traffic lights visible?,no,A,high,automatic,main_eval,False,,clear,smolvlm,Yes,yes,False,0.44
junctions,b3a087a4-9d116610.jpg,JN_ADV_01,adversarial,Is the traffic light currently displaying a green signal that permits the ego vehicle to proceed?,yes,A,high,automatic,main_eval,False,,clear,smolvlm,Yes,yes,True,0.44
junctions,b3a087a4-9d116610.jpg,JN_ADV_02,adversarial,"Is the traffic light currently displaying red or yellow, requiring the ego vehicle to stop or yield?",no,A,high,automatic,main_eval,False,,clear,smolvlm,No,no,True,0.44
junctions,b3a087a4-9d116610.jpg,JN_ADV_03,adversarial,Is there a vehicle currently occupying the centre of the intersection ahead?,no,B,medium,automatic,main_eval,False,,clear,smolvlm,No,no,True,0.44
junctions,b3a087a4-9d116610.jpg,JN_ADV_04,adversarial,Are the lane markings at this junction clear enough to identify which lane leads to the intended direction?,yes,A,high,automatic,main_eval,False,,clear,smolvlm,No,no,False,0.44
junctions,b4927f8e-fb16ed87.jpg,JN_BASE_01,baseline,Is a traffic light visible in this scene?,yes,A,high,automatic,baseline_only,False,,snowy,smolvlm,Yes,yes,True,0.44
junctions,b4927f8e-fb16ed87.jpg,JN_BASE_02,baseline,Is this scene located at an intersection or junction?,yes,A,high,automatic,baseline_only,False,,snowy,smolvlm,Yes,yes,True,0.44
junctions,b4927f8e-fb16ed87.jpg,JN_P_01,perception,Are there two or more traffic lights visible in this scene?,no,A,high,automatic,main_eval,False,,snowy,smolvlm,Yes,yes,False,0.44
junctions,b4927f8e-fb16ed87.jpg,JN_P_02,perception,Is at least one pedestrian visible in or near the intersection?,no,A,high,automatic,main_eval,False,,snowy,smolvlm,No,no,True,0.44
junctions,b4927f8e-fb16ed87.jpg,JN_P_03,perception,Is there a vehicle larger than a standard car — such as a bus or truck — visible at this junction?,no,A,high,automatic,main_eval,False,,snowy,smolvlm,No,no,True,0.44
junctions,b4927f8e-fb16ed87.jpg,JN_P_05,perception,Are road signs visible at this junction?,yes,A,high,automatic,main_eval,False,,snowy,smolvlm,Yes,yes,True,0.44
junctions,b4927f8e-fb16ed87.jpg,JN_P_07,perception,Is this junction scene captured during daytime?,no,A,high,automatic,main_eval,False,,snowy,smolvlm,No,no,True,0.44
junctions,b4927f8e-fb16ed87.jpg,JN_P_08,perception,Is any pedestrian visible who appears to be actively crossing the road?,no,B,medium,automatic,main_eval,False,,snowy,smolvlm,No,no,True,0.44
junctions,b4927f8e-fb16ed87.jpg,JN_A_01,action,Should the ego vehicle stop before entering this intersection?,yes,A,high,automatic,main_eval,False,,snowy,smolvlm,No,no,False,0.44
junctions,b4927f8e-fb16ed87.jpg,JN_A_02,action,Should the driver yield to pedestrians before proceeding through this junction?,no,A,high,automatic,main_eval,False,,snowy,smolvlm,No,no,True,0.44
junctions,b4927f8e-fb16ed87.jpg,JN_A_04,action,Should the driver be prepared to brake suddenly at this junction?,yes,A,high,automatic,main_eval,False,,snowy,smolvlm,Yes,yes,True,0.44
junctions,b4927f8e-fb16ed87.jpg,JN_A_05,action,Would it be safe to make a right turn at this intersection right now?,no,B,medium,automatic,main_eval,False,,snowy,smolvlm,No,no,True,0.44
junctions,b4927f8e-fb16ed87.jpg,JN_A_06,action,Should the driver sound the horn to warn other road users at this junction?,no,B,medium,automatic,main_eval,False,,snowy,smolvlm,No,no,True,0.44
junctions,b4927f8e-fb16ed87.jpg,JN_H_01,hazard,Is there a risk of a pedestrian stepping into the path of the ego vehicle?,no,A,high,automatic,main_eval,False,,snowy,smolvlm,Yes,yes,False,0.44
junctions,b4927f8e-fb16ed87.jpg,JN_H_02,hazard,Could a large vehicle such as a bus or truck obstruct the driver's sightline at this junction?,no,A,high,automatic,main_eval,False,,snowy,smolvlm,Yes,yes,False,0.44
junctions,b4927f8e-fb16ed87.jpg,JN_S_01,scene,Is this a signalised intersection with active traffic lights?,yes,A,high,automatic,main_eval,False,,snowy,smolvlm,Yes,yes,True,0.44
junctions,b4927f8e-fb16ed87.jpg,JN_S_03,scene,Is this junction on a highway or high-speed road rather than an urban street?,no,A,high,automatic,main_eval,False,,snowy,smolvlm,No,no,True,0.44
junctions,b4927f8e-fb16ed87.jpg,JN_S_04,scene,Is this a nighttime junction scene?,yes,A,high,automatic,main_eval,False,,snowy,smolvlm,Yes,yes,True,0.44
junctions,b4927f8e-fb16ed87.jpg,JN_S_05,scene,Does this scene show an unsignalised junction with no traffic lights visible?,no,A,high,automatic,main_eval,False,,snowy,smolvlm,Yes,yes,False,0.44
junctions,b4927f8e-fb16ed87.jpg,JN_ADV_01,adversarial,Is the traffic light currently displaying a green signal that permits the ego vehicle to proceed?,no,A,high,automatic,main_eval,False,,snowy,smolvlm,Yes,yes,False,0.44
junctions,b4927f8e-fb16ed87.jpg,JN_ADV_02,adversarial,"Is the traffic light currently displaying red or yellow, requiring the ego vehicle to stop or yield?",yes,A,high,automatic,main_eval,False,,snowy,smolvlm,No,no,False,0.44
junctions,b4927f8e-fb16ed87.jpg,JN_ADV_03,adversarial,Is there a vehicle currently occupying the centre of the intersection ahead?,no,B,medium,automatic,main_eval,False,,snowy,smolvlm,No,no,True,0.44
junctions,b4927f8e-fb16ed87.jpg,JN_ADV_04,adversarial,Are the lane markings at this junction clear enough to identify which lane leads to the intended direction?,no,A,high,automatic,main_eval,False,,snowy,smolvlm,No,no,True,0.44
junctions,b75da19e-a29454b7.jpg,JN_BASE_01,baseline,Is a traffic light visible in this scene?,yes,A,high,automatic,baseline_only,False,,clear,smolvlm,Yes,yes,True,0.44
junctions,b75da19e-a29454b7.jpg,JN_BASE_02,baseline,Is this scene located at an intersection or junction?,yes,A,high,automatic,baseline_only,False,,clear,smolvlm,Yes,yes,True,0.44
junctions,b75da19e-a29454b7.jpg,JN_P_01,perception,Are there two or more traffic lights visible in this scene?,yes,A,high,automatic,main_eval,False,,clear,smolvlm,Yes,yes,True,0.44
junctions,b75da19e-a29454b7.jpg,JN_P_02,perception,Is at least one pedestrian visible in or near the intersection?,no,A,high,automatic,main_eval,False,,clear,smolvlm,No,no,True,0.44
junctions,b75da19e-a29454b7.jpg,JN_P_03,perception,Is there a vehicle larger than a standard car — such as a bus or truck — visible at this junction?,yes,A,high,automatic,main_eval,False,,clear,smolvlm,Yes,yes,True,0.44
junctions,b75da19e-a29454b7.jpg,JN_P_05,perception,Are road signs visible at this junction?,yes,A,high,automatic,main_eval,False,,clear,smolvlm,Yes,yes,True,0.44
junctions,b75da19e-a29454b7.jpg,JN_P_07,perception,Is this junction scene captured during daytime?,yes,A,high,automatic,main_eval,False,,clear,smolvlm,Yes,yes,True,0.44
junctions,b75da19e-a29454b7.jpg,JN_P_08,perception,Is any pedestrian visible who appears to be actively crossing the road?,no,B,medium,automatic,main_eval,False,,clear,smolvlm,No,no,True,0.44
junctions,b75da19e-a29454b7.jpg,JN_A_01,action,Should the ego vehicle stop before entering this intersection?,no,A,high,automatic,main_eval,False,,clear,smolvlm,No,no,True,0.45
junctions,b75da19e-a29454b7.jpg,JN_A_02,action,Should the driver yield to pedestrians before proceeding through this junction?,no,A,high,automatic,main_eval,False,,clear,smolvlm,Yes,yes,False,0.45
junctions,b75da19e-a29454b7.jpg,JN_A_04,action,Should the driver be prepared to brake suddenly at this junction?,no,A,high,automatic,main_eval,False,,clear,smolvlm,Yes,yes,False,0.49
junctions,b75da19e-a29454b7.jpg,JN_A_05,action,Would it be safe to make a right turn at this intersection right now?,yes,B,medium,automatic,main_eval,False,,clear,smolvlm,No,no,False,0.51
junctions,b75da19e-a29454b7.jpg,JN_A_06,action,Should the driver sound the horn to warn other road users at this junction?,no,B,medium,automatic,main_eval,False,,clear,smolvlm,No,no,True,0.51
junctions,b75da19e-a29454b7.jpg,JN_H_01,hazard,Is there a risk of a pedestrian stepping into the path of the ego vehicle?,no,A,high,automatic,main_eval,False,,clear,smolvlm,Yes,yes,False,0.49
junctions,b75da19e-a29454b7.jpg,JN_H_02,hazard,Could a large vehicle such as a bus or truck obstruct the driver's sightline at this junction?,yes,A,high,automatic,main_eval,False,,clear,smolvlm,Yes,yes,True,0.44
junctions,b75da19e-a29454b7.jpg,JN_S_01,scene,Is this a signalised intersection with active traffic lights?,yes,A,high,automatic,main_eval,False,,clear,smolvlm,Yes,yes,True,0.44
junctions,b75da19e-a29454b7.jpg,JN_S_03,scene,Is this junction on a highway or high-speed road rather than an urban street?,no,A,high,automatic,main_eval,False,,clear,smolvlm,No,no,True,0.44
junctions,b75da19e-a29454b7.jpg,JN_S_04,scene,Is this a nighttime junction scene?,no,A,high,automatic,main_eval,False,,clear,smolvlm,No,no,True,0.44
junctions,b75da19e-a29454b7.jpg,JN_S_05,scene,Does this scene show an unsignalised junction with no traffic lights visible?,no,A,high,automatic,main_eval,False,,clear,smolvlm,Yes,yes,False,0.44
junctions,b75da19e-a29454b7.jpg,JN_ADV_01,adversarial,Is the traffic light currently displaying a green signal that permits the ego vehicle to proceed?,yes,A,high,automatic,main_eval,False,,clear,smolvlm,Yes,yes,True,0.44
junctions,b75da19e-a29454b7.jpg,JN_ADV_02,adversarial,"Is the traffic light currently displaying red or yellow, requiring the ego vehicle to stop or yield?",no,A,high,automatic,main_eval,False,,clear,smolvlm,No,no,True,0.44
junctions,b75da19e-a29454b7.jpg,JN_ADV_03,adversarial,Is there a vehicle currently occupying the centre of the intersection ahead?,no,B,medium,automatic,main_eval,False,,clear,smolvlm,No,no,True,0.44
junctions,b75da19e-a29454b7.jpg,JN_ADV_04,adversarial,Are the lane markings at this junction clear enough to identify which lane leads to the intended direction?,yes,A,high,automatic,main_eval,False,,clear,smolvlm,Yes,yes,True,0.44
junctions,bcbe3164-1af2bcb3.jpg,JN_BASE_01,baseline,Is a traffic light visible in this scene?,yes,A,high,automatic,baseline_only,False,,snowy,smolvlm,Yes,yes,True,0.44
junctions,bcbe3164-1af2bcb3.jpg,JN_BASE_02,baseline,Is this scene located at an intersection or junction?,yes,A,high,automatic,baseline_only,False,,snowy,smolvlm,Yes,yes,True,0.44
junctions,bcbe3164-1af2bcb3.jpg,JN_P_01,perception,Are there two or more traffic lights visible in this scene?,yes,A,high,automatic,main_eval,False,,snowy,smolvlm,Yes,yes,True,0.44
junctions,bcbe3164-1af2bcb3.jpg,JN_P_02,perception,Is at least one pedestrian visible in or near the intersection?,no,A,high,automatic,main_eval,False,,snowy,smolvlm,No,no,True,0.44
junctions,bcbe3164-1af2bcb3.jpg,JN_P_03,perception,Is there a vehicle larger than a standard car — such as a bus or truck — visible at this junction?,yes,A,high,automatic,main_eval,False,,snowy,smolvlm,No,no,False,0.44
junctions,bcbe3164-1af2bcb3.jpg,JN_P_05,perception,Are road signs visible at this junction?,yes,A,high,automatic,main_eval,False,,snowy,smolvlm,Yes,yes,True,0.44
junctions,bcbe3164-1af2bcb3.jpg,JN_P_08,perception,Is any pedestrian visible who appears to be actively crossing the road?,no,B,medium,automatic,main_eval,False,,snowy,smolvlm,No,no,True,0.44
junctions,bcbe3164-1af2bcb3.jpg,JN_A_01,action,Should the ego vehicle stop before entering this intersection?,no,A,high,automatic,main_eval,False,,snowy,smolvlm,No,no,True,0.44
junctions,bcbe3164-1af2bcb3.jpg,JN_A_02,action,Should the driver yield to pedestrians before proceeding through this junction?,no,A,high,automatic,main_eval,False,,snowy,smolvlm,No,no,True,0.44
junctions,bcbe3164-1af2bcb3.jpg,JN_A_04,action,Should the driver be prepared to brake suddenly at this junction?,no,A,high,automatic,main_eval,False,,snowy,smolvlm,Yes,yes,False,0.44
junctions,bcbe3164-1af2bcb3.jpg,JN_A_05,action,Would it be safe to make a right turn at this intersection right now?,yes,B,medium,automatic,main_eval,False,,snowy,smolvlm,No,no,False,0.44
junctions,bcbe3164-1af2bcb3.jpg,JN_A_06,action,Should the driver sound the horn to warn other road users at this junction?,no,B,medium,automatic,main_eval,False,,snowy,smolvlm,No,no,True,0.44
junctions,bcbe3164-1af2bcb3.jpg,JN_H_01,hazard,Is there a risk of a pedestrian stepping into the path of the ego vehicle?,no,A,high,automatic,main_eval,False,,snowy,smolvlm,Yes,yes,False,0.44
junctions,bcbe3164-1af2bcb3.jpg,JN_H_02,hazard,Could a large vehicle such as a bus or truck obstruct the driver's sightline at this junction?,yes,A,high,automatic,main_eval,False,,snowy,smolvlm,Yes,yes,True,0.44
junctions,bcbe3164-1af2bcb3.jpg,JN_S_01,scene,Is this a signalised intersection with active traffic lights?,yes,A,high,automatic,main_eval,False,,snowy,smolvlm,Yes,yes,True,0.44
junctions,bcbe3164-1af2bcb3.jpg,JN_S_03,scene,Is this junction on a highway or high-speed road rather than an urban street?,no,A,high,automatic,main_eval,False,,snowy,smolvlm,No,no,True,0.44
junctions,bcbe3164-1af2bcb3.jpg,JN_S_05,scene,Does this scene show an unsignalised junction with no traffic lights visible?,no,A,high,automatic,main_eval,False,,snowy,smolvlm,Yes,yes,False,0.44
junctions,bcbe3164-1af2bcb3.jpg,JN_ADV_01,adversarial,Is the traffic light currently displaying a green signal that permits the ego vehicle to proceed?,yes,A,high,automatic,main_eval,False,,snowy,smolvlm,Yes,yes,True,0.44
junctions,bcbe3164-1af2bcb3.jpg,JN_ADV_02,adversarial,"Is the traffic light currently displaying red or yellow, requiring the ego vehicle to stop or yield?",no,A,high,automatic,main_eval,False,,snowy,smolvlm,No,no,True,0.44
junctions,bcbe3164-1af2bcb3.jpg,JN_ADV_03,adversarial,Is there a vehicle currently occupying the centre of the intersection ahead?,no,B,medium,automatic,main_eval,False,,snowy,smolvlm,Yes,yes,False,0.44
junctions,bcbe3164-1af2bcb3.jpg,JN_ADV_04,adversarial,Are the lane markings at this junction clear enough to identify which lane leads to the intended direction?,yes,A,high,automatic,main_eval,False,,snowy,smolvlm,Yes,yes,True,0.44
junctions,be1a8e59-2a59e33c.jpg,JN_BASE_01,baseline,Is a traffic light visible in this scene?,yes,A,high,automatic,baseline_only,False,,rainy,smolvlm,Yes,yes,True,0.45
junctions,be1a8e59-2a59e33c.jpg,JN_BASE_02,baseline,Is this scene located at an intersection or junction?,yes,A,high,automatic,baseline_only,False,,rainy,smolvlm,Yes,yes,True,0.44
junctions,be1a8e59-2a59e33c.jpg,JN_P_01,perception,Are there two or more traffic lights visible in this scene?,yes,A,high,automatic,main_eval,False,,rainy,smolvlm,Yes,yes,True,0.44
junctions,be1a8e59-2a59e33c.jpg,JN_P_02,perception,Is at least one pedestrian visible in or near the intersection?,no,A,high,automatic,main_eval,False,,rainy,smolvlm,No,no,True,0.44
junctions,be1a8e59-2a59e33c.jpg,JN_P_03,perception,Is there a vehicle larger than a standard car — such as a bus or truck — visible at this junction?,no,A,high,automatic,main_eval,False,,rainy,smolvlm,No,no,True,0.44
junctions,be1a8e59-2a59e33c.jpg,JN_P_05,perception,Are road signs visible at this junction?,yes,A,high,automatic,main_eval,False,,rainy,smolvlm,Yes,yes,True,0.44
junctions,be1a8e59-2a59e33c.jpg,JN_P_07,perception,Is this junction scene captured during daytime?,no,A,high,automatic,main_eval,False,,rainy,smolvlm,No,no,True,0.44
junctions,be1a8e59-2a59e33c.jpg,JN_P_08,perception,Is any pedestrian visible who appears to be actively crossing the road?,no,B,medium,automatic,main_eval,False,,rainy,smolvlm,No,no,True,0.44
junctions,be1a8e59-2a59e33c.jpg,JN_A_01,action,Should the ego vehicle stop before entering this intersection?,yes,A,high,automatic,main_eval,False,,rainy,smolvlm,No,no,False,0.44
junctions,be1a8e59-2a59e33c.jpg,JN_A_02,action,Should the driver yield to pedestrians before proceeding through this junction?,no,A,high,automatic,main_eval,False,,rainy,smolvlm,Yes,yes,False,0.44
junctions,be1a8e59-2a59e33c.jpg,JN_A_04,action,Should the driver be prepared to brake suddenly at this junction?,yes,A,high,automatic,main_eval,False,,rainy,smolvlm,Yes,yes,True,0.44
junctions,be1a8e59-2a59e33c.jpg,JN_A_05,action,Would it be safe to make a right turn at this intersection right now?,no,B,medium,automatic,main_eval,False,,rainy,smolvlm,No,no,True,0.44
junctions,be1a8e59-2a59e33c.jpg,JN_A_06,action,Should the driver sound the horn to warn other road users at this junction?,no,B,medium,automatic,main_eval,False,,rainy,smolvlm,No,no,True,0.44
junctions,be1a8e59-2a59e33c.jpg,JN_H_01,hazard,Is there a risk of a pedestrian stepping into the path of the ego vehicle?,no,A,high,automatic,main_eval,False,,rainy,smolvlm,Yes,yes,False,0.44
junctions,be1a8e59-2a59e33c.jpg,JN_H_02,hazard,Could a large vehicle such as a bus or truck obstruct the driver's sightline at this junction?,no,A,high,automatic,main_eval,False,,rainy,smolvlm,Yes,yes,False,0.45
junctions,be1a8e59-2a59e33c.jpg,JN_S_01,scene,Is this a signalised intersection with active traffic lights?,yes,A,high,automatic,main_eval,False,,rainy,smolvlm,Yes,yes,True,0.44
junctions,be1a8e59-2a59e33c.jpg,JN_S_03,scene,Is this junction on a highway or high-speed road rather than an urban street?,no,A,high,automatic,main_eval,False,,rainy,smolvlm,No,no,True,0.44
junctions,be1a8e59-2a59e33c.jpg,JN_S_04,scene,Is this a nighttime junction scene?,yes,A,high,automatic,main_eval,False,,rainy,smolvlm,Yes,yes,True,0.44
junctions,be1a8e59-2a59e33c.jpg,JN_S_05,scene,Does this scene show an unsignalised junction with no traffic lights visible?,no,A,high,automatic,main_eval,False,,rainy,smolvlm,Yes,yes,False,0.44
junctions,be1a8e59-2a59e33c.jpg,JN_ADV_03,adversarial,Is there a vehicle currently occupying the centre of the intersection ahead?,no,B,medium,automatic,main_eval,False,,rainy,smolvlm,Yes,yes,False,0.44
junctions,be1a8e59-2a59e33c.jpg,JN_ADV_04,adversarial,Are the lane markings at this junction clear enough to identify which lane leads to the intended direction?,yes,A,high,automatic,main_eval,False,,rainy,smolvlm,No,no,False,0.44
junctions,b519a9a4-6dd5b989.jpg,JN_BASE_01,baseline,Is a traffic light visible in this scene?,yes,A,high,automatic,baseline_only,False,,overcast,smolvlm,Yes,yes,True,0.45
junctions,b519a9a4-6dd5b989.jpg,JN_BASE_02,baseline,Is this scene located at an intersection or junction?,yes,A,high,automatic,baseline_only,False,,overcast,smolvlm,Yes,yes,True,0.44
junctions,b519a9a4-6dd5b989.jpg,JN_P_01,perception,Are there two or more traffic lights visible in this scene?,yes,A,high,automatic,main_eval,False,,overcast,smolvlm,Yes,yes,True,0.44
junctions,b519a9a4-6dd5b989.jpg,JN_P_02,perception,Is at least one pedestrian visible in or near the intersection?,no,A,high,automatic,main_eval,False,,overcast,smolvlm,No,no,True,0.44
junctions,b519a9a4-6dd5b989.jpg,JN_P_03,perception,Is there a vehicle larger than a standard car — such as a bus or truck — visible at this junction?,no,A,high,automatic,main_eval,False,,overcast,smolvlm,No,no,True,0.44
junctions,b519a9a4-6dd5b989.jpg,JN_P_05,perception,Are road signs visible at this junction?,no,A,high,automatic,main_eval,False,,overcast,smolvlm,No,no,True,0.44
junctions,b519a9a4-6dd5b989.jpg,JN_P_08,perception,Is any pedestrian visible who appears to be actively crossing the road?,no,B,medium,automatic,main_eval,False,,overcast,smolvlm,No,no,True,0.44
junctions,b519a9a4-6dd5b989.jpg,JN_A_01,action,Should the ego vehicle stop before entering this intersection?,yes,A,high,automatic,main_eval,False,,overcast,smolvlm,Yes,yes,True,0.44
junctions,b519a9a4-6dd5b989.jpg,JN_A_02,action,Should the driver yield to pedestrians before proceeding through this junction?,no,A,high,automatic,main_eval,False,,overcast,smolvlm,No,no,True,0.44
junctions,b519a9a4-6dd5b989.jpg,JN_A_04,action,Should the driver be prepared to brake suddenly at this junction?,yes,A,high,automatic,main_eval,False,,overcast,smolvlm,Yes,yes,True,0.44
junctions,b519a9a4-6dd5b989.jpg,JN_A_05,action,Would it be safe to make a right turn at this intersection right now?,no,B,medium,automatic,main_eval,False,,overcast,smolvlm,No,no,True,0.44
junctions,b519a9a4-6dd5b989.jpg,JN_A_06,action,Should the driver sound the horn to warn other road users at this junction?,no,B,medium,automatic,main_eval,False,,overcast,smolvlm,No,no,True,0.44
junctions,b519a9a4-6dd5b989.jpg,JN_H_01,hazard,Is there a risk of a pedestrian stepping into the path of the ego vehicle?,no,A,high,automatic,main_eval,False,,overcast,smolvlm,Yes,yes,False,0.44
junctions,b519a9a4-6dd5b989.jpg,JN_H_02,hazard,Could a large vehicle such as a bus or truck obstruct the driver's sightline at this junction?,no,A,high,automatic,main_eval,False,,overcast,smolvlm,Yes,yes,False,0.44
junctions,b519a9a4-6dd5b989.jpg,JN_S_01,scene,Is this a signalised intersection with active traffic lights?,yes,A,high,automatic,main_eval,False,,overcast,smolvlm,Yes,yes,True,0.44
junctions,b519a9a4-6dd5b989.jpg,JN_S_03,scene,Is this junction on a highway or high-speed road rather than an urban street?,no,A,high,automatic,main_eval,False,,overcast,smolvlm,No,no,True,0.45
junctions,b519a9a4-6dd5b989.jpg,JN_S_05,scene,Does this scene show an unsignalised junction with no traffic lights visible?,no,A,high,automatic,main_eval,False,,overcast,smolvlm,Yes,yes,False,0.44
junctions,b519a9a4-6dd5b989.jpg,JN_ADV_01,adversarial,Is the traffic light currently displaying a green signal that permits the ego vehicle to proceed?,no,A,high,automatic,main_eval,False,,overcast,smolvlm,No,no,True,0.44
junctions,b519a9a4-6dd5b989.jpg,JN_ADV_02,adversarial,"Is the traffic light currently displaying red or yellow, requiring the ego vehicle to stop or yield?",yes,A,high,automatic,main_eval,False,,overcast,smolvlm,Yes,yes,True,0.44
junctions,b519a9a4-6dd5b989.jpg,JN_ADV_03,adversarial,Is there a vehicle currently occupying the centre of the intersection ahead?,no,B,medium,automatic,main_eval,False,,overcast,smolvlm,Yes,yes,False,0.44
junctions,b519a9a4-6dd5b989.jpg,JN_ADV_04,adversarial,Are the lane markings at this junction clear enough to identify which lane leads to the intended direction?,yes,A,high,automatic,main_eval,False,,overcast,smolvlm,Yes,yes,True,0.44
junctions,c3ce46d8-9ca61ff7.jpg,JN_BASE_01,baseline,Is a traffic light visible in this scene?,yes,A,high,automatic,baseline_only,False,,clear,smolvlm,No,no,False,0.44
junctions,c3ce46d8-9ca61ff7.jpg,JN_BASE_02,baseline,Is this scene located at an intersection or junction?,yes,A,high,automatic,baseline_only,False,,clear,smolvlm,No,no,False,0.44
junctions,c3ce46d8-9ca61ff7.jpg,JN_P_01,perception,Are there two or more traffic lights visible in this scene?,yes,A,high,automatic,main_eval,False,,clear,smolvlm,Yes,yes,True,0.44
junctions,c3ce46d8-9ca61ff7.jpg,JN_P_02,perception,Is at least one pedestrian visible in or near the intersection?,no,A,high,automatic,main_eval,False,,clear,smolvlm,No,no,True,0.44
junctions,c3ce46d8-9ca61ff7.jpg,JN_P_03,perception,Is there a vehicle larger than a standard car — such as a bus or truck — visible at this junction?,no,A,high,automatic,main_eval,False,,clear,smolvlm,Yes,yes,False,0.44
junctions,c3ce46d8-9ca61ff7.jpg,JN_P_07,perception,Is this junction scene captured during daytime?,no,A,high,automatic,main_eval,False,,clear,smolvlm,No,no,True,0.44
junctions,c3ce46d8-9ca61ff7.jpg,JN_P_08,perception,Is any pedestrian visible who appears to be actively crossing the road?,no,B,medium,automatic,main_eval,False,,clear,smolvlm,No,no,True,0.44
junctions,c3ce46d8-9ca61ff7.jpg,JN_A_01,action,Should the ego vehicle stop before entering this intersection?,no,A,high,automatic,main_eval,False,,clear,smolvlm,No,no,True,0.44
junctions,c3ce46d8-9ca61ff7.jpg,JN_A_02,action,Should the driver yield to pedestrians before proceeding through this junction?,no,A,high,automatic,main_eval,False,,clear,smolvlm,No,no,True,0.44
junctions,c3ce46d8-9ca61ff7.jpg,JN_A_04,action,Should the driver be prepared to brake suddenly at this junction?,no,A,high,automatic,main_eval,False,,clear,smolvlm,Yes,yes,False,0.44
junctions,c3ce46d8-9ca61ff7.jpg,JN_A_05,action,Would it be safe to make a right turn at this intersection right now?,yes,B,medium,automatic,main_eval,False,,clear,smolvlm,No,no,False,0.44
junctions,c3ce46d8-9ca61ff7.jpg,JN_A_06,action,Should the driver sound the horn to warn other road users at this junction?,no,B,medium,automatic,main_eval,False,,clear,smolvlm,No,no,True,0.44
junctions,c3ce46d8-9ca61ff7.jpg,JN_H_01,hazard,Is there a risk of a pedestrian stepping into the path of the ego vehicle?,no,A,high,automatic,main_eval,False,,clear,smolvlm,Yes,yes,False,0.44
junctions,c3ce46d8-9ca61ff7.jpg,JN_H_02,hazard,Could a large vehicle such as a bus or truck obstruct the driver's sightline at this junction?,no,A,high,automatic,main_eval,False,,clear,smolvlm,Yes,yes,False,0.44
junctions,c3ce46d8-9ca61ff7.jpg,JN_S_01,scene,Is this a signalised intersection with active traffic lights?,yes,A,high,automatic,main_eval,False,,clear,smolvlm,Yes,yes,True,0.44
junctions,c3ce46d8-9ca61ff7.jpg,JN_S_03,scene,Is this junction on a highway or high-speed road rather than an urban street?,no,A,high,automatic,main_eval,False,,clear,smolvlm,No,no,True,0.44
junctions,c3ce46d8-9ca61ff7.jpg,JN_S_04,scene,Is this a nighttime junction scene?,yes,A,high,automatic,main_eval,False,,clear,smolvlm,Yes,yes,True,0.44
junctions,c3ce46d8-9ca61ff7.jpg,JN_S_05,scene,Does this scene show an unsignalised junction with no traffic lights visible?,no,A,high,automatic,main_eval,False,,clear,smolvlm,Yes,yes,False,0.44
junctions,c3ce46d8-9ca61ff7.jpg,JN_ADV_01,adversarial,Is the traffic light currently displaying a green signal that permits the ego vehicle to proceed?,yes,A,high,automatic,main_eval,False,,clear,smolvlm,Yes,yes,True,0.44
junctions,c3ce46d8-9ca61ff7.jpg,JN_ADV_02,adversarial,"Is the traffic light currently displaying red or yellow, requiring the ego vehicle to stop or yield?",no,A,high,automatic,main_eval,False,,clear,smolvlm,No,no,True,0.44
junctions,c3ce46d8-9ca61ff7.jpg,JN_ADV_03,adversarial,Is there a vehicle currently occupying the centre of the intersection ahead?,yes,B,medium,automatic,main_eval,False,,clear,smolvlm,No,no,False,0.44
junctions,c3ce46d8-9ca61ff7.jpg,JN_ADV_04,adversarial,Are the lane markings at this junction clear enough to identify which lane leads to the intended direction?,yes,A,high,automatic,main_eval,False,,clear,smolvlm,No,no,False,0.44
junctions,b8e63e55-1b48cdef.jpg,JN_BASE_01,baseline,Is a traffic light visible in this scene?,yes,A,high,automatic,baseline_only,False,,clear,smolvlm,Yes,yes,True,0.44
junctions,b8e63e55-1b48cdef.jpg,JN_BASE_02,baseline,Is this scene located at an intersection or junction?,yes,A,high,automatic,baseline_only,False,,clear,smolvlm,Yes,yes,True,0.44
junctions,b8e63e55-1b48cdef.jpg,JN_P_01,perception,Are there two or more traffic lights visible in this scene?,yes,A,high,automatic,main_eval,False,,clear,smolvlm,Yes,yes,True,0.44
junctions,b8e63e55-1b48cdef.jpg,JN_P_02,perception,Is at least one pedestrian visible in or near the intersection?,no,A,high,automatic,main_eval,False,,clear,smolvlm,No,no,True,0.44
junctions,b8e63e55-1b48cdef.jpg,JN_P_03,perception,Is there a vehicle larger than a standard car — such as a bus or truck — visible at this junction?,yes,A,high,automatic,main_eval,False,,clear,smolvlm,Yes,yes,True,0.44
junctions,b8e63e55-1b48cdef.jpg,JN_P_05,perception,Are road signs visible at this junction?,yes,A,high,automatic,main_eval,False,,clear,smolvlm,No,no,False,0.44
junctions,b8e63e55-1b48cdef.jpg,JN_P_08,perception,Is any pedestrian visible who appears to be actively crossing the road?,no,B,medium,automatic,main_eval,False,,clear,smolvlm,No,no,True,0.44
junctions,b8e63e55-1b48cdef.jpg,JN_A_01,action,Should the ego vehicle stop before entering this intersection?,no,A,high,automatic,main_eval,False,,clear,smolvlm,No,no,True,0.44
junctions,b8e63e55-1b48cdef.jpg,JN_A_02,action,Should the driver yield to pedestrians before proceeding through this junction?,no,A,high,automatic,main_eval,False,,clear,smolvlm,Yes,yes,False,0.44
junctions,b8e63e55-1b48cdef.jpg,JN_A_04,action,Should the driver be prepared to brake suddenly at this junction?,no,A,high,automatic,main_eval,False,,clear,smolvlm,Yes,yes,False,0.44
junctions,b8e63e55-1b48cdef.jpg,JN_A_05,action,Would it be safe to make a right turn at this intersection right now?,yes,B,medium,automatic,main_eval,False,,clear,smolvlm,No,no,False,0.44
junctions,b8e63e55-1b48cdef.jpg,JN_A_06,action,Should the driver sound the horn to warn other road users at this junction?,no,B,medium,automatic,main_eval,False,,clear,smolvlm,No,no,True,0.44
junctions,b8e63e55-1b48cdef.jpg,JN_H_01,hazard,Is there a risk of a pedestrian stepping into the path of the ego vehicle?,no,A,high,automatic,main_eval,False,,clear,smolvlm,Yes,yes,False,0.44
junctions,b8e63e55-1b48cdef.jpg,JN_H_02,hazard,Could a large vehicle such as a bus or truck obstruct the driver's sightline at this junction?,yes,A,high,automatic,main_eval,False,,clear,smolvlm,Yes,yes,True,0.44
junctions,b8e63e55-1b48cdef.jpg,JN_S_01,scene,Is this a signalised intersection with active traffic lights?,yes,A,high,automatic,main_eval,False,,clear,smolvlm,Yes,yes,True,0.44
junctions,b8e63e55-1b48cdef.jpg,JN_S_03,scene,Is this junction on a highway or high-speed road rather than an urban street?,no,A,high,automatic,main_eval,False,,clear,smolvlm,No,no,True,0.44
junctions,b8e63e55-1b48cdef.jpg,JN_S_05,scene,Does this scene show an unsignalised junction with no traffic lights visible?,no,A,high,automatic,main_eval,False,,clear,smolvlm,Yes,yes,False,0.44
junctions,b8e63e55-1b48cdef.jpg,JN_ADV_01,adversarial,Is the traffic light currently displaying a green signal that permits the ego vehicle to proceed?,yes,A,high,automatic,main_eval,False,,clear,smolvlm,Yes,yes,True,0.44
junctions,b8e63e55-1b48cdef.jpg,JN_ADV_02,adversarial,"Is the traffic light currently displaying red or yellow, requiring the ego vehicle to stop or yield?",no,A,high,automatic,main_eval,False,,clear,smolvlm,No,no,True,0.44
junctions,b8e63e55-1b48cdef.jpg,JN_ADV_03,adversarial,Is there a vehicle currently occupying the centre of the intersection ahead?,no,B,medium,automatic,main_eval,False,,clear,smolvlm,Yes,yes,False,0.44
junctions,b8e63e55-1b48cdef.jpg,JN_ADV_04,adversarial,Are the lane markings at this junction clear enough to identify which lane leads to the intended direction?,yes,A,high,automatic,main_eval,False,,clear,smolvlm,Yes,yes,True,0.44
junctions,bc9cce42-b4577861.jpg,JN_BASE_01,baseline,Is a traffic light visible in this scene?,yes,A,high,automatic,baseline_only,False,,clear,smolvlm,Yes,yes,True,0.44
junctions,bc9cce42-b4577861.jpg,JN_BASE_02,baseline,Is this scene located at an intersection or junction?,yes,A,high,automatic,baseline_only,False,,clear,smolvlm,Yes,yes,True,0.45
junctions,bc9cce42-b4577861.jpg,JN_P_01,perception,Are there two or more traffic lights visible in this scene?,yes,A,high,automatic,main_eval,False,,clear,smolvlm,Yes,yes,True,0.44
junctions,bc9cce42-b4577861.jpg,JN_P_02,perception,Is at least one pedestrian visible in or near the intersection?,no,A,high,automatic,main_eval,False,,clear,smolvlm,No,no,True,0.44
junctions,bc9cce42-b4577861.jpg,JN_P_03,perception,Is there a vehicle larger than a standard car — such as a bus or truck — visible at this junction?,no,A,high,automatic,main_eval,False,,clear,smolvlm,Yes,yes,False,0.44
junctions,bc9cce42-b4577861.jpg,JN_P_05,perception,Are road signs visible at this junction?,yes,A,high,automatic,main_eval,False,,clear,smolvlm,Yes,yes,True,0.44
junctions,bc9cce42-b4577861.jpg,JN_P_08,perception,Is any pedestrian visible who appears to be actively crossing the road?,no,B,medium,automatic,main_eval,False,,clear,smolvlm,No,no,True,0.44
junctions,bc9cce42-b4577861.jpg,JN_A_01,action,Should the ego vehicle stop before entering this intersection?,yes,A,high,automatic,main_eval,False,,clear,smolvlm,No,no,False,0.44
junctions,bc9cce42-b4577861.jpg,JN_A_02,action,Should the driver yield to pedestrians before proceeding through this junction?,no,A,high,automatic,main_eval,False,,clear,smolvlm,No,no,True,0.44
junctions,bc9cce42-b4577861.jpg,JN_A_04,action,Should the driver be prepared to brake suddenly at this junction?,yes,A,high,automatic,main_eval,False,,clear,smolvlm,Yes,yes,True,0.44
junctions,bc9cce42-b4577861.jpg,JN_A_05,action,Would it be safe to make a right turn at this intersection right now?,no,B,medium,automatic,main_eval,False,,clear,smolvlm,No,no,True,0.44
junctions,bc9cce42-b4577861.jpg,JN_A_06,action,Should the driver sound the horn to warn other road users at this junction?,no,B,medium,automatic,main_eval,False,,clear,smolvlm,No,no,True,0.44
junctions,bc9cce42-b4577861.jpg,JN_H_01,hazard,Is there a risk of a pedestrian stepping into the path of the ego vehicle?,no,A,high,automatic,main_eval,False,,clear,smolvlm,No,no,True,0.44
junctions,bc9cce42-b4577861.jpg,JN_H_02,hazard,Could a large vehicle such as a bus or truck obstruct the driver's sightline at this junction?,no,A,high,automatic,main_eval,False,,clear,smolvlm,Yes,yes,False,0.44
junctions,bc9cce42-b4577861.jpg,JN_S_01,scene,Is this a signalised intersection with active traffic lights?,yes,A,high,automatic,main_eval,False,,clear,smolvlm,Yes,yes,True,0.44
junctions,bc9cce42-b4577861.jpg,JN_S_03,scene,Is this junction on a highway or high-speed road rather than an urban street?,no,A,high,automatic,main_eval,False,,clear,smolvlm,No,no,True,0.44
junctions,bc9cce42-b4577861.jpg,JN_S_05,scene,Does this scene show an unsignalised junction with no traffic lights visible?,no,A,high,automatic,main_eval,False,,clear,smolvlm,Yes,yes,False,0.44
junctions,bc9cce42-b4577861.jpg,JN_ADV_03,adversarial,Is there a vehicle currently occupying the centre of the intersection ahead?,yes,B,medium,automatic,main_eval,False,,clear,smolvlm,Yes,yes,True,0.44
junctions,bc9cce42-b4577861.jpg,JN_ADV_04,adversarial,Are the lane markings at this junction clear enough to identify which lane leads to the intended direction?,yes,A,high,automatic,main_eval,False,,clear,smolvlm,No,no,False,0.44
junctions,bdeec3db-4796d5a6.jpg,JN_BASE_01,baseline,Is a traffic light visible in this scene?,yes,A,high,automatic,baseline_only,False,,clear,smolvlm,Yes,yes,True,0.44
junctions,bdeec3db-4796d5a6.jpg,JN_BASE_02,baseline,Is this scene located at an intersection or junction?,yes,A,high,automatic,baseline_only,False,,clear,smolvlm,Yes,yes,True,0.44
junctions,bdeec3db-4796d5a6.jpg,JN_P_01,perception,Are there two or more traffic lights visible in this scene?,yes,A,high,automatic,main_eval,False,,clear,smolvlm,Yes,yes,True,0.44
junctions,bdeec3db-4796d5a6.jpg,JN_P_02,perception,Is at least one pedestrian visible in or near the intersection?,no,A,high,automatic,main_eval,False,,clear,smolvlm,No,no,True,0.44
junctions,bdeec3db-4796d5a6.jpg,JN_P_03,perception,Is there a vehicle larger than a standard car — such as a bus or truck — visible at this junction?,no,A,high,automatic,main_eval,False,,clear,smolvlm,No,no,True,0.44
junctions,bdeec3db-4796d5a6.jpg,JN_P_05,perception,Are road signs visible at this junction?,yes,A,high,automatic,main_eval,False,,clear,smolvlm,Yes,yes,True,0.44
junctions,bdeec3db-4796d5a6.jpg,JN_P_07,perception,Is this junction scene captured during daytime?,no,A,high,automatic,main_eval,False,,clear,smolvlm,No,no,True,0.44
junctions,bdeec3db-4796d5a6.jpg,JN_P_08,perception,Is any pedestrian visible who appears to be actively crossing the road?,no,B,medium,automatic,main_eval,False,,clear,smolvlm,No,no,True,0.44
junctions,bdeec3db-4796d5a6.jpg,JN_A_01,action,Should the ego vehicle stop before entering this intersection?,yes,A,high,automatic,main_eval,False,,clear,smolvlm,No,no,False,0.44
junctions,bdeec3db-4796d5a6.jpg,JN_A_02,action,Should the driver yield to pedestrians before proceeding through this junction?,no,A,high,automatic,main_eval,False,,clear,smolvlm,No,no,True,0.44
junctions,bdeec3db-4796d5a6.jpg,JN_A_04,action,Should the driver be prepared to brake suddenly at this junction?,yes,A,high,automatic,main_eval,False,,clear,smolvlm,Yes,yes,True,0.44
junctions,bdeec3db-4796d5a6.jpg,JN_A_05,action,Would it be safe to make a right turn at this intersection right now?,no,B,medium,automatic,main_eval,False,,clear,smolvlm,No,no,True,0.44
junctions,bdeec3db-4796d5a6.jpg,JN_A_06,action,Should the driver sound the horn to warn other road users at this junction?,no,B,medium,automatic,main_eval,False,,clear,smolvlm,No,no,True,0.44
junctions,bdeec3db-4796d5a6.jpg,JN_H_01,hazard,Is there a risk of a pedestrian stepping into the path of the ego vehicle?,no,A,high,automatic,main_eval,False,,clear,smolvlm,Yes,yes,False,0.44
junctions,bdeec3db-4796d5a6.jpg,JN_H_02,hazard,Could a large vehicle such as a bus or truck obstruct the driver's sightline at this junction?,no,A,high,automatic,main_eval,False,,clear,smolvlm,Yes,yes,False,0.44
junctions,bdeec3db-4796d5a6.jpg,JN_S_01,scene,Is this a signalised intersection with active traffic lights?,yes,A,high,automatic,main_eval,False,,clear,smolvlm,Yes,yes,True,0.44
junctions,bdeec3db-4796d5a6.jpg,JN_S_03,scene,Is this junction on a highway or high-speed road rather than an urban street?,no,A,high,automatic,main_eval,False,,clear,smolvlm,No,no,True,0.44
junctions,bdeec3db-4796d5a6.jpg,JN_S_04,scene,Is this a nighttime junction scene?,yes,A,high,automatic,main_eval,False,,clear,smolvlm,Yes,yes,True,0.45
junctions,bdeec3db-4796d5a6.jpg,JN_S_05,scene,Does this scene show an unsignalised junction with no traffic lights visible?,no,A,high,automatic,main_eval,False,,clear,smolvlm,Yes,yes,False,0.44
junctions,bdeec3db-4796d5a6.jpg,JN_ADV_03,adversarial,Is there a vehicle currently occupying the centre of the intersection ahead?,no,B,medium,automatic,main_eval,False,,clear,smolvlm,Yes,yes,False,0.44
junctions,bdeec3db-4796d5a6.jpg,JN_ADV_04,adversarial,Are the lane markings at this junction clear enough to identify which lane leads to the intended direction?,yes,A,high,automatic,main_eval,False,,clear,smolvlm,No,no,False,0.44
junctions,bf721457-715b4856.jpg,JN_BASE_01,baseline,Is a traffic light visible in this scene?,yes,A,high,automatic,baseline_only,False,,rainy,smolvlm,Yes,yes,True,0.44
junctions,bf721457-715b4856.jpg,JN_BASE_02,baseline,Is this scene located at an intersection or junction?,yes,A,high,automatic,baseline_only,False,,rainy,smolvlm,Yes,yes,True,0.44
junctions,bf721457-715b4856.jpg,JN_P_01,perception,Are there two or more traffic lights visible in this scene?,yes,A,high,automatic,main_eval,False,,rainy,smolvlm,Yes,yes,True,0.44
junctions,bf721457-715b4856.jpg,JN_P_02,perception,Is at least one pedestrian visible in or near the intersection?,no,A,high,automatic,main_eval,False,,rainy,smolvlm,No,no,True,0.44
junctions,bf721457-715b4856.jpg,JN_P_03,perception,Is there a vehicle larger than a standard car — such as a bus or truck — visible at this junction?,no,A,high,automatic,main_eval,False,,rainy,smolvlm,Yes,yes,False,0.44
junctions,bf721457-715b4856.jpg,JN_P_05,perception,Are road signs visible at this junction?,no,A,high,automatic,main_eval,False,,rainy,smolvlm,No,no,True,0.44
junctions,bf721457-715b4856.jpg,JN_P_07,perception,Is this junction scene captured during daytime?,no,A,high,automatic,main_eval,False,,rainy,smolvlm,No,no,True,0.44
junctions,bf721457-715b4856.jpg,JN_P_08,perception,Is any pedestrian visible who appears to be actively crossing the road?,no,B,medium,automatic,main_eval,False,,rainy,smolvlm,No,no,True,0.44
junctions,bf721457-715b4856.jpg,JN_A_01,action,Should the ego vehicle stop before entering this intersection?,no,A,high,automatic,main_eval,False,,rainy,smolvlm,No,no,True,0.44
junctions,bf721457-715b4856.jpg,JN_A_02,action,Should the driver yield to pedestrians before proceeding through this junction?,no,A,high,automatic,main_eval,False,,rainy,smolvlm,No,no,True,0.44
junctions,bf721457-715b4856.jpg,JN_A_04,action,Should the driver be prepared to brake suddenly at this junction?,no,A,high,automatic,main_eval,False,,rainy,smolvlm,Yes,yes,False,0.44
junctions,bf721457-715b4856.jpg,JN_A_05,action,Would it be safe to make a right turn at this intersection right now?,yes,B,medium,automatic,main_eval,False,,rainy,smolvlm,No,no,False,0.44
junctions,bf721457-715b4856.jpg,JN_A_06,action,Should the driver sound the horn to warn other road users at this junction?,no,B,medium,automatic,main_eval,False,,rainy,smolvlm,No,no,True,0.44
junctions,bf721457-715b4856.jpg,JN_H_01,hazard,Is there a risk of a pedestrian stepping into the path of the ego vehicle?,no,A,high,automatic,main_eval,False,,rainy,smolvlm,Yes,yes,False,0.44
junctions,bf721457-715b4856.jpg,JN_H_02,hazard,Could a large vehicle such as a bus or truck obstruct the driver's sightline at this junction?,no,A,high,automatic,main_eval,False,,rainy,smolvlm,Yes,yes,False,0.44
junctions,bf721457-715b4856.jpg,JN_S_01,scene,Is this a signalised intersection with active traffic lights?,yes,A,high,automatic,main_eval,False,,rainy,smolvlm,Yes,yes,True,0.44
junctions,bf721457-715b4856.jpg,JN_S_03,scene,Is this junction on a highway or high-speed road rather than an urban street?,no,A,high,automatic,main_eval,False,,rainy,smolvlm,No,no,True,0.44
junctions,bf721457-715b4856.jpg,JN_S_04,scene,Is this a nighttime junction scene?,yes,A,high,automatic,main_eval,False,,rainy,smolvlm,Yes,yes,True,0.44
junctions,bf721457-715b4856.jpg,JN_S_05,scene,Does this scene show an unsignalised junction with no traffic lights visible?,no,A,high,automatic,main_eval,False,,rainy,smolvlm,No,no,True,0.44
junctions,bf721457-715b4856.jpg,JN_ADV_01,adversarial,Is the traffic light currently displaying a green signal that permits the ego vehicle to proceed?,yes,A,high,automatic,main_eval,False,,rainy,smolvlm,Yes,yes,True,0.44
junctions,bf721457-715b4856.jpg,JN_ADV_02,adversarial,"Is the traffic light currently displaying red or yellow, requiring the ego vehicle to stop or yield?",no,A,high,automatic,main_eval,False,,rainy,smolvlm,No,no,True,0.44
junctions,bf721457-715b4856.jpg,JN_ADV_03,adversarial,Is there a vehicle currently occupying the centre of the intersection ahead?,no,B,medium,automatic,main_eval,False,,rainy,smolvlm,No,no,True,0.44
junctions,bf721457-715b4856.jpg,JN_ADV_04,adversarial,Are the lane markings at this junction clear enough to identify which lane leads to the intended direction?,yes,A,high,automatic,main_eval,False,,rainy,smolvlm,No,no,False,0.44
junctions,b7c5b8ef-b233d513.jpg,JN_BASE_01,baseline,Is a traffic light visible in this scene?,yes,A,high,automatic,baseline_only,False,,clear,smolvlm,Yes,yes,True,0.44
junctions,b7c5b8ef-b233d513.jpg,JN_BASE_02,baseline,Is this scene located at an intersection or junction?,yes,A,high,automatic,baseline_only,False,,clear,smolvlm,Yes,yes,True,0.44
junctions,b7c5b8ef-b233d513.jpg,JN_P_01,perception,Are there two or more traffic lights visible in this scene?,yes,A,high,automatic,main_eval,False,,clear,smolvlm,Yes,yes,True,0.44
junctions,b7c5b8ef-b233d513.jpg,JN_P_02,perception,Is at least one pedestrian visible in or near the intersection?,no,A,high,automatic,main_eval,False,,clear,smolvlm,No,no,True,0.44
junctions,b7c5b8ef-b233d513.jpg,JN_P_03,perception,Is there a vehicle larger than a standard car — such as a bus or truck — visible at this junction?,no,A,high,automatic,main_eval,False,,clear,smolvlm,No,no,True,0.45
junctions,b7c5b8ef-b233d513.jpg,JN_P_05,perception,Are road signs visible at this junction?,yes,A,high,automatic,main_eval,False,,clear,smolvlm,Yes,yes,True,0.44
junctions,b7c5b8ef-b233d513.jpg,JN_P_07,perception,Is this junction scene captured during daytime?,no,A,high,automatic,main_eval,False,,clear,smolvlm,No,no,True,0.44
junctions,b7c5b8ef-b233d513.jpg,JN_P_08,perception,Is any pedestrian visible who appears to be actively crossing the road?,no,B,medium,automatic,main_eval,False,,clear,smolvlm,No,no,True,0.44
junctions,b7c5b8ef-b233d513.jpg,JN_A_01,action,Should the ego vehicle stop before entering this intersection?,no,A,high,automatic,main_eval,False,,clear,smolvlm,No,no,True,0.44
junctions,b7c5b8ef-b233d513.jpg,JN_A_02,action,Should the driver yield to pedestrians before proceeding through this junction?,no,A,high,automatic,main_eval,False,,clear,smolvlm,No,no,True,0.44
junctions,b7c5b8ef-b233d513.jpg,JN_A_04,action,Should the driver be prepared to brake suddenly at this junction?,no,A,high,automatic,main_eval,False,,clear,smolvlm,Yes,yes,False,0.44
junctions,b7c5b8ef-b233d513.jpg,JN_A_05,action,Would it be safe to make a right turn at this intersection right now?,yes,B,medium,automatic,main_eval,False,,clear,smolvlm,No,no,False,0.44
junctions,b7c5b8ef-b233d513.jpg,JN_A_06,action,Should the driver sound the horn to warn other road users at this junction?,no,B,medium,automatic,main_eval,False,,clear,smolvlm,No,no,True,0.44
junctions,b7c5b8ef-b233d513.jpg,JN_H_01,hazard,Is there a risk of a pedestrian stepping into the path of the ego vehicle?,no,A,high,automatic,main_eval,False,,clear,smolvlm,Yes,yes,False,0.44
junctions,b7c5b8ef-b233d513.jpg,JN_H_02,hazard,Could a large vehicle such as a bus or truck obstruct the driver's sightline at this junction?,no,A,high,automatic,main_eval,False,,clear,smolvlm,Yes,yes,False,0.45
junctions,b7c5b8ef-b233d513.jpg,JN_S_01,scene,Is this a signalised intersection with active traffic lights?,yes,A,high,automatic,main_eval,False,,clear,smolvlm,Yes,yes,True,0.44
junctions,b7c5b8ef-b233d513.jpg,JN_S_03,scene,Is this junction on a highway or high-speed road rather than an urban street?,no,A,high,automatic,main_eval,False,,clear,smolvlm,No,no,True,0.44
junctions,b7c5b8ef-b233d513.jpg,JN_S_04,scene,Is this a nighttime junction scene?,yes,A,high,automatic,main_eval,False,,clear,smolvlm,Yes,yes,True,0.44
junctions,b7c5b8ef-b233d513.jpg,JN_S_05,scene,Does this scene show an unsignalised junction with no traffic lights visible?,no,A,high,automatic,main_eval,False,,clear,smolvlm,Yes,yes,False,0.44
junctions,b7c5b8ef-b233d513.jpg,JN_ADV_01,adversarial,Is the traffic light currently displaying a green signal that permits the ego vehicle to proceed?,yes,A,high,automatic,main_eval,False,,clear,smolvlm,Yes,yes,True,0.44
junctions,b7c5b8ef-b233d513.jpg,JN_ADV_02,adversarial,"Is the traffic light currently displaying red or yellow, requiring the ego vehicle to stop or yield?",no,A,high,automatic,main_eval,False,,clear,smolvlm,No,no,True,0.44
junctions,b7c5b8ef-b233d513.jpg,JN_ADV_03,adversarial,Is there a vehicle currently occupying the centre of the intersection ahead?,no,B,medium,automatic,main_eval,False,,clear,smolvlm,No,no,True,0.44
junctions,b7c5b8ef-b233d513.jpg,JN_ADV_04,adversarial,Are the lane markings at this junction clear enough to identify which lane leads to the intended direction?,yes,A,high,automatic,main_eval,False,,clear,smolvlm,No,no,False,0.44
junctions,b5afd0ea-222fae7e.jpg,JN_BASE_01,baseline,Is a traffic light visible in this scene?,yes,A,high,automatic,baseline_only,False,,rainy,smolvlm,Yes,yes,True,0.44
junctions,b5afd0ea-222fae7e.jpg,JN_BASE_02,baseline,Is this scene located at an intersection or junction?,yes,A,high,automatic,baseline_only,False,,rainy,smolvlm,Yes,yes,True,0.44
junctions,b5afd0ea-222fae7e.jpg,JN_P_01,perception,Are there two or more traffic lights visible in this scene?,yes,A,high,automatic,main_eval,False,,rainy,smolvlm,Yes,yes,True,0.44
junctions,b5afd0ea-222fae7e.jpg,JN_P_02,perception,Is at least one pedestrian visible in or near the intersection?,no,A,high,automatic,main_eval,False,,rainy,smolvlm,No,no,True,0.44
junctions,b5afd0ea-222fae7e.jpg,JN_P_03,perception,Is there a vehicle larger than a standard car — such as a bus or truck — visible at this junction?,no,A,high,automatic,main_eval,False,,rainy,smolvlm,No,no,True,0.44
junctions,b5afd0ea-222fae7e.jpg,JN_P_05,perception,Are road signs visible at this junction?,no,A,high,automatic,main_eval,False,,rainy,smolvlm,No,no,True,0.44
junctions,b5afd0ea-222fae7e.jpg,JN_P_07,perception,Is this junction scene captured during daytime?,no,A,high,automatic,main_eval,False,,rainy,smolvlm,No,no,True,0.44
junctions,b5afd0ea-222fae7e.jpg,JN_P_08,perception,Is any pedestrian visible who appears to be actively crossing the road?,no,B,medium,automatic,main_eval,False,,rainy,smolvlm,No,no,True,0.44
junctions,b5afd0ea-222fae7e.jpg,JN_A_01,action,Should the ego vehicle stop before entering this intersection?,no,A,high,automatic,main_eval,False,,rainy,smolvlm,No,no,True,0.44
junctions,b5afd0ea-222fae7e.jpg,JN_A_02,action,Should the driver yield to pedestrians before proceeding through this junction?,no,A,high,automatic,main_eval,False,,rainy,smolvlm,No,no,True,0.44
junctions,b5afd0ea-222fae7e.jpg,JN_A_04,action,Should the driver be prepared to brake suddenly at this junction?,no,A,high,automatic,main_eval,False,,rainy,smolvlm,Yes,yes,False,0.44
junctions,b5afd0ea-222fae7e.jpg,JN_A_05,action,Would it be safe to make a right turn at this intersection right now?,yes,B,medium,automatic,main_eval,False,,rainy,smolvlm,No,no,False,0.44
junctions,b5afd0ea-222fae7e.jpg,JN_A_06,action,Should the driver sound the horn to warn other road users at this junction?,no,B,medium,automatic,main_eval,False,,rainy,smolvlm,No,no,True,0.44
junctions,b5afd0ea-222fae7e.jpg,JN_H_01,hazard,Is there a risk of a pedestrian stepping into the path of the ego vehicle?,no,A,high,automatic,main_eval,False,,rainy,smolvlm,Yes,yes,False,0.44
junctions,b5afd0ea-222fae7e.jpg,JN_H_02,hazard,Could a large vehicle such as a bus or truck obstruct the driver's sightline at this junction?,no,A,high,automatic,main_eval,False,,rainy,smolvlm,Yes,yes,False,0.44
junctions,b5afd0ea-222fae7e.jpg,JN_S_01,scene,Is this a signalised intersection with active traffic lights?,yes,A,high,automatic,main_eval,False,,rainy,smolvlm,Yes,yes,True,0.44
junctions,b5afd0ea-222fae7e.jpg,JN_S_03,scene,Is this junction on a highway or high-speed road rather than an urban street?,no,A,high,automatic,main_eval,False,,rainy,smolvlm,No,no,True,0.44
junctions,b5afd0ea-222fae7e.jpg,JN_S_04,scene,Is this a nighttime junction scene?,yes,A,high,automatic,main_eval,False,,rainy,smolvlm,Yes,yes,True,0.44
junctions,b5afd0ea-222fae7e.jpg,JN_S_05,scene,Does this scene show an unsignalised junction with no traffic lights visible?,no,A,high,automatic,main_eval,False,,rainy,smolvlm,Yes,yes,False,0.44
junctions,b5afd0ea-222fae7e.jpg,JN_ADV_01,adversarial,Is the traffic light currently displaying a green signal that permits the ego vehicle to proceed?,yes,A,high,automatic,main_eval,False,,rainy,smolvlm,No,no,False,0.44
junctions,b5afd0ea-222fae7e.jpg,JN_ADV_02,adversarial,"Is the traffic light currently displaying red or yellow, requiring the ego vehicle to stop or yield?",no,A,high,automatic,main_eval,False,,rainy,smolvlm,No,no,True,0.44
junctions,b5afd0ea-222fae7e.jpg,JN_ADV_03,adversarial,Is there a vehicle currently occupying the centre of the intersection ahead?,no,B,medium,automatic,main_eval,False,,rainy,smolvlm,No,no,True,0.44
junctions,b5afd0ea-222fae7e.jpg,JN_ADV_04,adversarial,Are the lane markings at this junction clear enough to identify which lane leads to the intended direction?,no,A,high,automatic,main_eval,False,,rainy,smolvlm,No,no,True,0.45
junctions,ba112f29-5452cd9f.jpg,JN_BASE_01,baseline,Is a traffic light visible in this scene?,yes,A,high,automatic,baseline_only,False,,clear,smolvlm,Yes,yes,True,0.44
junctions,ba112f29-5452cd9f.jpg,JN_BASE_02,baseline,Is this scene located at an intersection or junction?,yes,A,high,automatic,baseline_only,False,,clear,smolvlm,Yes,yes,True,0.44
junctions,ba112f29-5452cd9f.jpg,JN_P_01,perception,Are there two or more traffic lights visible in this scene?,yes,A,high,automatic,main_eval,False,,clear,smolvlm,Yes,yes,True,0.44
junctions,ba112f29-5452cd9f.jpg,JN_P_02,perception,Is at least one pedestrian visible in or near the intersection?,no,A,high,automatic,main_eval,False,,clear,smolvlm,No,no,True,0.44
junctions,ba112f29-5452cd9f.jpg,JN_P_03,perception,Is there a vehicle larger than a standard car — such as a bus or truck — visible at this junction?,no,A,high,automatic,main_eval,False,,clear,smolvlm,No,no,True,0.44
junctions,ba112f29-5452cd9f.jpg,JN_P_05,perception,Are road signs visible at this junction?,yes,A,high,automatic,main_eval,False,,clear,smolvlm,Yes,yes,True,0.44
junctions,ba112f29-5452cd9f.jpg,JN_P_07,perception,Is this junction scene captured during daytime?,yes,A,high,automatic,main_eval,False,,clear,smolvlm,Yes,yes,True,0.44
junctions,ba112f29-5452cd9f.jpg,JN_P_08,perception,Is any pedestrian visible who appears to be actively crossing the road?,no,B,medium,automatic,main_eval,False,,clear,smolvlm,No,no,True,0.44
junctions,ba112f29-5452cd9f.jpg,JN_A_01,action,Should the ego vehicle stop before entering this intersection?,yes,A,high,automatic,main_eval,False,,clear,smolvlm,No,no,False,0.44
junctions,ba112f29-5452cd9f.jpg,JN_A_02,action,Should the driver yield to pedestrians before proceeding through this junction?,no,A,high,automatic,main_eval,False,,clear,smolvlm,No,no,True,0.44
junctions,ba112f29-5452cd9f.jpg,JN_A_04,action,Should the driver be prepared to brake suddenly at this junction?,yes,A,high,automatic,main_eval,False,,clear,smolvlm,Yes,yes,True,0.44
junctions,ba112f29-5452cd9f.jpg,JN_A_05,action,Would it be safe to make a right turn at this intersection right now?,no,B,medium,automatic,main_eval,False,,clear,smolvlm,Yes,yes,False,0.44
junctions,ba112f29-5452cd9f.jpg,JN_A_06,action,Should the driver sound the horn to warn other road users at this junction?,no,B,medium,automatic,main_eval,False,,clear,smolvlm,No,no,True,0.44
junctions,ba112f29-5452cd9f.jpg,JN_H_01,hazard,Is there a risk of a pedestrian stepping into the path of the ego vehicle?,no,A,high,automatic,main_eval,False,,clear,smolvlm,No,no,True,0.44
junctions,ba112f29-5452cd9f.jpg,JN_H_02,hazard,Could a large vehicle such as a bus or truck obstruct the driver's sightline at this junction?,no,A,high,automatic,main_eval,False,,clear,smolvlm,No,no,True,0.44
junctions,ba112f29-5452cd9f.jpg,JN_S_01,scene,Is this a signalised intersection with active traffic lights?,yes,A,high,automatic,main_eval,False,,clear,smolvlm,Yes,yes,True,0.44
junctions,ba112f29-5452cd9f.jpg,JN_S_03,scene,Is this junction on a highway or high-speed road rather than an urban street?,no,A,high,automatic,main_eval,False,,clear,smolvlm,No,no,True,0.44
junctions,ba112f29-5452cd9f.jpg,JN_S_04,scene,Is this a nighttime junction scene?,no,A,high,automatic,main_eval,False,,clear,smolvlm,No,no,True,0.44
junctions,ba112f29-5452cd9f.jpg,JN_S_05,scene,Does this scene show an unsignalised junction with no traffic lights visible?,no,A,high,automatic,main_eval,False,,clear,smolvlm,Yes,yes,False,0.44
junctions,ba112f29-5452cd9f.jpg,JN_ADV_03,adversarial,Is there a vehicle currently occupying the centre of the intersection ahead?,no,B,medium,automatic,main_eval,False,,clear,smolvlm,Yes,yes,False,0.44
junctions,ba112f29-5452cd9f.jpg,JN_ADV_04,adversarial,Are the lane markings at this junction clear enough to identify which lane leads to the intended direction?,yes,A,high,automatic,main_eval,False,,clear,smolvlm,Yes,yes,True,0.44
junctions,b3a9281a-74ae5b60.jpg,JN_BASE_01,baseline,Is a traffic light visible in this scene?,yes,A,high,automatic,baseline_only,False,,clear,smolvlm,Yes,yes,True,0.44
junctions,b3a9281a-74ae5b60.jpg,JN_BASE_02,baseline,Is this scene located at an intersection or junction?,yes,A,high,automatic,baseline_only,False,,clear,smolvlm,Yes,yes,True,0.44
junctions,b3a9281a-74ae5b60.jpg,JN_P_01,perception,Are there two or more traffic lights visible in this scene?,yes,A,high,automatic,main_eval,False,,clear,smolvlm,Yes,yes,True,0.44
junctions,b3a9281a-74ae5b60.jpg,JN_P_02,perception,Is at least one pedestrian visible in or near the intersection?,no,A,high,automatic,main_eval,False,,clear,smolvlm,No,no,True,0.44
junctions,b3a9281a-74ae5b60.jpg,JN_P_03,perception,Is there a vehicle larger than a standard car — such as a bus or truck — visible at this junction?,no,A,high,automatic,main_eval,False,,clear,smolvlm,Yes,yes,False,0.44
junctions,b3a9281a-74ae5b60.jpg,JN_P_05,perception,Are road signs visible at this junction?,yes,A,high,automatic,main_eval,False,,clear,smolvlm,Yes,yes,True,0.44
junctions,b3a9281a-74ae5b60.jpg,JN_P_08,perception,Is any pedestrian visible who appears to be actively crossing the road?,no,B,medium,automatic,main_eval,False,,clear,smolvlm,No,no,True,0.44
junctions,b3a9281a-74ae5b60.jpg,JN_A_01,action,Should the ego vehicle stop before entering this intersection?,yes,A,high,automatic,main_eval,False,,clear,smolvlm,No,no,False,0.44
junctions,b3a9281a-74ae5b60.jpg,JN_A_02,action,Should the driver yield to pedestrians before proceeding through this junction?,no,A,high,automatic,main_eval,False,,clear,smolvlm,No,no,True,0.44
junctions,b3a9281a-74ae5b60.jpg,JN_A_04,action,Should the driver be prepared to brake suddenly at this junction?,yes,A,high,automatic,main_eval,False,,clear,smolvlm,Yes,yes,True,0.44
junctions,b3a9281a-74ae5b60.jpg,JN_A_05,action,Would it be safe to make a right turn at this intersection right now?,no,B,medium,automatic,main_eval,False,,clear,smolvlm,No,no,True,0.44
junctions,b3a9281a-74ae5b60.jpg,JN_A_06,action,Should the driver sound the horn to warn other road users at this junction?,no,B,medium,automatic,main_eval,False,,clear,smolvlm,No,no,True,0.44
junctions,b3a9281a-74ae5b60.jpg,JN_H_01,hazard,Is there a risk of a pedestrian stepping into the path of the ego vehicle?,no,A,high,automatic,main_eval,False,,clear,smolvlm,Yes,yes,False,0.44
junctions,b3a9281a-74ae5b60.jpg,JN_H_02,hazard,Could a large vehicle such as a bus or truck obstruct the driver's sightline at this junction?,no,A,high,automatic,main_eval,False,,clear,smolvlm,Yes,yes,False,0.44
junctions,b3a9281a-74ae5b60.jpg,JN_S_01,scene,Is this a signalised intersection with active traffic lights?,yes,A,high,automatic,main_eval,False,,clear,smolvlm,Yes,yes,True,0.44
junctions,b3a9281a-74ae5b60.jpg,JN_S_03,scene,Is this junction on a highway or high-speed road rather than an urban street?,no,A,high,automatic,main_eval,False,,clear,smolvlm,No,no,True,0.44
junctions,b3a9281a-74ae5b60.jpg,JN_S_05,scene,Does this scene show an unsignalised junction with no traffic lights visible?,no,A,high,automatic,main_eval,False,,clear,smolvlm,Yes,yes,False,0.44
junctions,b3a9281a-74ae5b60.jpg,JN_ADV_03,adversarial,Is there a vehicle currently occupying the centre of the intersection ahead?,no,B,medium,automatic,main_eval,False,,clear,smolvlm,Yes,yes,False,0.44
junctions,b3a9281a-74ae5b60.jpg,JN_ADV_04,adversarial,Are the lane markings at this junction clear enough to identify which lane leads to the intended direction?,yes,A,high,automatic,main_eval,False,,clear,smolvlm,No,no,False,0.45
junctions,c8ed2212-b60fa314.jpg,JN_BASE_01,baseline,Is a traffic light visible in this scene?,yes,A,high,automatic,baseline_only,False,,clear,smolvlm,Yes,yes,True,0.44
junctions,c8ed2212-b60fa314.jpg,JN_BASE_02,baseline,Is this scene located at an intersection or junction?,yes,A,high,automatic,baseline_only,False,,clear,smolvlm,Yes,yes,True,0.44
junctions,c8ed2212-b60fa314.jpg,JN_P_01,perception,Are there two or more traffic lights visible in this scene?,yes,A,high,automatic,main_eval,False,,clear,smolvlm,Yes,yes,True,0.44
junctions,c8ed2212-b60fa314.jpg,JN_P_02,perception,Is at least one pedestrian visible in or near the intersection?,no,A,high,automatic,main_eval,False,,clear,smolvlm,No,no,True,0.44
junctions,c8ed2212-b60fa314.jpg,JN_P_03,perception,Is there a vehicle larger than a standard car — such as a bus or truck — visible at this junction?,no,A,high,automatic,main_eval,False,,clear,smolvlm,No,no,True,0.44
junctions,c8ed2212-b60fa314.jpg,JN_P_05,perception,Are road signs visible at this junction?,yes,A,high,automatic,main_eval,False,,clear,smolvlm,Yes,yes,True,0.44
junctions,c8ed2212-b60fa314.jpg,JN_P_07,perception,Is this junction scene captured during daytime?,yes,A,high,automatic,main_eval,False,,clear,smolvlm,Yes,yes,True,0.44
junctions,c8ed2212-b60fa314.jpg,JN_P_08,perception,Is any pedestrian visible who appears to be actively crossing the road?,no,B,medium,automatic,main_eval,False,,clear,smolvlm,No,no,True,0.44
junctions,c8ed2212-b60fa314.jpg,JN_A_01,action,Should the ego vehicle stop before entering this intersection?,no,A,high,automatic,main_eval,False,,clear,smolvlm,No,no,True,0.44
junctions,c8ed2212-b60fa314.jpg,JN_A_02,action,Should the driver yield to pedestrians before proceeding through this junction?,no,A,high,automatic,main_eval,False,,clear,smolvlm,No,no,True,0.44
junctions,c8ed2212-b60fa314.jpg,JN_A_04,action,Should the driver be prepared to brake suddenly at this junction?,no,A,high,automatic,main_eval,False,,clear,smolvlm,Yes,yes,False,0.44
junctions,c8ed2212-b60fa314.jpg,JN_A_05,action,Would it be safe to make a right turn at this intersection right now?,yes,B,medium,automatic,main_eval,False,,clear,smolvlm,No,no,False,0.44
junctions,c8ed2212-b60fa314.jpg,JN_A_06,action,Should the driver sound the horn to warn other road users at this junction?,no,B,medium,automatic,main_eval,False,,clear,smolvlm,No,no,True,0.44
junctions,c8ed2212-b60fa314.jpg,JN_H_01,hazard,Is there a risk of a pedestrian stepping into the path of the ego vehicle?,no,A,high,automatic,main_eval,False,,clear,smolvlm,No,no,True,0.44
junctions,c8ed2212-b60fa314.jpg,JN_H_02,hazard,Could a large vehicle such as a bus or truck obstruct the driver's sightline at this junction?,no,A,high,automatic,main_eval,False,,clear,smolvlm,No,no,True,0.44
junctions,c8ed2212-b60fa314.jpg,JN_S_01,scene,Is this a signalised intersection with active traffic lights?,yes,A,high,automatic,main_eval,False,,clear,smolvlm,Yes,yes,True,0.44
junctions,c8ed2212-b60fa314.jpg,JN_S_03,scene,Is this junction on a highway or high-speed road rather than an urban street?,no,A,high,automatic,main_eval,False,,clear,smolvlm,No,no,True,0.44
junctions,c8ed2212-b60fa314.jpg,JN_S_04,scene,Is this a nighttime junction scene?,no,A,high,automatic,main_eval,False,,clear,smolvlm,No,no,True,0.44
junctions,c8ed2212-b60fa314.jpg,JN_S_05,scene,Does this scene show an unsignalised junction with no traffic lights visible?,no,A,high,automatic,main_eval,False,,clear,smolvlm,Yes,yes,False,0.44
junctions,c8ed2212-b60fa314.jpg,JN_ADV_01,adversarial,Is the traffic light currently displaying a green signal that permits the ego vehicle to proceed?,yes,A,high,automatic,main_eval,False,,clear,smolvlm,Yes,yes,True,0.44
junctions,c8ed2212-b60fa314.jpg,JN_ADV_02,adversarial,"Is the traffic light currently displaying red or yellow, requiring the ego vehicle to stop or yield?",no,A,high,automatic,main_eval,False,,clear,smolvlm,No,no,True,0.44
junctions,c8ed2212-b60fa314.jpg,JN_ADV_03,adversarial,Is there a vehicle currently occupying the centre of the intersection ahead?,no,B,medium,automatic,main_eval,False,,clear,smolvlm,No,no,True,0.44
junctions,c8ed2212-b60fa314.jpg,JN_ADV_04,adversarial,Are the lane markings at this junction clear enough to identify which lane leads to the intended direction?,yes,A,high,automatic,main_eval,False,,clear,smolvlm,Yes,yes,True,0.44
junctions,c33251a6-812a0ea8.jpg,JN_BASE_01,baseline,Is a traffic light visible in this scene?,yes,A,high,automatic,baseline_only,False,,clear,smolvlm,Yes,yes,True,0.44
junctions,c33251a6-812a0ea8.jpg,JN_BASE_02,baseline,Is this scene located at an intersection or junction?,yes,A,high,automatic,baseline_only,False,,clear,smolvlm,Yes,yes,True,0.44
junctions,c33251a6-812a0ea8.jpg,JN_P_01,perception,Are there two or more traffic lights visible in this scene?,yes,A,high,automatic,main_eval,False,,clear,smolvlm,Yes,yes,True,0.44
junctions,c33251a6-812a0ea8.jpg,JN_P_02,perception,Is at least one pedestrian visible in or near the intersection?,no,A,high,automatic,main_eval,False,,clear,smolvlm,No,no,True,0.44
junctions,c33251a6-812a0ea8.jpg,JN_P_03,perception,Is there a vehicle larger than a standard car — such as a bus or truck — visible at this junction?,yes,A,high,automatic,main_eval,False,,clear,smolvlm,Yes,yes,True,0.44
junctions,c33251a6-812a0ea8.jpg,JN_P_05,perception,Are road signs visible at this junction?,yes,A,high,automatic,main_eval,False,,clear,smolvlm,No,no,False,0.44
junctions,c33251a6-812a0ea8.jpg,JN_P_07,perception,Is this junction scene captured during daytime?,no,A,high,automatic,main_eval,False,,clear,smolvlm,No,no,True,0.44
junctions,c33251a6-812a0ea8.jpg,JN_P_08,perception,Is any pedestrian visible who appears to be actively crossing the road?,no,B,medium,automatic,main_eval,False,,clear,smolvlm,No,no,True,0.44
junctions,c33251a6-812a0ea8.jpg,JN_A_01,action,Should the ego vehicle stop before entering this intersection?,yes,A,high,automatic,main_eval,False,,clear,smolvlm,No,no,False,0.44
junctions,c33251a6-812a0ea8.jpg,JN_A_02,action,Should the driver yield to pedestrians before proceeding through this junction?,no,A,high,automatic,main_eval,False,,clear,smolvlm,Yes,yes,False,0.44
junctions,c33251a6-812a0ea8.jpg,JN_A_04,action,Should the driver be prepared to brake suddenly at this junction?,yes,A,high,automatic,main_eval,False,,clear,smolvlm,Yes,yes,True,0.44
junctions,c33251a6-812a0ea8.jpg,JN_A_05,action,Would it be safe to make a right turn at this intersection right now?,no,B,medium,automatic,main_eval,False,,clear,smolvlm,No,no,True,0.44
junctions,c33251a6-812a0ea8.jpg,JN_A_06,action,Should the driver sound the horn to warn other road users at this junction?,no,B,medium,automatic,main_eval,False,,clear,smolvlm,No,no,True,0.44
junctions,c33251a6-812a0ea8.jpg,JN_H_01,hazard,Is there a risk of a pedestrian stepping into the path of the ego vehicle?,no,A,high,automatic,main_eval,False,,clear,smolvlm,Yes,yes,False,0.44
junctions,c33251a6-812a0ea8.jpg,JN_H_02,hazard,Could a large vehicle such as a bus or truck obstruct the driver's sightline at this junction?,yes,A,high,automatic,main_eval,False,,clear,smolvlm,Yes,yes,True,0.44
junctions,c33251a6-812a0ea8.jpg,JN_S_01,scene,Is this a signalised intersection with active traffic lights?,yes,A,high,automatic,main_eval,False,,clear,smolvlm,Yes,yes,True,0.44
junctions,c33251a6-812a0ea8.jpg,JN_S_03,scene,Is this junction on a highway or high-speed road rather than an urban street?,no,A,high,automatic,main_eval,False,,clear,smolvlm,No,no,True,0.44
junctions,c33251a6-812a0ea8.jpg,JN_S_04,scene,Is this a nighttime junction scene?,yes,A,high,automatic,main_eval,False,,clear,smolvlm,Yes,yes,True,0.44
junctions,c33251a6-812a0ea8.jpg,JN_S_05,scene,Does this scene show an unsignalised junction with no traffic lights visible?,no,A,high,automatic,main_eval,False,,clear,smolvlm,Yes,yes,False,0.45
junctions,c33251a6-812a0ea8.jpg,JN_ADV_03,adversarial,Is there a vehicle currently occupying the centre of the intersection ahead?,yes,B,medium,automatic,main_eval,False,,clear,smolvlm,Yes,yes,True,0.44
junctions,c33251a6-812a0ea8.jpg,JN_ADV_04,adversarial,Are the lane markings at this junction clear enough to identify which lane leads to the intended direction?,yes,A,high,automatic,main_eval,False,,clear,smolvlm,No,no,False,0.44
junctions,b66f7339-b14741dc.jpg,JN_BASE_01,baseline,Is a traffic light visible in this scene?,yes,A,high,automatic,baseline_only,False,,clear,smolvlm,Yes,yes,True,0.44
junctions,b66f7339-b14741dc.jpg,JN_BASE_02,baseline,Is this scene located at an intersection or junction?,yes,A,high,automatic,baseline_only,False,,clear,smolvlm,Yes,yes,True,0.44
junctions,b66f7339-b14741dc.jpg,JN_P_01,perception,Are there two or more traffic lights visible in this scene?,yes,A,high,automatic,main_eval,False,,clear,smolvlm,Yes,yes,True,0.44
junctions,b66f7339-b14741dc.jpg,JN_P_02,perception,Is at least one pedestrian visible in or near the intersection?,no,A,high,automatic,main_eval,False,,clear,smolvlm,No,no,True,0.44
junctions,b66f7339-b14741dc.jpg,JN_P_03,perception,Is there a vehicle larger than a standard car — such as a bus or truck — visible at this junction?,no,A,high,automatic,main_eval,False,,clear,smolvlm,No,no,True,0.44
junctions,b66f7339-b14741dc.jpg,JN_P_07,perception,Is this junction scene captured during daytime?,no,A,high,automatic,main_eval,False,,clear,smolvlm,No,no,True,0.44
junctions,b66f7339-b14741dc.jpg,JN_P_08,perception,Is any pedestrian visible who appears to be actively crossing the road?,no,B,medium,automatic,main_eval,False,,clear,smolvlm,No,no,True,0.44
junctions,b66f7339-b14741dc.jpg,JN_A_01,action,Should the ego vehicle stop before entering this intersection?,yes,A,high,automatic,main_eval,False,,clear,smolvlm,No,no,False,0.44
junctions,b66f7339-b14741dc.jpg,JN_A_02,action,Should the driver yield to pedestrians before proceeding through this junction?,no,A,high,automatic,main_eval,False,,clear,smolvlm,No,no,True,0.44
junctions,b66f7339-b14741dc.jpg,JN_A_04,action,Should the driver be prepared to brake suddenly at this junction?,yes,A,high,automatic,main_eval,False,,clear,smolvlm,Yes,yes,True,0.44
junctions,b66f7339-b14741dc.jpg,JN_A_05,action,Would it be safe to make a right turn at this intersection right now?,no,B,medium,automatic,main_eval,False,,clear,smolvlm,No,no,True,0.44
junctions,b66f7339-b14741dc.jpg,JN_A_06,action,Should the driver sound the horn to warn other road users at this junction?,no,B,medium,automatic,main_eval,False,,clear,smolvlm,No,no,True,0.44
junctions,b66f7339-b14741dc.jpg,JN_H_01,hazard,Is there a risk of a pedestrian stepping into the path of the ego vehicle?,no,A,high,automatic,main_eval,False,,clear,smolvlm,Yes,yes,False,0.44
junctions,b66f7339-b14741dc.jpg,JN_H_02,hazard,Could a large vehicle such as a bus or truck obstruct the driver's sightline at this junction?,no,A,high,automatic,main_eval,False,,clear,smolvlm,Yes,yes,False,0.44
junctions,b66f7339-b14741dc.jpg,JN_S_01,scene,Is this a signalised intersection with active traffic lights?,yes,A,high,automatic,main_eval,False,,clear,smolvlm,Yes,yes,True,0.44
junctions,b66f7339-b14741dc.jpg,JN_S_03,scene,Is this junction on a highway or high-speed road rather than an urban street?,no,A,high,automatic,main_eval,False,,clear,smolvlm,No,no,True,0.44
junctions,b66f7339-b14741dc.jpg,JN_S_04,scene,Is this a nighttime junction scene?,yes,A,high,automatic,main_eval,False,,clear,smolvlm,Yes,yes,True,0.44
junctions,b66f7339-b14741dc.jpg,JN_S_05,scene,Does this scene show an unsignalised junction with no traffic lights visible?,no,A,high,automatic,main_eval,False,,clear,smolvlm,Yes,yes,False,0.44
junctions,b66f7339-b14741dc.jpg,JN_ADV_03,adversarial,Is there a vehicle currently occupying the centre of the intersection ahead?,no,B,medium,automatic,main_eval,False,,clear,smolvlm,No,no,True,0.44
junctions,b66f7339-b14741dc.jpg,JN_ADV_04,adversarial,Are the lane markings at this junction clear enough to identify which lane leads to the intended direction?,no,A,high,automatic,main_eval,False,,clear,smolvlm,Yes,yes,False,0.44
junctions,be3d3a81-326a032d.jpg,JN_BASE_01,baseline,Is a traffic light visible in this scene?,yes,A,high,automatic,baseline_only,False,,rainy,smolvlm,Yes,yes,True,0.44
junctions,be3d3a81-326a032d.jpg,JN_BASE_02,baseline,Is this scene located at an intersection or junction?,yes,A,high,automatic,baseline_only,False,,rainy,smolvlm,Yes,yes,True,0.44
junctions,be3d3a81-326a032d.jpg,JN_P_01,perception,Are there two or more traffic lights visible in this scene?,yes,A,high,automatic,main_eval,False,,rainy,smolvlm,Yes,yes,True,0.44
junctions,be3d3a81-326a032d.jpg,JN_P_02,perception,Is at least one pedestrian visible in or near the intersection?,no,A,high,automatic,main_eval,False,,rainy,smolvlm,No,no,True,0.44
junctions,be3d3a81-326a032d.jpg,JN_P_03,perception,Is there a vehicle larger than a standard car — such as a bus or truck — visible at this junction?,yes,A,high,automatic,main_eval,False,,rainy,smolvlm,No,no,False,0.44
junctions,be3d3a81-326a032d.jpg,JN_P_05,perception,Are road signs visible at this junction?,yes,A,high,automatic,main_eval,False,,rainy,smolvlm,Yes,yes,True,0.44
junctions,be3d3a81-326a032d.jpg,JN_P_07,perception,Is this junction scene captured during daytime?,yes,A,high,automatic,main_eval,False,,rainy,smolvlm,Yes,yes,True,0.44
junctions,be3d3a81-326a032d.jpg,JN_P_08,perception,Is any pedestrian visible who appears to be actively crossing the road?,no,B,medium,automatic,main_eval,False,,rainy,smolvlm,No,no,True,0.44
junctions,be3d3a81-326a032d.jpg,JN_A_01,action,Should the ego vehicle stop before entering this intersection?,yes,A,high,automatic,main_eval,False,,rainy,smolvlm,Yes,yes,True,0.44
junctions,be3d3a81-326a032d.jpg,JN_A_02,action,Should the driver yield to pedestrians before proceeding through this junction?,no,A,high,automatic,main_eval,False,,rainy,smolvlm,No,no,True,0.44
junctions,be3d3a81-326a032d.jpg,JN_A_04,action,Should the driver be prepared to brake suddenly at this junction?,yes,A,high,automatic,main_eval,False,,rainy,smolvlm,Yes,yes,True,0.44
junctions,be3d3a81-326a032d.jpg,JN_A_05,action,Would it be safe to make a right turn at this intersection right now?,no,B,medium,automatic,main_eval,False,,rainy,smolvlm,No,no,True,0.44
junctions,be3d3a81-326a032d.jpg,JN_A_06,action,Should the driver sound the horn to warn other road users at this junction?,no,B,medium,automatic,main_eval,False,,rainy,smolvlm,No,no,True,0.44
junctions,be3d3a81-326a032d.jpg,JN_H_01,hazard,Is there a risk of a pedestrian stepping into the path of the ego vehicle?,no,A,high,automatic,main_eval,False,,rainy,smolvlm,Yes,yes,False,0.44
junctions,be3d3a81-326a032d.jpg,JN_H_02,hazard,Could a large vehicle such as a bus or truck obstruct the driver's sightline at this junction?,yes,A,high,automatic,main_eval,False,,rainy,smolvlm,No,no,False,0.44
junctions,be3d3a81-326a032d.jpg,JN_S_01,scene,Is this a signalised intersection with active traffic lights?,yes,A,high,automatic,main_eval,False,,rainy,smolvlm,Yes,yes,True,0.44
junctions,be3d3a81-326a032d.jpg,JN_S_03,scene,Is this junction on a highway or high-speed road rather than an urban street?,no,A,high,automatic,main_eval,False,,rainy,smolvlm,No,no,True,0.44
junctions,be3d3a81-326a032d.jpg,JN_S_04,scene,Is this a nighttime junction scene?,no,A,high,automatic,main_eval,False,,rainy,smolvlm,No,no,True,0.44
junctions,be3d3a81-326a032d.jpg,JN_S_05,scene,Does this scene show an unsignalised junction with no traffic lights visible?,no,A,high,automatic,main_eval,False,,rainy,smolvlm,Yes,yes,False,0.44
junctions,be3d3a81-326a032d.jpg,JN_ADV_03,adversarial,Is there a vehicle currently occupying the centre of the intersection ahead?,no,B,medium,automatic,main_eval,False,,rainy,smolvlm,No,no,True,0.44
junctions,be3d3a81-326a032d.jpg,JN_ADV_04,adversarial,Are the lane markings at this junction clear enough to identify which lane leads to the intended direction?,yes,A,high,automatic,main_eval,False,,rainy,smolvlm,No,no,False,0.44
junctions,bc45ad96-42d305c5.jpg,JN_BASE_01,baseline,Is a traffic light visible in this scene?,yes,A,high,automatic,baseline_only,False,,clear,smolvlm,Yes,yes,True,0.44
junctions,bc45ad96-42d305c5.jpg,JN_BASE_02,baseline,Is this scene located at an intersection or junction?,yes,A,high,automatic,baseline_only,False,,clear,smolvlm,Yes,yes,True,0.44
junctions,bc45ad96-42d305c5.jpg,JN_P_01,perception,Are there two or more traffic lights visible in this scene?,yes,A,high,automatic,main_eval,False,,clear,smolvlm,Yes,yes,True,0.44
junctions,bc45ad96-42d305c5.jpg,JN_P_02,perception,Is at least one pedestrian visible in or near the intersection?,no,A,high,automatic,main_eval,False,,clear,smolvlm,Yes,yes,False,0.44
junctions,bc45ad96-42d305c5.jpg,JN_P_03,perception,Is there a vehicle larger than a standard car — such as a bus or truck — visible at this junction?,no,A,high,automatic,main_eval,False,,clear,smolvlm,No,no,True,0.44
junctions,bc45ad96-42d305c5.jpg,JN_P_07,perception,Is this junction scene captured during daytime?,no,A,high,automatic,main_eval,False,,clear,smolvlm,No,no,True,0.44
junctions,bc45ad96-42d305c5.jpg,JN_P_08,perception,Is any pedestrian visible who appears to be actively crossing the road?,no,B,medium,automatic,main_eval,False,,clear,smolvlm,No,no,True,0.44
junctions,bc45ad96-42d305c5.jpg,JN_A_01,action,Should the ego vehicle stop before entering this intersection?,yes,A,high,automatic,main_eval,False,,clear,smolvlm,No,no,False,0.44
junctions,bc45ad96-42d305c5.jpg,JN_A_02,action,Should the driver yield to pedestrians before proceeding through this junction?,no,A,high,automatic,main_eval,False,,clear,smolvlm,Yes,yes,False,0.44
junctions,bc45ad96-42d305c5.jpg,JN_A_04,action,Should the driver be prepared to brake suddenly at this junction?,yes,A,high,automatic,main_eval,False,,clear,smolvlm,Yes,yes,True,0.44
junctions,bc45ad96-42d305c5.jpg,JN_A_05,action,Would it be safe to make a right turn at this intersection right now?,no,B,medium,automatic,main_eval,False,,clear,smolvlm,No,no,True,0.44
junctions,bc45ad96-42d305c5.jpg,JN_A_06,action,Should the driver sound the horn to warn other road users at this junction?,no,B,medium,automatic,main_eval,False,,clear,smolvlm,No,no,True,0.44
junctions,bc45ad96-42d305c5.jpg,JN_H_01,hazard,Is there a risk of a pedestrian stepping into the path of the ego vehicle?,no,A,high,automatic,main_eval,False,,clear,smolvlm,Yes,yes,False,0.44
junctions,bc45ad96-42d305c5.jpg,JN_H_02,hazard,Could a large vehicle such as a bus or truck obstruct the driver's sightline at this junction?,no,A,high,automatic,main_eval,False,,clear,smolvlm,Yes,yes,False,0.44
junctions,bc45ad96-42d305c5.jpg,JN_S_01,scene,Is this a signalised intersection with active traffic lights?,yes,A,high,automatic,main_eval,False,,clear,smolvlm,Yes,yes,True,0.44
junctions,bc45ad96-42d305c5.jpg,JN_S_03,scene,Is this junction on a highway or high-speed road rather than an urban street?,no,A,high,automatic,main_eval,False,,clear,smolvlm,No,no,True,0.44
junctions,bc45ad96-42d305c5.jpg,JN_S_04,scene,Is this a nighttime junction scene?,yes,A,high,automatic,main_eval,False,,clear,smolvlm,Yes,yes,True,0.44
junctions,bc45ad96-42d305c5.jpg,JN_S_05,scene,Does this scene show an unsignalised junction with no traffic lights visible?,no,A,high,automatic,main_eval,False,,clear,smolvlm,Yes,yes,False,0.44
junctions,bc45ad96-42d305c5.jpg,JN_ADV_03,adversarial,Is there a vehicle currently occupying the centre of the intersection ahead?,yes,B,medium,automatic,main_eval,False,,clear,smolvlm,No,no,False,0.44
junctions,bc45ad96-42d305c5.jpg,JN_ADV_04,adversarial,Are the lane markings at this junction clear enough to identify which lane leads to the intended direction?,yes,A,high,automatic,main_eval,False,,clear,smolvlm,No,no,False,0.44
junctions,c836d9b9-215a90eb.jpg,JN_BASE_01,baseline,Is a traffic light visible in this scene?,yes,A,high,automatic,baseline_only,False,,clear,smolvlm,Yes,yes,True,0.44
junctions,c836d9b9-215a90eb.jpg,JN_BASE_02,baseline,Is this scene located at an intersection or junction?,yes,A,high,automatic,baseline_only,False,,clear,smolvlm,Yes,yes,True,0.44
junctions,c836d9b9-215a90eb.jpg,JN_P_01,perception,Are there two or more traffic lights visible in this scene?,yes,A,high,automatic,main_eval,False,,clear,smolvlm,Yes,yes,True,0.44
junctions,c836d9b9-215a90eb.jpg,JN_P_02,perception,Is at least one pedestrian visible in or near the intersection?,no,A,high,automatic,main_eval,False,,clear,smolvlm,No,no,True,0.44
junctions,c836d9b9-215a90eb.jpg,JN_P_03,perception,Is there a vehicle larger than a standard car — such as a bus or truck — visible at this junction?,no,A,high,automatic,main_eval,False,,clear,smolvlm,No,no,True,0.44
junctions,c836d9b9-215a90eb.jpg,JN_P_05,perception,Are road signs visible at this junction?,yes,A,high,automatic,main_eval,False,,clear,smolvlm,No,no,False,0.44
junctions,c836d9b9-215a90eb.jpg,JN_P_07,perception,Is this junction scene captured during daytime?,no,A,high,automatic,main_eval,False,,clear,smolvlm,No,no,True,0.44
junctions,c836d9b9-215a90eb.jpg,JN_P_08,perception,Is any pedestrian visible who appears to be actively crossing the road?,no,B,medium,automatic,main_eval,False,,clear,smolvlm,No,no,True,0.44
junctions,c836d9b9-215a90eb.jpg,JN_A_01,action,Should the ego vehicle stop before entering this intersection?,yes,A,high,automatic,main_eval,False,,clear,smolvlm,Yes,yes,True,0.44
junctions,c836d9b9-215a90eb.jpg,JN_A_02,action,Should the driver yield to pedestrians before proceeding through this junction?,no,A,high,automatic,main_eval,False,,clear,smolvlm,Yes,yes,False,0.44
junctions,c836d9b9-215a90eb.jpg,JN_A_04,action,Should the driver be prepared to brake suddenly at this junction?,yes,A,high,automatic,main_eval,False,,clear,smolvlm,Yes,yes,True,0.44
junctions,c836d9b9-215a90eb.jpg,JN_A_05,action,Would it be safe to make a right turn at this intersection right now?,no,B,medium,automatic,main_eval,False,,clear,smolvlm,No,no,True,0.44
junctions,c836d9b9-215a90eb.jpg,JN_A_06,action,Should the driver sound the horn to warn other road users at this junction?,no,B,medium,automatic,main_eval,False,,clear,smolvlm,No,no,True,0.44
junctions,c836d9b9-215a90eb.jpg,JN_H_01,hazard,Is there a risk of a pedestrian stepping into the path of the ego vehicle?,no,A,high,automatic,main_eval,False,,clear,smolvlm,Yes,yes,False,0.44
junctions,c836d9b9-215a90eb.jpg,JN_H_02,hazard,Could a large vehicle such as a bus or truck obstruct the driver's sightline at this junction?,no,A,high,automatic,main_eval,False,,clear,smolvlm,No,no,True,0.44
junctions,c836d9b9-215a90eb.jpg,JN_S_01,scene,Is this a signalised intersection with active traffic lights?,yes,A,high,automatic,main_eval,False,,clear,smolvlm,Yes,yes,True,0.44
junctions,c836d9b9-215a90eb.jpg,JN_S_03,scene,Is this junction on a highway or high-speed road rather than an urban street?,no,A,high,automatic,main_eval,False,,clear,smolvlm,No,no,True,0.44
junctions,c836d9b9-215a90eb.jpg,JN_S_04,scene,Is this a nighttime junction scene?,yes,A,high,automatic,main_eval,False,,clear,smolvlm,Yes,yes,True,0.44
junctions,c836d9b9-215a90eb.jpg,JN_S_05,scene,Does this scene show an unsignalised junction with no traffic lights visible?,no,A,high,automatic,main_eval,False,,clear,smolvlm,Yes,yes,False,0.44
junctions,c836d9b9-215a90eb.jpg,JN_ADV_01,adversarial,Is the traffic light currently displaying a green signal that permits the ego vehicle to proceed?,no,A,high,automatic,main_eval,False,,clear,smolvlm,No,no,True,0.44
junctions,c836d9b9-215a90eb.jpg,JN_ADV_02,adversarial,"Is the traffic light currently displaying red or yellow, requiring the ego vehicle to stop or yield?",yes,A,high,automatic,main_eval,False,,clear,smolvlm,Yes,yes,True,0.44
junctions,c836d9b9-215a90eb.jpg,JN_ADV_03,adversarial,Is there a vehicle currently occupying the centre of the intersection ahead?,no,B,medium,automatic,main_eval,False,,clear,smolvlm,Yes,yes,False,0.44
junctions,c836d9b9-215a90eb.jpg,JN_ADV_04,adversarial,Are the lane markings at this junction clear enough to identify which lane leads to the intended direction?,yes,A,high,automatic,main_eval,False,,clear,smolvlm,Yes,yes,True,0.44
junctions,c45b2e04-5689b375.jpg,JN_BASE_01,baseline,Is a traffic light visible in this scene?,yes,A,high,automatic,baseline_only,False,,overcast,smolvlm,Yes,yes,True,0.45
junctions,c45b2e04-5689b375.jpg,JN_BASE_02,baseline,Is this scene located at an intersection or junction?,yes,A,high,automatic,baseline_only,False,,overcast,smolvlm,Yes,yes,True,0.44
junctions,c45b2e04-5689b375.jpg,JN_P_01,perception,Are there two or more traffic lights visible in this scene?,yes,A,high,automatic,main_eval,False,,overcast,smolvlm,Yes,yes,True,0.44
junctions,c45b2e04-5689b375.jpg,JN_P_02,perception,Is at least one pedestrian visible in or near the intersection?,no,A,high,automatic,main_eval,False,,overcast,smolvlm,No,no,True,0.44
junctions,c45b2e04-5689b375.jpg,JN_P_03,perception,Is there a vehicle larger than a standard car — such as a bus or truck — visible at this junction?,yes,A,high,automatic,main_eval,False,,overcast,smolvlm,No,no,False,0.44
junctions,c45b2e04-5689b375.jpg,JN_P_05,perception,Are road signs visible at this junction?,yes,A,high,automatic,main_eval,False,,overcast,smolvlm,Yes,yes,True,0.44
junctions,c45b2e04-5689b375.jpg,JN_P_08,perception,Is any pedestrian visible who appears to be actively crossing the road?,no,B,medium,automatic,main_eval,False,,overcast,smolvlm,No,no,True,0.44
junctions,c45b2e04-5689b375.jpg,JN_A_01,action,Should the ego vehicle stop before entering this intersection?,yes,A,high,automatic,main_eval,False,,overcast,smolvlm,No,no,False,0.44
junctions,c45b2e04-5689b375.jpg,JN_A_02,action,Should the driver yield to pedestrians before proceeding through this junction?,no,A,high,automatic,main_eval,False,,overcast,smolvlm,No,no,True,0.44
junctions,c45b2e04-5689b375.jpg,JN_A_04,action,Should the driver be prepared to brake suddenly at this junction?,yes,A,high,automatic,main_eval,False,,overcast,smolvlm,Yes,yes,True,0.44
junctions,c45b2e04-5689b375.jpg,JN_A_05,action,Would it be safe to make a right turn at this intersection right now?,yes,B,medium,automatic,main_eval,False,,overcast,smolvlm,No,no,False,0.44
junctions,c45b2e04-5689b375.jpg,JN_A_06,action,Should the driver sound the horn to warn other road users at this junction?,no,B,medium,automatic,main_eval,False,,overcast,smolvlm,No,no,True,0.44
junctions,c45b2e04-5689b375.jpg,JN_H_01,hazard,Is there a risk of a pedestrian stepping into the path of the ego vehicle?,no,A,high,automatic,main_eval,False,,overcast,smolvlm,No,no,True,0.44
junctions,c45b2e04-5689b375.jpg,JN_H_02,hazard,Could a large vehicle such as a bus or truck obstruct the driver's sightline at this junction?,yes,A,high,automatic,main_eval,False,,overcast,smolvlm,Yes,yes,True,0.44
junctions,c45b2e04-5689b375.jpg,JN_S_01,scene,Is this a signalised intersection with active traffic lights?,yes,A,high,automatic,main_eval,False,,overcast,smolvlm,Yes,yes,True,0.44
junctions,c45b2e04-5689b375.jpg,JN_S_03,scene,Is this junction on a highway or high-speed road rather than an urban street?,no,A,high,automatic,main_eval,False,,overcast,smolvlm,No,no,True,0.44
junctions,c45b2e04-5689b375.jpg,JN_S_05,scene,Does this scene show an unsignalised junction with no traffic lights visible?,no,A,high,automatic,main_eval,False,,overcast,smolvlm,Yes,yes,False,0.44
junctions,c45b2e04-5689b375.jpg,JN_ADV_01,adversarial,Is the traffic light currently displaying a green signal that permits the ego vehicle to proceed?,yes,A,high,automatic,main_eval,False,,overcast,smolvlm,Yes,yes,True,0.44
junctions,c45b2e04-5689b375.jpg,JN_ADV_02,adversarial,"Is the traffic light currently displaying red or yellow, requiring the ego vehicle to stop or yield?",yes,A,high,automatic,main_eval,False,,overcast,smolvlm,No,no,False,0.44
junctions,c45b2e04-5689b375.jpg,JN_ADV_03,adversarial,Is there a vehicle currently occupying the centre of the intersection ahead?,no,B,medium,automatic,main_eval,False,,overcast,smolvlm,No,no,True,0.44
junctions,c45b2e04-5689b375.jpg,JN_ADV_04,adversarial,Are the lane markings at this junction clear enough to identify which lane leads to the intended direction?,yes,A,high,automatic,main_eval,False,,overcast,smolvlm,Yes,yes,True,0.44
junctions,b4e86b41-b15ff7cb.jpg,JN_BASE_01,baseline,Is a traffic light visible in this scene?,yes,A,high,automatic,baseline_only,False,,clear,smolvlm,Yes,yes,True,0.44
junctions,b4e86b41-b15ff7cb.jpg,JN_BASE_02,baseline,Is this scene located at an intersection or junction?,yes,A,high,automatic,baseline_only,False,,clear,smolvlm,Yes,yes,True,0.44
junctions,b4e86b41-b15ff7cb.jpg,JN_P_01,perception,Are there two or more traffic lights visible in this scene?,yes,A,high,automatic,main_eval,False,,clear,smolvlm,Yes,yes,True,0.44
junctions,b4e86b41-b15ff7cb.jpg,JN_P_02,perception,Is at least one pedestrian visible in or near the intersection?,no,A,high,automatic,main_eval,False,,clear,smolvlm,No,no,True,0.44
junctions,b4e86b41-b15ff7cb.jpg,JN_P_03,perception,Is there a vehicle larger than a standard car — such as a bus or truck — visible at this junction?,no,A,high,automatic,main_eval,False,,clear,smolvlm,No,no,True,0.44
junctions,b4e86b41-b15ff7cb.jpg,JN_P_05,perception,Are road signs visible at this junction?,yes,A,high,automatic,main_eval,False,,clear,smolvlm,No,no,False,0.44
junctions,b4e86b41-b15ff7cb.jpg,JN_P_07,perception,Is this junction scene captured during daytime?,no,A,high,automatic,main_eval,False,,clear,smolvlm,No,no,True,0.44
junctions,b4e86b41-b15ff7cb.jpg,JN_P_08,perception,Is any pedestrian visible who appears to be actively crossing the road?,no,B,medium,automatic,main_eval,False,,clear,smolvlm,No,no,True,0.44
junctions,b4e86b41-b15ff7cb.jpg,JN_A_01,action,Should the ego vehicle stop before entering this intersection?,yes,A,high,automatic,main_eval,False,,clear,smolvlm,No,no,False,0.44
junctions,b4e86b41-b15ff7cb.jpg,JN_A_02,action,Should the driver yield to pedestrians before proceeding through this junction?,no,A,high,automatic,main_eval,False,,clear,smolvlm,Yes,yes,False,0.44
junctions,b4e86b41-b15ff7cb.jpg,JN_A_04,action,Should the driver be prepared to brake suddenly at this junction?,yes,A,high,automatic,main_eval,False,,clear,smolvlm,Yes,yes,True,0.44
junctions,b4e86b41-b15ff7cb.jpg,JN_A_05,action,Would it be safe to make a right turn at this intersection right now?,no,B,medium,automatic,main_eval,False,,clear,smolvlm,No,no,True,0.44
junctions,b4e86b41-b15ff7cb.jpg,JN_A_06,action,Should the driver sound the horn to warn other road users at this junction?,no,B,medium,automatic,main_eval,False,,clear,smolvlm,No,no,True,0.44
junctions,b4e86b41-b15ff7cb.jpg,JN_H_01,hazard,Is there a risk of a pedestrian stepping into the path of the ego vehicle?,no,A,high,automatic,main_eval,False,,clear,smolvlm,Yes,yes,False,0.44
junctions,b4e86b41-b15ff7cb.jpg,JN_H_02,hazard,Could a large vehicle such as a bus or truck obstruct the driver's sightline at this junction?,no,A,high,automatic,main_eval,False,,clear,smolvlm,Yes,yes,False,0.44
junctions,b4e86b41-b15ff7cb.jpg,JN_S_01,scene,Is this a signalised intersection with active traffic lights?,yes,A,high,automatic,main_eval,False,,clear,smolvlm,Yes,yes,True,0.44
junctions,b4e86b41-b15ff7cb.jpg,JN_S_03,scene,Is this junction on a highway or high-speed road rather than an urban street?,no,A,high,automatic,main_eval,False,,clear,smolvlm,No,no,True,0.44
junctions,b4e86b41-b15ff7cb.jpg,JN_S_04,scene,Is this a nighttime junction scene?,yes,A,high,automatic,main_eval,False,,clear,smolvlm,Yes,yes,True,0.44
junctions,b4e86b41-b15ff7cb.jpg,JN_S_05,scene,Does this scene show an unsignalised junction with no traffic lights visible?,no,A,high,automatic,main_eval,False,,clear,smolvlm,Yes,yes,False,0.44
junctions,b4e86b41-b15ff7cb.jpg,JN_ADV_03,adversarial,Is there a vehicle currently occupying the centre of the intersection ahead?,no,B,medium,automatic,main_eval,False,,clear,smolvlm,No,no,True,0.44
junctions,b4e86b41-b15ff7cb.jpg,JN_ADV_04,adversarial,Are the lane markings at this junction clear enough to identify which lane leads to the intended direction?,yes,A,high,automatic,main_eval,False,,clear,smolvlm,Yes,yes,True,0.44
junctions,b82ad485-481e148c.jpg,JN_BASE_01,baseline,Is a traffic light visible in this scene?,yes,A,high,automatic,baseline_only,False,,clear,smolvlm,Yes,yes,True,0.44
junctions,b82ad485-481e148c.jpg,JN_BASE_02,baseline,Is this scene located at an intersection or junction?,yes,A,high,automatic,baseline_only,False,,clear,smolvlm,Yes,yes,True,0.44
junctions,b82ad485-481e148c.jpg,JN_P_01,perception,Are there two or more traffic lights visible in this scene?,yes,A,high,automatic,main_eval,False,,clear,smolvlm,Yes,yes,True,0.44
junctions,b82ad485-481e148c.jpg,JN_P_02,perception,Is at least one pedestrian visible in or near the intersection?,no,A,high,automatic,main_eval,False,,clear,smolvlm,No,no,True,0.44
junctions,b82ad485-481e148c.jpg,JN_P_03,perception,Is there a vehicle larger than a standard car — such as a bus or truck — visible at this junction?,yes,A,high,automatic,main_eval,False,,clear,smolvlm,Yes,yes,True,0.44
junctions,b82ad485-481e148c.jpg,JN_P_05,perception,Are road signs visible at this junction?,yes,A,high,automatic,main_eval,False,,clear,smolvlm,Yes,yes,True,0.44
junctions,b82ad485-481e148c.jpg,JN_P_07,perception,Is this junction scene captured during daytime?,yes,A,high,automatic,main_eval,False,,clear,smolvlm,Yes,yes,True,0.44
junctions,b82ad485-481e148c.jpg,JN_P_08,perception,Is any pedestrian visible who appears to be actively crossing the road?,no,B,medium,automatic,main_eval,False,,clear,smolvlm,No,no,True,0.44
junctions,b82ad485-481e148c.jpg,JN_A_01,action,Should the ego vehicle stop before entering this intersection?,no,A,high,automatic,main_eval,False,,clear,smolvlm,No,no,True,0.44
junctions,b82ad485-481e148c.jpg,JN_A_02,action,Should the driver yield to pedestrians before proceeding through this junction?,no,A,high,automatic,main_eval,False,,clear,smolvlm,No,no,True,0.44
junctions,b82ad485-481e148c.jpg,JN_A_04,action,Should the driver be prepared to brake suddenly at this junction?,no,A,high,automatic,main_eval,False,,clear,smolvlm,Yes,yes,False,0.44
junctions,b82ad485-481e148c.jpg,JN_A_05,action,Would it be safe to make a right turn at this intersection right now?,yes,B,medium,automatic,main_eval,False,,clear,smolvlm,No,no,False,0.44
junctions,b82ad485-481e148c.jpg,JN_A_06,action,Should the driver sound the horn to warn other road users at this junction?,no,B,medium,automatic,main_eval,False,,clear,smolvlm,No,no,True,0.44
junctions,b82ad485-481e148c.jpg,JN_H_01,hazard,Is there a risk of a pedestrian stepping into the path of the ego vehicle?,no,A,high,automatic,main_eval,False,,clear,smolvlm,No,no,True,0.44
junctions,b82ad485-481e148c.jpg,JN_H_02,hazard,Could a large vehicle such as a bus or truck obstruct the driver's sightline at this junction?,yes,A,high,automatic,main_eval,False,,clear,smolvlm,Yes,yes,True,0.44
junctions,b82ad485-481e148c.jpg,JN_S_01,scene,Is this a signalised intersection with active traffic lights?,yes,A,high,automatic,main_eval,False,,clear,smolvlm,Yes,yes,True,0.44
junctions,b82ad485-481e148c.jpg,JN_S_03,scene,Is this junction on a highway or high-speed road rather than an urban street?,no,A,high,automatic,main_eval,False,,clear,smolvlm,No,no,True,0.44
junctions,b82ad485-481e148c.jpg,JN_S_04,scene,Is this a nighttime junction scene?,no,A,high,automatic,main_eval,False,,clear,smolvlm,No,no,True,0.44
junctions,b82ad485-481e148c.jpg,JN_S_05,scene,Does this scene show an unsignalised junction with no traffic lights visible?,no,A,high,automatic,main_eval,False,,clear,smolvlm,Yes,yes,False,0.44
junctions,b82ad485-481e148c.jpg,JN_ADV_01,adversarial,Is the traffic light currently displaying a green signal that permits the ego vehicle to proceed?,yes,A,high,automatic,main_eval,False,,clear,smolvlm,Yes,yes,True,0.44
junctions,b82ad485-481e148c.jpg,JN_ADV_02,adversarial,"Is the traffic light currently displaying red or yellow, requiring the ego vehicle to stop or yield?",no,A,high,automatic,main_eval,False,,clear,smolvlm,No,no,True,0.44
junctions,b82ad485-481e148c.jpg,JN_ADV_03,adversarial,Is there a vehicle currently occupying the centre of the intersection ahead?,no,B,medium,automatic,main_eval,False,,clear,smolvlm,Yes,yes,False,0.44
junctions,b82ad485-481e148c.jpg,JN_ADV_04,adversarial,Are the lane markings at this junction clear enough to identify which lane leads to the intended direction?,yes,A,high,automatic,main_eval,False,,clear,smolvlm,Yes,yes,True,0.44
junctions,bb3bb8c0-89d55028.jpg,JN_BASE_01,baseline,Is a traffic light visible in this scene?,yes,A,high,automatic,baseline_only,False,,snowy,smolvlm,Yes,yes,True,0.45
junctions,bb3bb8c0-89d55028.jpg,JN_BASE_02,baseline,Is this scene located at an intersection or junction?,yes,A,high,automatic,baseline_only,False,,snowy,smolvlm,Yes,yes,True,0.44
junctions,bb3bb8c0-89d55028.jpg,JN_P_01,perception,Are there two or more traffic lights visible in this scene?,yes,A,high,automatic,main_eval,False,,snowy,smolvlm,Yes,yes,True,0.44
junctions,bb3bb8c0-89d55028.jpg,JN_P_02,perception,Is at least one pedestrian visible in or near the intersection?,no,A,high,automatic,main_eval,False,,snowy,smolvlm,No,no,True,0.44
junctions,bb3bb8c0-89d55028.jpg,JN_P_03,perception,Is there a vehicle larger than a standard car — such as a bus or truck — visible at this junction?,no,A,high,automatic,main_eval,False,,snowy,smolvlm,No,no,True,0.44
junctions,bb3bb8c0-89d55028.jpg,JN_P_05,perception,Are road signs visible at this junction?,yes,A,high,automatic,main_eval,False,,snowy,smolvlm,Yes,yes,True,0.44
junctions,bb3bb8c0-89d55028.jpg,JN_P_07,perception,Is this junction scene captured during daytime?,no,A,high,automatic,main_eval,False,,snowy,smolvlm,No,no,True,0.44
junctions,bb3bb8c0-89d55028.jpg,JN_P_08,perception,Is any pedestrian visible who appears to be actively crossing the road?,no,B,medium,automatic,main_eval,False,,snowy,smolvlm,No,no,True,0.44
junctions,bb3bb8c0-89d55028.jpg,JN_A_01,action,Should the ego vehicle stop before entering this intersection?,yes,A,high,automatic,main_eval,False,,snowy,smolvlm,No,no,False,0.44
junctions,bb3bb8c0-89d55028.jpg,JN_A_02,action,Should the driver yield to pedestrians before proceeding through this junction?,no,A,high,automatic,main_eval,False,,snowy,smolvlm,No,no,True,0.44
junctions,bb3bb8c0-89d55028.jpg,JN_A_04,action,Should the driver be prepared to brake suddenly at this junction?,yes,A,high,automatic,main_eval,False,,snowy,smolvlm,Yes,yes,True,0.44
junctions,bb3bb8c0-89d55028.jpg,JN_A_05,action,Would it be safe to make a right turn at this intersection right now?,no,B,medium,automatic,main_eval,False,,snowy,smolvlm,No,no,True,0.44
junctions,bb3bb8c0-89d55028.jpg,JN_A_06,action,Should the driver sound the horn to warn other road users at this junction?,no,B,medium,automatic,main_eval,False,,snowy,smolvlm,No,no,True,0.44
junctions,bb3bb8c0-89d55028.jpg,JN_H_01,hazard,Is there a risk of a pedestrian stepping into the path of the ego vehicle?,no,A,high,automatic,main_eval,False,,snowy,smolvlm,Yes,yes,False,0.44
junctions,bb3bb8c0-89d55028.jpg,JN_H_02,hazard,Could a large vehicle such as a bus or truck obstruct the driver's sightline at this junction?,no,A,high,automatic,main_eval,False,,snowy,smolvlm,Yes,yes,False,0.44
junctions,bb3bb8c0-89d55028.jpg,JN_S_01,scene,Is this a signalised intersection with active traffic lights?,yes,A,high,automatic,main_eval,False,,snowy,smolvlm,Yes,yes,True,0.44
junctions,bb3bb8c0-89d55028.jpg,JN_S_03,scene,Is this junction on a highway or high-speed road rather than an urban street?,no,A,high,automatic,main_eval,False,,snowy,smolvlm,No,no,True,0.44
junctions,bb3bb8c0-89d55028.jpg,JN_S_04,scene,Is this a nighttime junction scene?,yes,A,high,automatic,main_eval,False,,snowy,smolvlm,Yes,yes,True,0.44
junctions,bb3bb8c0-89d55028.jpg,JN_S_05,scene,Does this scene show an unsignalised junction with no traffic lights visible?,no,A,high,automatic,main_eval,False,,snowy,smolvlm,Yes,yes,False,0.44
junctions,bb3bb8c0-89d55028.jpg,JN_ADV_03,adversarial,Is there a vehicle currently occupying the centre of the intersection ahead?,yes,B,medium,automatic,main_eval,False,,snowy,smolvlm,Yes,yes,True,0.44
junctions,bb3bb8c0-89d55028.jpg,JN_ADV_04,adversarial,Are the lane markings at this junction clear enough to identify which lane leads to the intended direction?,yes,A,high,automatic,main_eval,False,,snowy,smolvlm,No,no,False,0.44
junctions,b65081c3-9fb008e3.jpg,JN_BASE_01,baseline,Is a traffic light visible in this scene?,yes,A,high,automatic,baseline_only,False,,clear,smolvlm,Yes,yes,True,0.44
junctions,b65081c3-9fb008e3.jpg,JN_BASE_02,baseline,Is this scene located at an intersection or junction?,yes,A,high,automatic,baseline_only,False,,clear,smolvlm,Yes,yes,True,0.44
junctions,b65081c3-9fb008e3.jpg,JN_P_01,perception,Are there two or more traffic lights visible in this scene?,yes,A,high,automatic,main_eval,False,,clear,smolvlm,Yes,yes,True,0.44
junctions,b65081c3-9fb008e3.jpg,JN_P_02,perception,Is at least one pedestrian visible in or near the intersection?,no,A,high,automatic,main_eval,False,,clear,smolvlm,No,no,True,0.44
junctions,b65081c3-9fb008e3.jpg,JN_P_03,perception,Is there a vehicle larger than a standard car — such as a bus or truck — visible at this junction?,no,A,high,automatic,main_eval,False,,clear,smolvlm,No,no,True,0.44
junctions,b65081c3-9fb008e3.jpg,JN_P_05,perception,Are road signs visible at this junction?,yes,A,high,automatic,main_eval,False,,clear,smolvlm,Yes,yes,True,0.44
junctions,b65081c3-9fb008e3.jpg,JN_P_07,perception,Is this junction scene captured during daytime?,no,A,high,automatic,main_eval,False,,clear,smolvlm,No,no,True,0.44
junctions,b65081c3-9fb008e3.jpg,JN_P_08,perception,Is any pedestrian visible who appears to be actively crossing the road?,no,B,medium,automatic,main_eval,False,,clear,smolvlm,No,no,True,0.44
junctions,b65081c3-9fb008e3.jpg,JN_A_01,action,Should the ego vehicle stop before entering this intersection?,yes,A,high,automatic,main_eval,False,,clear,smolvlm,No,no,False,0.44
junctions,b65081c3-9fb008e3.jpg,JN_A_02,action,Should the driver yield to pedestrians before proceeding through this junction?,no,A,high,automatic,main_eval,False,,clear,smolvlm,Yes,yes,False,0.44
junctions,b65081c3-9fb008e3.jpg,JN_A_04,action,Should the driver be prepared to brake suddenly at this junction?,yes,A,high,automatic,main_eval,False,,clear,smolvlm,Yes,yes,True,0.44
junctions,b65081c3-9fb008e3.jpg,JN_A_05,action,Would it be safe to make a right turn at this intersection right now?,no,B,medium,automatic,main_eval,False,,clear,smolvlm,No,no,True,0.44
junctions,b65081c3-9fb008e3.jpg,JN_A_06,action,Should the driver sound the horn to warn other road users at this junction?,no,B,medium,automatic,main_eval,False,,clear,smolvlm,No,no,True,0.44
junctions,b65081c3-9fb008e3.jpg,JN_H_01,hazard,Is there a risk of a pedestrian stepping into the path of the ego vehicle?,no,A,high,automatic,main_eval,False,,clear,smolvlm,Yes,yes,False,0.44
junctions,b65081c3-9fb008e3.jpg,JN_H_02,hazard,Could a large vehicle such as a bus or truck obstruct the driver's sightline at this junction?,no,A,high,automatic,main_eval,False,,clear,smolvlm,Yes,yes,False,0.44
junctions,b65081c3-9fb008e3.jpg,JN_S_01,scene,Is this a signalised intersection with active traffic lights?,yes,A,high,automatic,main_eval,False,,clear,smolvlm,Yes,yes,True,0.45
junctions,b65081c3-9fb008e3.jpg,JN_S_03,scene,Is this junction on a highway or high-speed road rather than an urban street?,no,A,high,automatic,main_eval,False,,clear,smolvlm,No,no,True,0.44
junctions,b65081c3-9fb008e3.jpg,JN_S_04,scene,Is this a nighttime junction scene?,yes,A,high,automatic,main_eval,False,,clear,smolvlm,Yes,yes,True,0.44
junctions,b65081c3-9fb008e3.jpg,JN_S_05,scene,Does this scene show an unsignalised junction with no traffic lights visible?,no,A,high,automatic,main_eval,False,,clear,smolvlm,Yes,yes,False,0.44
junctions,b65081c3-9fb008e3.jpg,JN_ADV_03,adversarial,Is there a vehicle currently occupying the centre of the intersection ahead?,no,B,medium,automatic,main_eval,False,,clear,smolvlm,Yes,yes,False,0.44
junctions,b65081c3-9fb008e3.jpg,JN_ADV_04,adversarial,Are the lane markings at this junction clear enough to identify which lane leads to the intended direction?,yes,A,high,automatic,main_eval,False,,clear,smolvlm,Yes,yes,True,0.44
junctions,c31c9630-33e93909.jpg,JN_BASE_01,baseline,Is a traffic light visible in this scene?,yes,A,high,automatic,baseline_only,False,,clear,smolvlm,Yes,yes,True,0.44
junctions,c31c9630-33e93909.jpg,JN_BASE_02,baseline,Is this scene located at an intersection or junction?,yes,A,high,automatic,baseline_only,False,,clear,smolvlm,Yes,yes,True,0.44
junctions,c31c9630-33e93909.jpg,JN_P_01,perception,Are there two or more traffic lights visible in this scene?,yes,A,high,automatic,main_eval,False,,clear,smolvlm,Yes,yes,True,0.44
junctions,c31c9630-33e93909.jpg,JN_P_02,perception,Is at least one pedestrian visible in or near the intersection?,no,A,high,automatic,main_eval,False,,clear,smolvlm,Yes,yes,False,0.44
junctions,c31c9630-33e93909.jpg,JN_P_03,perception,Is there a vehicle larger than a standard car — such as a bus or truck — visible at this junction?,no,A,high,automatic,main_eval,False,,clear,smolvlm,No,no,True,0.44
junctions,c31c9630-33e93909.jpg,JN_P_05,perception,Are road signs visible at this junction?,yes,A,high,automatic,main_eval,False,,clear,smolvlm,Yes,yes,True,0.44
junctions,c31c9630-33e93909.jpg,JN_P_07,perception,Is this junction scene captured during daytime?,no,A,high,automatic,main_eval,False,,clear,smolvlm,No,no,True,0.44
junctions,c31c9630-33e93909.jpg,JN_P_08,perception,Is any pedestrian visible who appears to be actively crossing the road?,no,B,medium,automatic,main_eval,False,,clear,smolvlm,No,no,True,0.44
junctions,c31c9630-33e93909.jpg,JN_A_01,action,Should the ego vehicle stop before entering this intersection?,no,A,high,automatic,main_eval,False,,clear,smolvlm,No,no,True,0.44
junctions,c31c9630-33e93909.jpg,JN_A_02,action,Should the driver yield to pedestrians before proceeding through this junction?,no,A,high,automatic,main_eval,False,,clear,smolvlm,No,no,True,0.44
junctions,c31c9630-33e93909.jpg,JN_A_04,action,Should the driver be prepared to brake suddenly at this junction?,no,A,high,automatic,main_eval,False,,clear,smolvlm,Yes,yes,False,0.44
junctions,c31c9630-33e93909.jpg,JN_A_05,action,Would it be safe to make a right turn at this intersection right now?,yes,B,medium,automatic,main_eval,False,,clear,smolvlm,No,no,False,0.44
junctions,c31c9630-33e93909.jpg,JN_A_06,action,Should the driver sound the horn to warn other road users at this junction?,no,B,medium,automatic,main_eval,False,,clear,smolvlm,No,no,True,0.44
junctions,c31c9630-33e93909.jpg,JN_H_01,hazard,Is there a risk of a pedestrian stepping into the path of the ego vehicle?,no,A,high,automatic,main_eval,False,,clear,smolvlm,Yes,yes,False,0.44
junctions,c31c9630-33e93909.jpg,JN_H_02,hazard,Could a large vehicle such as a bus or truck obstruct the driver's sightline at this junction?,no,A,high,automatic,main_eval,False,,clear,smolvlm,Yes,yes,False,0.44
junctions,c31c9630-33e93909.jpg,JN_S_01,scene,Is this a signalised intersection with active traffic lights?,yes,A,high,automatic,main_eval,False,,clear,smolvlm,Yes,yes,True,0.44
junctions,c31c9630-33e93909.jpg,JN_S_03,scene,Is this junction on a highway or high-speed road rather than an urban street?,no,A,high,automatic,main_eval,False,,clear,smolvlm,No,no,True,0.44
junctions,c31c9630-33e93909.jpg,JN_S_04,scene,Is this a nighttime junction scene?,yes,A,high,automatic,main_eval,False,,clear,smolvlm,Yes,yes,True,0.44
junctions,c31c9630-33e93909.jpg,JN_S_05,scene,Does this scene show an unsignalised junction with no traffic lights visible?,no,A,high,automatic,main_eval,False,,clear,smolvlm,Yes,yes,False,0.44
junctions,c31c9630-33e93909.jpg,JN_ADV_01,adversarial,Is the traffic light currently displaying a green signal that permits the ego vehicle to proceed?,yes,A,high,automatic,main_eval,False,,clear,smolvlm,Yes,yes,True,0.44
junctions,c31c9630-33e93909.jpg,JN_ADV_02,adversarial,"Is the traffic light currently displaying red or yellow, requiring the ego vehicle to stop or yield?",no,A,high,automatic,main_eval,False,,clear,smolvlm,No,no,True,0.44
junctions,c31c9630-33e93909.jpg,JN_ADV_03,adversarial,Is there a vehicle currently occupying the centre of the intersection ahead?,no,B,medium,automatic,main_eval,False,,clear,smolvlm,Yes,yes,False,0.44
junctions,c31c9630-33e93909.jpg,JN_ADV_04,adversarial,Are the lane markings at this junction clear enough to identify which lane leads to the intended direction?,no,A,high,automatic,main_eval,False,,clear,smolvlm,No,no,True,0.44
junctions,c0717263-495fc5b6.jpg,JN_BASE_01,baseline,Is a traffic light visible in this scene?,yes,A,high,automatic,baseline_only,False,,clear,smolvlm,Yes,yes,True,0.44
junctions,c0717263-495fc5b6.jpg,JN_BASE_02,baseline,Is this scene located at an intersection or junction?,yes,A,high,automatic,baseline_only,False,,clear,smolvlm,Yes,yes,True,0.44
junctions,c0717263-495fc5b6.jpg,JN_P_01,perception,Are there two or more traffic lights visible in this scene?,yes,A,high,automatic,main_eval,False,,clear,smolvlm,Yes,yes,True,0.44
junctions,c0717263-495fc5b6.jpg,JN_P_02,perception,Is at least one pedestrian visible in or near the intersection?,no,A,high,automatic,main_eval,False,,clear,smolvlm,No,no,True,0.44
junctions,c0717263-495fc5b6.jpg,JN_P_03,perception,Is there a vehicle larger than a standard car — such as a bus or truck — visible at this junction?,yes,A,high,automatic,main_eval,False,,clear,smolvlm,No,no,False,0.44
junctions,c0717263-495fc5b6.jpg,JN_P_05,perception,Are road signs visible at this junction?,yes,A,high,automatic,main_eval,False,,clear,smolvlm,No,no,False,0.44
junctions,c0717263-495fc5b6.jpg,JN_P_08,perception,Is any pedestrian visible who appears to be actively crossing the road?,no,B,medium,automatic,main_eval,False,,clear,smolvlm,No,no,True,0.44
junctions,c0717263-495fc5b6.jpg,JN_A_01,action,Should the ego vehicle stop before entering this intersection?,yes,A,high,automatic,main_eval,False,,clear,smolvlm,No,no,False,0.44
junctions,c0717263-495fc5b6.jpg,JN_A_02,action,Should the driver yield to pedestrians before proceeding through this junction?,no,A,high,automatic,main_eval,False,,clear,smolvlm,No,no,True,0.44
junctions,c0717263-495fc5b6.jpg,JN_A_04,action,Should the driver be prepared to brake suddenly at this junction?,yes,A,high,automatic,main_eval,False,,clear,smolvlm,Yes,yes,True,0.44
junctions,c0717263-495fc5b6.jpg,JN_A_05,action,Would it be safe to make a right turn at this intersection right now?,no,B,medium,automatic,main_eval,False,,clear,smolvlm,No,no,True,0.44
junctions,c0717263-495fc5b6.jpg,JN_A_06,action,Should the driver sound the horn to warn other road users at this junction?,no,B,medium,automatic,main_eval,False,,clear,smolvlm,No,no,True,0.44
junctions,c0717263-495fc5b6.jpg,JN_H_01,hazard,Is there a risk of a pedestrian stepping into the path of the ego vehicle?,no,A,high,automatic,main_eval,False,,clear,smolvlm,Yes,yes,False,0.44
junctions,c0717263-495fc5b6.jpg,JN_H_02,hazard,Could a large vehicle such as a bus or truck obstruct the driver's sightline at this junction?,yes,A,high,automatic,main_eval,False,,clear,smolvlm,Yes,yes,True,0.44
junctions,c0717263-495fc5b6.jpg,JN_S_01,scene,Is this a signalised intersection with active traffic lights?,yes,A,high,automatic,main_eval,False,,clear,smolvlm,Yes,yes,True,0.44
junctions,c0717263-495fc5b6.jpg,JN_S_03,scene,Is this junction on a highway or high-speed road rather than an urban street?,no,A,high,automatic,main_eval,False,,clear,smolvlm,No,no,True,0.44
junctions,c0717263-495fc5b6.jpg,JN_S_05,scene,Does this scene show an unsignalised junction with no traffic lights visible?,no,A,high,automatic,main_eval,False,,clear,smolvlm,Yes,yes,False,0.44
junctions,c0717263-495fc5b6.jpg,JN_ADV_03,adversarial,Is there a vehicle currently occupying the centre of the intersection ahead?,yes,B,medium,automatic,main_eval,False,,clear,smolvlm,No,no,False,0.44
junctions,c0717263-495fc5b6.jpg,JN_ADV_04,adversarial,Are the lane markings at this junction clear enough to identify which lane leads to the intended direction?,yes,A,high,automatic,main_eval,False,,clear,smolvlm,No,no,False,0.44
junctions,b97aa948-d53ee60d.jpg,JN_BASE_01,baseline,Is a traffic light visible in this scene?,yes,A,high,automatic,baseline_only,False,,clear,smolvlm,Yes,yes,True,0.44
junctions,b97aa948-d53ee60d.jpg,JN_BASE_02,baseline,Is this scene located at an intersection or junction?,yes,A,high,automatic,baseline_only,False,,clear,smolvlm,No,no,False,0.44
junctions,b97aa948-d53ee60d.jpg,JN_P_01,perception,Are there two or more traffic lights visible in this scene?,yes,A,high,automatic,main_eval,False,,clear,smolvlm,Yes,yes,True,0.44
junctions,b97aa948-d53ee60d.jpg,JN_P_02,perception,Is at least one pedestrian visible in or near the intersection?,no,A,high,automatic,main_eval,False,,clear,smolvlm,No,no,True,0.44
junctions,b97aa948-d53ee60d.jpg,JN_P_03,perception,Is there a vehicle larger than a standard car — such as a bus or truck — visible at this junction?,yes,A,high,automatic,main_eval,False,,clear,smolvlm,No,no,False,0.44
junctions,b97aa948-d53ee60d.jpg,JN_P_05,perception,Are road signs visible at this junction?,yes,A,high,automatic,main_eval,False,,clear,smolvlm,No,no,False,0.44
junctions,b97aa948-d53ee60d.jpg,JN_P_07,perception,Is this junction scene captured during daytime?,no,A,high,automatic,main_eval,False,,clear,smolvlm,No,no,True,0.44
junctions,b97aa948-d53ee60d.jpg,JN_P_08,perception,Is any pedestrian visible who appears to be actively crossing the road?,no,B,medium,automatic,main_eval,False,,clear,smolvlm,No,no,True,0.44
junctions,b97aa948-d53ee60d.jpg,JN_A_01,action,Should the ego vehicle stop before entering this intersection?,no,A,high,automatic,main_eval,False,,clear,smolvlm,No,no,True,0.44
junctions,b97aa948-d53ee60d.jpg,JN_A_02,action,Should the driver yield to pedestrians before proceeding through this junction?,no,A,high,automatic,main_eval,False,,clear,smolvlm,Yes,yes,False,0.44
junctions,b97aa948-d53ee60d.jpg,JN_A_04,action,Should the driver be prepared to brake suddenly at this junction?,no,A,high,automatic,main_eval,False,,clear,smolvlm,Yes,yes,False,0.44
junctions,b97aa948-d53ee60d.jpg,JN_A_05,action,Would it be safe to make a right turn at this intersection right now?,yes,B,medium,automatic,main_eval,False,,clear,smolvlm,No,no,False,0.44
junctions,b97aa948-d53ee60d.jpg,JN_A_06,action,Should the driver sound the horn to warn other road users at this junction?,no,B,medium,automatic,main_eval,False,,clear,smolvlm,No,no,True,0.44
junctions,b97aa948-d53ee60d.jpg,JN_H_01,hazard,Is there a risk of a pedestrian stepping into the path of the ego vehicle?,no,A,high,automatic,main_eval,False,,clear,smolvlm,Yes,yes,False,0.44
junctions,b97aa948-d53ee60d.jpg,JN_H_02,hazard,Could a large vehicle such as a bus or truck obstruct the driver's sightline at this junction?,yes,A,high,automatic,main_eval,False,,clear,smolvlm,Yes,yes,True,0.44
junctions,b97aa948-d53ee60d.jpg,JN_S_01,scene,Is this a signalised intersection with active traffic lights?,yes,A,high,automatic,main_eval,False,,clear,smolvlm,Yes,yes,True,0.44
junctions,b97aa948-d53ee60d.jpg,JN_S_03,scene,Is this junction on a highway or high-speed road rather than an urban street?,no,A,high,automatic,main_eval,False,,clear,smolvlm,No,no,True,0.44
junctions,b97aa948-d53ee60d.jpg,JN_S_04,scene,Is this a nighttime junction scene?,yes,A,high,automatic,main_eval,False,,clear,smolvlm,Yes,yes,True,0.44
junctions,b97aa948-d53ee60d.jpg,JN_S_05,scene,Does this scene show an unsignalised junction with no traffic lights visible?,no,A,high,automatic,main_eval,False,,clear,smolvlm,Yes,yes,False,0.44
junctions,b97aa948-d53ee60d.jpg,JN_ADV_01,adversarial,Is the traffic light currently displaying a green signal that permits the ego vehicle to proceed?,yes,A,high,automatic,main_eval,False,,clear,smolvlm,Yes,yes,True,0.44
junctions,b97aa948-d53ee60d.jpg,JN_ADV_02,adversarial,"Is the traffic light currently displaying red or yellow, requiring the ego vehicle to stop or yield?",no,A,high,automatic,main_eval,False,,clear,smolvlm,No,no,True,0.45
junctions,b97aa948-d53ee60d.jpg,JN_ADV_03,adversarial,Is there a vehicle currently occupying the centre of the intersection ahead?,no,B,medium,automatic,main_eval,False,,clear,smolvlm,No,no,True,0.44
junctions,b97aa948-d53ee60d.jpg,JN_ADV_04,adversarial,Are the lane markings at this junction clear enough to identify which lane leads to the intended direction?,yes,A,high,automatic,main_eval,False,,clear,smolvlm,No,no,False,0.44
junctions,b657d595-3f1fa3ca.jpg,JN_BASE_01,baseline,Is a traffic light visible in this scene?,yes,A,high,automatic,baseline_only,False,,clear,smolvlm,Yes,yes,True,0.44
junctions,b657d595-3f1fa3ca.jpg,JN_BASE_02,baseline,Is this scene located at an intersection or junction?,yes,A,high,automatic,baseline_only,False,,clear,smolvlm,Yes,yes,True,0.44
junctions,b657d595-3f1fa3ca.jpg,JN_P_01,perception,Are there two or more traffic lights visible in this scene?,yes,A,high,automatic,main_eval,False,,clear,smolvlm,Yes,yes,True,0.44
junctions,b657d595-3f1fa3ca.jpg,JN_P_02,perception,Is at least one pedestrian visible in or near the intersection?,no,A,high,automatic,main_eval,False,,clear,smolvlm,No,no,True,0.44
junctions,b657d595-3f1fa3ca.jpg,JN_P_03,perception,Is there a vehicle larger than a standard car — such as a bus or truck — visible at this junction?,yes,A,high,automatic,main_eval,False,,clear,smolvlm,No,no,False,0.44
junctions,b657d595-3f1fa3ca.jpg,JN_P_05,perception,Are road signs visible at this junction?,yes,A,high,automatic,main_eval,False,,clear,smolvlm,Yes,yes,True,0.44
junctions,b657d595-3f1fa3ca.jpg,JN_P_07,perception,Is this junction scene captured during daytime?,no,A,high,automatic,main_eval,False,,clear,smolvlm,No,no,True,0.44
junctions,b657d595-3f1fa3ca.jpg,JN_P_08,perception,Is any pedestrian visible who appears to be actively crossing the road?,no,B,medium,automatic,main_eval,False,,clear,smolvlm,No,no,True,0.44
junctions,b657d595-3f1fa3ca.jpg,JN_A_01,action,Should the ego vehicle stop before entering this intersection?,yes,A,high,automatic,main_eval,False,,clear,smolvlm,No,no,False,0.44
junctions,b657d595-3f1fa3ca.jpg,JN_A_02,action,Should the driver yield to pedestrians before proceeding through this junction?,no,A,high,automatic,main_eval,False,,clear,smolvlm,No,no,True,0.44
junctions,b657d595-3f1fa3ca.jpg,JN_A_04,action,Should the driver be prepared to brake suddenly at this junction?,yes,A,high,automatic,main_eval,False,,clear,smolvlm,Yes,yes,True,0.44
junctions,b657d595-3f1fa3ca.jpg,JN_A_05,action,Would it be safe to make a right turn at this intersection right now?,no,B,medium,automatic,main_eval,False,,clear,smolvlm,No,no,True,0.44
junctions,b657d595-3f1fa3ca.jpg,JN_A_06,action,Should the driver sound the horn to warn other road users at this junction?,no,B,medium,automatic,main_eval,False,,clear,smolvlm,No,no,True,0.44
junctions,b657d595-3f1fa3ca.jpg,JN_H_01,hazard,Is there a risk of a pedestrian stepping into the path of the ego vehicle?,no,A,high,automatic,main_eval,False,,clear,smolvlm,Yes,yes,False,0.44
junctions,b657d595-3f1fa3ca.jpg,JN_H_02,hazard,Could a large vehicle such as a bus or truck obstruct the driver's sightline at this junction?,yes,A,high,automatic,main_eval,False,,clear,smolvlm,Yes,yes,True,0.44
junctions,b657d595-3f1fa3ca.jpg,JN_S_01,scene,Is this a signalised intersection with active traffic lights?,yes,A,high,automatic,main_eval,False,,clear,smolvlm,Yes,yes,True,0.44
junctions,b657d595-3f1fa3ca.jpg,JN_S_03,scene,Is this junction on a highway or high-speed road rather than an urban street?,no,A,high,automatic,main_eval,False,,clear,smolvlm,No,no,True,0.44
junctions,b657d595-3f1fa3ca.jpg,JN_S_04,scene,Is this a nighttime junction scene?,yes,A,high,automatic,main_eval,False,,clear,smolvlm,Yes,yes,True,0.44
junctions,b657d595-3f1fa3ca.jpg,JN_S_05,scene,Does this scene show an unsignalised junction with no traffic lights visible?,no,A,high,automatic,main_eval,False,,clear,smolvlm,Yes,yes,False,0.44
junctions,b657d595-3f1fa3ca.jpg,JN_ADV_03,adversarial,Is there a vehicle currently occupying the centre of the intersection ahead?,no,B,medium,automatic,main_eval,False,,clear,smolvlm,No,no,True,0.44
junctions,b657d595-3f1fa3ca.jpg,JN_ADV_04,adversarial,Are the lane markings at this junction clear enough to identify which lane leads to the intended direction?,yes,A,high,automatic,main_eval,False,,clear,smolvlm,No,no,False,0.44
junctions,bb9712ba-8ec90d89.jpg,JN_BASE_01,baseline,Is a traffic light visible in this scene?,yes,A,high,automatic,baseline_only,False,,undefined,smolvlm,Yes,yes,True,0.44
junctions,bb9712ba-8ec90d89.jpg,JN_BASE_02,baseline,Is this scene located at an intersection or junction?,yes,A,high,automatic,baseline_only,False,,undefined,smolvlm,Yes,yes,True,0.44
junctions,bb9712ba-8ec90d89.jpg,JN_P_01,perception,Are there two or more traffic lights visible in this scene?,yes,A,high,automatic,main_eval,False,,undefined,smolvlm,Yes,yes,True,0.44
junctions,bb9712ba-8ec90d89.jpg,JN_P_02,perception,Is at least one pedestrian visible in or near the intersection?,no,A,high,automatic,main_eval,False,,undefined,smolvlm,No,no,True,0.44
junctions,bb9712ba-8ec90d89.jpg,JN_P_03,perception,Is there a vehicle larger than a standard car — such as a bus or truck — visible at this junction?,no,A,high,automatic,main_eval,False,,undefined,smolvlm,No,no,True,0.44
junctions,bb9712ba-8ec90d89.jpg,JN_P_05,perception,Are road signs visible at this junction?,yes,A,high,automatic,main_eval,False,,undefined,smolvlm,Yes,yes,True,0.44
junctions,bb9712ba-8ec90d89.jpg,JN_P_08,perception,Is any pedestrian visible who appears to be actively crossing the road?,no,B,medium,automatic,main_eval,False,,undefined,smolvlm,No,no,True,0.44
junctions,bb9712ba-8ec90d89.jpg,JN_A_01,action,Should the ego vehicle stop before entering this intersection?,yes,A,high,automatic,main_eval,False,,undefined,smolvlm,No,no,False,0.44
junctions,bb9712ba-8ec90d89.jpg,JN_A_02,action,Should the driver yield to pedestrians before proceeding through this junction?,no,A,high,automatic,main_eval,False,,undefined,smolvlm,No,no,True,0.44
junctions,bb9712ba-8ec90d89.jpg,JN_A_04,action,Should the driver be prepared to brake suddenly at this junction?,yes,A,high,automatic,main_eval,False,,undefined,smolvlm,Yes,yes,True,0.44
junctions,bb9712ba-8ec90d89.jpg,JN_A_05,action,Would it be safe to make a right turn at this intersection right now?,no,B,medium,automatic,main_eval,False,,undefined,smolvlm,No,no,True,0.44
junctions,bb9712ba-8ec90d89.jpg,JN_A_06,action,Should the driver sound the horn to warn other road users at this junction?,no,B,medium,automatic,main_eval,False,,undefined,smolvlm,No,no,True,0.44
junctions,bb9712ba-8ec90d89.jpg,JN_H_01,hazard,Is there a risk of a pedestrian stepping into the path of the ego vehicle?,no,A,high,automatic,main_eval,False,,undefined,smolvlm,Yes,yes,False,0.44
junctions,bb9712ba-8ec90d89.jpg,JN_H_02,hazard,Could a large vehicle such as a bus or truck obstruct the driver's sightline at this junction?,no,A,high,automatic,main_eval,False,,undefined,smolvlm,Yes,yes,False,0.44
junctions,bb9712ba-8ec90d89.jpg,JN_S_01,scene,Is this a signalised intersection with active traffic lights?,yes,A,high,automatic,main_eval,False,,undefined,smolvlm,Yes,yes,True,0.44
junctions,bb9712ba-8ec90d89.jpg,JN_S_03,scene,Is this junction on a highway or high-speed road rather than an urban street?,no,A,high,automatic,main_eval,False,,undefined,smolvlm,No,no,True,0.44
junctions,bb9712ba-8ec90d89.jpg,JN_S_05,scene,Does this scene show an unsignalised junction with no traffic lights visible?,no,A,high,automatic,main_eval,False,,undefined,smolvlm,Yes,yes,False,0.44
junctions,bb9712ba-8ec90d89.jpg,JN_ADV_03,adversarial,Is there a vehicle currently occupying the centre of the intersection ahead?,no,B,medium,automatic,main_eval,False,,undefined,smolvlm,No,no,True,0.44
junctions,bb9712ba-8ec90d89.jpg,JN_ADV_04,adversarial,Are the lane markings at this junction clear enough to identify which lane leads to the intended direction?,yes,A,high,automatic,main_eval,False,,undefined,smolvlm,Yes,yes,True,0.44
junctions,bca36352-acc82f86.jpg,JN_BASE_01,baseline,Is a traffic light visible in this scene?,yes,A,high,automatic,baseline_only,False,,undefined,smolvlm,Yes,yes,True,0.44
junctions,bca36352-acc82f86.jpg,JN_BASE_02,baseline,Is this scene located at an intersection or junction?,yes,A,high,automatic,baseline_only,False,,undefined,smolvlm,Yes,yes,True,0.44
junctions,bca36352-acc82f86.jpg,JN_P_01,perception,Are there two or more traffic lights visible in this scene?,yes,A,high,automatic,main_eval,False,,undefined,smolvlm,Yes,yes,True,0.44
junctions,bca36352-acc82f86.jpg,JN_P_02,perception,Is at least one pedestrian visible in or near the intersection?,yes,A,high,automatic,main_eval,False,,undefined,smolvlm,No,no,False,0.44
junctions,bca36352-acc82f86.jpg,JN_P_03,perception,Is there a vehicle larger than a standard car — such as a bus or truck — visible at this junction?,yes,A,high,automatic,main_eval,False,,undefined,smolvlm,Yes,yes,True,0.44
junctions,bca36352-acc82f86.jpg,JN_P_07,perception,Is this junction scene captured during daytime?,yes,A,high,automatic,main_eval,False,,undefined,smolvlm,Yes,yes,True,0.44
junctions,bca36352-acc82f86.jpg,JN_P_08,perception,Is any pedestrian visible who appears to be actively crossing the road?,yes,B,medium,automatic,main_eval,False,,undefined,smolvlm,No,no,False,0.44
junctions,bca36352-acc82f86.jpg,JN_A_01,action,Should the ego vehicle stop before entering this intersection?,no,A,high,automatic,main_eval,False,,undefined,smolvlm,No,no,True,0.44
junctions,bca36352-acc82f86.jpg,JN_A_02,action,Should the driver yield to pedestrians before proceeding through this junction?,yes,A,high,automatic,main_eval,False,,undefined,smolvlm,No,no,False,0.44
junctions,bca36352-acc82f86.jpg,JN_A_04,action,Should the driver be prepared to brake suddenly at this junction?,yes,A,high,automatic,main_eval,False,,undefined,smolvlm,Yes,yes,True,0.44
junctions,bca36352-acc82f86.jpg,JN_A_06,action,Should the driver sound the horn to warn other road users at this junction?,yes,B,medium,automatic,main_eval,False,,undefined,smolvlm,No,no,False,0.44
junctions,bca36352-acc82f86.jpg,JN_H_01,hazard,Is there a risk of a pedestrian stepping into the path of the ego vehicle?,yes,A,high,automatic,main_eval,False,,undefined,smolvlm,Yes,yes,True,0.44
junctions,bca36352-acc82f86.jpg,JN_H_02,hazard,Could a large vehicle such as a bus or truck obstruct the driver's sightline at this junction?,yes,A,high,automatic,main_eval,False,,undefined,smolvlm,Yes,yes,True,0.44
junctions,bca36352-acc82f86.jpg,JN_S_01,scene,Is this a signalised intersection with active traffic lights?,yes,A,high,automatic,main_eval,False,,undefined,smolvlm,Yes,yes,True,0.44
junctions,bca36352-acc82f86.jpg,JN_S_03,scene,Is this junction on a highway or high-speed road rather than an urban street?,no,A,high,automatic,main_eval,False,,undefined,smolvlm,No,no,True,0.44
junctions,bca36352-acc82f86.jpg,JN_S_04,scene,Is this a nighttime junction scene?,no,A,high,automatic,main_eval,False,,undefined,smolvlm,No,no,True,0.44
junctions,bca36352-acc82f86.jpg,JN_S_05,scene,Does this scene show an unsignalised junction with no traffic lights visible?,no,A,high,automatic,main_eval,False,,undefined,smolvlm,Yes,yes,False,0.44
junctions,bca36352-acc82f86.jpg,JN_ADV_01,adversarial,Is the traffic light currently displaying a green signal that permits the ego vehicle to proceed?,yes,A,high,automatic,main_eval,False,,undefined,smolvlm,No,no,False,0.44
junctions,bca36352-acc82f86.jpg,JN_ADV_02,adversarial,"Is the traffic light currently displaying red or yellow, requiring the ego vehicle to stop or yield?",no,A,high,automatic,main_eval,False,,undefined,smolvlm,No,no,True,0.44
junctions,bca36352-acc82f86.jpg,JN_ADV_03,adversarial,Is there a vehicle currently occupying the centre of the intersection ahead?,yes,B,medium,automatic,main_eval,False,,undefined,smolvlm,No,no,False,0.44
junctions,bca36352-acc82f86.jpg,JN_ADV_04,adversarial,Are the lane markings at this junction clear enough to identify which lane leads to the intended direction?,no,A,high,automatic,main_eval,False,,undefined,smolvlm,No,no,True,0.44
junctions,c00cc83c-a6a9ce44.jpg,JN_BASE_01,baseline,Is a traffic light visible in this scene?,yes,A,high,automatic,baseline_only,False,,overcast,smolvlm,Yes,yes,True,0.44
junctions,c00cc83c-a6a9ce44.jpg,JN_BASE_02,baseline,Is this scene located at an intersection or junction?,yes,A,high,automatic,baseline_only,False,,overcast,smolvlm,Yes,yes,True,0.44
junctions,c00cc83c-a6a9ce44.jpg,JN_P_01,perception,Are there two or more traffic lights visible in this scene?,yes,A,high,automatic,main_eval,False,,overcast,smolvlm,Yes,yes,True,0.44
junctions,c00cc83c-a6a9ce44.jpg,JN_P_02,perception,Is at least one pedestrian visible in or near the intersection?,yes,A,high,automatic,main_eval,False,,overcast,smolvlm,Yes,yes,True,0.44
junctions,c00cc83c-a6a9ce44.jpg,JN_P_03,perception,Is there a vehicle larger than a standard car — such as a bus or truck — visible at this junction?,yes,A,high,automatic,main_eval,False,,overcast,smolvlm,Yes,yes,True,0.44
junctions,c00cc83c-a6a9ce44.jpg,JN_P_05,perception,Are road signs visible at this junction?,yes,A,high,automatic,main_eval,False,,overcast,smolvlm,Yes,yes,True,0.44
junctions,c00cc83c-a6a9ce44.jpg,JN_P_08,perception,Is any pedestrian visible who appears to be actively crossing the road?,yes,B,medium,automatic,main_eval,False,,overcast,smolvlm,Yes,yes,True,0.44
junctions,c00cc83c-a6a9ce44.jpg,JN_A_02,action,Should the driver yield to pedestrians before proceeding through this junction?,yes,A,high,automatic,main_eval,False,,overcast,smolvlm,Yes,yes,True,0.44
junctions,c00cc83c-a6a9ce44.jpg,JN_A_04,action,Should the driver be prepared to brake suddenly at this junction?,yes,A,high,automatic,main_eval,False,,overcast,smolvlm,Yes,yes,True,0.44
junctions,c00cc83c-a6a9ce44.jpg,JN_A_06,action,Should the driver sound the horn to warn other road users at this junction?,yes,B,medium,automatic,main_eval,False,,overcast,smolvlm,No,no,False,0.44
junctions,c00cc83c-a6a9ce44.jpg,JN_H_01,hazard,Is there a risk of a pedestrian stepping into the path of the ego vehicle?,yes,A,high,automatic,main_eval,False,,overcast,smolvlm,Yes,yes,True,0.44
junctions,c00cc83c-a6a9ce44.jpg,JN_H_02,hazard,Could a large vehicle such as a bus or truck obstruct the driver's sightline at this junction?,yes,A,high,automatic,main_eval,False,,overcast,smolvlm,Yes,yes,True,0.44
junctions,c00cc83c-a6a9ce44.jpg,JN_S_01,scene,Is this a signalised intersection with active traffic lights?,yes,A,high,automatic,main_eval,False,,overcast,smolvlm,Yes,yes,True,0.44
junctions,c00cc83c-a6a9ce44.jpg,JN_S_03,scene,Is this junction on a highway or high-speed road rather than an urban street?,no,A,high,automatic,main_eval,False,,overcast,smolvlm,No,no,True,0.44
junctions,c00cc83c-a6a9ce44.jpg,JN_S_05,scene,Does this scene show an unsignalised junction with no traffic lights visible?,no,A,high,automatic,main_eval,False,,overcast,smolvlm,Yes,yes,False,0.44
junctions,c00cc83c-a6a9ce44.jpg,JN_ADV_03,adversarial,Is there a vehicle currently occupying the centre of the intersection ahead?,no,B,medium,automatic,main_eval,False,,overcast,smolvlm,Yes,yes,False,0.44
junctions,c00cc83c-a6a9ce44.jpg,JN_ADV_04,adversarial,Are the lane markings at this junction clear enough to identify which lane leads to the intended direction?,no,A,high,automatic,main_eval,False,,overcast,smolvlm,No,no,True,0.44
junctions,c2d051a0-31c90f75.jpg,JN_BASE_01,baseline,Is a traffic light visible in this scene?,yes,A,high,automatic,baseline_only,False,,clear,smolvlm,Yes,yes,True,0.44
junctions,c2d051a0-31c90f75.jpg,JN_BASE_02,baseline,Is this scene located at an intersection or junction?,yes,A,high,automatic,baseline_only,False,,clear,smolvlm,Yes,yes,True,0.44
junctions,c2d051a0-31c90f75.jpg,JN_P_01,perception,Are there two or more traffic lights visible in this scene?,yes,A,high,automatic,main_eval,False,,clear,smolvlm,Yes,yes,True,0.44
junctions,c2d051a0-31c90f75.jpg,JN_P_02,perception,Is at least one pedestrian visible in or near the intersection?,yes,A,high,automatic,main_eval,False,,clear,smolvlm,Yes,yes,True,0.44
junctions,c2d051a0-31c90f75.jpg,JN_P_03,perception,Is there a vehicle larger than a standard car — such as a bus or truck — visible at this junction?,no,A,high,automatic,main_eval,False,,clear,smolvlm,Yes,yes,False,0.44
junctions,c2d051a0-31c90f75.jpg,JN_P_05,perception,Are road signs visible at this junction?,yes,A,high,automatic,main_eval,False,,clear,smolvlm,Yes,yes,True,0.44
junctions,c2d051a0-31c90f75.jpg,JN_P_07,perception,Is this junction scene captured during daytime?,yes,A,high,automatic,main_eval,False,,clear,smolvlm,Yes,yes,True,0.44
junctions,c2d051a0-31c90f75.jpg,JN_A_01,action,Should the ego vehicle stop before entering this intersection?,no,A,high,automatic,main_eval,False,,clear,smolvlm,No,no,True,0.44
junctions,c2d051a0-31c90f75.jpg,JN_A_02,action,Should the driver yield to pedestrians before proceeding through this junction?,yes,A,high,automatic,main_eval,False,,clear,smolvlm,No,no,False,0.44
junctions,c2d051a0-31c90f75.jpg,JN_A_04,action,Should the driver be prepared to brake suddenly at this junction?,yes,A,high,automatic,main_eval,False,,clear,smolvlm,Yes,yes,True,0.44
junctions,c2d051a0-31c90f75.jpg,JN_A_06,action,Should the driver sound the horn to warn other road users at this junction?,no,B,medium,automatic,main_eval,False,,clear,smolvlm,No,no,True,0.44
junctions,c2d051a0-31c90f75.jpg,JN_H_01,hazard,Is there a risk of a pedestrian stepping into the path of the ego vehicle?,yes,A,high,automatic,main_eval,False,,clear,smolvlm,Yes,yes,True,0.44
junctions,c2d051a0-31c90f75.jpg,JN_H_02,hazard,Could a large vehicle such as a bus or truck obstruct the driver's sightline at this junction?,no,A,high,automatic,main_eval,False,,clear,smolvlm,Yes,yes,False,0.44
junctions,c2d051a0-31c90f75.jpg,JN_S_01,scene,Is this a signalised intersection with active traffic lights?,yes,A,high,automatic,main_eval,False,,clear,smolvlm,Yes,yes,True,0.44
junctions,c2d051a0-31c90f75.jpg,JN_S_03,scene,Is this junction on a highway or high-speed road rather than an urban street?,no,A,high,automatic,main_eval,False,,clear,smolvlm,No,no,True,0.44
junctions,c2d051a0-31c90f75.jpg,JN_S_04,scene,Is this a nighttime junction scene?,no,A,high,automatic,main_eval,False,,clear,smolvlm,No,no,True,0.44
junctions,c2d051a0-31c90f75.jpg,JN_S_05,scene,Does this scene show an unsignalised junction with no traffic lights visible?,no,A,high,automatic,main_eval,False,,clear,smolvlm,Yes,yes,False,0.44
junctions,c2d051a0-31c90f75.jpg,JN_ADV_01,adversarial,Is the traffic light currently displaying a green signal that permits the ego vehicle to proceed?,yes,A,high,automatic,main_eval,False,,clear,smolvlm,Yes,yes,True,0.44
junctions,c2d051a0-31c90f75.jpg,JN_ADV_02,adversarial,"Is the traffic light currently displaying red or yellow, requiring the ego vehicle to stop or yield?",no,A,high,automatic,main_eval,False,,clear,smolvlm,No,no,True,0.44
junctions,c2d051a0-31c90f75.jpg,JN_ADV_03,adversarial,Is there a vehicle currently occupying the centre of the intersection ahead?,no,B,medium,automatic,main_eval,False,,clear,smolvlm,No,no,True,0.44
junctions,c2d051a0-31c90f75.jpg,JN_ADV_04,adversarial,Are the lane markings at this junction clear enough to identify which lane leads to the intended direction?,yes,A,high,automatic,main_eval,False,,clear,smolvlm,Yes,yes,True,0.44
junctions,b5362410-762b4521.jpg,JN_BASE_01,baseline,Is a traffic light visible in this scene?,yes,A,high,automatic,baseline_only,False,,snowy,smolvlm,Yes,yes,True,0.44
junctions,b5362410-762b4521.jpg,JN_BASE_02,baseline,Is this scene located at an intersection or junction?,yes,A,high,automatic,baseline_only,False,,snowy,smolvlm,No,no,False,0.44
junctions,b5362410-762b4521.jpg,JN_P_01,perception,Are there two or more traffic lights visible in this scene?,yes,A,high,automatic,main_eval,False,,snowy,smolvlm,Yes,yes,True,0.44
junctions,b5362410-762b4521.jpg,JN_P_02,perception,Is at least one pedestrian visible in or near the intersection?,yes,A,high,automatic,main_eval,False,,snowy,smolvlm,No,no,False,0.44
junctions,b5362410-762b4521.jpg,JN_P_03,perception,Is there a vehicle larger than a standard car — such as a bus or truck — visible at this junction?,yes,A,high,automatic,main_eval,False,,snowy,smolvlm,Yes,yes,True,0.44
junctions,b5362410-762b4521.jpg,JN_P_05,perception,Are road signs visible at this junction?,no,A,high,automatic,main_eval,False,,snowy,smolvlm,No,no,True,0.44
junctions,b5362410-762b4521.jpg,JN_P_07,perception,Is this junction scene captured during daytime?,yes,A,high,automatic,main_eval,False,,snowy,smolvlm,Yes,yes,True,0.44
junctions,b5362410-762b4521.jpg,JN_A_01,action,Should the ego vehicle stop before entering this intersection?,no,A,high,automatic,main_eval,False,,snowy,smolvlm,No,no,True,0.44
junctions,b5362410-762b4521.jpg,JN_A_02,action,Should the driver yield to pedestrians before proceeding through this junction?,yes,A,high,automatic,main_eval,False,,snowy,smolvlm,No,no,False,0.44
junctions,b5362410-762b4521.jpg,JN_A_04,action,Should the driver be prepared to brake suddenly at this junction?,yes,A,high,automatic,main_eval,False,,snowy,smolvlm,Yes,yes,True,0.44
junctions,b5362410-762b4521.jpg,JN_A_06,action,Should the driver sound the horn to warn other road users at this junction?,no,B,medium,automatic,main_eval,False,,snowy,smolvlm,No,no,True,0.44
junctions,b5362410-762b4521.jpg,JN_H_01,hazard,Is there a risk of a pedestrian stepping into the path of the ego vehicle?,yes,A,high,automatic,main_eval,False,,snowy,smolvlm,Yes,yes,True,0.44
junctions,b5362410-762b4521.jpg,JN_H_02,hazard,Could a large vehicle such as a bus or truck obstruct the driver's sightline at this junction?,yes,A,high,automatic,main_eval,False,,snowy,smolvlm,Yes,yes,True,0.44
junctions,b5362410-762b4521.jpg,JN_S_01,scene,Is this a signalised intersection with active traffic lights?,yes,A,high,automatic,main_eval,False,,snowy,smolvlm,Yes,yes,True,0.44
junctions,b5362410-762b4521.jpg,JN_S_03,scene,Is this junction on a highway or high-speed road rather than an urban street?,no,A,high,automatic,main_eval,False,,snowy,smolvlm,No,no,True,0.44
junctions,b5362410-762b4521.jpg,JN_S_04,scene,Is this a nighttime junction scene?,no,A,high,automatic,main_eval,False,,snowy,smolvlm,No,no,True,0.44
junctions,b5362410-762b4521.jpg,JN_S_05,scene,Does this scene show an unsignalised junction with no traffic lights visible?,no,A,high,automatic,main_eval,False,,snowy,smolvlm,No,no,True,0.44
junctions,b5362410-762b4521.jpg,JN_ADV_01,adversarial,Is the traffic light currently displaying a green signal that permits the ego vehicle to proceed?,yes,A,high,automatic,main_eval,False,,snowy,smolvlm,Yes,yes,True,0.44
junctions,b5362410-762b4521.jpg,JN_ADV_02,adversarial,"Is the traffic light currently displaying red or yellow, requiring the ego vehicle to stop or yield?",no,A,high,automatic,main_eval,False,,snowy,smolvlm,No,no,True,0.44
junctions,b5362410-762b4521.jpg,JN_ADV_03,adversarial,Is there a vehicle currently occupying the centre of the intersection ahead?,no,B,medium,automatic,main_eval,False,,snowy,smolvlm,No,no,True,0.44
junctions,b5362410-762b4521.jpg,JN_ADV_04,adversarial,Are the lane markings at this junction clear enough to identify which lane leads to the intended direction?,yes,A,high,automatic,main_eval,False,,snowy,smolvlm,No,no,False,0.44
junctions,baef72b1-4fd009a7.jpg,JN_BASE_01,baseline,Is a traffic light visible in this scene?,yes,A,high,automatic,baseline_only,False,,overcast,smolvlm,No,no,False,0.44
junctions,baef72b1-4fd009a7.jpg,JN_BASE_02,baseline,Is this scene located at an intersection or junction?,yes,A,high,automatic,baseline_only,False,,overcast,smolvlm,Yes,yes,True,0.44
junctions,baef72b1-4fd009a7.jpg,JN_P_01,perception,Are there two or more traffic lights visible in this scene?,yes,A,high,automatic,main_eval,False,,overcast,smolvlm,Yes,yes,True,0.44
junctions,baef72b1-4fd009a7.jpg,JN_P_02,perception,Is at least one pedestrian visible in or near the intersection?,yes,A,high,automatic,main_eval,False,,overcast,smolvlm,Yes,yes,True,0.44
junctions,baef72b1-4fd009a7.jpg,JN_P_03,perception,Is there a vehicle larger than a standard car — such as a bus or truck — visible at this junction?,yes,A,high,automatic,main_eval,False,,overcast,smolvlm,Yes,yes,True,0.44
junctions,baef72b1-4fd009a7.jpg,JN_P_05,perception,Are road signs visible at this junction?,no,A,high,automatic,main_eval,False,,overcast,smolvlm,No,no,True,0.44
junctions,baef72b1-4fd009a7.jpg,JN_P_07,perception,Is this junction scene captured during daytime?,no,A,high,automatic,main_eval,False,,overcast,smolvlm,No,no,True,0.44
junctions,baef72b1-4fd009a7.jpg,JN_P_08,perception,Is any pedestrian visible who appears to be actively crossing the road?,yes,B,medium,automatic,main_eval,False,,overcast,smolvlm,No,no,False,0.44
junctions,baef72b1-4fd009a7.jpg,JN_A_01,action,Should the ego vehicle stop before entering this intersection?,no,A,high,automatic,main_eval,False,,overcast,smolvlm,No,no,True,0.44
junctions,baef72b1-4fd009a7.jpg,JN_A_02,action,Should the driver yield to pedestrians before proceeding through this junction?,yes,A,high,automatic,main_eval,False,,overcast,smolvlm,No,no,False,0.44
junctions,baef72b1-4fd009a7.jpg,JN_A_04,action,Should the driver be prepared to brake suddenly at this junction?,yes,A,high,automatic,main_eval,False,,overcast,smolvlm,Yes,yes,True,0.44
junctions,baef72b1-4fd009a7.jpg,JN_A_06,action,Should the driver sound the horn to warn other road users at this junction?,yes,B,medium,automatic,main_eval,False,,overcast,smolvlm,No,no,False,0.44
junctions,baef72b1-4fd009a7.jpg,JN_H_01,hazard,Is there a risk of a pedestrian stepping into the path of the ego vehicle?,yes,A,high,automatic,main_eval,False,,overcast,smolvlm,Yes,yes,True,0.44
junctions,baef72b1-4fd009a7.jpg,JN_H_02,hazard,Could a large vehicle such as a bus or truck obstruct the driver's sightline at this junction?,yes,A,high,automatic,main_eval,False,,overcast,smolvlm,Yes,yes,True,0.44
junctions,baef72b1-4fd009a7.jpg,JN_S_01,scene,Is this a signalised intersection with active traffic lights?,yes,A,high,automatic,main_eval,False,,overcast,smolvlm,Yes,yes,True,0.44
junctions,baef72b1-4fd009a7.jpg,JN_S_03,scene,Is this junction on a highway or high-speed road rather than an urban street?,no,A,high,automatic,main_eval,False,,overcast,smolvlm,No,no,True,0.44
junctions,baef72b1-4fd009a7.jpg,JN_S_04,scene,Is this a nighttime junction scene?,yes,A,high,automatic,main_eval,False,,overcast,smolvlm,Yes,yes,True,0.44
junctions,baef72b1-4fd009a7.jpg,JN_S_05,scene,Does this scene show an unsignalised junction with no traffic lights visible?,no,A,high,automatic,main_eval,False,,overcast,smolvlm,Yes,yes,False,0.44
junctions,baef72b1-4fd009a7.jpg,JN_ADV_01,adversarial,Is the traffic light currently displaying a green signal that permits the ego vehicle to proceed?,yes,A,high,automatic,main_eval,False,,overcast,smolvlm,No,no,False,0.44
junctions,baef72b1-4fd009a7.jpg,JN_ADV_02,adversarial,"Is the traffic light currently displaying red or yellow, requiring the ego vehicle to stop or yield?",no,A,high,automatic,main_eval,False,,overcast,smolvlm,No,no,True,0.44
junctions,baef72b1-4fd009a7.jpg,JN_ADV_03,adversarial,Is there a vehicle currently occupying the centre of the intersection ahead?,no,B,medium,automatic,main_eval,False,,overcast,smolvlm,Yes,yes,False,0.44
junctions,baef72b1-4fd009a7.jpg,JN_ADV_04,adversarial,Are the lane markings at this junction clear enough to identify which lane leads to the intended direction?,yes,A,high,automatic,main_eval,False,,overcast,smolvlm,No,no,False,0.44
junctions,b2a8e8b4-50058f09.jpg,JN_BASE_01,baseline,Is a traffic light visible in this scene?,yes,A,high,automatic,baseline_only,False,,partly cloudy,smolvlm,Yes,yes,True,0.44
junctions,b2a8e8b4-50058f09.jpg,JN_BASE_02,baseline,Is this scene located at an intersection or junction?,yes,A,high,automatic,baseline_only,False,,partly cloudy,smolvlm,Yes,yes,True,0.44
junctions,b2a8e8b4-50058f09.jpg,JN_P_01,perception,Are there two or more traffic lights visible in this scene?,yes,A,high,automatic,main_eval,False,,partly cloudy,smolvlm,Yes,yes,True,0.44
junctions,b2a8e8b4-50058f09.jpg,JN_P_02,perception,Is at least one pedestrian visible in or near the intersection?,yes,A,high,automatic,main_eval,False,,partly cloudy,smolvlm,Yes,yes,True,0.44
junctions,b2a8e8b4-50058f09.jpg,JN_P_03,perception,Is there a vehicle larger than a standard car — such as a bus or truck — visible at this junction?,yes,A,high,automatic,main_eval,False,,partly cloudy,smolvlm,No,no,False,0.44
junctions,b2a8e8b4-50058f09.jpg,JN_P_05,perception,Are road signs visible at this junction?,yes,A,high,automatic,main_eval,False,,partly cloudy,smolvlm,No,no,False,0.44
junctions,b2a8e8b4-50058f09.jpg,JN_P_08,perception,Is any pedestrian visible who appears to be actively crossing the road?,yes,B,medium,automatic,main_eval,False,,partly cloudy,smolvlm,No,no,False,0.44
junctions,b2a8e8b4-50058f09.jpg,JN_A_01,action,Should the ego vehicle stop before entering this intersection?,no,A,high,automatic,main_eval,False,,partly cloudy,smolvlm,No,no,True,0.44
junctions,b2a8e8b4-50058f09.jpg,JN_A_02,action,Should the driver yield to pedestrians before proceeding through this junction?,yes,A,high,automatic,main_eval,False,,partly cloudy,smolvlm,Yes,yes,True,0.44
junctions,b2a8e8b4-50058f09.jpg,JN_A_04,action,Should the driver be prepared to brake suddenly at this junction?,yes,A,high,automatic,main_eval,False,,partly cloudy,smolvlm,Yes,yes,True,0.44
junctions,b2a8e8b4-50058f09.jpg,JN_A_06,action,Should the driver sound the horn to warn other road users at this junction?,yes,B,medium,automatic,main_eval,False,,partly cloudy,smolvlm,No,no,False,0.44
junctions,b2a8e8b4-50058f09.jpg,JN_H_01,hazard,Is there a risk of a pedestrian stepping into the path of the ego vehicle?,yes,A,high,automatic,main_eval,False,,partly cloudy,smolvlm,Yes,yes,True,0.44
junctions,b2a8e8b4-50058f09.jpg,JN_H_02,hazard,Could a large vehicle such as a bus or truck obstruct the driver's sightline at this junction?,yes,A,high,automatic,main_eval,False,,partly cloudy,smolvlm,Yes,yes,True,0.44
junctions,b2a8e8b4-50058f09.jpg,JN_S_01,scene,Is this a signalised intersection with active traffic lights?,yes,A,high,automatic,main_eval,False,,partly cloudy,smolvlm,Yes,yes,True,0.44
junctions,b2a8e8b4-50058f09.jpg,JN_S_03,scene,Is this junction on a highway or high-speed road rather than an urban street?,no,A,high,automatic,main_eval,False,,partly cloudy,smolvlm,No,no,True,0.44
junctions,b2a8e8b4-50058f09.jpg,JN_S_05,scene,Does this scene show an unsignalised junction with no traffic lights visible?,no,A,high,automatic,main_eval,False,,partly cloudy,smolvlm,No,no,True,0.44
junctions,b2a8e8b4-50058f09.jpg,JN_ADV_01,adversarial,Is the traffic light currently displaying a green signal that permits the ego vehicle to proceed?,yes,A,high,automatic,main_eval,False,,partly cloudy,smolvlm,Yes,yes,True,0.44
junctions,b2a8e8b4-50058f09.jpg,JN_ADV_02,adversarial,"Is the traffic light currently displaying red or yellow, requiring the ego vehicle to stop or yield?",no,A,high,automatic,main_eval,False,,partly cloudy,smolvlm,No,no,True,0.44
junctions,b2a8e8b4-50058f09.jpg,JN_ADV_03,adversarial,Is there a vehicle currently occupying the centre of the intersection ahead?,no,B,medium,automatic,main_eval,False,,partly cloudy,smolvlm,Yes,yes,False,0.44
junctions,b2a8e8b4-50058f09.jpg,JN_ADV_04,adversarial,Are the lane markings at this junction clear enough to identify which lane leads to the intended direction?,yes,A,high,automatic,main_eval,False,,partly cloudy,smolvlm,Yes,yes,True,0.44
junctions,ba5c759c-623fcd9d.jpg,JN_BASE_01,baseline,Is a traffic light visible in this scene?,yes,A,high,automatic,baseline_only,False,,partly cloudy,smolvlm,Yes,yes,True,0.44
junctions,ba5c759c-623fcd9d.jpg,JN_BASE_02,baseline,Is this scene located at an intersection or junction?,yes,A,high,automatic,baseline_only,False,,partly cloudy,smolvlm,Yes,yes,True,0.44
junctions,ba5c759c-623fcd9d.jpg,JN_P_01,perception,Are there two or more traffic lights visible in this scene?,yes,A,high,automatic,main_eval,False,,partly cloudy,smolvlm,Yes,yes,True,0.44
junctions,ba5c759c-623fcd9d.jpg,JN_P_02,perception,Is at least one pedestrian visible in or near the intersection?,yes,A,high,automatic,main_eval,False,,partly cloudy,smolvlm,Yes,yes,True,0.44
junctions,ba5c759c-623fcd9d.jpg,JN_P_03,perception,Is there a vehicle larger than a standard car — such as a bus or truck — visible at this junction?,yes,A,high,automatic,main_eval,False,,partly cloudy,smolvlm,Yes,yes,True,0.44
junctions,ba5c759c-623fcd9d.jpg,JN_P_05,perception,Are road signs visible at this junction?,yes,A,high,automatic,main_eval,False,,partly cloudy,smolvlm,Yes,yes,True,0.44
junctions,ba5c759c-623fcd9d.jpg,JN_A_01,action,Should the ego vehicle stop before entering this intersection?,yes,A,high,automatic,main_eval,False,,partly cloudy,smolvlm,No,no,False,0.44
junctions,ba5c759c-623fcd9d.jpg,JN_A_02,action,Should the driver yield to pedestrians before proceeding through this junction?,yes,A,high,automatic,main_eval,False,,partly cloudy,smolvlm,Yes,yes,True,0.44
junctions,ba5c759c-623fcd9d.jpg,JN_A_04,action,Should the driver be prepared to brake suddenly at this junction?,yes,A,high,automatic,main_eval,False,,partly cloudy,smolvlm,Yes,yes,True,0.44
junctions,ba5c759c-623fcd9d.jpg,JN_A_05,action,Would it be safe to make a right turn at this intersection right now?,no,B,medium,automatic,main_eval,False,,partly cloudy,smolvlm,No,no,True,0.44
junctions,ba5c759c-623fcd9d.jpg,JN_H_01,hazard,Is there a risk of a pedestrian stepping into the path of the ego vehicle?,yes,A,high,automatic,main_eval,False,,partly cloudy,smolvlm,Yes,yes,True,0.44
junctions,ba5c759c-623fcd9d.jpg,JN_H_02,hazard,Could a large vehicle such as a bus or truck obstruct the driver's sightline at this junction?,yes,A,high,automatic,main_eval,False,,partly cloudy,smolvlm,Yes,yes,True,0.44
junctions,ba5c759c-623fcd9d.jpg,JN_S_01,scene,Is this a signalised intersection with active traffic lights?,yes,A,high,automatic,main_eval,False,,partly cloudy,smolvlm,Yes,yes,True,0.44
junctions,ba5c759c-623fcd9d.jpg,JN_S_03,scene,Is this junction on a highway or high-speed road rather than an urban street?,no,A,high,automatic,main_eval,False,,partly cloudy,smolvlm,No,no,True,0.44
junctions,ba5c759c-623fcd9d.jpg,JN_S_05,scene,Does this scene show an unsignalised junction with no traffic lights visible?,no,A,high,automatic,main_eval,False,,partly cloudy,smolvlm,Yes,yes,False,0.44
junctions,ba5c759c-623fcd9d.jpg,JN_ADV_03,adversarial,Is there a vehicle currently occupying the centre of the intersection ahead?,no,B,medium,automatic,main_eval,False,,partly cloudy,smolvlm,No,no,True,0.44
junctions,ba5c759c-623fcd9d.jpg,JN_ADV_04,adversarial,Are the lane markings at this junction clear enough to identify which lane leads to the intended direction?,yes,A,high,automatic,main_eval,False,,partly cloudy,smolvlm,No,no,False,0.44
junctions,c1ca33ef-b36cc11b.jpg,JN_BASE_01,baseline,Is a traffic light visible in this scene?,yes,A,high,automatic,baseline_only,False,,overcast,smolvlm,Yes,yes,True,0.44
junctions,c1ca33ef-b36cc11b.jpg,JN_BASE_02,baseline,Is this scene located at an intersection or junction?,yes,A,high,automatic,baseline_only,False,,overcast,smolvlm,Yes,yes,True,0.44
junctions,c1ca33ef-b36cc11b.jpg,JN_P_01,perception,Are there two or more traffic lights visible in this scene?,yes,A,high,automatic,main_eval,False,,overcast,smolvlm,Yes,yes,True,0.44
junctions,c1ca33ef-b36cc11b.jpg,JN_P_02,perception,Is at least one pedestrian visible in or near the intersection?,yes,A,high,automatic,main_eval,False,,overcast,smolvlm,Yes,yes,True,0.44
junctions,c1ca33ef-b36cc11b.jpg,JN_P_03,perception,Is there a vehicle larger than a standard car — such as a bus or truck — visible at this junction?,no,A,high,automatic,main_eval,False,,overcast,smolvlm,No,no,True,0.44
junctions,c1ca33ef-b36cc11b.jpg,JN_P_05,perception,Are road signs visible at this junction?,yes,A,high,automatic,main_eval,False,,overcast,smolvlm,Yes,yes,True,0.44
junctions,c1ca33ef-b36cc11b.jpg,JN_P_07,perception,Is this junction scene captured during daytime?,yes,A,high,automatic,main_eval,False,,overcast,smolvlm,Yes,yes,True,0.44
junctions,c1ca33ef-b36cc11b.jpg,JN_P_08,perception,Is any pedestrian visible who appears to be actively crossing the road?,yes,B,medium,automatic,main_eval,False,,overcast,smolvlm,No,no,False,0.44
junctions,c1ca33ef-b36cc11b.jpg,JN_A_01,action,Should the ego vehicle stop before entering this intersection?,no,A,high,automatic,main_eval,False,,overcast,smolvlm,No,no,True,0.44
junctions,c1ca33ef-b36cc11b.jpg,JN_A_02,action,Should the driver yield to pedestrians before proceeding through this junction?,yes,A,high,automatic,main_eval,False,,overcast,smolvlm,No,no,False,0.44
junctions,c1ca33ef-b36cc11b.jpg,JN_A_04,action,Should the driver be prepared to brake suddenly at this junction?,yes,A,high,automatic,main_eval,False,,overcast,smolvlm,Yes,yes,True,0.44
junctions,c1ca33ef-b36cc11b.jpg,JN_A_06,action,Should the driver sound the horn to warn other road users at this junction?,yes,B,medium,automatic,main_eval,False,,overcast,smolvlm,No,no,False,0.44
junctions,c1ca33ef-b36cc11b.jpg,JN_H_01,hazard,Is there a risk of a pedestrian stepping into the path of the ego vehicle?,yes,A,high,automatic,main_eval,False,,overcast,smolvlm,Yes,yes,True,0.44
junctions,c1ca33ef-b36cc11b.jpg,JN_H_02,hazard,Could a large vehicle such as a bus or truck obstruct the driver's sightline at this junction?,no,A,high,automatic,main_eval,False,,overcast,smolvlm,Yes,yes,False,0.44
junctions,c1ca33ef-b36cc11b.jpg,JN_S_01,scene,Is this a signalised intersection with active traffic lights?,yes,A,high,automatic,main_eval,False,,overcast,smolvlm,Yes,yes,True,0.44
junctions,c1ca33ef-b36cc11b.jpg,JN_S_03,scene,Is this junction on a highway or high-speed road rather than an urban street?,no,A,high,automatic,main_eval,False,,overcast,smolvlm,No,no,True,0.44
junctions,c1ca33ef-b36cc11b.jpg,JN_S_04,scene,Is this a nighttime junction scene?,no,A,high,automatic,main_eval,False,,overcast,smolvlm,No,no,True,0.44
junctions,c1ca33ef-b36cc11b.jpg,JN_S_05,scene,Does this scene show an unsignalised junction with no traffic lights visible?,no,A,high,automatic,main_eval,False,,overcast,smolvlm,Yes,yes,False,0.44
junctions,c1ca33ef-b36cc11b.jpg,JN_ADV_01,adversarial,Is the traffic light currently displaying a green signal that permits the ego vehicle to proceed?,yes,A,high,automatic,main_eval,False,,overcast,smolvlm,No,no,False,0.44
junctions,c1ca33ef-b36cc11b.jpg,JN_ADV_02,adversarial,"Is the traffic light currently displaying red or yellow, requiring the ego vehicle to stop or yield?",no,A,high,automatic,main_eval,False,,overcast,smolvlm,No,no,True,0.44
junctions,c1ca33ef-b36cc11b.jpg,JN_ADV_03,adversarial,Is there a vehicle currently occupying the centre of the intersection ahead?,no,B,medium,automatic,main_eval,False,,overcast,smolvlm,No,no,True,0.44
junctions,c1ca33ef-b36cc11b.jpg,JN_ADV_04,adversarial,Are the lane markings at this junction clear enough to identify which lane leads to the intended direction?,yes,A,high,automatic,main_eval,False,,overcast,smolvlm,Yes,yes,True,0.44
junctions,c983692b-b3a04393.jpg,JN_BASE_01,baseline,Is a traffic light visible in this scene?,yes,A,high,automatic,baseline_only,False,,undefined,smolvlm,No,no,False,0.44
junctions,c983692b-b3a04393.jpg,JN_BASE_02,baseline,Is this scene located at an intersection or junction?,yes,A,high,automatic,baseline_only,False,,undefined,smolvlm,No,no,False,0.44
junctions,c983692b-b3a04393.jpg,JN_P_01,perception,Are there two or more traffic lights visible in this scene?,no,A,high,automatic,main_eval,False,,undefined,smolvlm,Yes,yes,False,0.44
junctions,c983692b-b3a04393.jpg,JN_P_02,perception,Is at least one pedestrian visible in or near the intersection?,yes,A,high,automatic,main_eval,False,,undefined,smolvlm,Yes,yes,True,0.44
junctions,c983692b-b3a04393.jpg,JN_P_03,perception,Is there a vehicle larger than a standard car — such as a bus or truck — visible at this junction?,yes,A,high,automatic,main_eval,False,,undefined,smolvlm,No,no,False,0.44
junctions,c983692b-b3a04393.jpg,JN_P_05,perception,Are road signs visible at this junction?,yes,A,high,automatic,main_eval,False,,undefined,smolvlm,No,no,False,0.44
junctions,c983692b-b3a04393.jpg,JN_P_07,perception,Is this junction scene captured during daytime?,yes,A,high,automatic,main_eval,False,,undefined,smolvlm,Yes,yes,True,0.44
junctions,c983692b-b3a04393.jpg,JN_P_08,perception,Is any pedestrian visible who appears to be actively crossing the road?,yes,B,medium,automatic,main_eval,False,,undefined,smolvlm,No,no,False,0.44
junctions,c983692b-b3a04393.jpg,JN_A_01,action,Should the ego vehicle stop before entering this intersection?,no,A,high,automatic,main_eval,False,,undefined,smolvlm,No,no,True,0.44
junctions,c983692b-b3a04393.jpg,JN_A_02,action,Should the driver yield to pedestrians before proceeding through this junction?,yes,A,high,automatic,main_eval,False,,undefined,smolvlm,No,no,False,0.44
junctions,c983692b-b3a04393.jpg,JN_A_04,action,Should the driver be prepared to brake suddenly at this junction?,yes,A,high,automatic,main_eval,False,,undefined,smolvlm,Yes,yes,True,0.44
junctions,c983692b-b3a04393.jpg,JN_A_06,action,Should the driver sound the horn to warn other road users at this junction?,yes,B,medium,automatic,main_eval,False,,undefined,smolvlm,No,no,False,0.44
junctions,c983692b-b3a04393.jpg,JN_H_01,hazard,Is there a risk of a pedestrian stepping into the path of the ego vehicle?,yes,A,high,automatic,main_eval,False,,undefined,smolvlm,Yes,yes,True,0.44
junctions,c983692b-b3a04393.jpg,JN_H_02,hazard,Could a large vehicle such as a bus or truck obstruct the driver's sightline at this junction?,yes,A,high,automatic,main_eval,False,,undefined,smolvlm,Yes,yes,True,0.44
junctions,c983692b-b3a04393.jpg,JN_S_01,scene,Is this a signalised intersection with active traffic lights?,yes,A,high,automatic,main_eval,False,,undefined,smolvlm,Yes,yes,True,0.44
junctions,c983692b-b3a04393.jpg,JN_S_03,scene,Is this junction on a highway or high-speed road rather than an urban street?,no,A,high,automatic,main_eval,False,,undefined,smolvlm,No,no,True,0.44
junctions,c983692b-b3a04393.jpg,JN_S_04,scene,Is this a nighttime junction scene?,no,A,high,automatic,main_eval,False,,undefined,smolvlm,No,no,True,0.44
junctions,c983692b-b3a04393.jpg,JN_S_05,scene,Does this scene show an unsignalised junction with no traffic lights visible?,no,A,high,automatic,main_eval,False,,undefined,smolvlm,No,no,True,0.45
junctions,c983692b-b3a04393.jpg,JN_ADV_01,adversarial,Is the traffic light currently displaying a green signal that permits the ego vehicle to proceed?,yes,A,high,automatic,main_eval,False,,undefined,smolvlm,No,no,False,0.44
junctions,c983692b-b3a04393.jpg,JN_ADV_02,adversarial,"Is the traffic light currently displaying red or yellow, requiring the ego vehicle to stop or yield?",no,A,high,automatic,main_eval,False,,undefined,smolvlm,No,no,True,0.44
junctions,c983692b-b3a04393.jpg,JN_ADV_03,adversarial,Is there a vehicle currently occupying the centre of the intersection ahead?,yes,B,medium,automatic,main_eval,False,,undefined,smolvlm,Yes,yes,True,0.44
junctions,c983692b-b3a04393.jpg,JN_ADV_04,adversarial,Are the lane markings at this junction clear enough to identify which lane leads to the intended direction?,yes,A,high,automatic,main_eval,False,,undefined,smolvlm,No,no,False,0.44
junctions,ca551156-5999d6d4.jpg,JN_BASE_01,baseline,Is a traffic light visible in this scene?,yes,A,high,automatic,baseline_only,False,,clear,smolvlm,Yes,yes,True,0.44
junctions,ca551156-5999d6d4.jpg,JN_BASE_02,baseline,Is this scene located at an intersection or junction?,yes,A,high,automatic,baseline_only,False,,clear,smolvlm,Yes,yes,True,0.44
junctions,ca551156-5999d6d4.jpg,JN_P_01,perception,Are there two or more traffic lights visible in this scene?,yes,A,high,automatic,main_eval,False,,clear,smolvlm,Yes,yes,True,0.44
junctions,ca551156-5999d6d4.jpg,JN_P_02,perception,Is at least one pedestrian visible in or near the intersection?,yes,A,high,automatic,main_eval,False,,clear,smolvlm,Yes,yes,True,0.44
junctions,ca551156-5999d6d4.jpg,JN_P_03,perception,Is there a vehicle larger than a standard car — such as a bus or truck — visible at this junction?,no,A,high,automatic,main_eval,False,,clear,smolvlm,No,no,True,0.44
junctions,ca551156-5999d6d4.jpg,JN_P_07,perception,Is this junction scene captured during daytime?,no,A,high,automatic,main_eval,False,,clear,smolvlm,No,no,True,0.44
junctions,ca551156-5999d6d4.jpg,JN_P_08,perception,Is any pedestrian visible who appears to be actively crossing the road?,yes,B,medium,automatic,main_eval,False,,clear,smolvlm,Yes,yes,True,0.44
junctions,ca551156-5999d6d4.jpg,JN_A_01,action,Should the ego vehicle stop before entering this intersection?,yes,A,high,automatic,main_eval,False,,clear,smolvlm,Yes,yes,True,0.44
junctions,ca551156-5999d6d4.jpg,JN_A_02,action,Should the driver yield to pedestrians before proceeding through this junction?,yes,A,high,automatic,main_eval,False,,clear,smolvlm,Yes,yes,True,0.44
junctions,ca551156-5999d6d4.jpg,JN_A_04,action,Should the driver be prepared to brake suddenly at this junction?,yes,A,high,automatic,main_eval,False,,clear,smolvlm,Yes,yes,True,0.44
junctions,ca551156-5999d6d4.jpg,JN_A_05,action,Would it be safe to make a right turn at this intersection right now?,no,B,medium,automatic,main_eval,False,,clear,smolvlm,No,no,True,0.44
junctions,ca551156-5999d6d4.jpg,JN_A_06,action,Should the driver sound the horn to warn other road users at this junction?,yes,B,medium,automatic,main_eval,False,,clear,smolvlm,No,no,False,0.44
junctions,ca551156-5999d6d4.jpg,JN_H_01,hazard,Is there a risk of a pedestrian stepping into the path of the ego vehicle?,yes,A,high,automatic,main_eval,False,,clear,smolvlm,Yes,yes,True,0.44
junctions,ca551156-5999d6d4.jpg,JN_H_02,hazard,Could a large vehicle such as a bus or truck obstruct the driver's sightline at this junction?,no,A,high,automatic,main_eval,False,,clear,smolvlm,No,no,True,0.44
junctions,ca551156-5999d6d4.jpg,JN_S_01,scene,Is this a signalised intersection with active traffic lights?,yes,A,high,automatic,main_eval,False,,clear,smolvlm,Yes,yes,True,0.44
junctions,ca551156-5999d6d4.jpg,JN_S_03,scene,Is this junction on a highway or high-speed road rather than an urban street?,no,A,high,automatic,main_eval,False,,clear,smolvlm,No,no,True,0.44
junctions,ca551156-5999d6d4.jpg,JN_S_04,scene,Is this a nighttime junction scene?,yes,A,high,automatic,main_eval,False,,clear,smolvlm,Yes,yes,True,0.44
junctions,ca551156-5999d6d4.jpg,JN_S_05,scene,Does this scene show an unsignalised junction with no traffic lights visible?,no,A,high,automatic,main_eval,False,,clear,smolvlm,Yes,yes,False,0.44
junctions,ca551156-5999d6d4.jpg,JN_ADV_03,adversarial,Is there a vehicle currently occupying the centre of the intersection ahead?,no,B,medium,automatic,main_eval,False,,clear,smolvlm,Yes,yes,False,0.44
junctions,ca551156-5999d6d4.jpg,JN_ADV_04,adversarial,Are the lane markings at this junction clear enough to identify which lane leads to the intended direction?,yes,A,high,automatic,main_eval,False,,clear,smolvlm,Yes,yes,True,0.44
junctions,c70a8ace-931896fd.jpg,JN_BASE_01,baseline,Is a traffic light visible in this scene?,yes,A,high,automatic,baseline_only,False,,rainy,smolvlm,No,no,False,0.44
junctions,c70a8ace-931896fd.jpg,JN_BASE_02,baseline,Is this scene located at an intersection or junction?,yes,A,high,automatic,baseline_only,False,,rainy,smolvlm,Yes,yes,True,0.44
junctions,c70a8ace-931896fd.jpg,JN_P_01,perception,Are there two or more traffic lights visible in this scene?,no,A,high,automatic,main_eval,False,,rainy,smolvlm,No,no,True,0.44
junctions,c70a8ace-931896fd.jpg,JN_P_02,perception,Is at least one pedestrian visible in or near the intersection?,yes,A,high,automatic,main_eval,False,,rainy,smolvlm,Yes,yes,True,0.44
junctions,c70a8ace-931896fd.jpg,JN_P_03,perception,Is there a vehicle larger than a standard car — such as a bus or truck — visible at this junction?,no,A,high,automatic,main_eval,False,,rainy,smolvlm,No,no,True,0.44
junctions,c70a8ace-931896fd.jpg,JN_P_05,perception,Are road signs visible at this junction?,yes,A,high,automatic,main_eval,False,,rainy,smolvlm,No,no,False,0.44
junctions,c70a8ace-931896fd.jpg,JN_P_08,perception,Is any pedestrian visible who appears to be actively crossing the road?,yes,B,medium,automatic,main_eval,False,,rainy,smolvlm,No,no,False,0.44
junctions,c70a8ace-931896fd.jpg,JN_A_01,action,Should the ego vehicle stop before entering this intersection?,yes,A,high,automatic,main_eval,False,,rainy,smolvlm,Yes,yes,True,0.44
junctions,c70a8ace-931896fd.jpg,JN_A_02,action,Should the driver yield to pedestrians before proceeding through this junction?,yes,A,high,automatic,main_eval,False,,rainy,smolvlm,Yes,yes,True,0.44
junctions,c70a8ace-931896fd.jpg,JN_A_04,action,Should the driver be prepared to brake suddenly at this junction?,yes,A,high,automatic,main_eval,False,,rainy,smolvlm,Yes,yes,True,0.44
junctions,c70a8ace-931896fd.jpg,JN_A_05,action,Would it be safe to make a right turn at this intersection right now?,no,B,medium,automatic,main_eval,False,,rainy,smolvlm,No,no,True,0.44
junctions,c70a8ace-931896fd.jpg,JN_A_06,action,Should the driver sound the horn to warn other road users at this junction?,yes,B,medium,automatic,main_eval,False,,rainy,smolvlm,No,no,False,0.44
junctions,c70a8ace-931896fd.jpg,JN_H_01,hazard,Is there a risk of a pedestrian stepping into the path of the ego vehicle?,yes,A,high,automatic,main_eval,False,,rainy,smolvlm,Yes,yes,True,0.44
junctions,c70a8ace-931896fd.jpg,JN_H_02,hazard,Could a large vehicle such as a bus or truck obstruct the driver's sightline at this junction?,no,A,high,automatic,main_eval,False,,rainy,smolvlm,Yes,yes,False,0.44
junctions,c70a8ace-931896fd.jpg,JN_S_01,scene,Is this a signalised intersection with active traffic lights?,yes,A,high,automatic,main_eval,False,,rainy,smolvlm,No,no,False,0.44
junctions,c70a8ace-931896fd.jpg,JN_S_03,scene,Is this junction on a highway or high-speed road rather than an urban street?,no,A,high,automatic,main_eval,False,,rainy,smolvlm,No,no,True,0.44
junctions,c70a8ace-931896fd.jpg,JN_S_05,scene,Does this scene show an unsignalised junction with no traffic lights visible?,no,A,high,automatic,main_eval,False,,rainy,smolvlm,Yes,yes,False,0.44
junctions,c70a8ace-931896fd.jpg,JN_ADV_01,adversarial,Is the traffic light currently displaying a green signal that permits the ego vehicle to proceed?,no,A,high,automatic,main_eval,False,,rainy,smolvlm,No,no,True,0.44
junctions,c70a8ace-931896fd.jpg,JN_ADV_02,adversarial,"Is the traffic light currently displaying red or yellow, requiring the ego vehicle to stop or yield?",yes,A,high,automatic,main_eval,False,,rainy,smolvlm,Yes,yes,True,0.44
junctions,c70a8ace-931896fd.jpg,JN_ADV_03,adversarial,Is there a vehicle currently occupying the centre of the intersection ahead?,no,B,medium,automatic,main_eval,False,,rainy,smolvlm,Yes,yes,False,0.44
junctions,c70a8ace-931896fd.jpg,JN_ADV_04,adversarial,Are the lane markings at this junction clear enough to identify which lane leads to the intended direction?,no,A,high,automatic,main_eval,False,,rainy,smolvlm,No,no,True,0.44
junctions,c342b42d-09b85192.jpg,JN_BASE_01,baseline,Is a traffic light visible in this scene?,yes,A,high,automatic,baseline_only,False,,clear,smolvlm,Yes,yes,True,0.45
junctions,c342b42d-09b85192.jpg,JN_BASE_02,baseline,Is this scene located at an intersection or junction?,yes,A,high,automatic,baseline_only,False,,clear,smolvlm,Yes,yes,True,0.44
junctions,c342b42d-09b85192.jpg,JN_P_01,perception,Are there two or more traffic lights visible in this scene?,yes,A,high,automatic,main_eval,False,,clear,smolvlm,Yes,yes,True,0.44
junctions,c342b42d-09b85192.jpg,JN_P_02,perception,Is at least one pedestrian visible in or near the intersection?,yes,A,high,automatic,main_eval,False,,clear,smolvlm,Yes,yes,True,0.44
junctions,c342b42d-09b85192.jpg,JN_P_03,perception,Is there a vehicle larger than a standard car — such as a bus or truck — visible at this junction?,yes,A,high,automatic,main_eval,False,,clear,smolvlm,No,no,False,0.44
junctions,c342b42d-09b85192.jpg,JN_P_05,perception,Are road signs visible at this junction?,yes,A,high,automatic,main_eval,False,,clear,smolvlm,Yes,yes,True,0.44
junctions,c342b42d-09b85192.jpg,JN_P_07,perception,Is this junction scene captured during daytime?,no,A,high,automatic,main_eval,False,,clear,smolvlm,No,no,True,0.44
junctions,c342b42d-09b85192.jpg,JN_P_08,perception,Is any pedestrian visible who appears to be actively crossing the road?,yes,B,medium,automatic,main_eval,False,,clear,smolvlm,No,no,False,0.44
junctions,c342b42d-09b85192.jpg,JN_A_01,action,Should the ego vehicle stop before entering this intersection?,yes,A,high,automatic,main_eval,False,,clear,smolvlm,No,no,False,0.44
junctions,c342b42d-09b85192.jpg,JN_A_02,action,Should the driver yield to pedestrians before proceeding through this junction?,yes,A,high,automatic,main_eval,False,,clear,smolvlm,Yes,yes,True,0.44
junctions,c342b42d-09b85192.jpg,JN_A_04,action,Should the driver be prepared to brake suddenly at this junction?,yes,A,high,automatic,main_eval,False,,clear,smolvlm,Yes,yes,True,0.44
junctions,c342b42d-09b85192.jpg,JN_A_05,action,Would it be safe to make a right turn at this intersection right now?,no,B,medium,automatic,main_eval,False,,clear,smolvlm,No,no,True,0.44
junctions,c342b42d-09b85192.jpg,JN_A_06,action,Should the driver sound the horn to warn other road users at this junction?,yes,B,medium,automatic,main_eval,False,,clear,smolvlm,No,no,False,0.44
junctions,c342b42d-09b85192.jpg,JN_H_01,hazard,Is there a risk of a pedestrian stepping into the path of the ego vehicle?,yes,A,high,automatic,main_eval,False,,clear,smolvlm,Yes,yes,True,0.44
junctions,c342b42d-09b85192.jpg,JN_H_02,hazard,Could a large vehicle such as a bus or truck obstruct the driver's sightline at this junction?,yes,A,high,automatic,main_eval,False,,clear,smolvlm,No,no,False,0.44
junctions,c342b42d-09b85192.jpg,JN_S_01,scene,Is this a signalised intersection with active traffic lights?,yes,A,high,automatic,main_eval,False,,clear,smolvlm,Yes,yes,True,0.44
junctions,c342b42d-09b85192.jpg,JN_S_03,scene,Is this junction on a highway or high-speed road rather than an urban street?,no,A,high,automatic,main_eval,False,,clear,smolvlm,No,no,True,0.44
junctions,c342b42d-09b85192.jpg,JN_S_04,scene,Is this a nighttime junction scene?,yes,A,high,automatic,main_eval,False,,clear,smolvlm,Yes,yes,True,0.44
junctions,c342b42d-09b85192.jpg,JN_S_05,scene,Does this scene show an unsignalised junction with no traffic lights visible?,no,A,high,automatic,main_eval,False,,clear,smolvlm,Yes,yes,False,0.44
junctions,c342b42d-09b85192.jpg,JN_ADV_03,adversarial,Is there a vehicle currently occupying the centre of the intersection ahead?,no,B,medium,automatic,main_eval,False,,clear,smolvlm,No,no,True,0.45
junctions,c342b42d-09b85192.jpg,JN_ADV_04,adversarial,Are the lane markings at this junction clear enough to identify which lane leads to the intended direction?,yes,A,high,automatic,main_eval,False,,clear,smolvlm,Yes,yes,True,0.44
junctions,bd1b8b79-16ecdafa.jpg,JN_BASE_01,baseline,Is a traffic light visible in this scene?,yes,A,high,automatic,baseline_only,False,,overcast,smolvlm,Yes,yes,True,0.44
junctions,bd1b8b79-16ecdafa.jpg,JN_BASE_02,baseline,Is this scene located at an intersection or junction?,yes,A,high,automatic,baseline_only,False,,overcast,smolvlm,Yes,yes,True,0.44
junctions,bd1b8b79-16ecdafa.jpg,JN_P_01,perception,Are there two or more traffic lights visible in this scene?,yes,A,high,automatic,main_eval,False,,overcast,smolvlm,Yes,yes,True,0.44
junctions,bd1b8b79-16ecdafa.jpg,JN_P_02,perception,Is at least one pedestrian visible in or near the intersection?,yes,A,high,automatic,main_eval,False,,overcast,smolvlm,Yes,yes,True,0.44
junctions,bd1b8b79-16ecdafa.jpg,JN_P_03,perception,Is there a vehicle larger than a standard car — such as a bus or truck — visible at this junction?,no,A,high,automatic,main_eval,False,,overcast,smolvlm,No,no,True,0.44
junctions,bd1b8b79-16ecdafa.jpg,JN_P_05,perception,Are road signs visible at this junction?,yes,A,high,automatic,main_eval,False,,overcast,smolvlm,No,no,False,0.45
junctions,bd1b8b79-16ecdafa.jpg,JN_P_08,perception,Is any pedestrian visible who appears to be actively crossing the road?,yes,B,medium,automatic,main_eval,False,,overcast,smolvlm,Yes,yes,True,0.44
junctions,bd1b8b79-16ecdafa.jpg,JN_A_01,action,Should the ego vehicle stop before entering this intersection?,yes,A,high,automatic,main_eval,False,,overcast,smolvlm,No,no,False,0.44
junctions,bd1b8b79-16ecdafa.jpg,JN_A_02,action,Should the driver yield to pedestrians before proceeding through this junction?,yes,A,high,automatic,main_eval,False,,overcast,smolvlm,Yes,yes,True,0.44
junctions,bd1b8b79-16ecdafa.jpg,JN_A_04,action,Should the driver be prepared to brake suddenly at this junction?,yes,A,high,automatic,main_eval,False,,overcast,smolvlm,Yes,yes,True,0.44
junctions,bd1b8b79-16ecdafa.jpg,JN_A_05,action,Would it be safe to make a right turn at this intersection right now?,no,B,medium,automatic,main_eval,False,,overcast,smolvlm,No,no,True,0.44
junctions,bd1b8b79-16ecdafa.jpg,JN_A_06,action,Should the driver sound the horn to warn other road users at this junction?,yes,B,medium,automatic,main_eval,False,,overcast,smolvlm,No,no,False,0.44
junctions,bd1b8b79-16ecdafa.jpg,JN_H_01,hazard,Is there a risk of a pedestrian stepping into the path of the ego vehicle?,yes,A,high,automatic,main_eval,False,,overcast,smolvlm,Yes,yes,True,0.44
junctions,bd1b8b79-16ecdafa.jpg,JN_H_02,hazard,Could a large vehicle such as a bus or truck obstruct the driver's sightline at this junction?,no,A,high,automatic,main_eval,False,,overcast,smolvlm,No,no,True,0.44
junctions,bd1b8b79-16ecdafa.jpg,JN_S_01,scene,Is this a signalised intersection with active traffic lights?,yes,A,high,automatic,main_eval,False,,overcast,smolvlm,Yes,yes,True,0.45
junctions,bd1b8b79-16ecdafa.jpg,JN_S_03,scene,Is this junction on a highway or high-speed road rather than an urban street?,no,A,high,automatic,main_eval,False,,overcast,smolvlm,No,no,True,0.44
junctions,bd1b8b79-16ecdafa.jpg,JN_S_05,scene,Does this scene show an unsignalised junction with no traffic lights visible?,no,A,high,automatic,main_eval,False,,overcast,smolvlm,Yes,yes,False,0.44
junctions,bd1b8b79-16ecdafa.jpg,JN_ADV_03,adversarial,Is there a vehicle currently occupying the centre of the intersection ahead?,no,B,medium,automatic,main_eval,False,,overcast,smolvlm,Yes,yes,False,0.44
junctions,bd1b8b79-16ecdafa.jpg,JN_ADV_04,adversarial,Are the lane markings at this junction clear enough to identify which lane leads to the intended direction?,yes,A,high,automatic,main_eval,False,,overcast,smolvlm,Yes,yes,True,0.44
junctions,b93a8e92-044ff223.jpg,JN_BASE_01,baseline,Is a traffic light visible in this scene?,yes,A,high,automatic,baseline_only,False,,clear,smolvlm,Yes,yes,True,0.44
junctions,b93a8e92-044ff223.jpg,JN_BASE_02,baseline,Is this scene located at an intersection or junction?,yes,A,high,automatic,baseline_only,False,,clear,smolvlm,Yes,yes,True,0.44
junctions,b93a8e92-044ff223.jpg,JN_P_01,perception,Are there two or more traffic lights visible in this scene?,yes,A,high,automatic,main_eval,False,,clear,smolvlm,Yes,yes,True,0.44
junctions,b93a8e92-044ff223.jpg,JN_P_02,perception,Is at least one pedestrian visible in or near the intersection?,yes,A,high,automatic,main_eval,False,,clear,smolvlm,Yes,yes,True,0.44
junctions,b93a8e92-044ff223.jpg,JN_P_03,perception,Is there a vehicle larger than a standard car — such as a bus or truck — visible at this junction?,yes,A,high,automatic,main_eval,False,,clear,smolvlm,Yes,yes,True,0.44
junctions,b93a8e92-044ff223.jpg,JN_P_05,perception,Are road signs visible at this junction?,yes,A,high,automatic,main_eval,False,,clear,smolvlm,Yes,yes,True,0.44
junctions,b93a8e92-044ff223.jpg,JN_P_08,perception,Is any pedestrian visible who appears to be actively crossing the road?,yes,B,medium,automatic,main_eval,False,,clear,smolvlm,Yes,yes,True,0.44
junctions,b93a8e92-044ff223.jpg,JN_A_01,action,Should the ego vehicle stop before entering this intersection?,yes,A,high,automatic,main_eval,False,,clear,smolvlm,No,no,False,0.44
junctions,b93a8e92-044ff223.jpg,JN_A_02,action,Should the driver yield to pedestrians before proceeding through this junction?,yes,A,high,automatic,main_eval,False,,clear,smolvlm,Yes,yes,True,0.44
junctions,b93a8e92-044ff223.jpg,JN_A_04,action,Should the driver be prepared to brake suddenly at this junction?,yes,A,high,automatic,main_eval,False,,clear,smolvlm,Yes,yes,True,0.44
junctions,b93a8e92-044ff223.jpg,JN_A_05,action,Would it be safe to make a right turn at this intersection right now?,no,B,medium,automatic,main_eval,False,,clear,smolvlm,No,no,True,0.44
junctions,b93a8e92-044ff223.jpg,JN_H_01,hazard,Is there a risk of a pedestrian stepping into the path of the ego vehicle?,yes,A,high,automatic,main_eval,False,,clear,smolvlm,Yes,yes,True,0.44
junctions,b93a8e92-044ff223.jpg,JN_H_02,hazard,Could a large vehicle such as a bus or truck obstruct the driver's sightline at this junction?,yes,A,high,automatic,main_eval,False,,clear,smolvlm,Yes,yes,True,0.44
junctions,b93a8e92-044ff223.jpg,JN_S_01,scene,Is this a signalised intersection with active traffic lights?,yes,A,high,automatic,main_eval,False,,clear,smolvlm,Yes,yes,True,0.44
junctions,b93a8e92-044ff223.jpg,JN_S_03,scene,Is this junction on a highway or high-speed road rather than an urban street?,no,A,high,automatic,main_eval,False,,clear,smolvlm,No,no,True,0.44
junctions,b93a8e92-044ff223.jpg,JN_S_05,scene,Does this scene show an unsignalised junction with no traffic lights visible?,no,A,high,automatic,main_eval,False,,clear,smolvlm,Yes,yes,False,0.44
junctions,b93a8e92-044ff223.jpg,JN_ADV_01,adversarial,Is the traffic light currently displaying a green signal that permits the ego vehicle to proceed?,no,A,high,automatic,main_eval,False,,clear,smolvlm,No,no,True,0.44
junctions,b93a8e92-044ff223.jpg,JN_ADV_02,adversarial,"Is the traffic light currently displaying red or yellow, requiring the ego vehicle to stop or yield?",yes,A,high,automatic,main_eval,False,,clear,smolvlm,Yes,yes,True,0.44
junctions,b93a8e92-044ff223.jpg,JN_ADV_03,adversarial,Is there a vehicle currently occupying the centre of the intersection ahead?,no,B,medium,automatic,main_eval,False,,clear,smolvlm,No,no,True,0.44
junctions,b93a8e92-044ff223.jpg,JN_ADV_04,adversarial,Are the lane markings at this junction clear enough to identify which lane leads to the intended direction?,yes,A,high,automatic,main_eval,False,,clear,smolvlm,Yes,yes,True,0.44
junctions,bd239c09-f3112785.jpg,JN_BASE_01,baseline,Is a traffic light visible in this scene?,yes,A,high,automatic,baseline_only,False,,clear,smolvlm,No,no,False,0.44
junctions,bd239c09-f3112785.jpg,JN_BASE_02,baseline,Is this scene located at an intersection or junction?,yes,A,high,automatic,baseline_only,False,,clear,smolvlm,Yes,yes,True,0.44
junctions,bd239c09-f3112785.jpg,JN_P_01,perception,Are there two or more traffic lights visible in this scene?,no,A,high,automatic,main_eval,False,,clear,smolvlm,Yes,yes,False,0.44
junctions,bd239c09-f3112785.jpg,JN_P_02,perception,Is at least one pedestrian visible in or near the intersection?,yes,A,high,automatic,main_eval,False,,clear,smolvlm,Yes,yes,True,0.44
junctions,bd239c09-f3112785.jpg,JN_P_03,perception,Is there a vehicle larger than a standard car — such as a bus or truck — visible at this junction?,no,A,high,automatic,main_eval,False,,clear,smolvlm,No,no,True,0.44
junctions,bd239c09-f3112785.jpg,JN_P_05,perception,Are road signs visible at this junction?,yes,A,high,automatic,main_eval,False,,clear,smolvlm,No,no,False,0.44
junctions,bd239c09-f3112785.jpg,JN_P_07,perception,Is this junction scene captured during daytime?,no,A,high,automatic,main_eval,False,,clear,smolvlm,No,no,True,0.44
junctions,bd239c09-f3112785.jpg,JN_P_08,perception,Is any pedestrian visible who appears to be actively crossing the road?,yes,B,medium,automatic,main_eval,False,,clear,smolvlm,Yes,yes,True,0.44
junctions,bd239c09-f3112785.jpg,JN_A_01,action,Should the ego vehicle stop before entering this intersection?,yes,A,high,automatic,main_eval,False,,clear,smolvlm,Yes,yes,True,0.44
junctions,bd239c09-f3112785.jpg,JN_A_02,action,Should the driver yield to pedestrians before proceeding through this junction?,yes,A,high,automatic,main_eval,False,,clear,smolvlm,Yes,yes,True,0.44
junctions,bd239c09-f3112785.jpg,JN_A_04,action,Should the driver be prepared to brake suddenly at this junction?,yes,A,high,automatic,main_eval,False,,clear,smolvlm,Yes,yes,True,0.44
junctions,bd239c09-f3112785.jpg,JN_A_05,action,Would it be safe to make a right turn at this intersection right now?,no,B,medium,automatic,main_eval,False,,clear,smolvlm,No,no,True,0.44
junctions,bd239c09-f3112785.jpg,JN_A_06,action,Should the driver sound the horn to warn other road users at this junction?,yes,B,medium,automatic,main_eval,False,,clear,smolvlm,No,no,False,0.44
junctions,bd239c09-f3112785.jpg,JN_H_01,hazard,Is there a risk of a pedestrian stepping into the path of the ego vehicle?,yes,A,high,automatic,main_eval,False,,clear,smolvlm,Yes,yes,True,0.44
junctions,bd239c09-f3112785.jpg,JN_H_02,hazard,Could a large vehicle such as a bus or truck obstruct the driver's sightline at this junction?,no,A,high,automatic,main_eval,False,,clear,smolvlm,Yes,yes,False,0.44
junctions,bd239c09-f3112785.jpg,JN_S_01,scene,Is this a signalised intersection with active traffic lights?,yes,A,high,automatic,main_eval,False,,clear,smolvlm,Yes,yes,True,0.44
junctions,bd239c09-f3112785.jpg,JN_S_03,scene,Is this junction on a highway or high-speed road rather than an urban street?,no,A,high,automatic,main_eval,False,,clear,smolvlm,No,no,True,0.44
junctions,bd239c09-f3112785.jpg,JN_S_04,scene,Is this a nighttime junction scene?,yes,A,high,automatic,main_eval,False,,clear,smolvlm,Yes,yes,True,0.44
junctions,bd239c09-f3112785.jpg,JN_S_05,scene,Does this scene show an unsignalised junction with no traffic lights visible?,no,A,high,automatic,main_eval,False,,clear,smolvlm,Yes,yes,False,0.44
junctions,bd239c09-f3112785.jpg,JN_ADV_01,adversarial,Is the traffic light currently displaying a green signal that permits the ego vehicle to proceed?,no,A,high,automatic,main_eval,False,,clear,smolvlm,No,no,True,0.44
junctions,bd239c09-f3112785.jpg,JN_ADV_02,adversarial,"Is the traffic light currently displaying red or yellow, requiring the ego vehicle to stop or yield?",yes,A,high,automatic,main_eval,False,,clear,smolvlm,No,no,False,0.44
junctions,bd239c09-f3112785.jpg,JN_ADV_03,adversarial,Is there a vehicle currently occupying the centre of the intersection ahead?,no,B,medium,automatic,main_eval,False,,clear,smolvlm,No,no,True,0.44
junctions,bd239c09-f3112785.jpg,JN_ADV_04,adversarial,Are the lane markings at this junction clear enough to identify which lane leads to the intended direction?,yes,A,high,automatic,main_eval,False,,clear,smolvlm,No,no,False,0.44
junctions,c98258a4-e5a366fe.jpg,JN_BASE_01,baseline,Is a traffic light visible in this scene?,yes,A,high,automatic,baseline_only,False,,overcast,smolvlm,Yes,yes,True,0.44
junctions,c98258a4-e5a366fe.jpg,JN_BASE_02,baseline,Is this scene located at an intersection or junction?,yes,A,high,automatic,baseline_only,False,,overcast,smolvlm,Yes,yes,True,0.44
junctions,c98258a4-e5a366fe.jpg,JN_P_01,perception,Are there two or more traffic lights visible in this scene?,yes,A,high,automatic,main_eval,False,,overcast,smolvlm,Yes,yes,True,0.44
junctions,c98258a4-e5a366fe.jpg,JN_P_02,perception,Is at least one pedestrian visible in or near the intersection?,yes,A,high,automatic,main_eval,False,,overcast,smolvlm,Yes,yes,True,0.44
junctions,c98258a4-e5a366fe.jpg,JN_P_03,perception,Is there a vehicle larger than a standard car — such as a bus or truck — visible at this junction?,yes,A,high,automatic,main_eval,False,,overcast,smolvlm,Yes,yes,True,0.44
junctions,c98258a4-e5a366fe.jpg,JN_P_05,perception,Are road signs visible at this junction?,yes,A,high,automatic,main_eval,False,,overcast,smolvlm,No,no,False,0.44
junctions,c98258a4-e5a366fe.jpg,JN_P_08,perception,Is any pedestrian visible who appears to be actively crossing the road?,yes,B,medium,automatic,main_eval,False,,overcast,smolvlm,No,no,False,0.44
junctions,c98258a4-e5a366fe.jpg,JN_A_01,action,Should the ego vehicle stop before entering this intersection?,yes,A,high,automatic,main_eval,False,,overcast,smolvlm,No,no,False,0.44
junctions,c98258a4-e5a366fe.jpg,JN_A_02,action,Should the driver yield to pedestrians before proceeding through this junction?,yes,A,high,automatic,main_eval,False,,overcast,smolvlm,No,no,False,0.44
junctions,c98258a4-e5a366fe.jpg,JN_A_04,action,Should the driver be prepared to brake suddenly at this junction?,yes,A,high,automatic,main_eval,False,,overcast,smolvlm,Yes,yes,True,0.44
junctions,c98258a4-e5a366fe.jpg,JN_A_05,action,Would it be safe to make a right turn at this intersection right now?,no,B,medium,automatic,main_eval,False,,overcast,smolvlm,No,no,True,0.44
junctions,c98258a4-e5a366fe.jpg,JN_H_01,hazard,Is there a risk of a pedestrian stepping into the path of the ego vehicle?,yes,A,high,automatic,main_eval,False,,overcast,smolvlm,Yes,yes,True,0.44
junctions,c98258a4-e5a366fe.jpg,JN_H_02,hazard,Could a large vehicle such as a bus or truck obstruct the driver's sightline at this junction?,yes,A,high,automatic,main_eval,False,,overcast,smolvlm,Yes,yes,True,0.44
junctions,c98258a4-e5a366fe.jpg,JN_S_01,scene,Is this a signalised intersection with active traffic lights?,yes,A,high,automatic,main_eval,False,,overcast,smolvlm,Yes,yes,True,0.44
junctions,c98258a4-e5a366fe.jpg,JN_S_03,scene,Is this junction on a highway or high-speed road rather than an urban street?,no,A,high,automatic,main_eval,False,,overcast,smolvlm,No,no,True,0.44
junctions,c98258a4-e5a366fe.jpg,JN_S_05,scene,Does this scene show an unsignalised junction with no traffic lights visible?,no,A,high,automatic,main_eval,False,,overcast,smolvlm,Yes,yes,False,0.44
junctions,c98258a4-e5a366fe.jpg,JN_ADV_03,adversarial,Is there a vehicle currently occupying the centre of the intersection ahead?,no,B,medium,automatic,main_eval,False,,overcast,smolvlm,Yes,yes,False,0.44
junctions,c98258a4-e5a366fe.jpg,JN_ADV_04,adversarial,Are the lane markings at this junction clear enough to identify which lane leads to the intended direction?,yes,A,high,automatic,main_eval,False,,overcast,smolvlm,Yes,yes,True,0.44
junctions,b52e49e5-d1e36124.jpg,JN_BASE_01,baseline,Is a traffic light visible in this scene?,yes,A,high,automatic,baseline_only,False,,undefined,smolvlm,Yes,yes,True,0.44
junctions,b52e49e5-d1e36124.jpg,JN_BASE_02,baseline,Is this scene located at an intersection or junction?,yes,A,high,automatic,baseline_only,False,,undefined,smolvlm,Yes,yes,True,0.44
junctions,b52e49e5-d1e36124.jpg,JN_P_01,perception,Are there two or more traffic lights visible in this scene?,yes,A,high,automatic,main_eval,False,,undefined,smolvlm,Yes,yes,True,0.44
junctions,b52e49e5-d1e36124.jpg,JN_P_02,perception,Is at least one pedestrian visible in or near the intersection?,yes,A,high,automatic,main_eval,False,,undefined,smolvlm,Yes,yes,True,0.44
junctions,b52e49e5-d1e36124.jpg,JN_P_03,perception,Is there a vehicle larger than a standard car — such as a bus or truck — visible at this junction?,yes,A,high,automatic,main_eval,False,,undefined,smolvlm,No,no,False,0.44
junctions,b52e49e5-d1e36124.jpg,JN_P_05,perception,Are road signs visible at this junction?,yes,A,high,automatic,main_eval,False,,undefined,smolvlm,No,no,False,0.44
junctions,b52e49e5-d1e36124.jpg,JN_P_07,perception,Is this junction scene captured during daytime?,yes,A,high,automatic,main_eval,False,,undefined,smolvlm,Yes,yes,True,0.44
junctions,b52e49e5-d1e36124.jpg,JN_P_08,perception,Is any pedestrian visible who appears to be actively crossing the road?,yes,B,medium,automatic,main_eval,False,,undefined,smolvlm,Yes,yes,True,0.44
junctions,b52e49e5-d1e36124.jpg,JN_A_01,action,Should the ego vehicle stop before entering this intersection?,yes,A,high,automatic,main_eval,False,,undefined,smolvlm,No,no,False,0.44
junctions,b52e49e5-d1e36124.jpg,JN_A_02,action,Should the driver yield to pedestrians before proceeding through this junction?,yes,A,high,automatic,main_eval,False,,undefined,smolvlm,Yes,yes,True,0.44
junctions,b52e49e5-d1e36124.jpg,JN_A_04,action,Should the driver be prepared to brake suddenly at this junction?,yes,A,high,automatic,main_eval,False,,undefined,smolvlm,Yes,yes,True,0.44
junctions,b52e49e5-d1e36124.jpg,JN_A_05,action,Would it be safe to make a right turn at this intersection right now?,no,B,medium,automatic,main_eval,False,,undefined,smolvlm,No,no,True,0.44
junctions,b52e49e5-d1e36124.jpg,JN_A_06,action,Should the driver sound the horn to warn other road users at this junction?,yes,B,medium,automatic,main_eval,False,,undefined,smolvlm,No,no,False,0.44
junctions,b52e49e5-d1e36124.jpg,JN_H_01,hazard,Is there a risk of a pedestrian stepping into the path of the ego vehicle?,yes,A,high,automatic,main_eval,False,,undefined,smolvlm,Yes,yes,True,0.44
junctions,b52e49e5-d1e36124.jpg,JN_H_02,hazard,Could a large vehicle such as a bus or truck obstruct the driver's sightline at this junction?,yes,A,high,automatic,main_eval,False,,undefined,smolvlm,Yes,yes,True,0.44
junctions,b52e49e5-d1e36124.jpg,JN_S_01,scene,Is this a signalised intersection with active traffic lights?,yes,A,high,automatic,main_eval,False,,undefined,smolvlm,Yes,yes,True,0.44
junctions,b52e49e5-d1e36124.jpg,JN_S_03,scene,Is this junction on a highway or high-speed road rather than an urban street?,no,A,high,automatic,main_eval,False,,undefined,smolvlm,No,no,True,0.44
junctions,b52e49e5-d1e36124.jpg,JN_S_04,scene,Is this a nighttime junction scene?,no,A,high,automatic,main_eval,False,,undefined,smolvlm,Yes,yes,False,0.44
junctions,b52e49e5-d1e36124.jpg,JN_S_05,scene,Does this scene show an unsignalised junction with no traffic lights visible?,no,A,high,automatic,main_eval,False,,undefined,smolvlm,Yes,yes,False,0.44
junctions,b52e49e5-d1e36124.jpg,JN_ADV_01,adversarial,Is the traffic light currently displaying a green signal that permits the ego vehicle to proceed?,no,A,high,automatic,main_eval,False,,undefined,smolvlm,No,no,True,0.44
junctions,b52e49e5-d1e36124.jpg,JN_ADV_02,adversarial,"Is the traffic light currently displaying red or yellow, requiring the ego vehicle to stop or yield?",yes,A,high,automatic,main_eval,False,,undefined,smolvlm,No,no,False,0.44
junctions,b52e49e5-d1e36124.jpg,JN_ADV_03,adversarial,Is there a vehicle currently occupying the centre of the intersection ahead?,yes,B,medium,automatic,main_eval,False,,undefined,smolvlm,No,no,False,0.44
junctions,b52e49e5-d1e36124.jpg,JN_ADV_04,adversarial,Are the lane markings at this junction clear enough to identify which lane leads to the intended direction?,yes,A,high,automatic,main_eval,False,,undefined,smolvlm,Yes,yes,True,0.44
junctions,c8069625-0a547aca.jpg,JN_BASE_01,baseline,Is a traffic light visible in this scene?,yes,A,high,automatic,baseline_only,False,,clear,smolvlm,Yes,yes,True,0.44
junctions,c8069625-0a547aca.jpg,JN_BASE_02,baseline,Is this scene located at an intersection or junction?,yes,A,high,automatic,baseline_only,False,,clear,smolvlm,No,no,False,0.44
junctions,c8069625-0a547aca.jpg,JN_P_01,perception,Are there two or more traffic lights visible in this scene?,no,A,high,automatic,main_eval,False,,clear,smolvlm,Yes,yes,False,0.44
junctions,c8069625-0a547aca.jpg,JN_P_02,perception,Is at least one pedestrian visible in or near the intersection?,yes,A,high,automatic,main_eval,False,,clear,smolvlm,Yes,yes,True,0.44
junctions,c8069625-0a547aca.jpg,JN_P_03,perception,Is there a vehicle larger than a standard car — such as a bus or truck — visible at this junction?,no,A,high,automatic,main_eval,False,,clear,smolvlm,No,no,True,0.44
junctions,c8069625-0a547aca.jpg,JN_P_05,perception,Are road signs visible at this junction?,yes,A,high,automatic,main_eval,False,,clear,smolvlm,No,no,False,0.44
junctions,c8069625-0a547aca.jpg,JN_P_07,perception,Is this junction scene captured during daytime?,no,A,high,automatic,main_eval,False,,clear,smolvlm,No,no,True,0.44
junctions,c8069625-0a547aca.jpg,JN_P_08,perception,Is any pedestrian visible who appears to be actively crossing the road?,yes,B,medium,automatic,main_eval,False,,clear,smolvlm,No,no,False,0.44
junctions,c8069625-0a547aca.jpg,JN_A_01,action,Should the ego vehicle stop before entering this intersection?,no,A,high,automatic,main_eval,False,,clear,smolvlm,No,no,True,0.44
junctions,c8069625-0a547aca.jpg,JN_A_02,action,Should the driver yield to pedestrians before proceeding through this junction?,yes,A,high,automatic,main_eval,False,,clear,smolvlm,Yes,yes,True,0.44
junctions,c8069625-0a547aca.jpg,JN_A_04,action,Should the driver be prepared to brake suddenly at this junction?,yes,A,high,automatic,main_eval,False,,clear,smolvlm,Yes,yes,True,0.44
junctions,c8069625-0a547aca.jpg,JN_A_06,action,Should the driver sound the horn to warn other road users at this junction?,yes,B,medium,automatic,main_eval,False,,clear,smolvlm,No,no,False,0.44
junctions,c8069625-0a547aca.jpg,JN_H_01,hazard,Is there a risk of a pedestrian stepping into the path of the ego vehicle?,yes,A,high,automatic,main_eval,False,,clear,smolvlm,Yes,yes,True,0.44
junctions,c8069625-0a547aca.jpg,JN_H_02,hazard,Could a large vehicle such as a bus or truck obstruct the driver's sightline at this junction?,no,A,high,automatic,main_eval,False,,clear,smolvlm,Yes,yes,False,0.44
junctions,c8069625-0a547aca.jpg,JN_S_01,scene,Is this a signalised intersection with active traffic lights?,yes,A,high,automatic,main_eval,False,,clear,smolvlm,Yes,yes,True,0.44
junctions,c8069625-0a547aca.jpg,JN_S_03,scene,Is this junction on a highway or high-speed road rather than an urban street?,no,A,high,automatic,main_eval,False,,clear,smolvlm,No,no,True,0.44
junctions,c8069625-0a547aca.jpg,JN_S_04,scene,Is this a nighttime junction scene?,yes,A,high,automatic,main_eval,False,,clear,smolvlm,Yes,yes,True,0.44
junctions,c8069625-0a547aca.jpg,JN_S_05,scene,Does this scene show an unsignalised junction with no traffic lights visible?,no,A,high,automatic,main_eval,False,,clear,smolvlm,Yes,yes,False,0.44
junctions,c8069625-0a547aca.jpg,JN_ADV_01,adversarial,Is the traffic light currently displaying a green signal that permits the ego vehicle to proceed?,yes,A,high,automatic,main_eval,False,,clear,smolvlm,Yes,yes,True,0.44
junctions,c8069625-0a547aca.jpg,JN_ADV_02,adversarial,"Is the traffic light currently displaying red or yellow, requiring the ego vehicle to stop or yield?",no,A,high,automatic,main_eval,False,,clear,smolvlm,No,no,True,0.44
junctions,c8069625-0a547aca.jpg,JN_ADV_03,adversarial,Is there a vehicle currently occupying the centre of the intersection ahead?,no,B,medium,automatic,main_eval,False,,clear,smolvlm,No,no,True,0.44
junctions,c8069625-0a547aca.jpg,JN_ADV_04,adversarial,Are the lane markings at this junction clear enough to identify which lane leads to the intended direction?,no,A,high,automatic,main_eval,False,,clear,smolvlm,No,no,True,0.44
junctions,c663ebc6-21dbeb77.jpg,JN_BASE_01,baseline,Is a traffic light visible in this scene?,yes,A,high,automatic,baseline_only,False,,overcast,smolvlm,Yes,yes,True,0.44
junctions,c663ebc6-21dbeb77.jpg,JN_BASE_02,baseline,Is this scene located at an intersection or junction?,yes,A,high,automatic,baseline_only,False,,overcast,smolvlm,Yes,yes,True,0.44
junctions,c663ebc6-21dbeb77.jpg,JN_P_01,perception,Are there two or more traffic lights visible in this scene?,yes,A,high,automatic,main_eval,False,,overcast,smolvlm,Yes,yes,True,0.44
junctions,c663ebc6-21dbeb77.jpg,JN_P_02,perception,Is at least one pedestrian visible in or near the intersection?,yes,A,high,automatic,main_eval,False,,overcast,smolvlm,Yes,yes,True,0.44
junctions,c663ebc6-21dbeb77.jpg,JN_P_03,perception,Is there a vehicle larger than a standard car — such as a bus or truck — visible at this junction?,no,A,high,automatic,main_eval,False,,overcast,smolvlm,No,no,True,0.44
junctions,c663ebc6-21dbeb77.jpg,JN_P_05,perception,Are road signs visible at this junction?,yes,A,high,automatic,main_eval,False,,overcast,smolvlm,Yes,yes,True,0.44
junctions,c663ebc6-21dbeb77.jpg,JN_P_07,perception,Is this junction scene captured during daytime?,yes,A,high,automatic,main_eval,False,,overcast,smolvlm,Yes,yes,True,0.44
junctions,c663ebc6-21dbeb77.jpg,JN_P_08,perception,Is any pedestrian visible who appears to be actively crossing the road?,yes,B,medium,automatic,main_eval,False,,overcast,smolvlm,No,no,False,0.44
junctions,c663ebc6-21dbeb77.jpg,JN_A_01,action,Should the ego vehicle stop before entering this intersection?,yes,A,high,automatic,main_eval,False,,overcast,smolvlm,No,no,False,0.44
junctions,c663ebc6-21dbeb77.jpg,JN_A_02,action,Should the driver yield to pedestrians before proceeding through this junction?,yes,A,high,automatic,main_eval,False,,overcast,smolvlm,No,no,False,0.44
junctions,c663ebc6-21dbeb77.jpg,JN_A_04,action,Should the driver be prepared to brake suddenly at this junction?,yes,A,high,automatic,main_eval,False,,overcast,smolvlm,Yes,yes,True,0.44
junctions,c663ebc6-21dbeb77.jpg,JN_A_05,action,Would it be safe to make a right turn at this intersection right now?,no,B,medium,automatic,main_eval,False,,overcast,smolvlm,No,no,True,0.44
junctions,c663ebc6-21dbeb77.jpg,JN_A_06,action,Should the driver sound the horn to warn other road users at this junction?,yes,B,medium,automatic,main_eval,False,,overcast,smolvlm,No,no,False,0.44
junctions,c663ebc6-21dbeb77.jpg,JN_H_01,hazard,Is there a risk of a pedestrian stepping into the path of the ego vehicle?,yes,A,high,automatic,main_eval,False,,overcast,smolvlm,Yes,yes,True,0.44
junctions,c663ebc6-21dbeb77.jpg,JN_H_02,hazard,Could a large vehicle such as a bus or truck obstruct the driver's sightline at this junction?,no,A,high,automatic,main_eval,False,,overcast,smolvlm,Yes,yes,False,0.44
junctions,c663ebc6-21dbeb77.jpg,JN_S_01,scene,Is this a signalised intersection with active traffic lights?,yes,A,high,automatic,main_eval,False,,overcast,smolvlm,Yes,yes,True,0.44
junctions,c663ebc6-21dbeb77.jpg,JN_S_03,scene,Is this junction on a highway or high-speed road rather than an urban street?,no,A,high,automatic,main_eval,False,,overcast,smolvlm,No,no,True,0.44
junctions,c663ebc6-21dbeb77.jpg,JN_S_04,scene,Is this a nighttime junction scene?,no,A,high,automatic,main_eval,False,,overcast,smolvlm,No,no,True,0.44
junctions,c663ebc6-21dbeb77.jpg,JN_S_05,scene,Does this scene show an unsignalised junction with no traffic lights visible?,no,A,high,automatic,main_eval,False,,overcast,smolvlm,Yes,yes,False,0.44
junctions,c663ebc6-21dbeb77.jpg,JN_ADV_01,adversarial,Is the traffic light currently displaying a green signal that permits the ego vehicle to proceed?,no,A,high,automatic,main_eval,False,,overcast,smolvlm,No,no,True,0.44
junctions,c663ebc6-21dbeb77.jpg,JN_ADV_02,adversarial,"Is the traffic light currently displaying red or yellow, requiring the ego vehicle to stop or yield?",yes,A,high,automatic,main_eval,False,,overcast,smolvlm,Yes,yes,True,0.44
junctions,c663ebc6-21dbeb77.jpg,JN_ADV_03,adversarial,Is there a vehicle currently occupying the centre of the intersection ahead?,no,B,medium,automatic,main_eval,False,,overcast,smolvlm,Yes,yes,False,0.44
junctions,c663ebc6-21dbeb77.jpg,JN_ADV_04,adversarial,Are the lane markings at this junction clear enough to identify which lane leads to the intended direction?,no,A,high,automatic,main_eval,False,,overcast,smolvlm,No,no,True,0.44
junctions,c76fbaa1-07ee965c.jpg,JN_BASE_01,baseline,Is a traffic light visible in this scene?,yes,A,high,automatic,baseline_only,False,,undefined,smolvlm,Yes,yes,True,0.44
junctions,c76fbaa1-07ee965c.jpg,JN_BASE_02,baseline,Is this scene located at an intersection or junction?,yes,A,high,automatic,baseline_only,False,,undefined,smolvlm,Yes,yes,True,0.44
junctions,c76fbaa1-07ee965c.jpg,JN_P_01,perception,Are there two or more traffic lights visible in this scene?,yes,A,high,automatic,main_eval,False,,undefined,smolvlm,No,no,False,0.44
junctions,c76fbaa1-07ee965c.jpg,JN_P_02,perception,Is at least one pedestrian visible in or near the intersection?,yes,A,high,automatic,main_eval,False,,undefined,smolvlm,Yes,yes,True,0.44
junctions,c76fbaa1-07ee965c.jpg,JN_P_03,perception,Is there a vehicle larger than a standard car — such as a bus or truck — visible at this junction?,yes,A,high,automatic,main_eval,False,,undefined,smolvlm,No,no,False,0.44
junctions,c76fbaa1-07ee965c.jpg,JN_P_05,perception,Are road signs visible at this junction?,yes,A,high,automatic,main_eval,False,,undefined,smolvlm,Yes,yes,True,0.44
junctions,c76fbaa1-07ee965c.jpg,JN_P_07,perception,Is this junction scene captured during daytime?,yes,A,high,automatic,main_eval,False,,undefined,smolvlm,Yes,yes,True,0.44
junctions,c76fbaa1-07ee965c.jpg,JN_P_08,perception,Is any pedestrian visible who appears to be actively crossing the road?,yes,B,medium,automatic,main_eval,False,,undefined,smolvlm,No,no,False,0.44
junctions,c76fbaa1-07ee965c.jpg,JN_A_01,action,Should the ego vehicle stop before entering this intersection?,yes,A,high,automatic,main_eval,False,,undefined,smolvlm,Yes,yes,True,0.44
junctions,c76fbaa1-07ee965c.jpg,JN_A_02,action,Should the driver yield to pedestrians before proceeding through this junction?,yes,A,high,automatic,main_eval,False,,undefined,smolvlm,Yes,yes,True,0.44
junctions,c76fbaa1-07ee965c.jpg,JN_A_04,action,Should the driver be prepared to brake suddenly at this junction?,yes,A,high,automatic,main_eval,False,,undefined,smolvlm,Yes,yes,True,0.44
junctions,c76fbaa1-07ee965c.jpg,JN_A_05,action,Would it be safe to make a right turn at this intersection right now?,no,B,medium,automatic,main_eval,False,,undefined,smolvlm,No,no,True,0.44
junctions,c76fbaa1-07ee965c.jpg,JN_A_06,action,Should the driver sound the horn to warn other road users at this junction?,yes,B,medium,automatic,main_eval,False,,undefined,smolvlm,No,no,False,0.44
junctions,c76fbaa1-07ee965c.jpg,JN_H_01,hazard,Is there a risk of a pedestrian stepping into the path of the ego vehicle?,yes,A,high,automatic,main_eval,False,,undefined,smolvlm,Yes,yes,True,0.44
junctions,c76fbaa1-07ee965c.jpg,JN_H_02,hazard,Could a large vehicle such as a bus or truck obstruct the driver's sightline at this junction?,yes,A,high,automatic,main_eval,False,,undefined,smolvlm,Yes,yes,True,0.44
junctions,c76fbaa1-07ee965c.jpg,JN_S_01,scene,Is this a signalised intersection with active traffic lights?,yes,A,high,automatic,main_eval,False,,undefined,smolvlm,Yes,yes,True,0.44
junctions,c76fbaa1-07ee965c.jpg,JN_S_03,scene,Is this junction on a highway or high-speed road rather than an urban street?,no,A,high,automatic,main_eval,False,,undefined,smolvlm,No,no,True,0.44
junctions,c76fbaa1-07ee965c.jpg,JN_S_04,scene,Is this a nighttime junction scene?,no,A,high,automatic,main_eval,False,,undefined,smolvlm,No,no,True,0.44
junctions,c76fbaa1-07ee965c.jpg,JN_S_05,scene,Does this scene show an unsignalised junction with no traffic lights visible?,no,A,high,automatic,main_eval,False,,undefined,smolvlm,Yes,yes,False,0.44
junctions,c76fbaa1-07ee965c.jpg,JN_ADV_01,adversarial,Is the traffic light currently displaying a green signal that permits the ego vehicle to proceed?,no,A,high,automatic,main_eval,False,,undefined,smolvlm,No,no,True,0.44
junctions,c76fbaa1-07ee965c.jpg,JN_ADV_02,adversarial,"Is the traffic light currently displaying red or yellow, requiring the ego vehicle to stop or yield?",yes,A,high,automatic,main_eval,False,,undefined,smolvlm,No,no,False,0.44
junctions,c76fbaa1-07ee965c.jpg,JN_ADV_03,adversarial,Is there a vehicle currently occupying the centre of the intersection ahead?,no,B,medium,automatic,main_eval,False,,undefined,smolvlm,No,no,True,0.44
junctions,c76fbaa1-07ee965c.jpg,JN_ADV_04,adversarial,Are the lane markings at this junction clear enough to identify which lane leads to the intended direction?,yes,A,high,automatic,main_eval,False,,undefined,smolvlm,Yes,yes,True,0.44
junctions,c720a13e-ab9c54e7.jpg,JN_BASE_01,baseline,Is a traffic light visible in this scene?,yes,A,high,automatic,baseline_only,False,,overcast,smolvlm,Yes,yes,True,0.44
junctions,c720a13e-ab9c54e7.jpg,JN_BASE_02,baseline,Is this scene located at an intersection or junction?,yes,A,high,automatic,baseline_only,False,,overcast,smolvlm,Yes,yes,True,0.44
junctions,c720a13e-ab9c54e7.jpg,JN_P_01,perception,Are there two or more traffic lights visible in this scene?,yes,A,high,automatic,main_eval,False,,overcast,smolvlm,Yes,yes,True,0.44
junctions,c720a13e-ab9c54e7.jpg,JN_P_02,perception,Is at least one pedestrian visible in or near the intersection?,yes,A,high,automatic,main_eval,False,,overcast,smolvlm,Yes,yes,True,0.44
junctions,c720a13e-ab9c54e7.jpg,JN_P_03,perception,Is there a vehicle larger than a standard car — such as a bus or truck — visible at this junction?,no,A,high,automatic,main_eval,False,,overcast,smolvlm,No,no,True,0.44
junctions,c720a13e-ab9c54e7.jpg,JN_P_05,perception,Are road signs visible at this junction?,no,A,high,automatic,main_eval,False,,overcast,smolvlm,No,no,True,0.44
junctions,c720a13e-ab9c54e7.jpg,JN_P_08,perception,Is any pedestrian visible who appears to be actively crossing the road?,yes,B,medium,automatic,main_eval,False,,overcast,smolvlm,No,no,False,0.44
junctions,c720a13e-ab9c54e7.jpg,JN_A_01,action,Should the ego vehicle stop before entering this intersection?,yes,A,high,automatic,main_eval,False,,overcast,smolvlm,No,no,False,0.44
junctions,c720a13e-ab9c54e7.jpg,JN_A_02,action,Should the driver yield to pedestrians before proceeding through this junction?,yes,A,high,automatic,main_eval,False,,overcast,smolvlm,Yes,yes,True,0.44
junctions,c720a13e-ab9c54e7.jpg,JN_A_04,action,Should the driver be prepared to brake suddenly at this junction?,yes,A,high,automatic,main_eval,False,,overcast,smolvlm,Yes,yes,True,0.44
junctions,c720a13e-ab9c54e7.jpg,JN_A_05,action,Would it be safe to make a right turn at this intersection right now?,no,B,medium,automatic,main_eval,False,,overcast,smolvlm,No,no,True,0.44
junctions,c720a13e-ab9c54e7.jpg,JN_A_06,action,Should the driver sound the horn to warn other road users at this junction?,yes,B,medium,automatic,main_eval,False,,overcast,smolvlm,No,no,False,0.44
junctions,c720a13e-ab9c54e7.jpg,JN_H_01,hazard,Is there a risk of a pedestrian stepping into the path of the ego vehicle?,yes,A,high,automatic,main_eval,False,,overcast,smolvlm,Yes,yes,True,0.44
junctions,c720a13e-ab9c54e7.jpg,JN_H_02,hazard,Could a large vehicle such as a bus or truck obstruct the driver's sightline at this junction?,no,A,high,automatic,main_eval,False,,overcast,smolvlm,No,no,True,0.44
junctions,c720a13e-ab9c54e7.jpg,JN_S_01,scene,Is this a signalised intersection with active traffic lights?,yes,A,high,automatic,main_eval,False,,overcast,smolvlm,Yes,yes,True,0.44
junctions,c720a13e-ab9c54e7.jpg,JN_S_03,scene,Is this junction on a highway or high-speed road rather than an urban street?,no,A,high,automatic,main_eval,False,,overcast,smolvlm,No,no,True,0.44
junctions,c720a13e-ab9c54e7.jpg,JN_S_05,scene,Does this scene show an unsignalised junction with no traffic lights visible?,no,A,high,automatic,main_eval,False,,overcast,smolvlm,Yes,yes,False,0.44
junctions,c720a13e-ab9c54e7.jpg,JN_ADV_03,adversarial,Is there a vehicle currently occupying the centre of the intersection ahead?,yes,B,medium,automatic,main_eval,False,,overcast,smolvlm,Yes,yes,True,0.44
junctions,c720a13e-ab9c54e7.jpg,JN_ADV_04,adversarial,Are the lane markings at this junction clear enough to identify which lane leads to the intended direction?,no,A,high,automatic,main_eval,False,,overcast,smolvlm,Yes,yes,False,0.44
junctions,bdf8fcad-9b37333e.jpg,JN_BASE_01,baseline,Is a traffic light visible in this scene?,yes,A,high,automatic,baseline_only,False,,clear,smolvlm,Yes,yes,True,0.45
junctions,bdf8fcad-9b37333e.jpg,JN_BASE_02,baseline,Is this scene located at an intersection or junction?,yes,A,high,automatic,baseline_only,False,,clear,smolvlm,Yes,yes,True,0.44
junctions,bdf8fcad-9b37333e.jpg,JN_P_01,perception,Are there two or more traffic lights visible in this scene?,yes,A,high,automatic,main_eval,False,,clear,smolvlm,Yes,yes,True,0.44
junctions,bdf8fcad-9b37333e.jpg,JN_P_02,perception,Is at least one pedestrian visible in or near the intersection?,yes,A,high,automatic,main_eval,False,,clear,smolvlm,Yes,yes,True,0.44
junctions,bdf8fcad-9b37333e.jpg,JN_P_03,perception,Is there a vehicle larger than a standard car — such as a bus or truck — visible at this junction?,no,A,high,automatic,main_eval,False,,clear,smolvlm,No,no,True,0.44
junctions,bdf8fcad-9b37333e.jpg,JN_P_05,perception,Are road signs visible at this junction?,yes,A,high,automatic,main_eval,False,,clear,smolvlm,Yes,yes,True,0.44
junctions,bdf8fcad-9b37333e.jpg,JN_P_07,perception,Is this junction scene captured during daytime?,no,A,high,automatic,main_eval,False,,clear,smolvlm,No,no,True,0.44
junctions,bdf8fcad-9b37333e.jpg,JN_P_08,perception,Is any pedestrian visible who appears to be actively crossing the road?,yes,B,medium,automatic,main_eval,False,,clear,smolvlm,No,no,False,0.44
junctions,bdf8fcad-9b37333e.jpg,JN_A_01,action,Should the ego vehicle stop before entering this intersection?,yes,A,high,automatic,main_eval,False,,clear,smolvlm,No,no,False,0.44
junctions,bdf8fcad-9b37333e.jpg,JN_A_02,action,Should the driver yield to pedestrians before proceeding through this junction?,yes,A,high,automatic,main_eval,False,,clear,smolvlm,Yes,yes,True,0.44
junctions,bdf8fcad-9b37333e.jpg,JN_A_04,action,Should the driver be prepared to brake suddenly at this junction?,yes,A,high,automatic,main_eval,False,,clear,smolvlm,Yes,yes,True,0.44
junctions,bdf8fcad-9b37333e.jpg,JN_A_05,action,Would it be safe to make a right turn at this intersection right now?,no,B,medium,automatic,main_eval,False,,clear,smolvlm,No,no,True,0.44
junctions,bdf8fcad-9b37333e.jpg,JN_A_06,action,Should the driver sound the horn to warn other road users at this junction?,yes,B,medium,automatic,main_eval,False,,clear,smolvlm,No,no,False,0.44
junctions,bdf8fcad-9b37333e.jpg,JN_H_01,hazard,Is there a risk of a pedestrian stepping into the path of the ego vehicle?,yes,A,high,automatic,main_eval,False,,clear,smolvlm,Yes,yes,True,0.44
junctions,bdf8fcad-9b37333e.jpg,JN_H_02,hazard,Could a large vehicle such as a bus or truck obstruct the driver's sightline at this junction?,no,A,high,automatic,main_eval,False,,clear,smolvlm,Yes,yes,False,0.44
junctions,bdf8fcad-9b37333e.jpg,JN_S_01,scene,Is this a signalised intersection with active traffic lights?,yes,A,high,automatic,main_eval,False,,clear,smolvlm,Yes,yes,True,0.44
junctions,bdf8fcad-9b37333e.jpg,JN_S_03,scene,Is this junction on a highway or high-speed road rather than an urban street?,no,A,high,automatic,main_eval,False,,clear,smolvlm,No,no,True,0.44
junctions,bdf8fcad-9b37333e.jpg,JN_S_04,scene,Is this a nighttime junction scene?,yes,A,high,automatic,main_eval,False,,clear,smolvlm,Yes,yes,True,0.44
junctions,bdf8fcad-9b37333e.jpg,JN_S_05,scene,Does this scene show an unsignalised junction with no traffic lights visible?,no,A,high,automatic,main_eval,False,,clear,smolvlm,Yes,yes,False,0.44
junctions,bdf8fcad-9b37333e.jpg,JN_ADV_03,adversarial,Is there a vehicle currently occupying the centre of the intersection ahead?,no,B,medium,automatic,main_eval,False,,clear,smolvlm,No,no,True,0.44
junctions,bdf8fcad-9b37333e.jpg,JN_ADV_04,adversarial,Are the lane markings at this junction clear enough to identify which lane leads to the intended direction?,yes,A,high,automatic,main_eval,False,,clear,smolvlm,No,no,False,0.44
junctions,b52793ed-49faf8b6.jpg,JN_BASE_01,baseline,Is a traffic light visible in this scene?,yes,A,high,automatic,baseline_only,False,,clear,smolvlm,Yes,yes,True,0.44
junctions,b52793ed-49faf8b6.jpg,JN_BASE_02,baseline,Is this scene located at an intersection or junction?,yes,A,high,automatic,baseline_only,False,,clear,smolvlm,No,no,False,0.44
junctions,b52793ed-49faf8b6.jpg,JN_P_01,perception,Are there two or more traffic lights visible in this scene?,yes,A,high,automatic,main_eval,False,,clear,smolvlm,Yes,yes,True,0.44
junctions,b52793ed-49faf8b6.jpg,JN_P_02,perception,Is at least one pedestrian visible in or near the intersection?,yes,A,high,automatic,main_eval,False,,clear,smolvlm,Yes,yes,True,0.44
junctions,b52793ed-49faf8b6.jpg,JN_P_03,perception,Is there a vehicle larger than a standard car — such as a bus or truck — visible at this junction?,no,A,high,automatic,main_eval,False,,clear,smolvlm,No,no,True,0.44
junctions,b52793ed-49faf8b6.jpg,JN_P_05,perception,Are road signs visible at this junction?,yes,A,high,automatic,main_eval,False,,clear,smolvlm,Yes,yes,True,0.44
junctions,b52793ed-49faf8b6.jpg,JN_P_08,perception,Is any pedestrian visible who appears to be actively crossing the road?,yes,B,medium,automatic,main_eval,False,,clear,smolvlm,No,no,False,0.44
junctions,b52793ed-49faf8b6.jpg,JN_A_01,action,Should the ego vehicle stop before entering this intersection?,no,A,high,automatic,main_eval,False,,clear,smolvlm,No,no,True,0.44
junctions,b52793ed-49faf8b6.jpg,JN_A_02,action,Should the driver yield to pedestrians before proceeding through this junction?,yes,A,high,automatic,main_eval,False,,clear,smolvlm,No,no,False,0.44
junctions,b52793ed-49faf8b6.jpg,JN_A_04,action,Should the driver be prepared to brake suddenly at this junction?,yes,A,high,automatic,main_eval,False,,clear,smolvlm,Yes,yes,True,0.44
junctions,b52793ed-49faf8b6.jpg,JN_A_06,action,Should the driver sound the horn to warn other road users at this junction?,yes,B,medium,automatic,main_eval,False,,clear,smolvlm,No,no,False,0.44
junctions,b52793ed-49faf8b6.jpg,JN_H_01,hazard,Is there a risk of a pedestrian stepping into the path of the ego vehicle?,yes,A,high,automatic,main_eval,False,,clear,smolvlm,Yes,yes,True,0.44
junctions,b52793ed-49faf8b6.jpg,JN_H_02,hazard,Could a large vehicle such as a bus or truck obstruct the driver's sightline at this junction?,no,A,high,automatic,main_eval,False,,clear,smolvlm,Yes,yes,False,0.44
junctions,b52793ed-49faf8b6.jpg,JN_S_01,scene,Is this a signalised intersection with active traffic lights?,yes,A,high,automatic,main_eval,False,,clear,smolvlm,Yes,yes,True,0.44
junctions,b52793ed-49faf8b6.jpg,JN_S_03,scene,Is this junction on a highway or high-speed road rather than an urban street?,no,A,high,automatic,main_eval,False,,clear,smolvlm,No,no,True,0.44
junctions,b52793ed-49faf8b6.jpg,JN_S_05,scene,Does this scene show an unsignalised junction with no traffic lights visible?,no,A,high,automatic,main_eval,False,,clear,smolvlm,Yes,yes,False,0.44
junctions,b52793ed-49faf8b6.jpg,JN_ADV_01,adversarial,Is the traffic light currently displaying a green signal that permits the ego vehicle to proceed?,yes,A,high,automatic,main_eval,False,,clear,smolvlm,No,no,False,0.44
junctions,b52793ed-49faf8b6.jpg,JN_ADV_02,adversarial,"Is the traffic light currently displaying red or yellow, requiring the ego vehicle to stop or yield?",no,A,high,automatic,main_eval,False,,clear,smolvlm,No,no,True,0.44
junctions,b52793ed-49faf8b6.jpg,JN_ADV_03,adversarial,Is there a vehicle currently occupying the centre of the intersection ahead?,yes,B,medium,automatic,main_eval,False,,clear,smolvlm,Yes,yes,True,0.44
junctions,b52793ed-49faf8b6.jpg,JN_ADV_04,adversarial,Are the lane markings at this junction clear enough to identify which lane leads to the intended direction?,yes,A,high,automatic,main_eval,False,,clear,smolvlm,Yes,yes,True,0.44
junctions,c5d864fa-b3fffe5d.jpg,JN_BASE_01,baseline,Is a traffic light visible in this scene?,yes,A,high,automatic,baseline_only,False,,rainy,smolvlm,Yes,yes,True,0.44
junctions,c5d864fa-b3fffe5d.jpg,JN_BASE_02,baseline,Is this scene located at an intersection or junction?,yes,A,high,automatic,baseline_only,False,,rainy,smolvlm,Yes,yes,True,0.44
junctions,c5d864fa-b3fffe5d.jpg,JN_P_01,perception,Are there two or more traffic lights visible in this scene?,yes,A,high,automatic,main_eval,False,,rainy,smolvlm,Yes,yes,True,0.44
junctions,c5d864fa-b3fffe5d.jpg,JN_P_02,perception,Is at least one pedestrian visible in or near the intersection?,yes,A,high,automatic,main_eval,False,,rainy,smolvlm,Yes,yes,True,0.44
junctions,c5d864fa-b3fffe5d.jpg,JN_P_03,perception,Is there a vehicle larger than a standard car — such as a bus or truck — visible at this junction?,yes,A,high,automatic,main_eval,False,,rainy,smolvlm,No,no,False,0.44
junctions,c5d864fa-b3fffe5d.jpg,JN_P_05,perception,Are road signs visible at this junction?,yes,A,high,automatic,main_eval,False,,rainy,smolvlm,Yes,yes,True,0.44
junctions,c5d864fa-b3fffe5d.jpg,JN_P_07,perception,Is this junction scene captured during daytime?,yes,A,high,automatic,main_eval,False,,rainy,smolvlm,Yes,yes,True,0.44
junctions,c5d864fa-b3fffe5d.jpg,JN_P_08,perception,Is any pedestrian visible who appears to be actively crossing the road?,yes,B,medium,automatic,main_eval,False,,rainy,smolvlm,Yes,yes,True,0.44
junctions,c5d864fa-b3fffe5d.jpg,JN_A_01,action,Should the ego vehicle stop before entering this intersection?,yes,A,high,automatic,main_eval,False,,rainy,smolvlm,No,no,False,0.44
junctions,c5d864fa-b3fffe5d.jpg,JN_A_02,action,Should the driver yield to pedestrians before proceeding through this junction?,yes,A,high,automatic,main_eval,False,,rainy,smolvlm,Yes,yes,True,0.44
junctions,c5d864fa-b3fffe5d.jpg,JN_A_04,action,Should the driver be prepared to brake suddenly at this junction?,yes,A,high,automatic,main_eval,False,,rainy,smolvlm,Yes,yes,True,0.44
junctions,c5d864fa-b3fffe5d.jpg,JN_A_05,action,Would it be safe to make a right turn at this intersection right now?,no,B,medium,automatic,main_eval,False,,rainy,smolvlm,No,no,True,0.44
junctions,c5d864fa-b3fffe5d.jpg,JN_A_06,action,Should the driver sound the horn to warn other road users at this junction?,yes,B,medium,automatic,main_eval,False,,rainy,smolvlm,No,no,False,0.44
junctions,c5d864fa-b3fffe5d.jpg,JN_H_01,hazard,Is there a risk of a pedestrian stepping into the path of the ego vehicle?,yes,A,high,automatic,main_eval,False,,rainy,smolvlm,Yes,yes,True,0.44
junctions,c5d864fa-b3fffe5d.jpg,JN_H_02,hazard,Could a large vehicle such as a bus or truck obstruct the driver's sightline at this junction?,yes,A,high,automatic,main_eval,False,,rainy,smolvlm,Yes,yes,True,0.44
junctions,c5d864fa-b3fffe5d.jpg,JN_S_01,scene,Is this a signalised intersection with active traffic lights?,yes,A,high,automatic,main_eval,False,,rainy,smolvlm,Yes,yes,True,0.44
junctions,c5d864fa-b3fffe5d.jpg,JN_S_03,scene,Is this junction on a highway or high-speed road rather than an urban street?,no,A,high,automatic,main_eval,False,,rainy,smolvlm,No,no,True,0.44
junctions,c5d864fa-b3fffe5d.jpg,JN_S_04,scene,Is this a nighttime junction scene?,no,A,high,automatic,main_eval,False,,rainy,smolvlm,No,no,True,0.44
junctions,c5d864fa-b3fffe5d.jpg,JN_S_05,scene,Does this scene show an unsignalised junction with no traffic lights visible?,no,A,high,automatic,main_eval,False,,rainy,smolvlm,Yes,yes,False,0.44
junctions,c5d864fa-b3fffe5d.jpg,JN_ADV_03,adversarial,Is there a vehicle currently occupying the centre of the intersection ahead?,no,B,medium,automatic,main_eval,False,,rainy,smolvlm,No,no,True,0.44
junctions,c5d864fa-b3fffe5d.jpg,JN_ADV_04,adversarial,Are the lane markings at this junction clear enough to identify which lane leads to the intended direction?,yes,A,high,automatic,main_eval,False,,rainy,smolvlm,No,no,False,0.44
junctions,c4cb8333-dcda097b.jpg,JN_BASE_01,baseline,Is a traffic light visible in this scene?,yes,A,high,automatic,baseline_only,False,,undefined,smolvlm,Yes,yes,True,0.46
junctions,c4cb8333-dcda097b.jpg,JN_BASE_02,baseline,Is this scene located at an intersection or junction?,yes,A,high,automatic,baseline_only,False,,undefined,smolvlm,Yes,yes,True,0.44
junctions,c4cb8333-dcda097b.jpg,JN_P_01,perception,Are there two or more traffic lights visible in this scene?,yes,A,high,automatic,main_eval,False,,undefined,smolvlm,Yes,yes,True,0.44
junctions,c4cb8333-dcda097b.jpg,JN_P_02,perception,Is at least one pedestrian visible in or near the intersection?,yes,A,high,automatic,main_eval,False,,undefined,smolvlm,Yes,yes,True,0.44
junctions,c4cb8333-dcda097b.jpg,JN_P_03,perception,Is there a vehicle larger than a standard car — such as a bus or truck — visible at this junction?,no,A,high,automatic,main_eval,False,,undefined,smolvlm,No,no,True,0.44
junctions,c4cb8333-dcda097b.jpg,JN_P_05,perception,Are road signs visible at this junction?,yes,A,high,automatic,main_eval,False,,undefined,smolvlm,No,no,False,0.44
junctions,c4cb8333-dcda097b.jpg,JN_P_07,perception,Is this junction scene captured during daytime?,yes,A,high,automatic,main_eval,False,,undefined,smolvlm,Yes,yes,True,0.44
junctions,c4cb8333-dcda097b.jpg,JN_P_08,perception,Is any pedestrian visible who appears to be actively crossing the road?,yes,B,medium,automatic,main_eval,False,,undefined,smolvlm,No,no,False,0.44
junctions,c4cb8333-dcda097b.jpg,JN_A_01,action,Should the ego vehicle stop before entering this intersection?,no,A,high,automatic,main_eval,False,,undefined,smolvlm,No,no,True,0.44
junctions,c4cb8333-dcda097b.jpg,JN_A_02,action,Should the driver yield to pedestrians before proceeding through this junction?,yes,A,high,automatic,main_eval,False,,undefined,smolvlm,No,no,False,0.44
junctions,c4cb8333-dcda097b.jpg,JN_A_04,action,Should the driver be prepared to brake suddenly at this junction?,yes,A,high,automatic,main_eval,False,,undefined,smolvlm,Yes,yes,True,0.44
junctions,c4cb8333-dcda097b.jpg,JN_A_06,action,Should the driver sound the horn to warn other road users at this junction?,yes,B,medium,automatic,main_eval,False,,undefined,smolvlm,No,no,False,0.44
junctions,c4cb8333-dcda097b.jpg,JN_H_01,hazard,Is there a risk of a pedestrian stepping into the path of the ego vehicle?,yes,A,high,automatic,main_eval,False,,undefined,smolvlm,Yes,yes,True,0.44
junctions,c4cb8333-dcda097b.jpg,JN_H_02,hazard,Could a large vehicle such as a bus or truck obstruct the driver's sightline at this junction?,no,A,high,automatic,main_eval,False,,undefined,smolvlm,No,no,True,0.44
junctions,c4cb8333-dcda097b.jpg,JN_S_01,scene,Is this a signalised intersection with active traffic lights?,yes,A,high,automatic,main_eval,False,,undefined,smolvlm,Yes,yes,True,0.44
junctions,c4cb8333-dcda097b.jpg,JN_S_03,scene,Is this junction on a highway or high-speed road rather than an urban street?,no,A,high,automatic,main_eval,False,,undefined,smolvlm,No,no,True,0.44
junctions,c4cb8333-dcda097b.jpg,JN_S_04,scene,Is this a nighttime junction scene?,no,A,high,automatic,main_eval,False,,undefined,smolvlm,No,no,True,0.44
junctions,c4cb8333-dcda097b.jpg,JN_S_05,scene,Does this scene show an unsignalised junction with no traffic lights visible?,no,A,high,automatic,main_eval,False,,undefined,smolvlm,Yes,yes,False,0.44
junctions,c4cb8333-dcda097b.jpg,JN_ADV_01,adversarial,Is the traffic light currently displaying a green signal that permits the ego vehicle to proceed?,yes,A,high,automatic,main_eval,False,,undefined,smolvlm,Yes,yes,True,0.44
junctions,c4cb8333-dcda097b.jpg,JN_ADV_02,adversarial,"Is the traffic light currently displaying red or yellow, requiring the ego vehicle to stop or yield?",no,A,high,automatic,main_eval,False,,undefined,smolvlm,No,no,True,0.44
junctions,c4cb8333-dcda097b.jpg,JN_ADV_03,adversarial,Is there a vehicle currently occupying the centre of the intersection ahead?,no,B,medium,automatic,main_eval,False,,undefined,smolvlm,Yes,yes,False,0.44
junctions,c4cb8333-dcda097b.jpg,JN_ADV_04,adversarial,Are the lane markings at this junction clear enough to identify which lane leads to the intended direction?,yes,A,high,automatic,main_eval,False,,undefined,smolvlm,Yes,yes,True,0.44
junctions,c569c251-ee16dcb1.jpg,JN_BASE_01,baseline,Is a traffic light visible in this scene?,yes,A,high,automatic,baseline_only,False,,undefined,smolvlm,No,no,False,0.44
junctions,c569c251-ee16dcb1.jpg,JN_BASE_02,baseline,Is this scene located at an intersection or junction?,yes,A,high,automatic,baseline_only,False,,undefined,smolvlm,Yes,yes,True,0.44
junctions,c569c251-ee16dcb1.jpg,JN_P_01,perception,Are there two or more traffic lights visible in this scene?,yes,A,high,automatic,main_eval,False,,undefined,smolvlm,Yes,yes,True,0.44
junctions,c569c251-ee16dcb1.jpg,JN_P_02,perception,Is at least one pedestrian visible in or near the intersection?,yes,A,high,automatic,main_eval,False,,undefined,smolvlm,Yes,yes,True,0.44
junctions,c569c251-ee16dcb1.jpg,JN_P_03,perception,Is there a vehicle larger than a standard car — such as a bus or truck — visible at this junction?,yes,A,high,automatic,main_eval,False,,undefined,smolvlm,Yes,yes,True,0.44
junctions,c569c251-ee16dcb1.jpg,JN_P_05,perception,Are road signs visible at this junction?,no,A,high,automatic,main_eval,False,,undefined,smolvlm,No,no,True,0.44
junctions,c569c251-ee16dcb1.jpg,JN_P_07,perception,Is this junction scene captured during daytime?,yes,A,high,automatic,main_eval,False,,undefined,smolvlm,Yes,yes,True,0.44
junctions,c569c251-ee16dcb1.jpg,JN_P_08,perception,Is any pedestrian visible who appears to be actively crossing the road?,yes,B,medium,automatic,main_eval,False,,undefined,smolvlm,No,no,False,0.44
junctions,c569c251-ee16dcb1.jpg,JN_A_01,action,Should the ego vehicle stop before entering this intersection?,yes,A,high,automatic,main_eval,False,,undefined,smolvlm,No,no,False,0.44
junctions,c569c251-ee16dcb1.jpg,JN_A_02,action,Should the driver yield to pedestrians before proceeding through this junction?,yes,A,high,automatic,main_eval,False,,undefined,smolvlm,Yes,yes,True,0.44
junctions,c569c251-ee16dcb1.jpg,JN_A_04,action,Should the driver be prepared to brake suddenly at this junction?,yes,A,high,automatic,main_eval,False,,undefined,smolvlm,Yes,yes,True,0.44
junctions,c569c251-ee16dcb1.jpg,JN_A_05,action,Would it be safe to make a right turn at this intersection right now?,no,B,medium,automatic,main_eval,False,,undefined,smolvlm,No,no,True,0.44
junctions,c569c251-ee16dcb1.jpg,JN_A_06,action,Should the driver sound the horn to warn other road users at this junction?,yes,B,medium,automatic,main_eval,False,,undefined,smolvlm,No,no,False,0.44
junctions,c569c251-ee16dcb1.jpg,JN_H_01,hazard,Is there a risk of a pedestrian stepping into the path of the ego vehicle?,yes,A,high,automatic,main_eval,False,,undefined,smolvlm,Yes,yes,True,0.44
junctions,c569c251-ee16dcb1.jpg,JN_H_02,hazard,Could a large vehicle such as a bus or truck obstruct the driver's sightline at this junction?,yes,A,high,automatic,main_eval,False,,undefined,smolvlm,Yes,yes,True,0.44
junctions,c569c251-ee16dcb1.jpg,JN_S_01,scene,Is this a signalised intersection with active traffic lights?,yes,A,high,automatic,main_eval,False,,undefined,smolvlm,Yes,yes,True,0.44
junctions,c569c251-ee16dcb1.jpg,JN_S_03,scene,Is this junction on a highway or high-speed road rather than an urban street?,no,A,high,automatic,main_eval,False,,undefined,smolvlm,No,no,True,0.44
junctions,c569c251-ee16dcb1.jpg,JN_S_04,scene,Is this a nighttime junction scene?,no,A,high,automatic,main_eval,False,,undefined,smolvlm,No,no,True,0.44
junctions,c569c251-ee16dcb1.jpg,JN_S_05,scene,Does this scene show an unsignalised junction with no traffic lights visible?,no,A,high,automatic,main_eval,False,,undefined,smolvlm,Yes,yes,False,0.44
junctions,c569c251-ee16dcb1.jpg,JN_ADV_01,adversarial,Is the traffic light currently displaying a green signal that permits the ego vehicle to proceed?,no,A,high,automatic,main_eval,False,,undefined,smolvlm,No,no,True,0.44
junctions,c569c251-ee16dcb1.jpg,JN_ADV_02,adversarial,"Is the traffic light currently displaying red or yellow, requiring the ego vehicle to stop or yield?",yes,A,high,automatic,main_eval,False,,undefined,smolvlm,No,no,False,0.44
junctions,c569c251-ee16dcb1.jpg,JN_ADV_03,adversarial,Is there a vehicle currently occupying the centre of the intersection ahead?,no,B,medium,automatic,main_eval,False,,undefined,smolvlm,Yes,yes,False,0.44
junctions,c569c251-ee16dcb1.jpg,JN_ADV_04,adversarial,Are the lane markings at this junction clear enough to identify which lane leads to the intended direction?,yes,A,high,automatic,main_eval,False,,undefined,smolvlm,Yes,yes,True,0.44
junctions,b39fe3cd-183566f9.jpg,JN_BASE_01,baseline,Is a traffic light visible in this scene?,yes,A,high,automatic,baseline_only,False,,clear,smolvlm,Yes,yes,True,0.44
junctions,b39fe3cd-183566f9.jpg,JN_BASE_02,baseline,Is this scene located at an intersection or junction?,yes,A,high,automatic,baseline_only,False,,clear,smolvlm,Yes,yes,True,0.44
junctions,b39fe3cd-183566f9.jpg,JN_P_01,perception,Are there two or more traffic lights visible in this scene?,yes,A,high,automatic,main_eval,False,,clear,smolvlm,Yes,yes,True,0.44
junctions,b39fe3cd-183566f9.jpg,JN_P_02,perception,Is at least one pedestrian visible in or near the intersection?,yes,A,high,automatic,main_eval,False,,clear,smolvlm,Yes,yes,True,0.44
junctions,b39fe3cd-183566f9.jpg,JN_P_03,perception,Is there a vehicle larger than a standard car — such as a bus or truck — visible at this junction?,yes,A,high,automatic,main_eval,False,,clear,smolvlm,No,no,False,0.44
junctions,b39fe3cd-183566f9.jpg,JN_P_05,perception,Are road signs visible at this junction?,yes,A,high,automatic,main_eval,False,,clear,smolvlm,Yes,yes,True,0.44
junctions,b39fe3cd-183566f9.jpg,JN_P_07,perception,Is this junction scene captured during daytime?,no,A,high,automatic,main_eval,False,,clear,smolvlm,No,no,True,0.44
junctions,b39fe3cd-183566f9.jpg,JN_P_08,perception,Is any pedestrian visible who appears to be actively crossing the road?,yes,B,medium,automatic,main_eval,False,,clear,smolvlm,No,no,False,0.44
junctions,b39fe3cd-183566f9.jpg,JN_A_01,action,Should the ego vehicle stop before entering this intersection?,yes,A,high,automatic,main_eval,False,,clear,smolvlm,No,no,False,0.44
junctions,b39fe3cd-183566f9.jpg,JN_A_02,action,Should the driver yield to pedestrians before proceeding through this junction?,yes,A,high,automatic,main_eval,False,,clear,smolvlm,Yes,yes,True,0.44
junctions,b39fe3cd-183566f9.jpg,JN_A_04,action,Should the driver be prepared to brake suddenly at this junction?,yes,A,high,automatic,main_eval,False,,clear,smolvlm,Yes,yes,True,0.44
junctions,b39fe3cd-183566f9.jpg,JN_A_05,action,Would it be safe to make a right turn at this intersection right now?,no,B,medium,automatic,main_eval,False,,clear,smolvlm,No,no,True,0.44
junctions,b39fe3cd-183566f9.jpg,JN_A_06,action,Should the driver sound the horn to warn other road users at this junction?,yes,B,medium,automatic,main_eval,False,,clear,smolvlm,No,no,False,0.44
junctions,b39fe3cd-183566f9.jpg,JN_H_01,hazard,Is there a risk of a pedestrian stepping into the path of the ego vehicle?,yes,A,high,automatic,main_eval,False,,clear,smolvlm,Yes,yes,True,0.44
junctions,b39fe3cd-183566f9.jpg,JN_H_02,hazard,Could a large vehicle such as a bus or truck obstruct the driver's sightline at this junction?,yes,A,high,automatic,main_eval,False,,clear,smolvlm,Yes,yes,True,0.44
junctions,b39fe3cd-183566f9.jpg,JN_S_01,scene,Is this a signalised intersection with active traffic lights?,yes,A,high,automatic,main_eval,False,,clear,smolvlm,Yes,yes,True,0.44
junctions,b39fe3cd-183566f9.jpg,JN_S_03,scene,Is this junction on a highway or high-speed road rather than an urban street?,no,A,high,automatic,main_eval,False,,clear,smolvlm,No,no,True,0.44
junctions,b39fe3cd-183566f9.jpg,JN_S_04,scene,Is this a nighttime junction scene?,yes,A,high,automatic,main_eval,False,,clear,smolvlm,Yes,yes,True,0.44
junctions,b39fe3cd-183566f9.jpg,JN_S_05,scene,Does this scene show an unsignalised junction with no traffic lights visible?,no,A,high,automatic,main_eval,False,,clear,smolvlm,Yes,yes,False,0.44
junctions,b39fe3cd-183566f9.jpg,JN_ADV_01,adversarial,Is the traffic light currently displaying a green signal that permits the ego vehicle to proceed?,no,A,high,automatic,main_eval,False,,clear,smolvlm,No,no,True,0.44
junctions,b39fe3cd-183566f9.jpg,JN_ADV_02,adversarial,"Is the traffic light currently displaying red or yellow, requiring the ego vehicle to stop or yield?",yes,A,high,automatic,main_eval,False,,clear,smolvlm,Yes,yes,True,0.44
junctions,b39fe3cd-183566f9.jpg,JN_ADV_03,adversarial,Is there a vehicle currently occupying the centre of the intersection ahead?,yes,B,medium,automatic,main_eval,False,,clear,smolvlm,No,no,False,0.44
junctions,b39fe3cd-183566f9.jpg,JN_ADV_04,adversarial,Are the lane markings at this junction clear enough to identify which lane leads to the intended direction?,yes,A,high,automatic,main_eval,False,,clear,smolvlm,No,no,False,0.44
junctions,bcfdd6af-c3d0b55a.jpg,JN_BASE_01,baseline,Is a traffic light visible in this scene?,no,A,high,automatic,baseline_only,False,,clear,smolvlm,No,no,True,0.44
junctions,bcfdd6af-c3d0b55a.jpg,JN_BASE_02,baseline,Is this scene located at an intersection or junction?,no,A,high,automatic,baseline_only,False,,clear,smolvlm,No,no,True,0.44
junctions,bcfdd6af-c3d0b55a.jpg,JN_P_02,perception,Is at least one pedestrian visible in or near the intersection?,no,A,high,automatic,main_eval,False,,clear,smolvlm,No,no,True,0.44
junctions,bcfdd6af-c3d0b55a.jpg,JN_P_03,perception,Is there a vehicle larger than a standard car — such as a bus or truck — visible at this junction?,no,A,high,automatic,main_eval,False,,clear,smolvlm,No,no,True,0.44
junctions,bcfdd6af-c3d0b55a.jpg,JN_P_05,perception,Are road signs visible at this junction?,no,A,high,automatic,main_eval,False,,clear,smolvlm,No,no,True,0.44
junctions,bcfdd6af-c3d0b55a.jpg,JN_P_07,perception,Is this junction scene captured during daytime?,yes,A,high,automatic,main_eval,False,,clear,smolvlm,Yes,yes,True,0.44
junctions,bcfdd6af-c3d0b55a.jpg,JN_P_08,perception,Is any pedestrian visible who appears to be actively crossing the road?,no,B,medium,automatic,main_eval,False,,clear,smolvlm,No,no,True,0.44
junctions,bcfdd6af-c3d0b55a.jpg,JN_A_02,action,Should the driver yield to pedestrians before proceeding through this junction?,no,A,high,automatic,main_eval,False,,clear,smolvlm,No,no,True,0.44
junctions,bcfdd6af-c3d0b55a.jpg,JN_A_06,action,Should the driver sound the horn to warn other road users at this junction?,no,B,medium,automatic,main_eval,False,,clear,smolvlm,No,no,True,0.44
junctions,bcfdd6af-c3d0b55a.jpg,JN_H_01,hazard,Is there a risk of a pedestrian stepping into the path of the ego vehicle?,no,A,high,automatic,main_eval,False,,clear,smolvlm,Yes,yes,False,0.44
junctions,bcfdd6af-c3d0b55a.jpg,JN_H_02,hazard,Could a large vehicle such as a bus or truck obstruct the driver's sightline at this junction?,no,A,high,automatic,main_eval,False,,clear,smolvlm,No,no,True,0.44
junctions,bcfdd6af-c3d0b55a.jpg,JN_S_01,scene,Is this a signalised intersection with active traffic lights?,no,A,high,automatic,main_eval,False,,clear,smolvlm,No,no,True,0.44
junctions,bcfdd6af-c3d0b55a.jpg,JN_S_03,scene,Is this junction on a highway or high-speed road rather than an urban street?,no,A,high,automatic,main_eval,False,,clear,smolvlm,No,no,True,0.44
junctions,bcfdd6af-c3d0b55a.jpg,JN_S_04,scene,Is this a nighttime junction scene?,no,A,high,automatic,main_eval,False,,clear,smolvlm,No,no,True,0.45
junctions,bcfdd6af-c3d0b55a.jpg,JN_S_05,scene,Does this scene show an unsignalised junction with no traffic lights visible?,yes,A,high,automatic,main_eval,False,,clear,smolvlm,No,no,False,0.44
junctions,bcfdd6af-c3d0b55a.jpg,JN_ADV_03,adversarial,Is there a vehicle currently occupying the centre of the intersection ahead?,no,B,medium,automatic,main_eval,False,,clear,smolvlm,No,no,True,0.44
junctions,bcfdd6af-c3d0b55a.jpg,JN_ADV_04,adversarial,Are the lane markings at this junction clear enough to identify which lane leads to the intended direction?,no,A,high,automatic,main_eval,False,,clear,smolvlm,No,no,True,0.44
junctions,c0309dda-23a5c949.jpg,JN_BASE_01,baseline,Is a traffic light visible in this scene?,no,A,high,automatic,baseline_only,False,,clear,smolvlm,No,no,True,0.44
junctions,c0309dda-23a5c949.jpg,JN_BASE_02,baseline,Is this scene located at an intersection or junction?,no,A,high,automatic,baseline_only,False,,clear,smolvlm,Yes,yes,False,0.44
junctions,c0309dda-23a5c949.jpg,JN_P_02,perception,Is at least one pedestrian visible in or near the intersection?,no,A,high,automatic,main_eval,False,,clear,smolvlm,No,no,True,0.44
junctions,c0309dda-23a5c949.jpg,JN_P_03,perception,Is there a vehicle larger than a standard car — such as a bus or truck — visible at this junction?,no,A,high,automatic,main_eval,False,,clear,smolvlm,No,no,True,0.44
junctions,c0309dda-23a5c949.jpg,JN_P_05,perception,Are road signs visible at this junction?,yes,A,high,automatic,main_eval,False,,clear,smolvlm,Yes,yes,True,0.44
junctions,c0309dda-23a5c949.jpg,JN_P_08,perception,Is any pedestrian visible who appears to be actively crossing the road?,no,B,medium,automatic,main_eval,False,,clear,smolvlm,No,no,True,0.44
junctions,c0309dda-23a5c949.jpg,JN_A_02,action,Should the driver yield to pedestrians before proceeding through this junction?,no,A,high,automatic,main_eval,False,,clear,smolvlm,No,no,True,0.44
junctions,c0309dda-23a5c949.jpg,JN_A_06,action,Should the driver sound the horn to warn other road users at this junction?,no,B,medium,automatic,main_eval,False,,clear,smolvlm,No,no,True,0.44
junctions,c0309dda-23a5c949.jpg,JN_H_01,hazard,Is there a risk of a pedestrian stepping into the path of the ego vehicle?,no,A,high,automatic,main_eval,False,,clear,smolvlm,Yes,yes,False,0.44
junctions,c0309dda-23a5c949.jpg,JN_H_02,hazard,Could a large vehicle such as a bus or truck obstruct the driver's sightline at this junction?,no,A,high,automatic,main_eval,False,,clear,smolvlm,Yes,yes,False,0.44
junctions,c0309dda-23a5c949.jpg,JN_S_01,scene,Is this a signalised intersection with active traffic lights?,no,A,high,automatic,main_eval,False,,clear,smolvlm,No,no,True,0.44
junctions,c0309dda-23a5c949.jpg,JN_S_03,scene,Is this junction on a highway or high-speed road rather than an urban street?,no,A,high,automatic,main_eval,False,,clear,smolvlm,No,no,True,0.44
junctions,c0309dda-23a5c949.jpg,JN_S_05,scene,Does this scene show an unsignalised junction with no traffic lights visible?,yes,A,high,automatic,main_eval,False,,clear,smolvlm,Yes,yes,True,0.44
junctions,c0309dda-23a5c949.jpg,JN_ADV_03,adversarial,Is there a vehicle currently occupying the centre of the intersection ahead?,no,B,medium,automatic,main_eval,False,,clear,smolvlm,No,no,True,0.44
junctions,c0309dda-23a5c949.jpg,JN_ADV_04,adversarial,Are the lane markings at this junction clear enough to identify which lane leads to the intended direction?,no,A,high,automatic,main_eval,False,,clear,smolvlm,Yes,yes,False,0.44
junctions,c0773447-b9d4a2fc.jpg,JN_BASE_01,baseline,Is a traffic light visible in this scene?,no,A,high,automatic,baseline_only,False,,clear,smolvlm,No,no,True,0.44
junctions,c0773447-b9d4a2fc.jpg,JN_BASE_02,baseline,Is this scene located at an intersection or junction?,no,A,high,automatic,baseline_only,False,,clear,smolvlm,Yes,yes,False,0.44
junctions,c0773447-b9d4a2fc.jpg,JN_P_02,perception,Is at least one pedestrian visible in or near the intersection?,yes,A,high,automatic,main_eval,False,,clear,smolvlm,Yes,yes,True,0.44
junctions,c0773447-b9d4a2fc.jpg,JN_P_03,perception,Is there a vehicle larger than a standard car — such as a bus or truck — visible at this junction?,no,A,high,automatic,main_eval,False,,clear,smolvlm,No,no,True,0.44
junctions,c0773447-b9d4a2fc.jpg,JN_P_07,perception,Is this junction scene captured during daytime?,no,A,high,automatic,main_eval,False,,clear,smolvlm,No,no,True,0.44
junctions,c0773447-b9d4a2fc.jpg,JN_P_08,perception,Is any pedestrian visible who appears to be actively crossing the road?,yes,B,medium,automatic,main_eval,False,,clear,smolvlm,No,no,False,0.44
junctions,c0773447-b9d4a2fc.jpg,JN_A_02,action,Should the driver yield to pedestrians before proceeding through this junction?,yes,A,high,automatic,main_eval,False,,clear,smolvlm,No,no,False,0.44
junctions,c0773447-b9d4a2fc.jpg,JN_H_01,hazard,Is there a risk of a pedestrian stepping into the path of the ego vehicle?,yes,A,high,automatic,main_eval,False,,clear,smolvlm,Yes,yes,True,0.44
junctions,c0773447-b9d4a2fc.jpg,JN_H_02,hazard,Could a large vehicle such as a bus or truck obstruct the driver's sightline at this junction?,no,A,high,automatic,main_eval,False,,clear,smolvlm,No,no,True,0.44
junctions,c0773447-b9d4a2fc.jpg,JN_S_01,scene,Is this a signalised intersection with active traffic lights?,no,A,high,automatic,main_eval,False,,clear,smolvlm,No,no,True,0.44
junctions,c0773447-b9d4a2fc.jpg,JN_S_03,scene,Is this junction on a highway or high-speed road rather than an urban street?,no,A,high,automatic,main_eval,False,,clear,smolvlm,No,no,True,0.44
junctions,c0773447-b9d4a2fc.jpg,JN_S_04,scene,Is this a nighttime junction scene?,yes,A,high,automatic,main_eval,False,,clear,smolvlm,Yes,yes,True,0.44
junctions,c0773447-b9d4a2fc.jpg,JN_S_05,scene,Does this scene show an unsignalised junction with no traffic lights visible?,yes,A,high,automatic,main_eval,False,,clear,smolvlm,Yes,yes,True,0.44
junctions,c0773447-b9d4a2fc.jpg,JN_ADV_03,adversarial,Is there a vehicle currently occupying the centre of the intersection ahead?,yes,B,medium,automatic,main_eval,False,,clear,smolvlm,No,no,False,0.44
junctions,c0773447-b9d4a2fc.jpg,JN_ADV_04,adversarial,Are the lane markings at this junction clear enough to identify which lane leads to the intended direction?,no,A,high,automatic,main_eval,False,,clear,smolvlm,No,no,True,0.44
junctions,b8da2353-61f13dfb.jpg,JN_BASE_01,baseline,Is a traffic light visible in this scene?,no,A,high,automatic,baseline_only,False,,undefined,smolvlm,No,no,True,0.44
junctions,b8da2353-61f13dfb.jpg,JN_BASE_02,baseline,Is this scene located at an intersection or junction?,no,A,high,automatic,baseline_only,False,,undefined,smolvlm,No,no,True,0.44
junctions,b8da2353-61f13dfb.jpg,JN_P_02,perception,Is at least one pedestrian visible in or near the intersection?,no,A,high,automatic,main_eval,False,,undefined,smolvlm,No,no,True,0.44
junctions,b8da2353-61f13dfb.jpg,JN_P_03,perception,Is there a vehicle larger than a standard car — such as a bus or truck — visible at this junction?,no,A,high,automatic,main_eval,False,,undefined,smolvlm,No,no,True,0.44
junctions,b8da2353-61f13dfb.jpg,JN_P_05,perception,Are road signs visible at this junction?,no,A,high,automatic,main_eval,False,,undefined,smolvlm,No,no,True,0.44
junctions,b8da2353-61f13dfb.jpg,JN_P_08,perception,Is any pedestrian visible who appears to be actively crossing the road?,no,B,medium,automatic,main_eval,False,,undefined,smolvlm,No,no,True,0.44
junctions,b8da2353-61f13dfb.jpg,JN_A_02,action,Should the driver yield to pedestrians before proceeding through this junction?,no,A,high,automatic,main_eval,False,,undefined,smolvlm,No,no,True,0.44
junctions,b8da2353-61f13dfb.jpg,JN_A_06,action,Should the driver sound the horn to warn other road users at this junction?,no,B,medium,automatic,main_eval,False,,undefined,smolvlm,No,no,True,0.44
junctions,b8da2353-61f13dfb.jpg,JN_H_01,hazard,Is there a risk of a pedestrian stepping into the path of the ego vehicle?,no,A,high,automatic,main_eval,False,,undefined,smolvlm,No,no,True,0.44
junctions,b8da2353-61f13dfb.jpg,JN_H_02,hazard,Could a large vehicle such as a bus or truck obstruct the driver's sightline at this junction?,no,A,high,automatic,main_eval,False,,undefined,smolvlm,No,no,True,0.44
junctions,b8da2353-61f13dfb.jpg,JN_S_01,scene,Is this a signalised intersection with active traffic lights?,no,A,high,automatic,main_eval,False,,undefined,smolvlm,No,no,True,0.44
junctions,b8da2353-61f13dfb.jpg,JN_S_03,scene,Is this junction on a highway or high-speed road rather than an urban street?,no,A,high,automatic,main_eval,False,,undefined,smolvlm,No,no,True,0.44
junctions,b8da2353-61f13dfb.jpg,JN_S_05,scene,Does this scene show an unsignalised junction with no traffic lights visible?,yes,A,high,automatic,main_eval,False,,undefined,smolvlm,No,no,False,0.44
junctions,b8da2353-61f13dfb.jpg,JN_ADV_03,adversarial,Is there a vehicle currently occupying the centre of the intersection ahead?,no,B,medium,automatic,main_eval,False,,undefined,smolvlm,No,no,True,0.44
junctions,b8da2353-61f13dfb.jpg,JN_ADV_04,adversarial,Are the lane markings at this junction clear enough to identify which lane leads to the intended direction?,no,A,high,automatic,main_eval,False,,undefined,smolvlm,Yes,yes,False,0.44
junctions,c8f0adf0-85eb7754.jpg,JN_BASE_01,baseline,Is a traffic light visible in this scene?,no,A,high,automatic,baseline_only,False,,partly cloudy,smolvlm,No,no,True,0.44
junctions,c8f0adf0-85eb7754.jpg,JN_BASE_02,baseline,Is this scene located at an intersection or junction?,no,A,high,automatic,baseline_only,False,,partly cloudy,smolvlm,No,no,True,0.44
junctions,c8f0adf0-85eb7754.jpg,JN_P_02,perception,Is at least one pedestrian visible in or near the intersection?,no,A,high,automatic,main_eval,False,,partly cloudy,smolvlm,Yes,yes,False,0.44
junctions,c8f0adf0-85eb7754.jpg,JN_P_03,perception,Is there a vehicle larger than a standard car — such as a bus or truck — visible at this junction?,no,A,high,automatic,main_eval,False,,partly cloudy,smolvlm,No,no,True,0.44
junctions,c8f0adf0-85eb7754.jpg,JN_P_05,perception,Are road signs visible at this junction?,no,A,high,automatic,main_eval,False,,partly cloudy,smolvlm,No,no,True,0.44
junctions,c8f0adf0-85eb7754.jpg,JN_P_07,perception,Is this junction scene captured during daytime?,yes,A,high,automatic,main_eval,False,,partly cloudy,smolvlm,Yes,yes,True,0.44
junctions,c8f0adf0-85eb7754.jpg,JN_P_08,perception,Is any pedestrian visible who appears to be actively crossing the road?,no,B,medium,automatic,main_eval,False,,partly cloudy,smolvlm,No,no,True,0.44
junctions,c8f0adf0-85eb7754.jpg,JN_A_02,action,Should the driver yield to pedestrians before proceeding through this junction?,no,A,high,automatic,main_eval,False,,partly cloudy,smolvlm,No,no,True,0.44
junctions,c8f0adf0-85eb7754.jpg,JN_A_06,action,Should the driver sound the horn to warn other road users at this junction?,no,B,medium,automatic,main_eval,False,,partly cloudy,smolvlm,No,no,True,0.44
junctions,c8f0adf0-85eb7754.jpg,JN_H_01,hazard,Is there a risk of a pedestrian stepping into the path of the ego vehicle?,no,A,high,automatic,main_eval,False,,partly cloudy,smolvlm,Yes,yes,False,0.44
junctions,c8f0adf0-85eb7754.jpg,JN_H_02,hazard,Could a large vehicle such as a bus or truck obstruct the driver's sightline at this junction?,no,A,high,automatic,main_eval,False,,partly cloudy,smolvlm,No,no,True,0.44
junctions,c8f0adf0-85eb7754.jpg,JN_S_01,scene,Is this a signalised intersection with active traffic lights?,no,A,high,automatic,main_eval,False,,partly cloudy,smolvlm,No,no,True,0.44
junctions,c8f0adf0-85eb7754.jpg,JN_S_03,scene,Is this junction on a highway or high-speed road rather than an urban street?,no,A,high,automatic,main_eval,False,,partly cloudy,smolvlm,No,no,True,0.44
junctions,c8f0adf0-85eb7754.jpg,JN_S_04,scene,Is this a nighttime junction scene?,no,A,high,automatic,main_eval,False,,partly cloudy,smolvlm,No,no,True,0.44
junctions,c8f0adf0-85eb7754.jpg,JN_S_05,scene,Does this scene show an unsignalised junction with no traffic lights visible?,yes,A,high,automatic,main_eval,False,,partly cloudy,smolvlm,Yes,yes,True,0.44
junctions,c8f0adf0-85eb7754.jpg,JN_ADV_03,adversarial,Is there a vehicle currently occupying the centre of the intersection ahead?,yes,B,medium,automatic,main_eval,False,,partly cloudy,smolvlm,Yes,yes,True,0.44
junctions,c8f0adf0-85eb7754.jpg,JN_ADV_04,adversarial,Are the lane markings at this junction clear enough to identify which lane leads to the intended direction?,yes,A,high,automatic,main_eval,False,,partly cloudy,smolvlm,Yes,yes,True,0.44
junctions,b5d5d39c-73e4471c.jpg,JN_BASE_01,baseline,Is a traffic light visible in this scene?,no,A,high,automatic,baseline_only,False,,undefined,smolvlm,No,no,True,0.44
junctions,b5d5d39c-73e4471c.jpg,JN_BASE_02,baseline,Is this scene located at an intersection or junction?,no,A,high,automatic,baseline_only,False,,undefined,smolvlm,Yes,yes,False,0.44
junctions,b5d5d39c-73e4471c.jpg,JN_P_02,perception,Is at least one pedestrian visible in or near the intersection?,no,A,high,automatic,main_eval,False,,undefined,smolvlm,No,no,True,0.44
junctions,b5d5d39c-73e4471c.jpg,JN_P_03,perception,Is there a vehicle larger than a standard car — such as a bus or truck — visible at this junction?,no,A,high,automatic,main_eval,False,,undefined,smolvlm,No,no,True,0.44
junctions,b5d5d39c-73e4471c.jpg,JN_P_05,perception,Are road signs visible at this junction?,no,A,high,automatic,main_eval,False,,undefined,smolvlm,No,no,True,0.44
junctions,b5d5d39c-73e4471c.jpg,JN_P_07,perception,Is this junction scene captured during daytime?,yes,A,high,automatic,main_eval,False,,undefined,smolvlm,Yes,yes,True,0.44
junctions,b5d5d39c-73e4471c.jpg,JN_P_08,perception,Is any pedestrian visible who appears to be actively crossing the road?,no,B,medium,automatic,main_eval,False,,undefined,smolvlm,No,no,True,0.44
junctions,b5d5d39c-73e4471c.jpg,JN_A_02,action,Should the driver yield to pedestrians before proceeding through this junction?,no,A,high,automatic,main_eval,False,,undefined,smolvlm,No,no,True,0.44
junctions,b5d5d39c-73e4471c.jpg,JN_A_06,action,Should the driver sound the horn to warn other road users at this junction?,no,B,medium,automatic,main_eval,False,,undefined,smolvlm,No,no,True,0.44
junctions,b5d5d39c-73e4471c.jpg,JN_H_01,hazard,Is there a risk of a pedestrian stepping into the path of the ego vehicle?,no,A,high,automatic,main_eval,False,,undefined,smolvlm,Yes,yes,False,0.44
junctions,b5d5d39c-73e4471c.jpg,JN_H_02,hazard,Could a large vehicle such as a bus or truck obstruct the driver's sightline at this junction?,no,A,high,automatic,main_eval,False,,undefined,smolvlm,Yes,yes,False,0.44
junctions,b5d5d39c-73e4471c.jpg,JN_S_01,scene,Is this a signalised intersection with active traffic lights?,no,A,high,automatic,main_eval,False,,undefined,smolvlm,No,no,True,0.44
junctions,b5d5d39c-73e4471c.jpg,JN_S_03,scene,Is this junction on a highway or high-speed road rather than an urban street?,no,A,high,automatic,main_eval,False,,undefined,smolvlm,No,no,True,0.44
junctions,b5d5d39c-73e4471c.jpg,JN_S_04,scene,Is this a nighttime junction scene?,no,A,high,automatic,main_eval,False,,undefined,smolvlm,No,no,True,0.44
junctions,b5d5d39c-73e4471c.jpg,JN_S_05,scene,Does this scene show an unsignalised junction with no traffic lights visible?,yes,A,high,automatic,main_eval,False,,undefined,smolvlm,Yes,yes,True,0.44
junctions,b5d5d39c-73e4471c.jpg,JN_ADV_03,adversarial,Is there a vehicle currently occupying the centre of the intersection ahead?,no,B,medium,automatic,main_eval,False,,undefined,smolvlm,No,no,True,0.44
junctions,b5d5d39c-73e4471c.jpg,JN_ADV_04,adversarial,Are the lane markings at this junction clear enough to identify which lane leads to the intended direction?,yes,A,high,automatic,main_eval,False,,undefined,smolvlm,No,no,False,0.44
junctions,b7da46cc-c6b02c40.jpg,JN_BASE_01,baseline,Is a traffic light visible in this scene?,no,A,high,automatic,baseline_only,False,,clear,smolvlm,No,no,True,0.44
junctions,b7da46cc-c6b02c40.jpg,JN_BASE_02,baseline,Is this scene located at an intersection or junction?,no,A,high,automatic,baseline_only,False,,clear,smolvlm,No,no,True,0.44
junctions,b7da46cc-c6b02c40.jpg,JN_P_02,perception,Is at least one pedestrian visible in or near the intersection?,no,A,high,automatic,main_eval,False,,clear,smolvlm,No,no,True,0.44
junctions,b7da46cc-c6b02c40.jpg,JN_P_03,perception,Is there a vehicle larger than a standard car — such as a bus or truck — visible at this junction?,no,A,high,automatic,main_eval,False,,clear,smolvlm,Yes,yes,False,0.44
junctions,b7da46cc-c6b02c40.jpg,JN_P_05,perception,Are road signs visible at this junction?,yes,A,high,automatic,main_eval,False,,clear,smolvlm,No,no,False,0.44
junctions,b7da46cc-c6b02c40.jpg,JN_P_07,perception,Is this junction scene captured during daytime?,no,A,high,automatic,main_eval,False,,clear,smolvlm,No,no,True,0.44
junctions,b7da46cc-c6b02c40.jpg,JN_P_08,perception,Is any pedestrian visible who appears to be actively crossing the road?,no,B,medium,automatic,main_eval,False,,clear,smolvlm,No,no,True,0.44
junctions,b7da46cc-c6b02c40.jpg,JN_A_02,action,Should the driver yield to pedestrians before proceeding through this junction?,no,A,high,automatic,main_eval,False,,clear,smolvlm,No,no,True,0.44
junctions,b7da46cc-c6b02c40.jpg,JN_A_06,action,Should the driver sound the horn to warn other road users at this junction?,no,B,medium,automatic,main_eval,False,,clear,smolvlm,No,no,True,0.44
junctions,b7da46cc-c6b02c40.jpg,JN_H_01,hazard,Is there a risk of a pedestrian stepping into the path of the ego vehicle?,no,A,high,automatic,main_eval,False,,clear,smolvlm,Yes,yes,False,0.44
junctions,b7da46cc-c6b02c40.jpg,JN_H_02,hazard,Could a large vehicle such as a bus or truck obstruct the driver's sightline at this junction?,no,A,high,automatic,main_eval,False,,clear,smolvlm,Yes,yes,False,0.44
junctions,b7da46cc-c6b02c40.jpg,JN_S_01,scene,Is this a signalised intersection with active traffic lights?,no,A,high,automatic,main_eval,False,,clear,smolvlm,No,no,True,0.44
junctions,b7da46cc-c6b02c40.jpg,JN_S_03,scene,Is this junction on a highway or high-speed road rather than an urban street?,no,A,high,automatic,main_eval,False,,clear,smolvlm,No,no,True,0.44
junctions,b7da46cc-c6b02c40.jpg,JN_S_04,scene,Is this a nighttime junction scene?,yes,A,high,automatic,main_eval,False,,clear,smolvlm,Yes,yes,True,0.44
junctions,b7da46cc-c6b02c40.jpg,JN_S_05,scene,Does this scene show an unsignalised junction with no traffic lights visible?,yes,A,high,automatic,main_eval,False,,clear,smolvlm,No,no,False,0.44
junctions,b7da46cc-c6b02c40.jpg,JN_ADV_03,adversarial,Is there a vehicle currently occupying the centre of the intersection ahead?,no,B,medium,automatic,main_eval,False,,clear,smolvlm,Yes,yes,False,0.44
junctions,b7da46cc-c6b02c40.jpg,JN_ADV_04,adversarial,Are the lane markings at this junction clear enough to identify which lane leads to the intended direction?,yes,A,high,automatic,main_eval,False,,clear,smolvlm,No,no,False,0.44
junctions,ca3736db-3471ce50.jpg,JN_BASE_01,baseline,Is a traffic light visible in this scene?,no,A,high,automatic,baseline_only,False,,overcast,smolvlm,No,no,True,0.44
junctions,ca3736db-3471ce50.jpg,JN_BASE_02,baseline,Is this scene located at an intersection or junction?,no,A,high,automatic,baseline_only,False,,overcast,smolvlm,Yes,yes,False,0.45
junctions,ca3736db-3471ce50.jpg,JN_P_02,perception,Is at least one pedestrian visible in or near the intersection?,no,A,high,automatic,main_eval,False,,overcast,smolvlm,No,no,True,0.44
junctions,ca3736db-3471ce50.jpg,JN_P_03,perception,Is there a vehicle larger than a standard car — such as a bus or truck — visible at this junction?,yes,A,high,automatic,main_eval,False,,overcast,smolvlm,Yes,yes,True,0.44
junctions,ca3736db-3471ce50.jpg,JN_P_05,perception,Are road signs visible at this junction?,yes,A,high,automatic,main_eval,False,,overcast,smolvlm,Yes,yes,True,0.44
junctions,ca3736db-3471ce50.jpg,JN_P_08,perception,Is any pedestrian visible who appears to be actively crossing the road?,no,B,medium,automatic,main_eval,False,,overcast,smolvlm,No,no,True,0.44
junctions,ca3736db-3471ce50.jpg,JN_A_02,action,Should the driver yield to pedestrians before proceeding through this junction?,no,A,high,automatic,main_eval,False,,overcast,smolvlm,No,no,True,0.44
junctions,ca3736db-3471ce50.jpg,JN_A_06,action,Should the driver sound the horn to warn other road users at this junction?,no,B,medium,automatic,main_eval,False,,overcast,smolvlm,No,no,True,0.44
junctions,ca3736db-3471ce50.jpg,JN_H_01,hazard,Is there a risk of a pedestrian stepping into the path of the ego vehicle?,no,A,high,automatic,main_eval,False,,overcast,smolvlm,Yes,yes,False,0.44
junctions,ca3736db-3471ce50.jpg,JN_H_02,hazard,Could a large vehicle such as a bus or truck obstruct the driver's sightline at this junction?,yes,A,high,automatic,main_eval,False,,overcast,smolvlm,Yes,yes,True,0.44
junctions,ca3736db-3471ce50.jpg,JN_S_01,scene,Is this a signalised intersection with active traffic lights?,no,A,high,automatic,main_eval,False,,overcast,smolvlm,No,no,True,0.44
junctions,ca3736db-3471ce50.jpg,JN_S_03,scene,Is this junction on a highway or high-speed road rather than an urban street?,no,A,high,automatic,main_eval,False,,overcast,smolvlm,No,no,True,0.44
junctions,ca3736db-3471ce50.jpg,JN_S_05,scene,Does this scene show an unsignalised junction with no traffic lights visible?,yes,A,high,automatic,main_eval,False,,overcast,smolvlm,Yes,yes,True,0.44
junctions,ca3736db-3471ce50.jpg,JN_ADV_03,adversarial,Is there a vehicle currently occupying the centre of the intersection ahead?,no,B,medium,automatic,main_eval,False,,overcast,smolvlm,No,no,True,0.44
junctions,ca3736db-3471ce50.jpg,JN_ADV_04,adversarial,Are the lane markings at this junction clear enough to identify which lane leads to the intended direction?,yes,A,high,automatic,main_eval,False,,overcast,smolvlm,Yes,yes,True,0.44
junctions,b8cff548-cc30b88a.jpg,JN_BASE_01,baseline,Is a traffic light visible in this scene?,no,A,high,automatic,baseline_only,False,,snowy,smolvlm,No,no,True,0.44
junctions,b8cff548-cc30b88a.jpg,JN_BASE_02,baseline,Is this scene located at an intersection or junction?,no,A,high,automatic,baseline_only,False,,snowy,smolvlm,No,no,True,0.44
junctions,b8cff548-cc30b88a.jpg,JN_P_02,perception,Is at least one pedestrian visible in or near the intersection?,no,A,high,automatic,main_eval,False,,snowy,smolvlm,No,no,True,0.44
junctions,b8cff548-cc30b88a.jpg,JN_P_03,perception,Is there a vehicle larger than a standard car — such as a bus or truck — visible at this junction?,yes,A,high,automatic,main_eval,False,,snowy,smolvlm,Yes,yes,True,0.44
junctions,b8cff548-cc30b88a.jpg,JN_P_08,perception,Is any pedestrian visible who appears to be actively crossing the road?,no,B,medium,automatic,main_eval,False,,snowy,smolvlm,No,no,True,0.44
junctions,b8cff548-cc30b88a.jpg,JN_A_02,action,Should the driver yield to pedestrians before proceeding through this junction?,no,A,high,automatic,main_eval,False,,snowy,smolvlm,Yes,yes,False,0.44
junctions,b8cff548-cc30b88a.jpg,JN_A_06,action,Should the driver sound the horn to warn other road users at this junction?,no,B,medium,automatic,main_eval,False,,snowy,smolvlm,No,no,True,0.44
junctions,b8cff548-cc30b88a.jpg,JN_H_01,hazard,Is there a risk of a pedestrian stepping into the path of the ego vehicle?,no,A,high,automatic,main_eval,False,,snowy,smolvlm,Yes,yes,False,0.44
junctions,b8cff548-cc30b88a.jpg,JN_H_02,hazard,Could a large vehicle such as a bus or truck obstruct the driver's sightline at this junction?,yes,A,high,automatic,main_eval,False,,snowy,smolvlm,Yes,yes,True,0.44
junctions,b8cff548-cc30b88a.jpg,JN_S_01,scene,Is this a signalised intersection with active traffic lights?,no,A,high,automatic,main_eval,False,,snowy,smolvlm,No,no,True,0.44
junctions,b8cff548-cc30b88a.jpg,JN_S_03,scene,Is this junction on a highway or high-speed road rather than an urban street?,no,A,high,automatic,main_eval,False,,snowy,smolvlm,No,no,True,0.44
junctions,b8cff548-cc30b88a.jpg,JN_S_05,scene,Does this scene show an unsignalised junction with no traffic lights visible?,yes,A,high,automatic,main_eval,False,,snowy,smolvlm,No,no,False,0.44
junctions,b8cff548-cc30b88a.jpg,JN_ADV_03,adversarial,Is there a vehicle currently occupying the centre of the intersection ahead?,yes,B,medium,automatic,main_eval,False,,snowy,smolvlm,No,no,False,0.44
junctions,b8cff548-cc30b88a.jpg,JN_ADV_04,adversarial,Are the lane markings at this junction clear enough to identify which lane leads to the intended direction?,no,A,high,automatic,main_eval,False,,snowy,smolvlm,No,no,True,0.44
junctions,ca0f0248-0350c116.jpg,JN_BASE_01,baseline,Is a traffic light visible in this scene?,no,A,high,automatic,baseline_only,False,,clear,smolvlm,No,no,True,0.44
junctions,ca0f0248-0350c116.jpg,JN_BASE_02,baseline,Is this scene located at an intersection or junction?,no,A,high,automatic,baseline_only,False,,clear,smolvlm,No,no,True,0.44
junctions,ca0f0248-0350c116.jpg,JN_P_02,perception,Is at least one pedestrian visible in or near the intersection?,no,A,high,automatic,main_eval,False,,clear,smolvlm,No,no,True,0.44
junctions,ca0f0248-0350c116.jpg,JN_P_03,perception,Is there a vehicle larger than a standard car — such as a bus or truck — visible at this junction?,no,A,high,automatic,main_eval,False,,clear,smolvlm,No,no,True,0.44
junctions,ca0f0248-0350c116.jpg,JN_P_07,perception,Is this junction scene captured during daytime?,no,A,high,automatic,main_eval,False,,clear,smolvlm,No,no,True,0.44
junctions,ca0f0248-0350c116.jpg,JN_P_08,perception,Is any pedestrian visible who appears to be actively crossing the road?,no,B,medium,automatic,main_eval,False,,clear,smolvlm,No,no,True,0.44
junctions,ca0f0248-0350c116.jpg,JN_A_02,action,Should the driver yield to pedestrians before proceeding through this junction?,no,A,high,automatic,main_eval,False,,clear,smolvlm,No,no,True,0.44
junctions,ca0f0248-0350c116.jpg,JN_A_06,action,Should the driver sound the horn to warn other road users at this junction?,no,B,medium,automatic,main_eval,False,,clear,smolvlm,No,no,True,0.44
junctions,ca0f0248-0350c116.jpg,JN_H_01,hazard,Is there a risk of a pedestrian stepping into the path of the ego vehicle?,no,A,high,automatic,main_eval,False,,clear,smolvlm,Yes,yes,False,0.44
junctions,ca0f0248-0350c116.jpg,JN_H_02,hazard,Could a large vehicle such as a bus or truck obstruct the driver's sightline at this junction?,no,A,high,automatic,main_eval,False,,clear,smolvlm,Yes,yes,False,0.44
junctions,ca0f0248-0350c116.jpg,JN_S_01,scene,Is this a signalised intersection with active traffic lights?,no,A,high,automatic,main_eval,False,,clear,smolvlm,No,no,True,0.44
junctions,ca0f0248-0350c116.jpg,JN_S_03,scene,Is this junction on a highway or high-speed road rather than an urban street?,no,A,high,automatic,main_eval,False,,clear,smolvlm,No,no,True,0.44
junctions,ca0f0248-0350c116.jpg,JN_S_04,scene,Is this a nighttime junction scene?,yes,A,high,automatic,main_eval,False,,clear,smolvlm,Yes,yes,True,0.44
junctions,ca0f0248-0350c116.jpg,JN_S_05,scene,Does this scene show an unsignalised junction with no traffic lights visible?,yes,A,high,automatic,main_eval,False,,clear,smolvlm,Yes,yes,True,0.44
junctions,ca0f0248-0350c116.jpg,JN_ADV_03,adversarial,Is there a vehicle currently occupying the centre of the intersection ahead?,no,B,medium,automatic,main_eval,False,,clear,smolvlm,No,no,True,0.44
junctions,ca0f0248-0350c116.jpg,JN_ADV_04,adversarial,Are the lane markings at this junction clear enough to identify which lane leads to the intended direction?,yes,A,high,automatic,main_eval,False,,clear,smolvlm,Yes,yes,True,0.44
junctions,c360ca4b-7a8ec6e6.jpg,JN_BASE_01,baseline,Is a traffic light visible in this scene?,no,A,high,automatic,baseline_only,False,,clear,smolvlm,No,no,True,0.44
junctions,c360ca4b-7a8ec6e6.jpg,JN_BASE_02,baseline,Is this scene located at an intersection or junction?,no,A,high,automatic,baseline_only,False,,clear,smolvlm,Yes,yes,False,0.44
junctions,c360ca4b-7a8ec6e6.jpg,JN_P_02,perception,Is at least one pedestrian visible in or near the intersection?,no,A,high,automatic,main_eval,False,,clear,smolvlm,No,no,True,0.44
junctions,c360ca4b-7a8ec6e6.jpg,JN_P_03,perception,Is there a vehicle larger than a standard car — such as a bus or truck — visible at this junction?,yes,A,high,automatic,main_eval,False,,clear,smolvlm,No,no,False,0.44
junctions,c360ca4b-7a8ec6e6.jpg,JN_P_07,perception,Is this junction scene captured during daytime?,yes,A,high,automatic,main_eval,False,,clear,smolvlm,Yes,yes,True,0.44
junctions,c360ca4b-7a8ec6e6.jpg,JN_P_08,perception,Is any pedestrian visible who appears to be actively crossing the road?,no,B,medium,automatic,main_eval,False,,clear,smolvlm,No,no,True,0.44
junctions,c360ca4b-7a8ec6e6.jpg,JN_A_02,action,Should the driver yield to pedestrians before proceeding through this junction?,no,A,high,automatic,main_eval,False,,clear,smolvlm,Yes,yes,False,0.44
junctions,c360ca4b-7a8ec6e6.jpg,JN_A_06,action,Should the driver sound the horn to warn other road users at this junction?,no,B,medium,automatic,main_eval,False,,clear,smolvlm,No,no,True,0.44
junctions,c360ca4b-7a8ec6e6.jpg,JN_H_01,hazard,Is there a risk of a pedestrian stepping into the path of the ego vehicle?,no,A,high,automatic,main_eval,False,,clear,smolvlm,No,no,True,0.44
junctions,c360ca4b-7a8ec6e6.jpg,JN_H_02,hazard,Could a large vehicle such as a bus or truck obstruct the driver's sightline at this junction?,yes,A,high,automatic,main_eval,False,,clear,smolvlm,No,no,False,0.44
junctions,c360ca4b-7a8ec6e6.jpg,JN_S_01,scene,Is this a signalised intersection with active traffic lights?,no,A,high,automatic,main_eval,False,,clear,smolvlm,No,no,True,0.44
junctions,c360ca4b-7a8ec6e6.jpg,JN_S_03,scene,Is this junction on a highway or high-speed road rather than an urban street?,no,A,high,automatic,main_eval,False,,clear,smolvlm,No,no,True,0.44
junctions,c360ca4b-7a8ec6e6.jpg,JN_S_04,scene,Is this a nighttime junction scene?,no,A,high,automatic,main_eval,False,,clear,smolvlm,No,no,True,0.44
junctions,c360ca4b-7a8ec6e6.jpg,JN_S_05,scene,Does this scene show an unsignalised junction with no traffic lights visible?,yes,A,high,automatic,main_eval,False,,clear,smolvlm,Yes,yes,True,0.44
junctions,c360ca4b-7a8ec6e6.jpg,JN_ADV_03,adversarial,Is there a vehicle currently occupying the centre of the intersection ahead?,no,B,medium,automatic,main_eval,False,,clear,smolvlm,No,no,True,0.44
junctions,c360ca4b-7a8ec6e6.jpg,JN_ADV_04,adversarial,Are the lane markings at this junction clear enough to identify which lane leads to the intended direction?,no,A,high,automatic,main_eval,False,,clear,smolvlm,No,no,True,0.44
junctions,bea3ece7-e73287ff.jpg,JN_BASE_01,baseline,Is a traffic light visible in this scene?,no,A,high,automatic,baseline_only,False,,clear,smolvlm,No,no,True,0.44
junctions,bea3ece7-e73287ff.jpg,JN_BASE_02,baseline,Is this scene located at an intersection or junction?,no,A,high,automatic,baseline_only,False,,clear,smolvlm,No,no,True,0.44
junctions,bea3ece7-e73287ff.jpg,JN_P_02,perception,Is at least one pedestrian visible in or near the intersection?,yes,A,high,automatic,main_eval,False,,clear,smolvlm,No,no,False,0.44
junctions,bea3ece7-e73287ff.jpg,JN_P_03,perception,Is there a vehicle larger than a standard car — such as a bus or truck — visible at this junction?,no,A,high,automatic,main_eval,False,,clear,smolvlm,No,no,True,0.44
junctions,bea3ece7-e73287ff.jpg,JN_P_05,perception,Are road signs visible at this junction?,yes,A,high,automatic,main_eval,False,,clear,smolvlm,No,no,False,0.44
junctions,bea3ece7-e73287ff.jpg,JN_P_07,perception,Is this junction scene captured during daytime?,no,A,high,automatic,main_eval,False,,clear,smolvlm,No,no,True,0.44
junctions,bea3ece7-e73287ff.jpg,JN_P_08,perception,Is any pedestrian visible who appears to be actively crossing the road?,no,B,medium,automatic,main_eval,False,,clear,smolvlm,No,no,True,0.44
junctions,bea3ece7-e73287ff.jpg,JN_A_02,action,Should the driver yield to pedestrians before proceeding through this junction?,yes,A,high,automatic,main_eval,False,,clear,smolvlm,No,no,False,0.44
junctions,bea3ece7-e73287ff.jpg,JN_A_06,action,Should the driver sound the horn to warn other road users at this junction?,no,B,medium,automatic,main_eval,False,,clear,smolvlm,No,no,True,0.44
junctions,bea3ece7-e73287ff.jpg,JN_H_01,hazard,Is there a risk of a pedestrian stepping into the path of the ego vehicle?,yes,A,high,automatic,main_eval,False,,clear,smolvlm,Yes,yes,True,0.44
junctions,bea3ece7-e73287ff.jpg,JN_H_02,hazard,Could a large vehicle such as a bus or truck obstruct the driver's sightline at this junction?,no,A,high,automatic,main_eval,False,,clear,smolvlm,Yes,yes,False,0.44
junctions,bea3ece7-e73287ff.jpg,JN_S_01,scene,Is this a signalised intersection with active traffic lights?,no,A,high,automatic,main_eval,False,,clear,smolvlm,No,no,True,0.44
junctions,bea3ece7-e73287ff.jpg,JN_S_03,scene,Is this junction on a highway or high-speed road rather than an urban street?,no,A,high,automatic,main_eval,False,,clear,smolvlm,No,no,True,0.44
junctions,bea3ece7-e73287ff.jpg,JN_S_04,scene,Is this a nighttime junction scene?,yes,A,high,automatic,main_eval,False,,clear,smolvlm,Yes,yes,True,0.44
junctions,bea3ece7-e73287ff.jpg,JN_S_05,scene,Does this scene show an unsignalised junction with no traffic lights visible?,yes,A,high,automatic,main_eval,False,,clear,smolvlm,Yes,yes,True,0.44
junctions,bea3ece7-e73287ff.jpg,JN_ADV_03,adversarial,Is there a vehicle currently occupying the centre of the intersection ahead?,yes,B,medium,automatic,main_eval,False,,clear,smolvlm,No,no,False,0.44
junctions,bea3ece7-e73287ff.jpg,JN_ADV_04,adversarial,Are the lane markings at this junction clear enough to identify which lane leads to the intended direction?,yes,A,high,automatic,main_eval,False,,clear,smolvlm,No,no,False,0.44
junctions,bd5a0062-f462f63f.jpg,JN_BASE_01,baseline,Is a traffic light visible in this scene?,no,A,high,automatic,baseline_only,False,,clear,smolvlm,No,no,True,0.44
junctions,bd5a0062-f462f63f.jpg,JN_BASE_02,baseline,Is this scene located at an intersection or junction?,no,A,high,automatic,baseline_only,False,,clear,smolvlm,Yes,yes,False,0.44
junctions,bd5a0062-f462f63f.jpg,JN_P_02,perception,Is at least one pedestrian visible in or near the intersection?,yes,A,high,automatic,main_eval,False,,clear,smolvlm,Yes,yes,True,0.44
junctions,bd5a0062-f462f63f.jpg,JN_P_03,perception,Is there a vehicle larger than a standard car — such as a bus or truck — visible at this junction?,yes,A,high,automatic,main_eval,False,,clear,smolvlm,Yes,yes,True,0.44
junctions,bd5a0062-f462f63f.jpg,JN_P_05,perception,Are road signs visible at this junction?,no,A,high,automatic,main_eval,False,,clear,smolvlm,No,no,True,0.44
junctions,bd5a0062-f462f63f.jpg,JN_P_08,perception,Is any pedestrian visible who appears to be actively crossing the road?,yes,B,medium,automatic,main_eval,False,,clear,smolvlm,Yes,yes,True,0.44
junctions,bd5a0062-f462f63f.jpg,JN_A_02,action,Should the driver yield to pedestrians before proceeding through this junction?,yes,A,high,automatic,main_eval,False,,clear,smolvlm,Yes,yes,True,0.44
junctions,bd5a0062-f462f63f.jpg,JN_H_01,hazard,Is there a risk of a pedestrian stepping into the path of the ego vehicle?,yes,A,high,automatic,main_eval,False,,clear,smolvlm,Yes,yes,True,0.44
junctions,bd5a0062-f462f63f.jpg,JN_H_02,hazard,Could a large vehicle such as a bus or truck obstruct the driver's sightline at this junction?,yes,A,high,automatic,main_eval,False,,clear,smolvlm,Yes,yes,True,0.44
junctions,bd5a0062-f462f63f.jpg,JN_S_01,scene,Is this a signalised intersection with active traffic lights?,no,A,high,automatic,main_eval,False,,clear,smolvlm,No,no,True,0.44
junctions,bd5a0062-f462f63f.jpg,JN_S_03,scene,Is this junction on a highway or high-speed road rather than an urban street?,no,A,high,automatic,main_eval,False,,clear,smolvlm,No,no,True,0.44
junctions,bd5a0062-f462f63f.jpg,JN_S_05,scene,Does this scene show an unsignalised junction with no traffic lights visible?,yes,A,high,automatic,main_eval,False,,clear,smolvlm,Yes,yes,True,0.44
junctions,bd5a0062-f462f63f.jpg,JN_ADV_03,adversarial,Is there a vehicle currently occupying the centre of the intersection ahead?,no,B,medium,automatic,main_eval,False,,clear,smolvlm,No,no,True,0.44
junctions,bd5a0062-f462f63f.jpg,JN_ADV_04,adversarial,Are the lane markings at this junction clear enough to identify which lane leads to the intended direction?,yes,A,high,automatic,main_eval,False,,clear,smolvlm,No,no,False,0.44
junctions,c6c08fb0-7a88ba27.jpg,JN_BASE_01,baseline,Is a traffic light visible in this scene?,no,A,high,automatic,baseline_only,False,,snowy,smolvlm,No,no,True,0.45
junctions,c6c08fb0-7a88ba27.jpg,JN_BASE_02,baseline,Is this scene located at an intersection or junction?,no,A,high,automatic,baseline_only,False,,snowy,smolvlm,No,no,True,0.44
junctions,c6c08fb0-7a88ba27.jpg,JN_P_02,perception,Is at least one pedestrian visible in or near the intersection?,no,A,high,automatic,main_eval,False,,snowy,smolvlm,No,no,True,0.44
junctions,c6c08fb0-7a88ba27.jpg,JN_P_03,perception,Is there a vehicle larger than a standard car — such as a bus or truck — visible at this junction?,no,A,high,automatic,main_eval,False,,snowy,smolvlm,No,no,True,0.44
junctions,c6c08fb0-7a88ba27.jpg,JN_P_07,perception,Is this junction scene captured during daytime?,yes,A,high,automatic,main_eval,False,,snowy,smolvlm,Yes,yes,True,0.44
junctions,c6c08fb0-7a88ba27.jpg,JN_P_08,perception,Is any pedestrian visible who appears to be actively crossing the road?,no,B,medium,automatic,main_eval,False,,snowy,smolvlm,No,no,True,0.44
junctions,c6c08fb0-7a88ba27.jpg,JN_A_02,action,Should the driver yield to pedestrians before proceeding through this junction?,no,A,high,automatic,main_eval,False,,snowy,smolvlm,No,no,True,0.44
junctions,c6c08fb0-7a88ba27.jpg,JN_A_06,action,Should the driver sound the horn to warn other road users at this junction?,no,B,medium,automatic,main_eval,False,,snowy,smolvlm,No,no,True,0.44
junctions,c6c08fb0-7a88ba27.jpg,JN_H_01,hazard,Is there a risk of a pedestrian stepping into the path of the ego vehicle?,no,A,high,automatic,main_eval,False,,snowy,smolvlm,Yes,yes,False,0.44
junctions,c6c08fb0-7a88ba27.jpg,JN_H_02,hazard,Could a large vehicle such as a bus or truck obstruct the driver's sightline at this junction?,no,A,high,automatic,main_eval,False,,snowy,smolvlm,Yes,yes,False,0.44
junctions,c6c08fb0-7a88ba27.jpg,JN_S_01,scene,Is this a signalised intersection with active traffic lights?,no,A,high,automatic,main_eval,False,,snowy,smolvlm,No,no,True,0.44
junctions,c6c08fb0-7a88ba27.jpg,JN_S_03,scene,Is this junction on a highway or high-speed road rather than an urban street?,no,A,high,automatic,main_eval,False,,snowy,smolvlm,No,no,True,0.44
junctions,c6c08fb0-7a88ba27.jpg,JN_S_04,scene,Is this a nighttime junction scene?,no,A,high,automatic,main_eval,False,,snowy,smolvlm,No,no,True,0.44
junctions,c6c08fb0-7a88ba27.jpg,JN_S_05,scene,Does this scene show an unsignalised junction with no traffic lights visible?,yes,A,high,automatic,main_eval,False,,snowy,smolvlm,No,no,False,0.44
junctions,c6c08fb0-7a88ba27.jpg,JN_ADV_03,adversarial,Is there a vehicle currently occupying the centre of the intersection ahead?,yes,B,medium,automatic,main_eval,False,,snowy,smolvlm,No,no,False,0.44
junctions,c6c08fb0-7a88ba27.jpg,JN_ADV_04,adversarial,Are the lane markings at this junction clear enough to identify which lane leads to the intended direction?,yes,A,high,automatic,main_eval,False,,snowy,smolvlm,No,no,False,0.44
junctions,b36e0178-0f46bca5.jpg,JN_BASE_01,baseline,Is a traffic light visible in this scene?,no,A,high,automatic,baseline_only,False,,clear,smolvlm,Yes,yes,False,0.44
junctions,b36e0178-0f46bca5.jpg,JN_BASE_02,baseline,Is this scene located at an intersection or junction?,no,A,high,automatic,baseline_only,False,,clear,smolvlm,No,no,True,0.44
junctions,b36e0178-0f46bca5.jpg,JN_P_02,perception,Is at least one pedestrian visible in or near the intersection?,no,A,high,automatic,main_eval,False,,clear,smolvlm,No,no,True,0.44
junctions,b36e0178-0f46bca5.jpg,JN_P_03,perception,Is there a vehicle larger than a standard car — such as a bus or truck — visible at this junction?,yes,A,high,automatic,main_eval,False,,clear,smolvlm,No,no,False,0.44
junctions,b36e0178-0f46bca5.jpg,JN_P_05,perception,Are road signs visible at this junction?,no,A,high,automatic,main_eval,False,,clear,smolvlm,No,no,True,0.44
junctions,b36e0178-0f46bca5.jpg,JN_P_07,perception,Is this junction scene captured during daytime?,no,A,high,automatic,main_eval,False,,clear,smolvlm,No,no,True,0.44
junctions,b36e0178-0f46bca5.jpg,JN_P_08,perception,Is any pedestrian visible who appears to be actively crossing the road?,no,B,medium,automatic,main_eval,False,,clear,smolvlm,No,no,True,0.44
junctions,b36e0178-0f46bca5.jpg,JN_A_02,action,Should the driver yield to pedestrians before proceeding through this junction?,no,A,high,automatic,main_eval,False,,clear,smolvlm,No,no,True,0.44
junctions,b36e0178-0f46bca5.jpg,JN_A_06,action,Should the driver sound the horn to warn other road users at this junction?,no,B,medium,automatic,main_eval,False,,clear,smolvlm,No,no,True,0.44
junctions,b36e0178-0f46bca5.jpg,JN_H_01,hazard,Is there a risk of a pedestrian stepping into the path of the ego vehicle?,no,A,high,automatic,main_eval,False,,clear,smolvlm,Yes,yes,False,0.44
junctions,b36e0178-0f46bca5.jpg,JN_H_02,hazard,Could a large vehicle such as a bus or truck obstruct the driver's sightline at this junction?,yes,A,high,automatic,main_eval,False,,clear,smolvlm,Yes,yes,True,0.44
junctions,b36e0178-0f46bca5.jpg,JN_S_01,scene,Is this a signalised intersection with active traffic lights?,no,A,high,automatic,main_eval,False,,clear,smolvlm,Yes,yes,False,0.44
junctions,b36e0178-0f46bca5.jpg,JN_S_03,scene,Is this junction on a highway or high-speed road rather than an urban street?,no,A,high,automatic,main_eval,False,,clear,smolvlm,No,no,True,0.44
junctions,b36e0178-0f46bca5.jpg,JN_S_04,scene,Is this a nighttime junction scene?,yes,A,high,automatic,main_eval,False,,clear,smolvlm,Yes,yes,True,0.44
junctions,b36e0178-0f46bca5.jpg,JN_S_05,scene,Does this scene show an unsignalised junction with no traffic lights visible?,yes,A,high,automatic,main_eval,False,,clear,smolvlm,Yes,yes,True,0.44
junctions,b36e0178-0f46bca5.jpg,JN_ADV_03,adversarial,Is there a vehicle currently occupying the centre of the intersection ahead?,no,B,medium,automatic,main_eval,False,,clear,smolvlm,No,no,True,0.44
junctions,b36e0178-0f46bca5.jpg,JN_ADV_04,adversarial,Are the lane markings at this junction clear enough to identify which lane leads to the intended direction?,yes,A,high,automatic,main_eval,False,,clear,smolvlm,No,no,False,0.44
junctions,b979217b-015bcb98.jpg,JN_BASE_01,baseline,Is a traffic light visible in this scene?,no,A,high,automatic,baseline_only,False,,clear,smolvlm,No,no,True,0.44
junctions,b979217b-015bcb98.jpg,JN_BASE_02,baseline,Is this scene located at an intersection or junction?,no,A,high,automatic,baseline_only,False,,clear,smolvlm,Yes,yes,False,0.44
junctions,b979217b-015bcb98.jpg,JN_P_02,perception,Is at least one pedestrian visible in or near the intersection?,yes,A,high,automatic,main_eval,False,,clear,smolvlm,Yes,yes,True,0.44
junctions,b979217b-015bcb98.jpg,JN_P_03,perception,Is there a vehicle larger than a standard car — such as a bus or truck — visible at this junction?,no,A,high,automatic,main_eval,False,,clear,smolvlm,No,no,True,0.44
junctions,b979217b-015bcb98.jpg,JN_P_05,perception,Are road signs visible at this junction?,yes,A,high,automatic,main_eval,False,,clear,smolvlm,No,no,False,0.44
junctions,b979217b-015bcb98.jpg,JN_P_07,perception,Is this junction scene captured during daytime?,no,A,high,automatic,main_eval,False,,clear,smolvlm,No,no,True,0.44
junctions,b979217b-015bcb98.jpg,JN_P_08,perception,Is any pedestrian visible who appears to be actively crossing the road?,yes,B,medium,automatic,main_eval,False,,clear,smolvlm,No,no,False,0.44
junctions,b979217b-015bcb98.jpg,JN_A_02,action,Should the driver yield to pedestrians before proceeding through this junction?,yes,A,high,automatic,main_eval,False,,clear,smolvlm,No,no,False,0.44
junctions,b979217b-015bcb98.jpg,JN_A_06,action,Should the driver sound the horn to warn other road users at this junction?,yes,B,medium,automatic,main_eval,False,,clear,smolvlm,No,no,False,0.44
junctions,b979217b-015bcb98.jpg,JN_H_01,hazard,Is there a risk of a pedestrian stepping into the path of the ego vehicle?,yes,A,high,automatic,main_eval,False,,clear,smolvlm,Yes,yes,True,0.44
junctions,b979217b-015bcb98.jpg,JN_H_02,hazard,Could a large vehicle such as a bus or truck obstruct the driver's sightline at this junction?,no,A,high,automatic,main_eval,False,,clear,smolvlm,Yes,yes,False,0.44
junctions,b979217b-015bcb98.jpg,JN_S_01,scene,Is this a signalised intersection with active traffic lights?,no,A,high,automatic,main_eval,False,,clear,smolvlm,No,no,True,0.44
junctions,b979217b-015bcb98.jpg,JN_S_03,scene,Is this junction on a highway or high-speed road rather than an urban street?,no,A,high,automatic,main_eval,False,,clear,smolvlm,No,no,True,0.44
junctions,b979217b-015bcb98.jpg,JN_S_04,scene,Is this a nighttime junction scene?,yes,A,high,automatic,main_eval,False,,clear,smolvlm,Yes,yes,True,0.44
junctions,b979217b-015bcb98.jpg,JN_S_05,scene,Does this scene show an unsignalised junction with no traffic lights visible?,yes,A,high,automatic,main_eval,False,,clear,smolvlm,Yes,yes,True,0.44
junctions,b979217b-015bcb98.jpg,JN_ADV_03,adversarial,Is there a vehicle currently occupying the centre of the intersection ahead?,yes,B,medium,automatic,main_eval,False,,clear,smolvlm,No,no,False,0.44
junctions,b979217b-015bcb98.jpg,JN_ADV_04,adversarial,Are the lane markings at this junction clear enough to identify which lane leads to the intended direction?,no,A,high,automatic,main_eval,False,,clear,smolvlm,No,no,True,0.44
junctions,c776d10b-ea20be3a.jpg,JN_BASE_01,baseline,Is a traffic light visible in this scene?,no,A,high,automatic,baseline_only,False,,clear,smolvlm,No,no,True,0.44
junctions,c776d10b-ea20be3a.jpg,JN_BASE_02,baseline,Is this scene located at an intersection or junction?,no,A,high,automatic,baseline_only,False,,clear,smolvlm,Yes,yes,False,0.44
junctions,c776d10b-ea20be3a.jpg,JN_P_02,perception,Is at least one pedestrian visible in or near the intersection?,no,A,high,automatic,main_eval,False,,clear,smolvlm,No,no,True,0.44
junctions,c776d10b-ea20be3a.jpg,JN_P_03,perception,Is there a vehicle larger than a standard car — such as a bus or truck — visible at this junction?,no,A,high,automatic,main_eval,False,,clear,smolvlm,No,no,True,0.44
junctions,c776d10b-ea20be3a.jpg,JN_P_05,perception,Are road signs visible at this junction?,yes,A,high,automatic,main_eval,False,,clear,smolvlm,No,no,False,0.44
junctions,c776d10b-ea20be3a.jpg,JN_P_07,perception,Is this junction scene captured during daytime?,yes,A,high,automatic,main_eval,False,,clear,smolvlm,Yes,yes,True,0.44
junctions,c776d10b-ea20be3a.jpg,JN_P_08,perception,Is any pedestrian visible who appears to be actively crossing the road?,no,B,medium,automatic,main_eval,False,,clear,smolvlm,No,no,True,0.44
junctions,c776d10b-ea20be3a.jpg,JN_A_02,action,Should the driver yield to pedestrians before proceeding through this junction?,no,A,high,automatic,main_eval,False,,clear,smolvlm,No,no,True,0.44
junctions,c776d10b-ea20be3a.jpg,JN_A_06,action,Should the driver sound the horn to warn other road users at this junction?,no,B,medium,automatic,main_eval,False,,clear,smolvlm,No,no,True,0.44
junctions,c776d10b-ea20be3a.jpg,JN_H_01,hazard,Is there a risk of a pedestrian stepping into the path of the ego vehicle?,no,A,high,automatic,main_eval,False,,clear,smolvlm,Yes,yes,False,0.44
junctions,c776d10b-ea20be3a.jpg,JN_H_02,hazard,Could a large vehicle such as a bus or truck obstruct the driver's sightline at this junction?,no,A,high,automatic,main_eval,False,,clear,smolvlm,No,no,True,0.44
junctions,c776d10b-ea20be3a.jpg,JN_S_01,scene,Is this a signalised intersection with active traffic lights?,no,A,high,automatic,main_eval,False,,clear,smolvlm,No,no,True,0.44
junctions,c776d10b-ea20be3a.jpg,JN_S_03,scene,Is this junction on a highway or high-speed road rather than an urban street?,no,A,high,automatic,main_eval,False,,clear,smolvlm,No,no,True,0.44
junctions,c776d10b-ea20be3a.jpg,JN_S_04,scene,Is this a nighttime junction scene?,no,A,high,automatic,main_eval,False,,clear,smolvlm,No,no,True,0.44
junctions,c776d10b-ea20be3a.jpg,JN_S_05,scene,Does this scene show an unsignalised junction with no traffic lights visible?,yes,A,high,automatic,main_eval,False,,clear,smolvlm,Yes,yes,True,0.44
junctions,c776d10b-ea20be3a.jpg,JN_ADV_03,adversarial,Is there a vehicle currently occupying the centre of the intersection ahead?,yes,B,medium,automatic,main_eval,False,,clear,smolvlm,No,no,False,0.44
junctions,c776d10b-ea20be3a.jpg,JN_ADV_04,adversarial,Are the lane markings at this junction clear enough to identify which lane leads to the intended direction?,yes,A,high,automatic,main_eval,False,,clear,smolvlm,Yes,yes,True,0.44
junctions,bcaf73c1-7d7baab1.jpg,JN_BASE_01,baseline,Is a traffic light visible in this scene?,no,A,high,automatic,baseline_only,False,,clear,smolvlm,No,no,True,0.45
junctions,bcaf73c1-7d7baab1.jpg,JN_BASE_02,baseline,Is this scene located at an intersection or junction?,no,A,high,automatic,baseline_only,False,,clear,smolvlm,Yes,yes,False,0.44
junctions,bcaf73c1-7d7baab1.jpg,JN_P_02,perception,Is at least one pedestrian visible in or near the intersection?,no,A,high,automatic,main_eval,False,,clear,smolvlm,No,no,True,0.44
junctions,bcaf73c1-7d7baab1.jpg,JN_P_03,perception,Is there a vehicle larger than a standard car — such as a bus or truck — visible at this junction?,no,A,high,automatic,main_eval,False,,clear,smolvlm,No,no,True,0.44
junctions,bcaf73c1-7d7baab1.jpg,JN_P_05,perception,Are road signs visible at this junction?,yes,A,high,automatic,main_eval,False,,clear,smolvlm,Yes,yes,True,0.44
junctions,bcaf73c1-7d7baab1.jpg,JN_P_07,perception,Is this junction scene captured during daytime?,no,A,high,automatic,main_eval,False,,clear,smolvlm,No,no,True,0.44
junctions,bcaf73c1-7d7baab1.jpg,JN_P_08,perception,Is any pedestrian visible who appears to be actively crossing the road?,no,B,medium,automatic,main_eval,False,,clear,smolvlm,No,no,True,0.44
junctions,bcaf73c1-7d7baab1.jpg,JN_A_02,action,Should the driver yield to pedestrians before proceeding through this junction?,no,A,high,automatic,main_eval,False,,clear,smolvlm,No,no,True,0.44
junctions,bcaf73c1-7d7baab1.jpg,JN_A_06,action,Should the driver sound the horn to warn other road users at this junction?,no,B,medium,automatic,main_eval,False,,clear,smolvlm,No,no,True,0.44
junctions,bcaf73c1-7d7baab1.jpg,JN_H_01,hazard,Is there a risk of a pedestrian stepping into the path of the ego vehicle?,no,A,high,automatic,main_eval,False,,clear,smolvlm,Yes,yes,False,0.44
junctions,bcaf73c1-7d7baab1.jpg,JN_H_02,hazard,Could a large vehicle such as a bus or truck obstruct the driver's sightline at this junction?,no,A,high,automatic,main_eval,False,,clear,smolvlm,Yes,yes,False,0.44
junctions,bcaf73c1-7d7baab1.jpg,JN_S_01,scene,Is this a signalised intersection with active traffic lights?,no,A,high,automatic,main_eval,False,,clear,smolvlm,No,no,True,0.44
junctions,bcaf73c1-7d7baab1.jpg,JN_S_03,scene,Is this junction on a highway or high-speed road rather than an urban street?,no,A,high,automatic,main_eval,False,,clear,smolvlm,No,no,True,0.44
junctions,bcaf73c1-7d7baab1.jpg,JN_S_04,scene,Is this a nighttime junction scene?,yes,A,high,automatic,main_eval,False,,clear,smolvlm,Yes,yes,True,0.44
junctions,bcaf73c1-7d7baab1.jpg,JN_S_05,scene,Does this scene show an unsignalised junction with no traffic lights visible?,yes,A,high,automatic,main_eval,False,,clear,smolvlm,Yes,yes,True,0.44
junctions,bcaf73c1-7d7baab1.jpg,JN_ADV_03,adversarial,Is there a vehicle currently occupying the centre of the intersection ahead?,no,B,medium,automatic,main_eval,False,,clear,smolvlm,Yes,yes,False,0.44
junctions,bcaf73c1-7d7baab1.jpg,JN_ADV_04,adversarial,Are the lane markings at this junction clear enough to identify which lane leads to the intended direction?,yes,A,high,automatic,main_eval,False,,clear,smolvlm,No,no,False,0.44
junctions,bb9fb09f-c2a5e3d5.jpg,JN_BASE_01,baseline,Is a traffic light visible in this scene?,no,A,high,automatic,baseline_only,False,,snowy,smolvlm,No,no,True,0.44
junctions,bb9fb09f-c2a5e3d5.jpg,JN_BASE_02,baseline,Is this scene located at an intersection or junction?,no,A,high,automatic,baseline_only,False,,snowy,smolvlm,No,no,True,0.44
junctions,bb9fb09f-c2a5e3d5.jpg,JN_P_02,perception,Is at least one pedestrian visible in or near the intersection?,yes,A,high,automatic,main_eval,False,,snowy,smolvlm,No,no,False,0.44
junctions,bb9fb09f-c2a5e3d5.jpg,JN_P_03,perception,Is there a vehicle larger than a standard car — such as a bus or truck — visible at this junction?,yes,A,high,automatic,main_eval,False,,snowy,smolvlm,Yes,yes,True,0.44
junctions,bb9fb09f-c2a5e3d5.jpg,JN_P_05,perception,Are road signs visible at this junction?,no,A,high,automatic,main_eval,False,,snowy,smolvlm,No,no,True,0.44
junctions,bb9fb09f-c2a5e3d5.jpg,JN_P_07,perception,Is this junction scene captured during daytime?,yes,A,high,automatic,main_eval,False,,snowy,smolvlm,Yes,yes,True,0.44
junctions,bb9fb09f-c2a5e3d5.jpg,JN_A_02,action,Should the driver yield to pedestrians before proceeding through this junction?,yes,A,high,automatic,main_eval,False,,snowy,smolvlm,No,no,False,0.44
junctions,bb9fb09f-c2a5e3d5.jpg,JN_A_06,action,Should the driver sound the horn to warn other road users at this junction?,no,B,medium,automatic,main_eval,False,,snowy,smolvlm,No,no,True,0.44
junctions,bb9fb09f-c2a5e3d5.jpg,JN_H_01,hazard,Is there a risk of a pedestrian stepping into the path of the ego vehicle?,yes,A,high,automatic,main_eval,False,,snowy,smolvlm,Yes,yes,True,0.44
junctions,bb9fb09f-c2a5e3d5.jpg,JN_H_02,hazard,Could a large vehicle such as a bus or truck obstruct the driver's sightline at this junction?,yes,A,high,automatic,main_eval,False,,snowy,smolvlm,Yes,yes,True,0.44
junctions,bb9fb09f-c2a5e3d5.jpg,JN_S_01,scene,Is this a signalised intersection with active traffic lights?,no,A,high,automatic,main_eval,False,,snowy,smolvlm,No,no,True,0.44
junctions,bb9fb09f-c2a5e3d5.jpg,JN_S_03,scene,Is this junction on a highway or high-speed road rather than an urban street?,no,A,high,automatic,main_eval,False,,snowy,smolvlm,No,no,True,0.44
junctions,bb9fb09f-c2a5e3d5.jpg,JN_S_04,scene,Is this a nighttime junction scene?,no,A,high,automatic,main_eval,False,,snowy,smolvlm,No,no,True,0.44
junctions,bb9fb09f-c2a5e3d5.jpg,JN_S_05,scene,Does this scene show an unsignalised junction with no traffic lights visible?,yes,A,high,automatic,main_eval,False,,snowy,smolvlm,No,no,False,0.44
junctions,bb9fb09f-c2a5e3d5.jpg,JN_ADV_03,adversarial,Is there a vehicle currently occupying the centre of the intersection ahead?,no,B,medium,automatic,main_eval,False,,snowy,smolvlm,No,no,True,0.44
junctions,bb9fb09f-c2a5e3d5.jpg,JN_ADV_04,adversarial,Are the lane markings at this junction clear enough to identify which lane leads to the intended direction?,yes,A,high,automatic,main_eval,False,,snowy,smolvlm,No,no,False,0.44
junctions,c08d18c6-6d211ae8.jpg,JN_BASE_01,baseline,Is a traffic light visible in this scene?,no,A,high,automatic,baseline_only,False,,partly cloudy,smolvlm,No,no,True,0.44
junctions,c08d18c6-6d211ae8.jpg,JN_BASE_02,baseline,Is this scene located at an intersection or junction?,no,A,high,automatic,baseline_only,False,,partly cloudy,smolvlm,No,no,True,0.44
junctions,c08d18c6-6d211ae8.jpg,JN_P_02,perception,Is at least one pedestrian visible in or near the intersection?,yes,A,high,automatic,main_eval,False,,partly cloudy,smolvlm,No,no,False,0.44
junctions,c08d18c6-6d211ae8.jpg,JN_P_03,perception,Is there a vehicle larger than a standard car — such as a bus or truck — visible at this junction?,yes,A,high,automatic,main_eval,False,,partly cloudy,smolvlm,No,no,False,0.44
junctions,c08d18c6-6d211ae8.jpg,JN_P_05,perception,Are road signs visible at this junction?,yes,A,high,automatic,main_eval,False,,partly cloudy,smolvlm,Yes,yes,True,0.44
junctions,c08d18c6-6d211ae8.jpg,JN_A_02,action,Should the driver yield to pedestrians before proceeding through this junction?,yes,A,high,automatic,main_eval,False,,partly cloudy,smolvlm,No,no,False,0.44
junctions,c08d18c6-6d211ae8.jpg,JN_H_01,hazard,Is there a risk of a pedestrian stepping into the path of the ego vehicle?,yes,A,high,automatic,main_eval,False,,partly cloudy,smolvlm,Yes,yes,True,0.44
junctions,c08d18c6-6d211ae8.jpg,JN_H_02,hazard,Could a large vehicle such as a bus or truck obstruct the driver's sightline at this junction?,yes,A,high,automatic,main_eval,False,,partly cloudy,smolvlm,Yes,yes,True,0.44
junctions,c08d18c6-6d211ae8.jpg,JN_S_01,scene,Is this a signalised intersection with active traffic lights?,no,A,high,automatic,main_eval,False,,partly cloudy,smolvlm,No,no,True,0.44
junctions,c08d18c6-6d211ae8.jpg,JN_S_03,scene,Is this junction on a highway or high-speed road rather than an urban street?,no,A,high,automatic,main_eval,False,,partly cloudy,smolvlm,No,no,True,0.44
junctions,c08d18c6-6d211ae8.jpg,JN_S_05,scene,Does this scene show an unsignalised junction with no traffic lights visible?,yes,A,high,automatic,main_eval,False,,partly cloudy,smolvlm,Yes,yes,True,0.44
junctions,c08d18c6-6d211ae8.jpg,JN_ADV_03,adversarial,Is there a vehicle currently occupying the centre of the intersection ahead?,yes,B,medium,automatic,main_eval,False,,partly cloudy,smolvlm,No,no,False,0.44
junctions,c08d18c6-6d211ae8.jpg,JN_ADV_04,adversarial,Are the lane markings at this junction clear enough to identify which lane leads to the intended direction?,yes,A,high,automatic,main_eval,False,,partly cloudy,smolvlm,Yes,yes,True,0.44
junctions,ca679a1e-cee7f0bc.jpg,JN_BASE_01,baseline,Is a traffic light visible in this scene?,no,A,high,automatic,baseline_only,False,,clear,smolvlm,No,no,True,0.44
junctions,ca679a1e-cee7f0bc.jpg,JN_BASE_02,baseline,Is this scene located at an intersection or junction?,no,A,high,automatic,baseline_only,False,,clear,smolvlm,Yes,yes,False,0.44
junctions,ca679a1e-cee7f0bc.jpg,JN_P_02,perception,Is at least one pedestrian visible in or near the intersection?,no,A,high,automatic,main_eval,False,,clear,smolvlm,No,no,True,0.44
junctions,ca679a1e-cee7f0bc.jpg,JN_P_03,perception,Is there a vehicle larger than a standard car — such as a bus or truck — visible at this junction?,no,A,high,automatic,main_eval,False,,clear,smolvlm,No,no,True,0.44
junctions,ca679a1e-cee7f0bc.jpg,JN_P_08,perception,Is any pedestrian visible who appears to be actively crossing the road?,no,B,medium,automatic,main_eval,False,,clear,smolvlm,No,no,True,0.44
junctions,ca679a1e-cee7f0bc.jpg,JN_A_02,action,Should the driver yield to pedestrians before proceeding through this junction?,no,A,high,automatic,main_eval,False,,clear,smolvlm,No,no,True,0.44
junctions,ca679a1e-cee7f0bc.jpg,JN_A_06,action,Should the driver sound the horn to warn other road users at this junction?,no,B,medium,automatic,main_eval,False,,clear,smolvlm,No,no,True,0.44
junctions,ca679a1e-cee7f0bc.jpg,JN_H_01,hazard,Is there a risk of a pedestrian stepping into the path of the ego vehicle?,no,A,high,automatic,main_eval,False,,clear,smolvlm,Yes,yes,False,0.44
junctions,ca679a1e-cee7f0bc.jpg,JN_H_02,hazard,Could a large vehicle such as a bus or truck obstruct the driver's sightline at this junction?,no,A,high,automatic,main_eval,False,,clear,smolvlm,No,no,True,0.44
junctions,ca679a1e-cee7f0bc.jpg,JN_S_01,scene,Is this a signalised intersection with active traffic lights?,no,A,high,automatic,main_eval,False,,clear,smolvlm,No,no,True,0.44
junctions,ca679a1e-cee7f0bc.jpg,JN_S_03,scene,Is this junction on a highway or high-speed road rather than an urban street?,no,A,high,automatic,main_eval,False,,clear,smolvlm,No,no,True,0.44
junctions,ca679a1e-cee7f0bc.jpg,JN_S_05,scene,Does this scene show an unsignalised junction with no traffic lights visible?,yes,A,high,automatic,main_eval,False,,clear,smolvlm,Yes,yes,True,0.44
junctions,ca679a1e-cee7f0bc.jpg,JN_ADV_03,adversarial,Is there a vehicle currently occupying the centre of the intersection ahead?,no,B,medium,automatic,main_eval,False,,clear,smolvlm,No,no,True,0.44
junctions,ca679a1e-cee7f0bc.jpg,JN_ADV_04,adversarial,Are the lane markings at this junction clear enough to identify which lane leads to the intended direction?,yes,A,high,automatic,main_eval,False,,clear,smolvlm,Yes,yes,True,0.44
junctions,bb300252-63610170.jpg,JN_BASE_01,baseline,Is a traffic light visible in this scene?,no,A,high,automatic,baseline_only,False,,clear,smolvlm,Yes,yes,False,0.44
junctions,bb300252-63610170.jpg,JN_BASE_02,baseline,Is this scene located at an intersection or junction?,no,A,high,automatic,baseline_only,False,,clear,smolvlm,Yes,yes,False,0.44
junctions,bb300252-63610170.jpg,JN_P_02,perception,Is at least one pedestrian visible in or near the intersection?,no,A,high,automatic,main_eval,False,,clear,smolvlm,No,no,True,0.44
junctions,bb300252-63610170.jpg,JN_P_03,perception,Is there a vehicle larger than a standard car — such as a bus or truck — visible at this junction?,no,A,high,automatic,main_eval,False,,clear,smolvlm,No,no,True,0.45
junctions,bb300252-63610170.jpg,JN_P_05,perception,Are road signs visible at this junction?,yes,A,high,automatic,main_eval,False,,clear,smolvlm,Yes,yes,True,0.44
junctions,bb300252-63610170.jpg,JN_P_07,perception,Is this junction scene captured during daytime?,no,A,high,automatic,main_eval,False,,clear,smolvlm,No,no,True,0.44
junctions,bb300252-63610170.jpg,JN_P_08,perception,Is any pedestrian visible who appears to be actively crossing the road?,no,B,medium,automatic,main_eval,False,,clear,smolvlm,No,no,True,0.44
junctions,bb300252-63610170.jpg,JN_A_02,action,Should the driver yield to pedestrians before proceeding through this junction?,no,A,high,automatic,main_eval,False,,clear,smolvlm,Yes,yes,False,0.44
junctions,bb300252-63610170.jpg,JN_A_06,action,Should the driver sound the horn to warn other road users at this junction?,no,B,medium,automatic,main_eval,False,,clear,smolvlm,No,no,True,0.44
junctions,bb300252-63610170.jpg,JN_H_01,hazard,Is there a risk of a pedestrian stepping into the path of the ego vehicle?,no,A,high,automatic,main_eval,False,,clear,smolvlm,Yes,yes,False,0.44
junctions,bb300252-63610170.jpg,JN_H_02,hazard,Could a large vehicle such as a bus or truck obstruct the driver's sightline at this junction?,no,A,high,automatic,main_eval,False,,clear,smolvlm,Yes,yes,False,0.44
junctions,bb300252-63610170.jpg,JN_S_01,scene,Is this a signalised intersection with active traffic lights?,no,A,high,automatic,main_eval,False,,clear,smolvlm,No,no,True,0.44
junctions,bb300252-63610170.jpg,JN_S_03,scene,Is this junction on a highway or high-speed road rather than an urban street?,no,A,high,automatic,main_eval,False,,clear,smolvlm,No,no,True,0.44
junctions,bb300252-63610170.jpg,JN_S_04,scene,Is this a nighttime junction scene?,yes,A,high,automatic,main_eval,False,,clear,smolvlm,Yes,yes,True,0.44
junctions,bb300252-63610170.jpg,JN_S_05,scene,Does this scene show an unsignalised junction with no traffic lights visible?,yes,A,high,automatic,main_eval,False,,clear,smolvlm,Yes,yes,True,0.44
junctions,bb300252-63610170.jpg,JN_ADV_03,adversarial,Is there a vehicle currently occupying the centre of the intersection ahead?,no,B,medium,automatic,main_eval,False,,clear,smolvlm,No,no,True,0.44
junctions,bb300252-63610170.jpg,JN_ADV_04,adversarial,Are the lane markings at this junction clear enough to identify which lane leads to the intended direction?,no,A,high,automatic,main_eval,False,,clear,smolvlm,No,no,True,0.44
junctions,bc621584-fdabaa99.jpg,JN_BASE_01,baseline,Is a traffic light visible in this scene?,no,A,high,automatic,baseline_only,False,,overcast,smolvlm,No,no,True,0.44
junctions,bc621584-fdabaa99.jpg,JN_BASE_02,baseline,Is this scene located at an intersection or junction?,no,A,high,automatic,baseline_only,False,,overcast,smolvlm,Yes,yes,False,0.44
junctions,bc621584-fdabaa99.jpg,JN_P_02,perception,Is at least one pedestrian visible in or near the intersection?,no,A,high,automatic,main_eval,False,,overcast,smolvlm,No,no,True,0.44
junctions,bc621584-fdabaa99.jpg,JN_P_03,perception,Is there a vehicle larger than a standard car — such as a bus or truck — visible at this junction?,yes,A,high,automatic,main_eval,False,,overcast,smolvlm,Yes,yes,True,0.44
junctions,bc621584-fdabaa99.jpg,JN_P_05,perception,Are road signs visible at this junction?,no,A,high,automatic,main_eval,False,,overcast,smolvlm,No,no,True,0.44
junctions,bc621584-fdabaa99.jpg,JN_P_07,perception,Is this junction scene captured during daytime?,yes,A,high,automatic,main_eval,False,,overcast,smolvlm,Yes,yes,True,0.44
junctions,bc621584-fdabaa99.jpg,JN_P_08,perception,Is any pedestrian visible who appears to be actively crossing the road?,no,B,medium,automatic,main_eval,False,,overcast,smolvlm,No,no,True,0.44
junctions,bc621584-fdabaa99.jpg,JN_A_02,action,Should the driver yield to pedestrians before proceeding through this junction?,no,A,high,automatic,main_eval,False,,overcast,smolvlm,No,no,True,0.44
junctions,bc621584-fdabaa99.jpg,JN_A_06,action,Should the driver sound the horn to warn other road users at this junction?,no,B,medium,automatic,main_eval,False,,overcast,smolvlm,No,no,True,0.44
junctions,bc621584-fdabaa99.jpg,JN_H_01,hazard,Is there a risk of a pedestrian stepping into the path of the ego vehicle?,no,A,high,automatic,main_eval,False,,overcast,smolvlm,Yes,yes,False,0.44
junctions,bc621584-fdabaa99.jpg,JN_H_02,hazard,Could a large vehicle such as a bus or truck obstruct the driver's sightline at this junction?,yes,A,high,automatic,main_eval,False,,overcast,smolvlm,Yes,yes,True,0.44
junctions,bc621584-fdabaa99.jpg,JN_S_01,scene,Is this a signalised intersection with active traffic lights?,no,A,high,automatic,main_eval,False,,overcast,smolvlm,Yes,yes,False,0.44
junctions,bc621584-fdabaa99.jpg,JN_S_03,scene,Is this junction on a highway or high-speed road rather than an urban street?,no,A,high,automatic,main_eval,False,,overcast,smolvlm,No,no,True,0.44
junctions,bc621584-fdabaa99.jpg,JN_S_04,scene,Is this a nighttime junction scene?,no,A,high,automatic,main_eval,False,,overcast,smolvlm,No,no,True,0.44
junctions,bc621584-fdabaa99.jpg,JN_S_05,scene,Does this scene show an unsignalised junction with no traffic lights visible?,yes,A,high,automatic,main_eval,False,,overcast,smolvlm,Yes,yes,True,0.44
junctions,bc621584-fdabaa99.jpg,JN_ADV_03,adversarial,Is there a vehicle currently occupying the centre of the intersection ahead?,no,B,medium,automatic,main_eval,False,,overcast,smolvlm,Yes,yes,False,0.44
junctions,bc621584-fdabaa99.jpg,JN_ADV_04,adversarial,Are the lane markings at this junction clear enough to identify which lane leads to the intended direction?,yes,A,high,automatic,main_eval,False,,overcast,smolvlm,Yes,yes,True,0.44
junctions,b9a0d48b-05b491ac.jpg,JN_BASE_01,baseline,Is a traffic light visible in this scene?,no,A,high,automatic,baseline_only,False,,clear,smolvlm,No,no,True,0.44
junctions,b9a0d48b-05b491ac.jpg,JN_BASE_02,baseline,Is this scene located at an intersection or junction?,no,A,high,automatic,baseline_only,False,,clear,smolvlm,Yes,yes,False,0.44
junctions,b9a0d48b-05b491ac.jpg,JN_P_02,perception,Is at least one pedestrian visible in or near the intersection?,no,A,high,automatic,main_eval,False,,clear,smolvlm,No,no,True,0.44
junctions,b9a0d48b-05b491ac.jpg,JN_P_03,perception,Is there a vehicle larger than a standard car — such as a bus or truck — visible at this junction?,no,A,high,automatic,main_eval,False,,clear,smolvlm,No,no,True,0.44
junctions,b9a0d48b-05b491ac.jpg,JN_P_05,perception,Are road signs visible at this junction?,no,A,high,automatic,main_eval,False,,clear,smolvlm,No,no,True,0.44
junctions,b9a0d48b-05b491ac.jpg,JN_P_08,perception,Is any pedestrian visible who appears to be actively crossing the road?,no,B,medium,automatic,main_eval,False,,clear,smolvlm,No,no,True,0.44
junctions,b9a0d48b-05b491ac.jpg,JN_A_02,action,Should the driver yield to pedestrians before proceeding through this junction?,no,A,high,automatic,main_eval,False,,clear,smolvlm,No,no,True,0.44
junctions,b9a0d48b-05b491ac.jpg,JN_A_06,action,Should the driver sound the horn to warn other road users at this junction?,no,B,medium,automatic,main_eval,False,,clear,smolvlm,No,no,True,0.44
junctions,b9a0d48b-05b491ac.jpg,JN_H_01,hazard,Is there a risk of a pedestrian stepping into the path of the ego vehicle?,no,A,high,automatic,main_eval,False,,clear,smolvlm,No,no,True,0.44
junctions,b9a0d48b-05b491ac.jpg,JN_H_02,hazard,Could a large vehicle such as a bus or truck obstruct the driver's sightline at this junction?,no,A,high,automatic,main_eval,False,,clear,smolvlm,Yes,yes,False,0.44
junctions,b9a0d48b-05b491ac.jpg,JN_S_01,scene,Is this a signalised intersection with active traffic lights?,no,A,high,automatic,main_eval,False,,clear,smolvlm,No,no,True,0.44
junctions,b9a0d48b-05b491ac.jpg,JN_S_03,scene,Is this junction on a highway or high-speed road rather than an urban street?,no,A,high,automatic,main_eval,False,,clear,smolvlm,No,no,True,0.44
junctions,b9a0d48b-05b491ac.jpg,JN_S_05,scene,Does this scene show an unsignalised junction with no traffic lights visible?,yes,A,high,automatic,main_eval,False,,clear,smolvlm,Yes,yes,True,0.44
junctions,b9a0d48b-05b491ac.jpg,JN_ADV_03,adversarial,Is there a vehicle currently occupying the centre of the intersection ahead?,no,B,medium,automatic,main_eval,False,,clear,smolvlm,No,no,True,0.44
junctions,b9a0d48b-05b491ac.jpg,JN_ADV_04,adversarial,Are the lane markings at this junction clear enough to identify which lane leads to the intended direction?,yes,A,high,automatic,main_eval,False,,clear,smolvlm,Yes,yes,True,0.44
junctions,b89581ec-5a14165f.jpg,JN_BASE_01,baseline,Is a traffic light visible in this scene?,no,A,high,automatic,baseline_only,False,,clear,smolvlm,No,no,True,0.44
junctions,b89581ec-5a14165f.jpg,JN_BASE_02,baseline,Is this scene located at an intersection or junction?,no,A,high,automatic,baseline_only,False,,clear,smolvlm,Yes,yes,False,0.44
junctions,b89581ec-5a14165f.jpg,JN_P_02,perception,Is at least one pedestrian visible in or near the intersection?,yes,A,high,automatic,main_eval,False,,clear,smolvlm,Yes,yes,True,0.44
junctions,b89581ec-5a14165f.jpg,JN_P_03,perception,Is there a vehicle larger than a standard car — such as a bus or truck — visible at this junction?,no,A,high,automatic,main_eval,False,,clear,smolvlm,No,no,True,0.44
junctions,b89581ec-5a14165f.jpg,JN_P_05,perception,Are road signs visible at this junction?,yes,A,high,automatic,main_eval,False,,clear,smolvlm,Yes,yes,True,0.44
junctions,b89581ec-5a14165f.jpg,JN_P_07,perception,Is this junction scene captured during daytime?,no,A,high,automatic,main_eval,False,,clear,smolvlm,No,no,True,0.44
junctions,b89581ec-5a14165f.jpg,JN_P_08,perception,Is any pedestrian visible who appears to be actively crossing the road?,yes,B,medium,automatic,main_eval,False,,clear,smolvlm,No,no,False,0.44
junctions,b89581ec-5a14165f.jpg,JN_A_02,action,Should the driver yield to pedestrians before proceeding through this junction?,yes,A,high,automatic,main_eval,False,,clear,smolvlm,Yes,yes,True,0.44
junctions,b89581ec-5a14165f.jpg,JN_A_06,action,Should the driver sound the horn to warn other road users at this junction?,yes,B,medium,automatic,main_eval,False,,clear,smolvlm,No,no,False,0.44
junctions,b89581ec-5a14165f.jpg,JN_H_01,hazard,Is there a risk of a pedestrian stepping into the path of the ego vehicle?,yes,A,high,automatic,main_eval,False,,clear,smolvlm,Yes,yes,True,0.44
junctions,b89581ec-5a14165f.jpg,JN_H_02,hazard,Could a large vehicle such as a bus or truck obstruct the driver's sightline at this junction?,no,A,high,automatic,main_eval,False,,clear,smolvlm,Yes,yes,False,0.44
junctions,b89581ec-5a14165f.jpg,JN_S_01,scene,Is this a signalised intersection with active traffic lights?,no,A,high,automatic,main_eval,False,,clear,smolvlm,No,no,True,0.44
junctions,b89581ec-5a14165f.jpg,JN_S_03,scene,Is this junction on a highway or high-speed road rather than an urban street?,no,A,high,automatic,main_eval,False,,clear,smolvlm,No,no,True,0.44
junctions,b89581ec-5a14165f.jpg,JN_S_04,scene,Is this a nighttime junction scene?,yes,A,high,automatic,main_eval,False,,clear,smolvlm,Yes,yes,True,0.44
junctions,b89581ec-5a14165f.jpg,JN_S_05,scene,Does this scene show an unsignalised junction with no traffic lights visible?,yes,A,high,automatic,main_eval,False,,clear,smolvlm,Yes,yes,True,0.44
junctions,b89581ec-5a14165f.jpg,JN_ADV_03,adversarial,Is there a vehicle currently occupying the centre of the intersection ahead?,no,B,medium,automatic,main_eval,False,,clear,smolvlm,No,no,True,0.44
junctions,b89581ec-5a14165f.jpg,JN_ADV_04,adversarial,Are the lane markings at this junction clear enough to identify which lane leads to the intended direction?,yes,A,high,automatic,main_eval,False,,clear,smolvlm,No,no,False,0.44
junctions,c35e0eea-8161d596.jpg,JN_BASE_01,baseline,Is a traffic light visible in this scene?,no,A,high,automatic,baseline_only,False,,clear,smolvlm,No,no,True,0.44
junctions,c35e0eea-8161d596.jpg,JN_BASE_02,baseline,Is this scene located at an intersection or junction?,no,A,high,automatic,baseline_only,False,,clear,smolvlm,Yes,yes,False,0.44
junctions,c35e0eea-8161d596.jpg,JN_P_02,perception,Is at least one pedestrian visible in or near the intersection?,yes,A,high,automatic,main_eval,False,,clear,smolvlm,Yes,yes,True,0.44
junctions,c35e0eea-8161d596.jpg,JN_P_03,perception,Is there a vehicle larger than a standard car — such as a bus or truck — visible at this junction?,yes,A,high,automatic,main_eval,False,,clear,smolvlm,No,no,False,0.44
junctions,c35e0eea-8161d596.jpg,JN_P_05,perception,Are road signs visible at this junction?,yes,A,high,automatic,main_eval,False,,clear,smolvlm,Yes,yes,True,0.44
junctions,c35e0eea-8161d596.jpg,JN_A_02,action,Should the driver yield to pedestrians before proceeding through this junction?,yes,A,high,automatic,main_eval,False,,clear,smolvlm,No,no,False,0.44
junctions,c35e0eea-8161d596.jpg,JN_A_06,action,Should the driver sound the horn to warn other road users at this junction?,no,B,medium,automatic,main_eval,False,,clear,smolvlm,No,no,True,0.44
junctions,c35e0eea-8161d596.jpg,JN_H_01,hazard,Is there a risk of a pedestrian stepping into the path of the ego vehicle?,yes,A,high,automatic,main_eval,False,,clear,smolvlm,Yes,yes,True,0.44
junctions,c35e0eea-8161d596.jpg,JN_H_02,hazard,Could a large vehicle such as a bus or truck obstruct the driver's sightline at this junction?,yes,A,high,automatic,main_eval,False,,clear,smolvlm,Yes,yes,True,0.44
junctions,c35e0eea-8161d596.jpg,JN_S_01,scene,Is this a signalised intersection with active traffic lights?,no,A,high,automatic,main_eval,False,,clear,smolvlm,No,no,True,0.44
junctions,c35e0eea-8161d596.jpg,JN_S_03,scene,Is this junction on a highway or high-speed road rather than an urban street?,no,A,high,automatic,main_eval,False,,clear,smolvlm,No,no,True,0.44
junctions,c35e0eea-8161d596.jpg,JN_S_05,scene,Does this scene show an unsignalised junction with no traffic lights visible?,yes,A,high,automatic,main_eval,False,,clear,smolvlm,Yes,yes,True,0.44
junctions,c35e0eea-8161d596.jpg,JN_ADV_03,adversarial,Is there a vehicle currently occupying the centre of the intersection ahead?,no,B,medium,automatic,main_eval,False,,clear,smolvlm,Yes,yes,False,0.44
junctions,c35e0eea-8161d596.jpg,JN_ADV_04,adversarial,Are the lane markings at this junction clear enough to identify which lane leads to the intended direction?,yes,A,high,automatic,main_eval,False,,clear,smolvlm,Yes,yes,True,0.44
junctions,c60327b4-f096274e.jpg,JN_BASE_01,baseline,Is a traffic light visible in this scene?,no,A,high,automatic,baseline_only,False,,overcast,smolvlm,Yes,yes,False,0.44
junctions,c60327b4-f096274e.jpg,JN_BASE_02,baseline,Is this scene located at an intersection or junction?,no,A,high,automatic,baseline_only,False,,overcast,smolvlm,Yes,yes,False,0.44
junctions,c60327b4-f096274e.jpg,JN_P_02,perception,Is at least one pedestrian visible in or near the intersection?,no,A,high,automatic,main_eval,False,,overcast,smolvlm,No,no,True,0.44
junctions,c60327b4-f096274e.jpg,JN_P_03,perception,Is there a vehicle larger than a standard car — such as a bus or truck — visible at this junction?,no,A,high,automatic,main_eval,False,,overcast,smolvlm,No,no,True,0.44
junctions,c60327b4-f096274e.jpg,JN_P_05,perception,Are road signs visible at this junction?,yes,A,high,automatic,main_eval,False,,overcast,smolvlm,Yes,yes,True,0.45
junctions,c60327b4-f096274e.jpg,JN_P_08,perception,Is any pedestrian visible who appears to be actively crossing the road?,no,B,medium,automatic,main_eval,False,,overcast,smolvlm,No,no,True,0.44
junctions,c60327b4-f096274e.jpg,JN_A_02,action,Should the driver yield to pedestrians before proceeding through this junction?,no,A,high,automatic,main_eval,False,,overcast,smolvlm,Yes,yes,False,0.44
junctions,c60327b4-f096274e.jpg,JN_A_06,action,Should the driver sound the horn to warn other road users at this junction?,no,B,medium,automatic,main_eval,False,,overcast,smolvlm,No,no,True,0.44
junctions,c60327b4-f096274e.jpg,JN_H_01,hazard,Is there a risk of a pedestrian stepping into the path of the ego vehicle?,no,A,high,automatic,main_eval,False,,overcast,smolvlm,Yes,yes,False,0.44
junctions,c60327b4-f096274e.jpg,JN_H_02,hazard,Could a large vehicle such as a bus or truck obstruct the driver's sightline at this junction?,no,A,high,automatic,main_eval,False,,overcast,smolvlm,Yes,yes,False,0.44
junctions,c60327b4-f096274e.jpg,JN_S_01,scene,Is this a signalised intersection with active traffic lights?,no,A,high,automatic,main_eval,False,,overcast,smolvlm,Yes,yes,False,0.44
junctions,c60327b4-f096274e.jpg,JN_S_03,scene,Is this junction on a highway or high-speed road rather than an urban street?,no,A,high,automatic,main_eval,False,,overcast,smolvlm,No,no,True,0.44
junctions,c60327b4-f096274e.jpg,JN_S_05,scene,Does this scene show an unsignalised junction with no traffic lights visible?,yes,A,high,automatic,main_eval,False,,overcast,smolvlm,Yes,yes,True,0.44
junctions,c60327b4-f096274e.jpg,JN_ADV_03,adversarial,Is there a vehicle currently occupying the centre of the intersection ahead?,no,B,medium,automatic,main_eval,False,,overcast,smolvlm,No,no,True,0.44
junctions,c60327b4-f096274e.jpg,JN_ADV_04,adversarial,Are the lane markings at this junction clear enough to identify which lane leads to the intended direction?,yes,A,high,automatic,main_eval,False,,overcast,smolvlm,No,no,False,0.44
junctions,be554fed-a4c92888.jpg,JN_BASE_01,baseline,Is a traffic light visible in this scene?,no,A,high,automatic,baseline_only,False,,partly cloudy,smolvlm,Yes,yes,False,0.44
junctions,be554fed-a4c92888.jpg,JN_BASE_02,baseline,Is this scene located at an intersection or junction?,no,A,high,automatic,baseline_only,False,,partly cloudy,smolvlm,Yes,yes,False,0.44
junctions,be554fed-a4c92888.jpg,JN_P_02,perception,Is at least one pedestrian visible in or near the intersection?,no,A,high,automatic,main_eval,False,,partly cloudy,smolvlm,Yes,yes,False,0.44
junctions,be554fed-a4c92888.jpg,JN_P_03,perception,Is there a vehicle larger than a standard car — such as a bus or truck — visible at this junction?,yes,A,high,automatic,main_eval,False,,partly cloudy,smolvlm,Yes,yes,True,0.44
junctions,be554fed-a4c92888.jpg,JN_P_05,perception,Are road signs visible at this junction?,yes,A,high,automatic,main_eval,False,,partly cloudy,smolvlm,Yes,yes,True,0.44
junctions,be554fed-a4c92888.jpg,JN_P_08,perception,Is any pedestrian visible who appears to be actively crossing the road?,no,B,medium,automatic,main_eval,False,,partly cloudy,smolvlm,No,no,True,0.44
junctions,be554fed-a4c92888.jpg,JN_A_02,action,Should the driver yield to pedestrians before proceeding through this junction?,no,A,high,automatic,main_eval,False,,partly cloudy,smolvlm,Yes,yes,False,0.44
junctions,be554fed-a4c92888.jpg,JN_A_06,action,Should the driver sound the horn to warn other road users at this junction?,no,B,medium,automatic,main_eval,False,,partly cloudy,smolvlm,No,no,True,0.44
junctions,be554fed-a4c92888.jpg,JN_H_01,hazard,Is there a risk of a pedestrian stepping into the path of the ego vehicle?,no,A,high,automatic,main_eval,False,,partly cloudy,smolvlm,Yes,yes,False,0.44
junctions,be554fed-a4c92888.jpg,JN_H_02,hazard,Could a large vehicle such as a bus or truck obstruct the driver's sightline at this junction?,yes,A,high,automatic,main_eval,False,,partly cloudy,smolvlm,Yes,yes,True,0.44
junctions,be554fed-a4c92888.jpg,JN_S_01,scene,Is this a signalised intersection with active traffic lights?,no,A,high,automatic,main_eval,False,,partly cloudy,smolvlm,Yes,yes,False,0.44
junctions,be554fed-a4c92888.jpg,JN_S_03,scene,Is this junction on a highway or high-speed road rather than an urban street?,no,A,high,automatic,main_eval,False,,partly cloudy,smolvlm,No,no,True,0.44
junctions,be554fed-a4c92888.jpg,JN_S_05,scene,Does this scene show an unsignalised junction with no traffic lights visible?,yes,A,high,automatic,main_eval,False,,partly cloudy,smolvlm,Yes,yes,True,0.44
junctions,be554fed-a4c92888.jpg,JN_ADV_03,adversarial,Is there a vehicle currently occupying the centre of the intersection ahead?,no,B,medium,automatic,main_eval,False,,partly cloudy,smolvlm,Yes,yes,False,0.44
junctions,be554fed-a4c92888.jpg,JN_ADV_04,adversarial,Are the lane markings at this junction clear enough to identify which lane leads to the intended direction?,yes,A,high,automatic,main_eval,False,,partly cloudy,smolvlm,Yes,yes,True,0.44
junctions,c3b940ca-5e220748.jpg,JN_BASE_01,baseline,Is a traffic light visible in this scene?,no,A,high,automatic,baseline_only,False,,clear,smolvlm,No,no,True,0.45
junctions,c3b940ca-5e220748.jpg,JN_BASE_02,baseline,Is this scene located at an intersection or junction?,no,A,high,automatic,baseline_only,False,,clear,smolvlm,Yes,yes,False,0.44
junctions,c3b940ca-5e220748.jpg,JN_P_02,perception,Is at least one pedestrian visible in or near the intersection?,yes,A,high,automatic,main_eval,False,,clear,smolvlm,Yes,yes,True,0.44
junctions,c3b940ca-5e220748.jpg,JN_P_03,perception,Is there a vehicle larger than a standard car — such as a bus or truck — visible at this junction?,no,A,high,automatic,main_eval,False,,clear,smolvlm,No,no,True,0.44
junctions,c3b940ca-5e220748.jpg,JN_P_05,perception,Are road signs visible at this junction?,yes,A,high,automatic,main_eval,False,,clear,smolvlm,Yes,yes,True,0.44
junctions,c3b940ca-5e220748.jpg,JN_P_07,perception,Is this junction scene captured during daytime?,no,A,high,automatic,main_eval,False,,clear,smolvlm,No,no,True,0.44
junctions,c3b940ca-5e220748.jpg,JN_P_08,perception,Is any pedestrian visible who appears to be actively crossing the road?,yes,B,medium,automatic,main_eval,False,,clear,smolvlm,Yes,yes,True,0.44
junctions,c3b940ca-5e220748.jpg,JN_A_02,action,Should the driver yield to pedestrians before proceeding through this junction?,yes,A,high,automatic,main_eval,False,,clear,smolvlm,Yes,yes,True,0.44
junctions,c3b940ca-5e220748.jpg,JN_A_06,action,Should the driver sound the horn to warn other road users at this junction?,yes,B,medium,automatic,main_eval,False,,clear,smolvlm,No,no,False,0.44
junctions,c3b940ca-5e220748.jpg,JN_H_01,hazard,Is there a risk of a pedestrian stepping into the path of the ego vehicle?,yes,A,high,automatic,main_eval,False,,clear,smolvlm,Yes,yes,True,0.44
junctions,c3b940ca-5e220748.jpg,JN_H_02,hazard,Could a large vehicle such as a bus or truck obstruct the driver's sightline at this junction?,no,A,high,automatic,main_eval,False,,clear,smolvlm,Yes,yes,False,0.44
junctions,c3b940ca-5e220748.jpg,JN_S_01,scene,Is this a signalised intersection with active traffic lights?,no,A,high,automatic,main_eval,False,,clear,smolvlm,No,no,True,0.44
junctions,c3b940ca-5e220748.jpg,JN_S_03,scene,Is this junction on a highway or high-speed road rather than an urban street?,no,A,high,automatic,main_eval,False,,clear,smolvlm,No,no,True,0.44
junctions,c3b940ca-5e220748.jpg,JN_S_04,scene,Is this a nighttime junction scene?,yes,A,high,automatic,main_eval,False,,clear,smolvlm,Yes,yes,True,0.44
junctions,c3b940ca-5e220748.jpg,JN_S_05,scene,Does this scene show an unsignalised junction with no traffic lights visible?,yes,A,high,automatic,main_eval,False,,clear,smolvlm,Yes,yes,True,0.44
junctions,c3b940ca-5e220748.jpg,JN_ADV_03,adversarial,Is there a vehicle currently occupying the centre of the intersection ahead?,no,B,medium,automatic,main_eval,False,,clear,smolvlm,No,no,True,0.44
junctions,c3b940ca-5e220748.jpg,JN_ADV_04,adversarial,Are the lane markings at this junction clear enough to identify which lane leads to the intended direction?,no,A,high,automatic,main_eval,False,,clear,smolvlm,No,no,True,0.44
junctions,be099a06-28b7d23f.jpg,JN_BASE_01,baseline,Is a traffic light visible in this scene?,no,A,high,automatic,baseline_only,False,,overcast,smolvlm,No,no,True,0.44
junctions,be099a06-28b7d23f.jpg,JN_BASE_02,baseline,Is this scene located at an intersection or junction?,no,A,high,automatic,baseline_only,False,,overcast,smolvlm,No,no,True,0.44
junctions,be099a06-28b7d23f.jpg,JN_P_02,perception,Is at least one pedestrian visible in or near the intersection?,yes,A,high,automatic,main_eval,False,,overcast,smolvlm,No,no,False,0.44
junctions,be099a06-28b7d23f.jpg,JN_P_03,perception,Is there a vehicle larger than a standard car — such as a bus or truck — visible at this junction?,yes,A,high,automatic,main_eval,False,,overcast,smolvlm,Yes,yes,True,0.44
junctions,be099a06-28b7d23f.jpg,JN_P_08,perception,Is any pedestrian visible who appears to be actively crossing the road?,no,B,medium,automatic,main_eval,False,,overcast,smolvlm,No,no,True,0.44
junctions,be099a06-28b7d23f.jpg,JN_A_02,action,Should the driver yield to pedestrians before proceeding through this junction?,yes,A,high,automatic,main_eval,False,,overcast,smolvlm,No,no,False,0.44
junctions,be099a06-28b7d23f.jpg,JN_A_06,action,Should the driver sound the horn to warn other road users at this junction?,no,B,medium,automatic,main_eval,False,,overcast,smolvlm,No,no,True,0.45
junctions,be099a06-28b7d23f.jpg,JN_H_01,hazard,Is there a risk of a pedestrian stepping into the path of the ego vehicle?,yes,A,high,automatic,main_eval,False,,overcast,smolvlm,No,no,False,0.44
junctions,be099a06-28b7d23f.jpg,JN_H_02,hazard,Could a large vehicle such as a bus or truck obstruct the driver's sightline at this junction?,yes,A,high,automatic,main_eval,False,,overcast,smolvlm,No,no,False,0.44
junctions,be099a06-28b7d23f.jpg,JN_S_01,scene,Is this a signalised intersection with active traffic lights?,no,A,high,automatic,main_eval,False,,overcast,smolvlm,No,no,True,0.44
junctions,be099a06-28b7d23f.jpg,JN_S_03,scene,Is this junction on a highway or high-speed road rather than an urban street?,no,A,high,automatic,main_eval,False,,overcast,smolvlm,No,no,True,0.44
junctions,be099a06-28b7d23f.jpg,JN_S_05,scene,Does this scene show an unsignalised junction with no traffic lights visible?,yes,A,high,automatic,main_eval,False,,overcast,smolvlm,No,no,False,0.44
junctions,be099a06-28b7d23f.jpg,JN_ADV_03,adversarial,Is there a vehicle currently occupying the centre of the intersection ahead?,no,B,medium,automatic,main_eval,False,,overcast,smolvlm,No,no,True,0.44
junctions,be099a06-28b7d23f.jpg,JN_ADV_04,adversarial,Are the lane markings at this junction clear enough to identify which lane leads to the intended direction?,no,A,high,automatic,main_eval,False,,overcast,smolvlm,No,no,True,0.44
junctions,c321c219-54340460.jpg,JN_BASE_01,baseline,Is a traffic light visible in this scene?,no,A,high,automatic,baseline_only,False,,clear,smolvlm,No,no,True,0.44
junctions,c321c219-54340460.jpg,JN_BASE_02,baseline,Is this scene located at an intersection or junction?,no,A,high,automatic,baseline_only,False,,clear,smolvlm,Yes,yes,False,0.44
junctions,c321c219-54340460.jpg,JN_P_02,perception,Is at least one pedestrian visible in or near the intersection?,yes,A,high,automatic,main_eval,False,,clear,smolvlm,Yes,yes,True,0.44
junctions,c321c219-54340460.jpg,JN_P_03,perception,Is there a vehicle larger than a standard car — such as a bus or truck — visible at this junction?,no,A,high,automatic,main_eval,False,,clear,smolvlm,No,no,True,0.44
junctions,c321c219-54340460.jpg,JN_P_05,perception,Are road signs visible at this junction?,yes,A,high,automatic,main_eval,False,,clear,smolvlm,Yes,yes,True,0.44
junctions,c321c219-54340460.jpg,JN_P_07,perception,Is this junction scene captured during daytime?,yes,A,high,automatic,main_eval,False,,clear,smolvlm,Yes,yes,True,0.44
junctions,c321c219-54340460.jpg,JN_P_08,perception,Is any pedestrian visible who appears to be actively crossing the road?,yes,B,medium,automatic,main_eval,False,,clear,smolvlm,No,no,False,0.44
junctions,c321c219-54340460.jpg,JN_A_02,action,Should the driver yield to pedestrians before proceeding through this junction?,yes,A,high,automatic,main_eval,False,,clear,smolvlm,Yes,yes,True,0.44
junctions,c321c219-54340460.jpg,JN_A_06,action,Should the driver sound the horn to warn other road users at this junction?,yes,B,medium,automatic,main_eval,False,,clear,smolvlm,No,no,False,0.44
junctions,c321c219-54340460.jpg,JN_H_01,hazard,Is there a risk of a pedestrian stepping into the path of the ego vehicle?,yes,A,high,automatic,main_eval,False,,clear,smolvlm,Yes,yes,True,0.44
junctions,c321c219-54340460.jpg,JN_H_02,hazard,Could a large vehicle such as a bus or truck obstruct the driver's sightline at this junction?,no,A,high,automatic,main_eval,False,,clear,smolvlm,No,no,True,0.44
junctions,c321c219-54340460.jpg,JN_S_01,scene,Is this a signalised intersection with active traffic lights?,no,A,high,automatic,main_eval,False,,clear,smolvlm,No,no,True,0.44
junctions,c321c219-54340460.jpg,JN_S_03,scene,Is this junction on a highway or high-speed road rather than an urban street?,no,A,high,automatic,main_eval,False,,clear,smolvlm,No,no,True,0.44
junctions,c321c219-54340460.jpg,JN_S_04,scene,Is this a nighttime junction scene?,no,A,high,automatic,main_eval,False,,clear,smolvlm,No,no,True,0.44
junctions,c321c219-54340460.jpg,JN_S_05,scene,Does this scene show an unsignalised junction with no traffic lights visible?,yes,A,high,automatic,main_eval,False,,clear,smolvlm,Yes,yes,True,0.44
junctions,c321c219-54340460.jpg,JN_ADV_03,adversarial,Is there a vehicle currently occupying the centre of the intersection ahead?,yes,B,medium,automatic,main_eval,False,,clear,smolvlm,No,no,False,0.44
junctions,c321c219-54340460.jpg,JN_ADV_04,adversarial,Are the lane markings at this junction clear enough to identify which lane leads to the intended direction?,yes,A,high,automatic,main_eval,False,,clear,smolvlm,Yes,yes,True,0.44
junctions,ca551156-fb7d1680.jpg,JN_BASE_01,baseline,Is a traffic light visible in this scene?,no,A,high,automatic,baseline_only,False,,clear,smolvlm,No,no,True,0.44
junctions,ca551156-fb7d1680.jpg,JN_BASE_02,baseline,Is this scene located at an intersection or junction?,no,A,high,automatic,baseline_only,False,,clear,smolvlm,Yes,yes,False,0.44
junctions,ca551156-fb7d1680.jpg,JN_P_02,perception,Is at least one pedestrian visible in or near the intersection?,no,A,high,automatic,main_eval,False,,clear,smolvlm,No,no,True,0.44
junctions,ca551156-fb7d1680.jpg,JN_P_03,perception,Is there a vehicle larger than a standard car — such as a bus or truck — visible at this junction?,yes,A,high,automatic,main_eval,False,,clear,smolvlm,No,no,False,0.44
junctions,ca551156-fb7d1680.jpg,JN_P_05,perception,Are road signs visible at this junction?,no,A,high,automatic,main_eval,False,,clear,smolvlm,No,no,True,0.44
junctions,ca551156-fb7d1680.jpg,JN_P_07,perception,Is this junction scene captured during daytime?,no,A,high,automatic,main_eval,False,,clear,smolvlm,No,no,True,0.44
junctions,ca551156-fb7d1680.jpg,JN_P_08,perception,Is any pedestrian visible who appears to be actively crossing the road?,no,B,medium,automatic,main_eval,False,,clear,smolvlm,No,no,True,0.44
junctions,ca551156-fb7d1680.jpg,JN_A_02,action,Should the driver yield to pedestrians before proceeding through this junction?,no,A,high,automatic,main_eval,False,,clear,smolvlm,No,no,True,0.44
junctions,ca551156-fb7d1680.jpg,JN_A_06,action,Should the driver sound the horn to warn other road users at this junction?,no,B,medium,automatic,main_eval,False,,clear,smolvlm,No,no,True,0.44
junctions,ca551156-fb7d1680.jpg,JN_H_01,hazard,Is there a risk of a pedestrian stepping into the path of the ego vehicle?,no,A,high,automatic,main_eval,False,,clear,smolvlm,Yes,yes,False,0.44
junctions,ca551156-fb7d1680.jpg,JN_H_02,hazard,Could a large vehicle such as a bus or truck obstruct the driver's sightline at this junction?,yes,A,high,automatic,main_eval,False,,clear,smolvlm,Yes,yes,True,0.44
junctions,ca551156-fb7d1680.jpg,JN_S_01,scene,Is this a signalised intersection with active traffic lights?,no,A,high,automatic,main_eval,False,,clear,smolvlm,No,no,True,0.44
junctions,ca551156-fb7d1680.jpg,JN_S_03,scene,Is this junction on a highway or high-speed road rather than an urban street?,no,A,high,automatic,main_eval,False,,clear,smolvlm,No,no,True,0.44
junctions,ca551156-fb7d1680.jpg,JN_S_04,scene,Is this a nighttime junction scene?,yes,A,high,automatic,main_eval,False,,clear,smolvlm,Yes,yes,True,0.44
junctions,ca551156-fb7d1680.jpg,JN_S_05,scene,Does this scene show an unsignalised junction with no traffic lights visible?,yes,A,high,automatic,main_eval,False,,clear,smolvlm,Yes,yes,True,0.44
junctions,ca551156-fb7d1680.jpg,JN_ADV_03,adversarial,Is there a vehicle currently occupying the centre of the intersection ahead?,no,B,medium,automatic,main_eval,False,,clear,smolvlm,No,no,True,0.44
junctions,ca551156-fb7d1680.jpg,JN_ADV_04,adversarial,Are the lane markings at this junction clear enough to identify which lane leads to the intended direction?,yes,A,high,automatic,main_eval,False,,clear,smolvlm,No,no,False,0.44
junctions,c6f6368c-082957c9.jpg,JN_BASE_01,baseline,Is a traffic light visible in this scene?,no,A,high,automatic,baseline_only,False,,clear,smolvlm,No,no,True,0.44
junctions,c6f6368c-082957c9.jpg,JN_BASE_02,baseline,Is this scene located at an intersection or junction?,no,A,high,automatic,baseline_only,False,,clear,smolvlm,Yes,yes,False,0.44
junctions,c6f6368c-082957c9.jpg,JN_P_02,perception,Is at least one pedestrian visible in or near the intersection?,yes,A,high,automatic,main_eval,False,,clear,smolvlm,Yes,yes,True,0.44
junctions,c6f6368c-082957c9.jpg,JN_P_03,perception,Is there a vehicle larger than a standard car — such as a bus or truck — visible at this junction?,yes,A,high,automatic,main_eval,False,,clear,smolvlm,Yes,yes,True,0.44
junctions,c6f6368c-082957c9.jpg,JN_P_05,perception,Are road signs visible at this junction?,no,A,high,automatic,main_eval,False,,clear,smolvlm,No,no,True,0.44
junctions,c6f6368c-082957c9.jpg,JN_P_07,perception,Is this junction scene captured during daytime?,yes,A,high,automatic,main_eval,False,,clear,smolvlm,Yes,yes,True,0.44
junctions,c6f6368c-082957c9.jpg,JN_A_02,action,Should the driver yield to pedestrians before proceeding through this junction?,yes,A,high,automatic,main_eval,False,,clear,smolvlm,Yes,yes,True,0.44
junctions,c6f6368c-082957c9.jpg,JN_H_01,hazard,Is there a risk of a pedestrian stepping into the path of the ego vehicle?,yes,A,high,automatic,main_eval,False,,clear,smolvlm,Yes,yes,True,0.44
junctions,c6f6368c-082957c9.jpg,JN_H_02,hazard,Could a large vehicle such as a bus or truck obstruct the driver's sightline at this junction?,yes,A,high,automatic,main_eval,False,,clear,smolvlm,Yes,yes,True,0.44
junctions,c6f6368c-082957c9.jpg,JN_S_01,scene,Is this a signalised intersection with active traffic lights?,no,A,high,automatic,main_eval,False,,clear,smolvlm,No,no,True,0.44
junctions,c6f6368c-082957c9.jpg,JN_S_03,scene,Is this junction on a highway or high-speed road rather than an urban street?,no,A,high,automatic,main_eval,False,,clear,smolvlm,No,no,True,0.44
junctions,c6f6368c-082957c9.jpg,JN_S_04,scene,Is this a nighttime junction scene?,no,A,high,automatic,main_eval,False,,clear,smolvlm,No,no,True,0.44
junctions,c6f6368c-082957c9.jpg,JN_S_05,scene,Does this scene show an unsignalised junction with no traffic lights visible?,yes,A,high,automatic,main_eval,False,,clear,smolvlm,Yes,yes,True,0.44
junctions,c6f6368c-082957c9.jpg,JN_ADV_03,adversarial,Is there a vehicle currently occupying the centre of the intersection ahead?,yes,B,medium,automatic,main_eval,False,,clear,smolvlm,Yes,yes,True,0.44
junctions,c6f6368c-082957c9.jpg,JN_ADV_04,adversarial,Are the lane markings at this junction clear enough to identify which lane leads to the intended direction?,no,A,high,automatic,main_eval,False,,clear,smolvlm,Yes,yes,False,0.44
junctions,c05df6d2-9959222a.jpg,JN_BASE_01,baseline,Is a traffic light visible in this scene?,no,A,high,automatic,baseline_only,False,,undefined,smolvlm,No,no,True,0.44
junctions,c05df6d2-9959222a.jpg,JN_BASE_02,baseline,Is this scene located at an intersection or junction?,no,A,high,automatic,baseline_only,False,,undefined,smolvlm,No,no,True,0.44
junctions,c05df6d2-9959222a.jpg,JN_P_02,perception,Is at least one pedestrian visible in or near the intersection?,no,A,high,automatic,main_eval,False,,undefined,smolvlm,No,no,True,0.44
junctions,c05df6d2-9959222a.jpg,JN_P_03,perception,Is there a vehicle larger than a standard car — such as a bus or truck — visible at this junction?,yes,A,high,automatic,main_eval,False,,undefined,smolvlm,No,no,False,0.44
junctions,c05df6d2-9959222a.jpg,JN_P_05,perception,Are road signs visible at this junction?,yes,A,high,automatic,main_eval,False,,undefined,smolvlm,Yes,yes,True,0.44
junctions,c05df6d2-9959222a.jpg,JN_P_08,perception,Is any pedestrian visible who appears to be actively crossing the road?,no,B,medium,automatic,main_eval,False,,undefined,smolvlm,No,no,True,0.44
junctions,c05df6d2-9959222a.jpg,JN_A_02,action,Should the driver yield to pedestrians before proceeding through this junction?,no,A,high,automatic,main_eval,False,,undefined,smolvlm,No,no,True,0.44
junctions,c05df6d2-9959222a.jpg,JN_A_06,action,Should the driver sound the horn to warn other road users at this junction?,no,B,medium,automatic,main_eval,False,,undefined,smolvlm,No,no,True,0.44
junctions,c05df6d2-9959222a.jpg,JN_H_01,hazard,Is there a risk of a pedestrian stepping into the path of the ego vehicle?,no,A,high,automatic,main_eval,False,,undefined,smolvlm,No,no,True,0.44
junctions,c05df6d2-9959222a.jpg,JN_H_02,hazard,Could a large vehicle such as a bus or truck obstruct the driver's sightline at this junction?,yes,A,high,automatic,main_eval,False,,undefined,smolvlm,Yes,yes,True,0.44
junctions,c05df6d2-9959222a.jpg,JN_S_01,scene,Is this a signalised intersection with active traffic lights?,no,A,high,automatic,main_eval,False,,undefined,smolvlm,No,no,True,0.44
junctions,c05df6d2-9959222a.jpg,JN_S_03,scene,Is this junction on a highway or high-speed road rather than an urban street?,no,A,high,automatic,main_eval,False,,undefined,smolvlm,Highway,unclear,False,0.44
junctions,c05df6d2-9959222a.jpg,JN_S_05,scene,Does this scene show an unsignalised junction with no traffic lights visible?,yes,A,high,automatic,main_eval,False,,undefined,smolvlm,No,no,False,0.44
junctions,c05df6d2-9959222a.jpg,JN_ADV_03,adversarial,Is there a vehicle currently occupying the centre of the intersection ahead?,no,B,medium,automatic,main_eval,False,,undefined,smolvlm,No,no,True,0.44
junctions,c05df6d2-9959222a.jpg,JN_ADV_04,adversarial,Are the lane markings at this junction clear enough to identify which lane leads to the intended direction?,yes,A,high,automatic,main_eval,False,,undefined,smolvlm,Yes,yes,True,0.44
junctions,bb599cda-d1fdd751.jpg,JN_BASE_01,baseline,Is a traffic light visible in this scene?,no,A,high,automatic,baseline_only,False,,snowy,smolvlm,No,no,True,0.44
junctions,bb599cda-d1fdd751.jpg,JN_BASE_02,baseline,Is this scene located at an intersection or junction?,no,A,high,automatic,baseline_only,False,,snowy,smolvlm,No,no,True,0.44
junctions,bb599cda-d1fdd751.jpg,JN_P_02,perception,Is at least one pedestrian visible in or near the intersection?,yes,A,high,automatic,main_eval,False,,snowy,smolvlm,Yes,yes,True,0.44
junctions,bb599cda-d1fdd751.jpg,JN_P_03,perception,Is there a vehicle larger than a standard car — such as a bus or truck — visible at this junction?,no,A,high,automatic,main_eval,False,,snowy,smolvlm,No,no,True,0.44
junctions,bb599cda-d1fdd751.jpg,JN_P_07,perception,Is this junction scene captured during daytime?,yes,A,high,automatic,main_eval,False,,snowy,smolvlm,Yes,yes,True,0.44
junctions,bb599cda-d1fdd751.jpg,JN_P_08,perception,Is any pedestrian visible who appears to be actively crossing the road?,yes,B,medium,automatic,main_eval,False,,snowy,smolvlm,No,no,False,0.44
junctions,bb599cda-d1fdd751.jpg,JN_A_02,action,Should the driver yield to pedestrians before proceeding through this junction?,yes,A,high,automatic,main_eval,False,,snowy,smolvlm,Yes,yes,True,0.44
junctions,bb599cda-d1fdd751.jpg,JN_A_06,action,Should the driver sound the horn to warn other road users at this junction?,yes,B,medium,automatic,main_eval,False,,snowy,smolvlm,No,no,False,0.44
junctions,bb599cda-d1fdd751.jpg,JN_H_01,hazard,Is there a risk of a pedestrian stepping into the path of the ego vehicle?,yes,A,high,automatic,main_eval,False,,snowy,smolvlm,Yes,yes,True,0.44
junctions,bb599cda-d1fdd751.jpg,JN_H_02,hazard,Could a large vehicle such as a bus or truck obstruct the driver's sightline at this junction?,no,A,high,automatic,main_eval,False,,snowy,smolvlm,Yes,yes,False,0.44
junctions,bb599cda-d1fdd751.jpg,JN_S_01,scene,Is this a signalised intersection with active traffic lights?,no,A,high,automatic,main_eval,False,,snowy,smolvlm,No,no,True,0.44
junctions,bb599cda-d1fdd751.jpg,JN_S_03,scene,Is this junction on a highway or high-speed road rather than an urban street?,no,A,high,automatic,main_eval,False,,snowy,smolvlm,No,no,True,0.44
junctions,bb599cda-d1fdd751.jpg,JN_S_04,scene,Is this a nighttime junction scene?,no,A,high,automatic,main_eval,False,,snowy,smolvlm,No,no,True,0.44
junctions,bb599cda-d1fdd751.jpg,JN_S_05,scene,Does this scene show an unsignalised junction with no traffic lights visible?,yes,A,high,automatic,main_eval,False,,snowy,smolvlm,No,no,False,0.44
junctions,bb599cda-d1fdd751.jpg,JN_ADV_03,adversarial,Is there a vehicle currently occupying the centre of the intersection ahead?,yes,B,medium,automatic,main_eval,False,,snowy,smolvlm,No,no,False,0.44
junctions,bb599cda-d1fdd751.jpg,JN_ADV_04,adversarial,Are the lane markings at this junction clear enough to identify which lane leads to the intended direction?,no,A,high,automatic,main_eval,False,,snowy,smolvlm,No,no,True,0.44
junctions,bb0c13d5-ef1bd4e0.jpg,JN_BASE_01,baseline,Is a traffic light visible in this scene?,no,A,high,automatic,baseline_only,False,,clear,smolvlm,No,no,True,0.44
junctions,bb0c13d5-ef1bd4e0.jpg,JN_BASE_02,baseline,Is this scene located at an intersection or junction?,no,A,high,automatic,baseline_only,False,,clear,smolvlm,Yes,yes,False,0.44
junctions,bb0c13d5-ef1bd4e0.jpg,JN_P_02,perception,Is at least one pedestrian visible in or near the intersection?,no,A,high,automatic,main_eval,False,,clear,smolvlm,No,no,True,0.44
junctions,bb0c13d5-ef1bd4e0.jpg,JN_P_03,perception,Is there a vehicle larger than a standard car — such as a bus or truck — visible at this junction?,no,A,high,automatic,main_eval,False,,clear,smolvlm,No,no,True,0.44
junctions,bb0c13d5-ef1bd4e0.jpg,JN_P_05,perception,Are road signs visible at this junction?,yes,A,high,automatic,main_eval,False,,clear,smolvlm,Yes,yes,True,0.44
junctions,bb0c13d5-ef1bd4e0.jpg,JN_P_07,perception,Is this junction scene captured during daytime?,no,A,high,automatic,main_eval,False,,clear,smolvlm,No,no,True,0.44
junctions,bb0c13d5-ef1bd4e0.jpg,JN_P_08,perception,Is any pedestrian visible who appears to be actively crossing the road?,no,B,medium,automatic,main_eval,False,,clear,smolvlm,No,no,True,0.44
junctions,bb0c13d5-ef1bd4e0.jpg,JN_A_06,action,Should the driver sound the horn to warn other road users at this junction?,no,B,medium,automatic,main_eval,False,,clear,smolvlm,No,no,True,0.44
junctions,bb0c13d5-ef1bd4e0.jpg,JN_H_02,hazard,Could a large vehicle such as a bus or truck obstruct the driver's sightline at this junction?,no,A,high,automatic,main_eval,False,,clear,smolvlm,Yes,yes,False,0.44
junctions,bb0c13d5-ef1bd4e0.jpg,JN_S_01,scene,Is this a signalised intersection with active traffic lights?,no,A,high,automatic,main_eval,False,,clear,smolvlm,No,no,True,0.44
junctions,bb0c13d5-ef1bd4e0.jpg,JN_S_03,scene,Is this junction on a highway or high-speed road rather than an urban street?,yes,A,high,automatic,main_eval,False,,clear,smolvlm,Yes,yes,True,0.44
junctions,bb0c13d5-ef1bd4e0.jpg,JN_S_04,scene,Is this a nighttime junction scene?,yes,A,high,automatic,main_eval,False,,clear,smolvlm,Yes,yes,True,0.44
junctions,bb0c13d5-ef1bd4e0.jpg,JN_ADV_03,adversarial,Is there a vehicle currently occupying the centre of the intersection ahead?,no,B,medium,automatic,main_eval,False,,clear,smolvlm,No,no,True,0.44
junctions,bb0c13d5-ef1bd4e0.jpg,JN_ADV_04,adversarial,Are the lane markings at this junction clear enough to identify which lane leads to the intended direction?,yes,A,high,automatic,main_eval,False,,clear,smolvlm,Yes,yes,True,0.44
junctions,bc715fc7-87a29be4.jpg,JN_BASE_01,baseline,Is a traffic light visible in this scene?,yes,A,high,automatic,baseline_only,False,,undefined,smolvlm,No,no,False,0.44
junctions,bc715fc7-87a29be4.jpg,JN_BASE_02,baseline,Is this scene located at an intersection or junction?,no,A,high,automatic,baseline_only,False,,undefined,smolvlm,No,no,True,0.44
junctions,bc715fc7-87a29be4.jpg,JN_P_01,perception,Are there two or more traffic lights visible in this scene?,yes,A,high,automatic,main_eval,False,,undefined,smolvlm,No,no,False,0.44
junctions,bc715fc7-87a29be4.jpg,JN_P_02,perception,Is at least one pedestrian visible in or near the intersection?,no,A,high,automatic,main_eval,False,,undefined,smolvlm,No,no,True,0.44
junctions,bc715fc7-87a29be4.jpg,JN_P_03,perception,Is there a vehicle larger than a standard car — such as a bus or truck — visible at this junction?,no,A,high,automatic,main_eval,False,,undefined,smolvlm,No,no,True,0.44
junctions,bc715fc7-87a29be4.jpg,JN_P_05,perception,Are road signs visible at this junction?,yes,A,high,automatic,main_eval,False,,undefined,smolvlm,Yes,yes,True,0.44
junctions,bc715fc7-87a29be4.jpg,JN_P_08,perception,Is any pedestrian visible who appears to be actively crossing the road?,no,B,medium,automatic,main_eval,False,,undefined,smolvlm,No,no,True,0.44
junctions,bc715fc7-87a29be4.jpg,JN_A_01,action,Should the ego vehicle stop before entering this intersection?,yes,A,high,automatic,main_eval,False,,undefined,smolvlm,No,no,False,0.44
junctions,bc715fc7-87a29be4.jpg,JN_A_04,action,Should the driver be prepared to brake suddenly at this junction?,yes,A,high,automatic,main_eval,False,,undefined,smolvlm,Yes,yes,True,0.44
junctions,bc715fc7-87a29be4.jpg,JN_A_05,action,Would it be safe to make a right turn at this intersection right now?,no,B,medium,automatic,main_eval,False,,undefined,smolvlm,No,no,True,0.44
junctions,bc715fc7-87a29be4.jpg,JN_A_06,action,Should the driver sound the horn to warn other road users at this junction?,no,B,medium,automatic,main_eval,False,,undefined,smolvlm,No,no,True,0.44
junctions,bc715fc7-87a29be4.jpg,JN_H_02,hazard,Could a large vehicle such as a bus or truck obstruct the driver's sightline at this junction?,no,A,high,automatic,main_eval,False,,undefined,smolvlm,Yes,yes,False,0.44
junctions,bc715fc7-87a29be4.jpg,JN_S_01,scene,Is this a signalised intersection with active traffic lights?,yes,A,high,automatic,main_eval,False,,undefined,smolvlm,No,no,False,0.44
junctions,bc715fc7-87a29be4.jpg,JN_S_03,scene,Is this junction on a highway or high-speed road rather than an urban street?,yes,A,high,automatic,main_eval,False,,undefined,smolvlm,No,no,False,0.44
junctions,bc715fc7-87a29be4.jpg,JN_ADV_03,adversarial,Is there a vehicle currently occupying the centre of the intersection ahead?,yes,B,medium,automatic,main_eval,False,,undefined,smolvlm,No,no,False,0.44
junctions,bc715fc7-87a29be4.jpg,JN_ADV_04,adversarial,Are the lane markings at this junction clear enough to identify which lane leads to the intended direction?,no,A,high,automatic,main_eval,False,,undefined,smolvlm,No,no,True,0.44
junctions,bfe587eb-6335f4b3.jpg,JN_BASE_01,baseline,Is a traffic light visible in this scene?,no,A,high,automatic,baseline_only,False,,clear,smolvlm,Yes,yes,False,0.45
junctions,bfe587eb-6335f4b3.jpg,JN_BASE_02,baseline,Is this scene located at an intersection or junction?,no,A,high,automatic,baseline_only,False,,clear,smolvlm,No,no,True,0.44
junctions,bfe587eb-6335f4b3.jpg,JN_P_02,perception,Is at least one pedestrian visible in or near the intersection?,yes,A,high,automatic,main_eval,False,,clear,smolvlm,No,no,False,0.44
junctions,bfe587eb-6335f4b3.jpg,JN_P_03,perception,Is there a vehicle larger than a standard car — such as a bus or truck — visible at this junction?,no,A,high,automatic,main_eval,False,,clear,smolvlm,No,no,True,0.44
junctions,bfe587eb-6335f4b3.jpg,JN_P_05,perception,Are road signs visible at this junction?,yes,A,high,automatic,main_eval,False,,clear,smolvlm,Yes,yes,True,0.44
junctions,bfe587eb-6335f4b3.jpg,JN_H_02,hazard,Could a large vehicle such as a bus or truck obstruct the driver's sightline at this junction?,no,A,high,automatic,main_eval,False,,clear,smolvlm,Yes,yes,False,0.44
junctions,bfe587eb-6335f4b3.jpg,JN_S_01,scene,Is this a signalised intersection with active traffic lights?,no,A,high,automatic,main_eval,False,,clear,smolvlm,Yes,yes,False,0.44
junctions,bfe587eb-6335f4b3.jpg,JN_S_03,scene,Is this junction on a highway or high-speed road rather than an urban street?,yes,A,high,automatic,main_eval,False,,clear,smolvlm,Yes,yes,True,0.44
junctions,bfe587eb-6335f4b3.jpg,JN_ADV_03,adversarial,Is there a vehicle currently occupying the centre of the intersection ahead?,no,B,medium,automatic,main_eval,False,,clear,smolvlm,No,no,True,0.44
junctions,bfe587eb-6335f4b3.jpg,JN_ADV_04,adversarial,Are the lane markings at this junction clear enough to identify which lane leads to the intended direction?,yes,A,high,automatic,main_eval,False,,clear,smolvlm,No,no,False,0.44
junctions,c4933980-04482b56.jpg,JN_BASE_01,baseline,Is a traffic light visible in this scene?,no,A,high,automatic,baseline_only,False,,clear,smolvlm,No,no,True,0.44
junctions,c4933980-04482b56.jpg,JN_BASE_02,baseline,Is this scene located at an intersection or junction?,no,A,high,automatic,baseline_only,False,,clear,smolvlm,No,no,True,0.44
junctions,c4933980-04482b56.jpg,JN_P_02,perception,Is at least one pedestrian visible in or near the intersection?,no,A,high,automatic,main_eval,False,,clear,smolvlm,No,no,True,0.44
junctions,c4933980-04482b56.jpg,JN_P_03,perception,Is there a vehicle larger than a standard car — such as a bus or truck — visible at this junction?,no,A,high,automatic,main_eval,False,,clear,smolvlm,No,no,True,0.44
junctions,c4933980-04482b56.jpg,JN_P_05,perception,Are road signs visible at this junction?,yes,A,high,automatic,main_eval,False,,clear,smolvlm,Yes,yes,True,0.45
junctions,c4933980-04482b56.jpg,JN_P_08,perception,Is any pedestrian visible who appears to be actively crossing the road?,no,B,medium,automatic,main_eval,False,,clear,smolvlm,No,no,True,0.44
junctions,c4933980-04482b56.jpg,JN_A_06,action,Should the driver sound the horn to warn other road users at this junction?,no,B,medium,automatic,main_eval,False,,clear,smolvlm,No,no,True,0.44
junctions,c4933980-04482b56.jpg,JN_H_02,hazard,Could a large vehicle such as a bus or truck obstruct the driver's sightline at this junction?,no,A,high,automatic,main_eval,False,,clear,smolvlm,No,no,True,0.44
junctions,c4933980-04482b56.jpg,JN_S_01,scene,Is this a signalised intersection with active traffic lights?,no,A,high,automatic,main_eval,False,,clear,smolvlm,No,no,True,0.44
junctions,c4933980-04482b56.jpg,JN_S_03,scene,Is this junction on a highway or high-speed road rather than an urban street?,yes,A,high,automatic,main_eval,False,,clear,smolvlm,Yes,yes,True,0.44
junctions,c4933980-04482b56.jpg,JN_ADV_03,adversarial,Is there a vehicle currently occupying the centre of the intersection ahead?,no,B,medium,automatic,main_eval,False,,clear,smolvlm,No,no,True,0.44
junctions,c4933980-04482b56.jpg,JN_ADV_04,adversarial,Are the lane markings at this junction clear enough to identify which lane leads to the intended direction?,yes,A,high,automatic,main_eval,False,,clear,smolvlm,Yes,yes,True,0.44
junctions,c65628b7-6c13c99d.jpg,JN_BASE_01,baseline,Is a traffic light visible in this scene?,no,A,high,automatic,baseline_only,False,,clear,smolvlm,No,no,True,0.44
junctions,c65628b7-6c13c99d.jpg,JN_BASE_02,baseline,Is this scene located at an intersection or junction?,no,A,high,automatic,baseline_only,False,,clear,smolvlm,No,no,True,0.44
junctions,c65628b7-6c13c99d.jpg,JN_P_02,perception,Is at least one pedestrian visible in or near the intersection?,no,A,high,automatic,main_eval,False,,clear,smolvlm,No,no,True,0.44
junctions,c65628b7-6c13c99d.jpg,JN_P_03,perception,Is there a vehicle larger than a standard car — such as a bus or truck — visible at this junction?,no,A,high,automatic,main_eval,False,,clear,smolvlm,No,no,True,0.44
junctions,c65628b7-6c13c99d.jpg,JN_P_07,perception,Is this junction scene captured during daytime?,no,A,high,automatic,main_eval,False,,clear,smolvlm,No,no,True,0.44
junctions,c65628b7-6c13c99d.jpg,JN_P_08,perception,Is any pedestrian visible who appears to be actively crossing the road?,no,B,medium,automatic,main_eval,False,,clear,smolvlm,No,no,True,0.44
junctions,c65628b7-6c13c99d.jpg,JN_A_06,action,Should the driver sound the horn to warn other road users at this junction?,no,B,medium,automatic,main_eval,False,,clear,smolvlm,No,no,True,0.44
junctions,c65628b7-6c13c99d.jpg,JN_H_02,hazard,Could a large vehicle such as a bus or truck obstruct the driver's sightline at this junction?,no,A,high,automatic,main_eval,False,,clear,smolvlm,Yes,yes,False,0.44
junctions,c65628b7-6c13c99d.jpg,JN_S_01,scene,Is this a signalised intersection with active traffic lights?,no,A,high,automatic,main_eval,False,,clear,smolvlm,No,no,True,0.44
junctions,c65628b7-6c13c99d.jpg,JN_S_03,scene,Is this junction on a highway or high-speed road rather than an urban street?,yes,A,high,automatic,main_eval,False,,clear,smolvlm,Yes,yes,True,0.44
junctions,c65628b7-6c13c99d.jpg,JN_S_04,scene,Is this a nighttime junction scene?,yes,A,high,automatic,main_eval,False,,clear,smolvlm,Yes,yes,True,0.44
junctions,c65628b7-6c13c99d.jpg,JN_ADV_03,adversarial,Is there a vehicle currently occupying the centre of the intersection ahead?,yes,B,medium,automatic,main_eval,False,,clear,smolvlm,Yes,yes,True,0.44
junctions,c65628b7-6c13c99d.jpg,JN_ADV_04,adversarial,Are the lane markings at this junction clear enough to identify which lane leads to the intended direction?,yes,A,high,automatic,main_eval,False,,clear,smolvlm,Yes,yes,True,0.44
junctions,c3a94f80-27e0d36a.jpg,JN_BASE_01,baseline,Is a traffic light visible in this scene?,no,A,high,automatic,baseline_only,False,,rainy,smolvlm,No,no,True,0.44
junctions,c3a94f80-27e0d36a.jpg,JN_BASE_02,baseline,Is this scene located at an intersection or junction?,no,A,high,automatic,baseline_only,False,,rainy,smolvlm,No,no,True,0.44
junctions,c3a94f80-27e0d36a.jpg,JN_P_02,perception,Is at least one pedestrian visible in or near the intersection?,no,A,high,automatic,main_eval,False,,rainy,smolvlm,No,no,True,0.44
junctions,c3a94f80-27e0d36a.jpg,JN_P_03,perception,Is there a vehicle larger than a standard car — such as a bus or truck — visible at this junction?,yes,A,high,automatic,main_eval,False,,rainy,smolvlm,Yes,yes,True,0.44
junctions,c3a94f80-27e0d36a.jpg,JN_P_05,perception,Are road signs visible at this junction?,no,A,high,automatic,main_eval,False,,rainy,smolvlm,No,no,True,0.44
junctions,c3a94f80-27e0d36a.jpg,JN_P_07,perception,Is this junction scene captured during daytime?,yes,A,high,automatic,main_eval,False,,rainy,smolvlm,Yes,yes,True,0.44
junctions,c3a94f80-27e0d36a.jpg,JN_P_08,perception,Is any pedestrian visible who appears to be actively crossing the road?,no,B,medium,automatic,main_eval,False,,rainy,smolvlm,No,no,True,0.44
junctions,c3a94f80-27e0d36a.jpg,JN_A_06,action,Should the driver sound the horn to warn other road users at this junction?,no,B,medium,automatic,main_eval,False,,rainy,smolvlm,No,no,True,0.44
junctions,c3a94f80-27e0d36a.jpg,JN_H_02,hazard,Could a large vehicle such as a bus or truck obstruct the driver's sightline at this junction?,yes,A,high,automatic,main_eval,False,,rainy,smolvlm,Yes,yes,True,0.44
junctions,c3a94f80-27e0d36a.jpg,JN_S_01,scene,Is this a signalised intersection with active traffic lights?,no,A,high,automatic,main_eval,False,,rainy,smolvlm,No,no,True,0.44
junctions,c3a94f80-27e0d36a.jpg,JN_S_03,scene,Is this junction on a highway or high-speed road rather than an urban street?,yes,A,high,automatic,main_eval,False,,rainy,smolvlm,Yes,yes,True,0.44
junctions,c3a94f80-27e0d36a.jpg,JN_S_04,scene,Is this a nighttime junction scene?,no,A,high,automatic,main_eval,False,,rainy,smolvlm,No,no,True,0.44
junctions,c3a94f80-27e0d36a.jpg,JN_ADV_03,adversarial,Is there a vehicle currently occupying the centre of the intersection ahead?,no,B,medium,automatic,main_eval,False,,rainy,smolvlm,No,no,True,0.44
junctions,c3a94f80-27e0d36a.jpg,JN_ADV_04,adversarial,Are the lane markings at this junction clear enough to identify which lane leads to the intended direction?,yes,A,high,automatic,main_eval,False,,rainy,smolvlm,Yes,yes,True,0.44
junctions,c75a249b-f1341238.jpg,JN_BASE_01,baseline,Is a traffic light visible in this scene?,no,A,high,automatic,baseline_only,False,,partly cloudy,smolvlm,No,no,True,0.44
junctions,c75a249b-f1341238.jpg,JN_BASE_02,baseline,Is this scene located at an intersection or junction?,no,A,high,automatic,baseline_only,False,,partly cloudy,smolvlm,No,no,True,0.44
junctions,c75a249b-f1341238.jpg,JN_P_02,perception,Is at least one pedestrian visible in or near the intersection?,no,A,high,automatic,main_eval,False,,partly cloudy,smolvlm,No,no,True,0.44
junctions,c75a249b-f1341238.jpg,JN_P_03,perception,Is there a vehicle larger than a standard car — such as a bus or truck — visible at this junction?,yes,A,high,automatic,main_eval,False,,partly cloudy,smolvlm,No,no,False,0.44
junctions,c75a249b-f1341238.jpg,JN_P_05,perception,Are road signs visible at this junction?,no,A,high,automatic,main_eval,False,,partly cloudy,smolvlm,No,no,True,0.44
junctions,c75a249b-f1341238.jpg,JN_P_08,perception,Is any pedestrian visible who appears to be actively crossing the road?,no,B,medium,automatic,main_eval,False,,partly cloudy,smolvlm,No,no,True,0.44
junctions,c75a249b-f1341238.jpg,JN_A_06,action,Should the driver sound the horn to warn other road users at this junction?,no,B,medium,automatic,main_eval,False,,partly cloudy,smolvlm,No,no,True,0.44
junctions,c75a249b-f1341238.jpg,JN_H_02,hazard,Could a large vehicle such as a bus or truck obstruct the driver's sightline at this junction?,yes,A,high,automatic,main_eval,False,,partly cloudy,smolvlm,Yes,yes,True,0.44
junctions,c75a249b-f1341238.jpg,JN_S_01,scene,Is this a signalised intersection with active traffic lights?,no,A,high,automatic,main_eval,False,,partly cloudy,smolvlm,No,no,True,0.44
junctions,c75a249b-f1341238.jpg,JN_S_03,scene,Is this junction on a highway or high-speed road rather than an urban street?,yes,A,high,automatic,main_eval,False,,partly cloudy,smolvlm,Yes,yes,True,0.44
junctions,c75a249b-f1341238.jpg,JN_ADV_03,adversarial,Is there a vehicle currently occupying the centre of the intersection ahead?,no,B,medium,automatic,main_eval,False,,partly cloudy,smolvlm,No,no,True,0.44
junctions,c75a249b-f1341238.jpg,JN_ADV_04,adversarial,Are the lane markings at this junction clear enough to identify which lane leads to the intended direction?,yes,A,high,automatic,main_eval,False,,partly cloudy,smolvlm,Yes,yes,True,0.44
junctions,c07ceafc-344c73cd.jpg,JN_BASE_01,baseline,Is a traffic light visible in this scene?,no,A,high,automatic,baseline_only,False,,overcast,smolvlm,No,no,True,0.45
junctions,c07ceafc-344c73cd.jpg,JN_BASE_02,baseline,Is this scene located at an intersection or junction?,no,A,high,automatic,baseline_only,False,,overcast,smolvlm,No,no,True,0.44
junctions,c07ceafc-344c73cd.jpg,JN_P_02,perception,Is at least one pedestrian visible in or near the intersection?,no,A,high,automatic,main_eval,False,,overcast,smolvlm,No,no,True,0.44
junctions,c07ceafc-344c73cd.jpg,JN_P_03,perception,Is there a vehicle larger than a standard car — such as a bus or truck — visible at this junction?,no,A,high,automatic,main_eval,False,,overcast,smolvlm,No,no,True,0.44
junctions,c07ceafc-344c73cd.jpg,JN_P_08,perception,Is any pedestrian visible who appears to be actively crossing the road?,no,B,medium,automatic,main_eval,False,,overcast,smolvlm,No,no,True,0.44
junctions,c07ceafc-344c73cd.jpg,JN_A_06,action,Should the driver sound the horn to warn other road users at this junction?,no,B,medium,automatic,main_eval,False,,overcast,smolvlm,No,no,True,0.44
junctions,c07ceafc-344c73cd.jpg,JN_H_02,hazard,Could a large vehicle such as a bus or truck obstruct the driver's sightline at this junction?,no,A,high,automatic,main_eval,False,,overcast,smolvlm,Yes,yes,False,0.44
junctions,c07ceafc-344c73cd.jpg,JN_S_01,scene,Is this a signalised intersection with active traffic lights?,no,A,high,automatic,main_eval,False,,overcast,smolvlm,No,no,True,0.44
junctions,c07ceafc-344c73cd.jpg,JN_S_03,scene,Is this junction on a highway or high-speed road rather than an urban street?,yes,A,high,automatic,main_eval,False,,overcast,smolvlm,Highway,unclear,False,0.44
junctions,c07ceafc-344c73cd.jpg,JN_ADV_03,adversarial,Is there a vehicle currently occupying the centre of the intersection ahead?,no,B,medium,automatic,main_eval,False,,overcast,smolvlm,No,no,True,0.44
junctions,c07ceafc-344c73cd.jpg,JN_ADV_04,adversarial,Are the lane markings at this junction clear enough to identify which lane leads to the intended direction?,yes,A,high,automatic,main_eval,False,,overcast,smolvlm,Yes,yes,True,0.44
junctions,bd3bd3ab-cfd5b40e.jpg,JN_BASE_01,baseline,Is a traffic light visible in this scene?,no,A,high,automatic,baseline_only,False,,clear,smolvlm,Yes,yes,False,0.44
junctions,bd3bd3ab-cfd5b40e.jpg,JN_BASE_02,baseline,Is this scene located at an intersection or junction?,no,A,high,automatic,baseline_only,False,,clear,smolvlm,Yes,yes,False,0.44
junctions,bd3bd3ab-cfd5b40e.jpg,JN_P_02,perception,Is at least one pedestrian visible in or near the intersection?,no,A,high,automatic,main_eval,False,,clear,smolvlm,No,no,True,0.44
junctions,bd3bd3ab-cfd5b40e.jpg,JN_P_03,perception,Is there a vehicle larger than a standard car — such as a bus or truck — visible at this junction?,no,A,high,automatic,main_eval,False,,clear,smolvlm,No,no,True,0.44
junctions,bd3bd3ab-cfd5b40e.jpg,JN_P_05,perception,Are road signs visible at this junction?,yes,A,high,automatic,main_eval,False,,clear,smolvlm,Yes,yes,True,0.44
junctions,bd3bd3ab-cfd5b40e.jpg,JN_P_08,perception,Is any pedestrian visible who appears to be actively crossing the road?,no,B,medium,automatic,main_eval,False,,clear,smolvlm,No,no,True,0.45
junctions,bd3bd3ab-cfd5b40e.jpg,JN_A_06,action,Should the driver sound the horn to warn other road users at this junction?,no,B,medium,automatic,main_eval,False,,clear,smolvlm,No,no,True,0.44
junctions,bd3bd3ab-cfd5b40e.jpg,JN_H_02,hazard,Could a large vehicle such as a bus or truck obstruct the driver's sightline at this junction?,no,A,high,automatic,main_eval,False,,clear,smolvlm,Yes,yes,False,0.44
junctions,bd3bd3ab-cfd5b40e.jpg,JN_S_01,scene,Is this a signalised intersection with active traffic lights?,no,A,high,automatic,main_eval,False,,clear,smolvlm,No,no,True,0.44
junctions,bd3bd3ab-cfd5b40e.jpg,JN_S_03,scene,Is this junction on a highway or high-speed road rather than an urban street?,yes,A,high,automatic,main_eval,False,,clear,smolvlm,Yes,yes,True,0.44
junctions,bd3bd3ab-cfd5b40e.jpg,JN_ADV_03,adversarial,Is there a vehicle currently occupying the centre of the intersection ahead?,yes,B,medium,automatic,main_eval,False,,clear,smolvlm,No,no,False,0.44
junctions,bd3bd3ab-cfd5b40e.jpg,JN_ADV_04,adversarial,Are the lane markings at this junction clear enough to identify which lane leads to the intended direction?,no,A,high,automatic,main_eval,False,,clear,smolvlm,No,no,True,0.44
junctions,b30b460d-9829fd26.jpg,JN_BASE_01,baseline,Is a traffic light visible in this scene?,yes,A,high,automatic,baseline_only,False,,clear,smolvlm,No,no,False,0.44
junctions,b30b460d-9829fd26.jpg,JN_BASE_02,baseline,Is this scene located at an intersection or junction?,no,A,high,automatic,baseline_only,False,,clear,smolvlm,Yes,yes,False,0.44
junctions,b30b460d-9829fd26.jpg,JN_P_01,perception,Are there two or more traffic lights visible in this scene?,yes,A,high,automatic,main_eval,False,,clear,smolvlm,No,no,False,0.44
junctions,b30b460d-9829fd26.jpg,JN_P_02,perception,Is at least one pedestrian visible in or near the intersection?,no,A,high,automatic,main_eval,False,,clear,smolvlm,No,no,True,0.44
junctions,b30b460d-9829fd26.jpg,JN_P_03,perception,Is there a vehicle larger than a standard car — such as a bus or truck — visible at this junction?,yes,A,high,automatic,main_eval,False,,clear,smolvlm,Yes,yes,True,0.44
junctions,b30b460d-9829fd26.jpg,JN_P_05,perception,Are road signs visible at this junction?,yes,A,high,automatic,main_eval,False,,clear,smolvlm,Yes,yes,True,0.44
junctions,b30b460d-9829fd26.jpg,JN_P_07,perception,Is this junction scene captured during daytime?,yes,A,high,automatic,main_eval,False,,clear,smolvlm,No,no,False,0.44
junctions,b30b460d-9829fd26.jpg,JN_P_08,perception,Is any pedestrian visible who appears to be actively crossing the road?,no,B,medium,automatic,main_eval,False,,clear,smolvlm,No,no,True,0.44
junctions,b30b460d-9829fd26.jpg,JN_A_06,action,Should the driver sound the horn to warn other road users at this junction?,no,B,medium,automatic,main_eval,False,,clear,smolvlm,No,no,True,0.44
junctions,b30b460d-9829fd26.jpg,JN_H_02,hazard,Could a large vehicle such as a bus or truck obstruct the driver's sightline at this junction?,yes,A,high,automatic,main_eval,False,,clear,smolvlm,Yes,yes,True,0.44
junctions,b30b460d-9829fd26.jpg,JN_S_01,scene,Is this a signalised intersection with active traffic lights?,yes,A,high,automatic,main_eval,False,,clear,smolvlm,No,no,False,0.44
junctions,b30b460d-9829fd26.jpg,JN_S_03,scene,Is this junction on a highway or high-speed road rather than an urban street?,yes,A,high,automatic,main_eval,False,,clear,smolvlm,No,no,False,0.44
junctions,b30b460d-9829fd26.jpg,JN_S_04,scene,Is this a nighttime junction scene?,no,A,high,automatic,main_eval,False,,clear,smolvlm,Yes,yes,False,0.44
junctions,b30b460d-9829fd26.jpg,JN_ADV_03,adversarial,Is there a vehicle currently occupying the centre of the intersection ahead?,yes,B,medium,automatic,main_eval,False,,clear,smolvlm,Yes,yes,True,0.44
junctions,b30b460d-9829fd26.jpg,JN_ADV_04,adversarial,Are the lane markings at this junction clear enough to identify which lane leads to the intended direction?,yes,A,high,automatic,main_eval,False,,clear,smolvlm,Yes,yes,True,0.44
junctions,c2ecefdc-3722313c.jpg,JN_BASE_01,baseline,Is a traffic light visible in this scene?,no,A,high,automatic,baseline_only,False,,rainy,smolvlm,No,no,True,0.44
junctions,c2ecefdc-3722313c.jpg,JN_BASE_02,baseline,Is this scene located at an intersection or junction?,no,A,high,automatic,baseline_only,False,,rainy,smolvlm,No,no,True,0.44
junctions,c2ecefdc-3722313c.jpg,JN_P_02,perception,Is at least one pedestrian visible in or near the intersection?,no,A,high,automatic,main_eval,False,,rainy,smolvlm,No,no,True,0.44
junctions,c2ecefdc-3722313c.jpg,JN_P_03,perception,Is there a vehicle larger than a standard car — such as a bus or truck — visible at this junction?,no,A,high,automatic,main_eval,False,,rainy,smolvlm,Yes,yes,False,0.44
junctions,c2ecefdc-3722313c.jpg,JN_P_05,perception,Are road signs visible at this junction?,yes,A,high,automatic,main_eval,False,,rainy,smolvlm,Yes,yes,True,0.44
junctions,c2ecefdc-3722313c.jpg,JN_P_07,perception,Is this junction scene captured during daytime?,yes,A,high,automatic,main_eval,False,,rainy,smolvlm,Yes,yes,True,0.44
junctions,c2ecefdc-3722313c.jpg,JN_P_08,perception,Is any pedestrian visible who appears to be actively crossing the road?,no,B,medium,automatic,main_eval,False,,rainy,smolvlm,No,no,True,0.44
junctions,c2ecefdc-3722313c.jpg,JN_A_06,action,Should the driver sound the horn to warn other road users at this junction?,no,B,medium,automatic,main_eval,False,,rainy,smolvlm,No,no,True,0.44
junctions,c2ecefdc-3722313c.jpg,JN_H_02,hazard,Could a large vehicle such as a bus or truck obstruct the driver's sightline at this junction?,no,A,high,automatic,main_eval,False,,rainy,smolvlm,Yes,yes,False,0.44
junctions,c2ecefdc-3722313c.jpg,JN_S_01,scene,Is this a signalised intersection with active traffic lights?,no,A,high,automatic,main_eval,False,,rainy,smolvlm,No,no,True,0.44
junctions,c2ecefdc-3722313c.jpg,JN_S_03,scene,Is this junction on a highway or high-speed road rather than an urban street?,yes,A,high,automatic,main_eval,False,,rainy,smolvlm,No,no,False,0.44
junctions,c2ecefdc-3722313c.jpg,JN_S_04,scene,Is this a nighttime junction scene?,no,A,high,automatic,main_eval,False,,rainy,smolvlm,No,no,True,0.44
junctions,c2ecefdc-3722313c.jpg,JN_ADV_03,adversarial,Is there a vehicle currently occupying the centre of the intersection ahead?,no,B,medium,automatic,main_eval,False,,rainy,smolvlm,Yes,yes,False,0.44
junctions,c2ecefdc-3722313c.jpg,JN_ADV_04,adversarial,Are the lane markings at this junction clear enough to identify which lane leads to the intended direction?,yes,A,high,automatic,main_eval,False,,rainy,smolvlm,Yes,yes,True,0.44
junctions,bd9dbebc-30ccb9f3.jpg,JN_BASE_01,baseline,Is a traffic light visible in this scene?,no,A,high,automatic,baseline_only,False,,partly cloudy,smolvlm,No,no,True,0.44
junctions,bd9dbebc-30ccb9f3.jpg,JN_BASE_02,baseline,Is this scene located at an intersection or junction?,no,A,high,automatic,baseline_only,False,,partly cloudy,smolvlm,No,no,True,0.44
junctions,bd9dbebc-30ccb9f3.jpg,JN_P_02,perception,Is at least one pedestrian visible in or near the intersection?,no,A,high,automatic,main_eval,False,,partly cloudy,smolvlm,No,no,True,0.44
junctions,bd9dbebc-30ccb9f3.jpg,JN_P_03,perception,Is there a vehicle larger than a standard car — such as a bus or truck — visible at this junction?,no,A,high,automatic,main_eval,False,,partly cloudy,smolvlm,No,no,True,0.44
junctions,bd9dbebc-30ccb9f3.jpg,JN_P_05,perception,Are road signs visible at this junction?,yes,A,high,automatic,main_eval,False,,partly cloudy,smolvlm,Yes,yes,True,0.44
junctions,bd9dbebc-30ccb9f3.jpg,JN_P_08,perception,Is any pedestrian visible who appears to be actively crossing the road?,no,B,medium,automatic,main_eval,False,,partly cloudy,smolvlm,No,no,True,0.44
junctions,bd9dbebc-30ccb9f3.jpg,JN_A_06,action,Should the driver sound the horn to warn other road users at this junction?,no,B,medium,automatic,main_eval,False,,partly cloudy,smolvlm,No,no,True,0.44
junctions,bd9dbebc-30ccb9f3.jpg,JN_H_02,hazard,Could a large vehicle such as a bus or truck obstruct the driver's sightline at this junction?,no,A,high,automatic,main_eval,False,,partly cloudy,smolvlm,Yes,yes,False,0.44
junctions,bd9dbebc-30ccb9f3.jpg,JN_S_01,scene,Is this a signalised intersection with active traffic lights?,no,A,high,automatic,main_eval,False,,partly cloudy,smolvlm,No,no,True,0.44
junctions,bd9dbebc-30ccb9f3.jpg,JN_S_03,scene,Is this junction on a highway or high-speed road rather than an urban street?,yes,A,high,automatic,main_eval,False,,partly cloudy,smolvlm,Highway,unclear,False,0.44
junctions,bd9dbebc-30ccb9f3.jpg,JN_ADV_03,adversarial,Is there a vehicle currently occupying the centre of the intersection ahead?,no,B,medium,automatic,main_eval,False,,partly cloudy,smolvlm,No,no,True,0.44
junctions,bd9dbebc-30ccb9f3.jpg,JN_ADV_04,adversarial,Are the lane markings at this junction clear enough to identify which lane leads to the intended direction?,yes,A,high,automatic,main_eval,False,,partly cloudy,smolvlm,Yes,yes,True,0.44
junctions,bbc06e30-d687d6f0.jpg,JN_BASE_01,baseline,Is a traffic light visible in this scene?,no,A,high,automatic,baseline_only,False,,rainy,smolvlm,No,no,True,0.44
junctions,bbc06e30-d687d6f0.jpg,JN_BASE_02,baseline,Is this scene located at an intersection or junction?,no,A,high,automatic,baseline_only,False,,rainy,smolvlm,Yes,yes,False,0.44
junctions,bbc06e30-d687d6f0.jpg,JN_P_02,perception,Is at least one pedestrian visible in or near the intersection?,no,A,high,automatic,main_eval,False,,rainy,smolvlm,No,no,True,0.44
junctions,bbc06e30-d687d6f0.jpg,JN_P_03,perception,Is there a vehicle larger than a standard car — such as a bus or truck — visible at this junction?,no,A,high,automatic,main_eval,False,,rainy,smolvlm,No,no,True,0.44
junctions,bbc06e30-d687d6f0.jpg,JN_P_05,perception,Are road signs visible at this junction?,yes,A,high,automatic,main_eval,False,,rainy,smolvlm,Yes,yes,True,0.44
junctions,bbc06e30-d687d6f0.jpg,JN_P_07,perception,Is this junction scene captured during daytime?,no,A,high,automatic,main_eval,False,,rainy,smolvlm,No,no,True,0.44
junctions,bbc06e30-d687d6f0.jpg,JN_P_08,perception,Is any pedestrian visible who appears to be actively crossing the road?,no,B,medium,automatic,main_eval,False,,rainy,smolvlm,No,no,True,0.44
junctions,bbc06e30-d687d6f0.jpg,JN_A_06,action,Should the driver sound the horn to warn other road users at this junction?,no,B,medium,automatic,main_eval,False,,rainy,smolvlm,No,no,True,0.44
junctions,bbc06e30-d687d6f0.jpg,JN_H_02,hazard,Could a large vehicle such as a bus or truck obstruct the driver's sightline at this junction?,no,A,high,automatic,main_eval,False,,rainy,smolvlm,Yes,yes,False,0.44
junctions,bbc06e30-d687d6f0.jpg,JN_S_01,scene,Is this a signalised intersection with active traffic lights?,no,A,high,automatic,main_eval,False,,rainy,smolvlm,No,no,True,0.44
junctions,bbc06e30-d687d6f0.jpg,JN_S_03,scene,Is this junction on a highway or high-speed road rather than an urban street?,yes,A,high,automatic,main_eval,False,,rainy,smolvlm,Yes,yes,True,0.44
junctions,bbc06e30-d687d6f0.jpg,JN_S_04,scene,Is this a nighttime junction scene?,yes,A,high,automatic,main_eval,False,,rainy,smolvlm,Yes,yes,True,0.44
junctions,bbc06e30-d687d6f0.jpg,JN_ADV_03,adversarial,Is there a vehicle currently occupying the centre of the intersection ahead?,no,B,medium,automatic,main_eval,False,,rainy,smolvlm,No,no,True,0.44
junctions,bbc06e30-d687d6f0.jpg,JN_ADV_04,adversarial,Are the lane markings at this junction clear enough to identify which lane leads to the intended direction?,yes,A,high,automatic,main_eval,False,,rainy,smolvlm,No,no,False,0.44
junctions,bb2f678a-92915562.jpg,JN_BASE_01,baseline,Is a traffic light visible in this scene?,no,A,high,automatic,baseline_only,False,,snowy,smolvlm,No,no,True,0.44
junctions,bb2f678a-92915562.jpg,JN_BASE_02,baseline,Is this scene located at an intersection or junction?,no,A,high,automatic,baseline_only,False,,snowy,smolvlm,No,no,True,0.44
junctions,bb2f678a-92915562.jpg,JN_P_02,perception,Is at least one pedestrian visible in or near the intersection?,no,A,high,automatic,main_eval,False,,snowy,smolvlm,No,no,True,0.44
junctions,bb2f678a-92915562.jpg,JN_P_03,perception,Is there a vehicle larger than a standard car — such as a bus or truck — visible at this junction?,no,A,high,automatic,main_eval,False,,snowy,smolvlm,No,no,True,0.44
junctions,bb2f678a-92915562.jpg,JN_P_05,perception,Are road signs visible at this junction?,yes,A,high,automatic,main_eval,False,,snowy,smolvlm,Yes,yes,True,0.44
junctions,bb2f678a-92915562.jpg,JN_P_07,perception,Is this junction scene captured during daytime?,yes,A,high,automatic,main_eval,False,,snowy,smolvlm,Yes,yes,True,0.45
junctions,bb2f678a-92915562.jpg,JN_P_08,perception,Is any pedestrian visible who appears to be actively crossing the road?,no,B,medium,automatic,main_eval,False,,snowy,smolvlm,No,no,True,0.44
junctions,bb2f678a-92915562.jpg,JN_A_06,action,Should the driver sound the horn to warn other road users at this junction?,no,B,medium,automatic,main_eval,False,,snowy,smolvlm,No,no,True,0.44
junctions,bb2f678a-92915562.jpg,JN_H_02,hazard,Could a large vehicle such as a bus or truck obstruct the driver's sightline at this junction?,no,A,high,automatic,main_eval,False,,snowy,smolvlm,Yes,yes,False,0.44
junctions,bb2f678a-92915562.jpg,JN_S_01,scene,Is this a signalised intersection with active traffic lights?,no,A,high,automatic,main_eval,False,,snowy,smolvlm,No,no,True,0.44
junctions,bb2f678a-92915562.jpg,JN_S_03,scene,Is this junction on a highway or high-speed road rather than an urban street?,yes,A,high,automatic,main_eval,False,,snowy,smolvlm,Yes,yes,True,0.44
junctions,bb2f678a-92915562.jpg,JN_S_04,scene,Is this a nighttime junction scene?,no,A,high,automatic,main_eval,False,,snowy,smolvlm,No,no,True,0.44
junctions,bb2f678a-92915562.jpg,JN_ADV_03,adversarial,Is there a vehicle currently occupying the centre of the intersection ahead?,no,B,medium,automatic,main_eval,False,,snowy,smolvlm,No,no,True,0.44
junctions,bb2f678a-92915562.jpg,JN_ADV_04,adversarial,Are the lane markings at this junction clear enough to identify which lane leads to the intended direction?,yes,A,high,automatic,main_eval,False,,snowy,smolvlm,Yes,yes,True,0.44
junctions,c698371e-9c81ea92.jpg,JN_BASE_01,baseline,Is a traffic light visible in this scene?,no,A,high,automatic,baseline_only,False,,overcast,smolvlm,No,no,True,0.44
junctions,c698371e-9c81ea92.jpg,JN_BASE_02,baseline,Is this scene located at an intersection or junction?,no,A,high,automatic,baseline_only,False,,overcast,smolvlm,No,no,True,0.44
junctions,c698371e-9c81ea92.jpg,JN_P_02,perception,Is at least one pedestrian visible in or near the intersection?,no,A,high,automatic,main_eval,False,,overcast,smolvlm,No,no,True,0.44
junctions,c698371e-9c81ea92.jpg,JN_P_03,perception,Is there a vehicle larger than a standard car — such as a bus or truck — visible at this junction?,no,A,high,automatic,main_eval,False,,overcast,smolvlm,No,no,True,0.44
junctions,c698371e-9c81ea92.jpg,JN_P_05,perception,Are road signs visible at this junction?,yes,A,high,automatic,main_eval,False,,overcast,smolvlm,Yes,yes,True,0.45
junctions,c698371e-9c81ea92.jpg,JN_P_07,perception,Is this junction scene captured during daytime?,yes,A,high,automatic,main_eval,False,,overcast,smolvlm,Yes,yes,True,0.44
junctions,c698371e-9c81ea92.jpg,JN_P_08,perception,Is any pedestrian visible who appears to be actively crossing the road?,no,B,medium,automatic,main_eval,False,,overcast,smolvlm,No,no,True,0.44
junctions,c698371e-9c81ea92.jpg,JN_A_06,action,Should the driver sound the horn to warn other road users at this junction?,no,B,medium,automatic,main_eval,False,,overcast,smolvlm,No,no,True,0.44
junctions,c698371e-9c81ea92.jpg,JN_H_02,hazard,Could a large vehicle such as a bus or truck obstruct the driver's sightline at this junction?,no,A,high,automatic,main_eval,False,,overcast,smolvlm,No,no,True,0.44
junctions,c698371e-9c81ea92.jpg,JN_S_01,scene,Is this a signalised intersection with active traffic lights?,no,A,high,automatic,main_eval,False,,overcast,smolvlm,No,no,True,0.44
junctions,c698371e-9c81ea92.jpg,JN_S_03,scene,Is this junction on a highway or high-speed road rather than an urban street?,yes,A,high,automatic,main_eval,False,,overcast,smolvlm,Yes,yes,True,0.44
junctions,c698371e-9c81ea92.jpg,JN_S_04,scene,Is this a nighttime junction scene?,no,A,high,automatic,main_eval,False,,overcast,smolvlm,No,no,True,0.44
junctions,c698371e-9c81ea92.jpg,JN_ADV_03,adversarial,Is there a vehicle currently occupying the centre of the intersection ahead?,yes,B,medium,automatic,main_eval,False,,overcast,smolvlm,No,no,False,0.44
junctions,c698371e-9c81ea92.jpg,JN_ADV_04,adversarial,Are the lane markings at this junction clear enough to identify which lane leads to the intended direction?,yes,A,high,automatic,main_eval,False,,overcast,smolvlm,Yes,yes,True,0.44
junctions,b9fa66d8-a5fce3c5.jpg,JN_BASE_01,baseline,Is a traffic light visible in this scene?,yes,A,high,automatic,baseline_only,False,,overcast,smolvlm,No,no,False,0.46
junctions,b9fa66d8-a5fce3c5.jpg,JN_BASE_02,baseline,Is this scene located at an intersection or junction?,no,A,high,automatic,baseline_only,False,,overcast,smolvlm,No,no,True,0.44
junctions,b9fa66d8-a5fce3c5.jpg,JN_P_01,perception,Are there two or more traffic lights visible in this scene?,no,A,high,automatic,main_eval,False,,overcast,smolvlm,No,no,True,0.44
junctions,b9fa66d8-a5fce3c5.jpg,JN_P_02,perception,Is at least one pedestrian visible in or near the intersection?,no,A,high,automatic,main_eval,False,,overcast,smolvlm,No,no,True,0.44
junctions,b9fa66d8-a5fce3c5.jpg,JN_P_03,perception,Is there a vehicle larger than a standard car — such as a bus or truck — visible at this junction?,no,A,high,automatic,main_eval,False,,overcast,smolvlm,No,no,True,0.44
junctions,b9fa66d8-a5fce3c5.jpg,JN_P_05,perception,Are road signs visible at this junction?,yes,A,high,automatic,main_eval,False,,overcast,smolvlm,Yes,yes,True,0.44
junctions,b9fa66d8-a5fce3c5.jpg,JN_P_08,perception,Is any pedestrian visible who appears to be actively crossing the road?,no,B,medium,automatic,main_eval,False,,overcast,smolvlm,No,no,True,0.44
junctions,b9fa66d8-a5fce3c5.jpg,JN_A_01,action,Should the ego vehicle stop before entering this intersection?,yes,A,high,automatic,main_eval,False,,overcast,smolvlm,No,no,False,0.44
junctions,b9fa66d8-a5fce3c5.jpg,JN_A_04,action,Should the driver be prepared to brake suddenly at this junction?,yes,A,high,automatic,main_eval,False,,overcast,smolvlm,Yes,yes,True,0.44
junctions,b9fa66d8-a5fce3c5.jpg,JN_A_05,action,Would it be safe to make a right turn at this intersection right now?,no,B,medium,automatic,main_eval,False,,overcast,smolvlm,No,no,True,0.44
junctions,b9fa66d8-a5fce3c5.jpg,JN_A_06,action,Should the driver sound the horn to warn other road users at this junction?,no,B,medium,automatic,main_eval,False,,overcast,smolvlm,No,no,True,0.44
junctions,b9fa66d8-a5fce3c5.jpg,JN_H_02,hazard,Could a large vehicle such as a bus or truck obstruct the driver's sightline at this junction?,no,A,high,automatic,main_eval,False,,overcast,smolvlm,No,no,True,0.44
junctions,b9fa66d8-a5fce3c5.jpg,JN_S_01,scene,Is this a signalised intersection with active traffic lights?,yes,A,high,automatic,main_eval,False,,overcast,smolvlm,No,no,False,0.44
junctions,b9fa66d8-a5fce3c5.jpg,JN_S_03,scene,Is this junction on a highway or high-speed road rather than an urban street?,yes,A,high,automatic,main_eval,False,,overcast,smolvlm,No,no,False,0.44
junctions,b9fa66d8-a5fce3c5.jpg,JN_ADV_01,adversarial,Is the traffic light currently displaying a green signal that permits the ego vehicle to proceed?,no,A,high,automatic,main_eval,False,,overcast,smolvlm,No,no,True,0.44
junctions,b9fa66d8-a5fce3c5.jpg,JN_ADV_02,adversarial,"Is the traffic light currently displaying red or yellow, requiring the ego vehicle to stop or yield?",yes,A,high,automatic,main_eval,False,,overcast,smolvlm,No,no,False,0.44
junctions,b9fa66d8-a5fce3c5.jpg,JN_ADV_03,adversarial,Is there a vehicle currently occupying the centre of the intersection ahead?,yes,B,medium,automatic,main_eval,False,,overcast,smolvlm,No,no,False,0.44
junctions,b9fa66d8-a5fce3c5.jpg,JN_ADV_04,adversarial,Are the lane markings at this junction clear enough to identify which lane leads to the intended direction?,yes,A,high,automatic,main_eval,False,,overcast,smolvlm,Yes,yes,True,0.44
junctions,bd46bba0-fadf1d6d.jpg,JN_BASE_01,baseline,Is a traffic light visible in this scene?,no,A,high,automatic,baseline_only,False,,clear,smolvlm,No,no,True,0.44
junctions,bd46bba0-fadf1d6d.jpg,JN_BASE_02,baseline,Is this scene located at an intersection or junction?,no,A,high,automatic,baseline_only,False,,clear,smolvlm,Yes,yes,False,0.44
junctions,bd46bba0-fadf1d6d.jpg,JN_P_02,perception,Is at least one pedestrian visible in or near the intersection?,no,A,high,automatic,main_eval,False,,clear,smolvlm,No,no,True,0.44
junctions,bd46bba0-fadf1d6d.jpg,JN_P_03,perception,Is there a vehicle larger than a standard car — such as a bus or truck — visible at this junction?,no,A,high,automatic,main_eval,False,,clear,smolvlm,No,no,True,0.44
junctions,bd46bba0-fadf1d6d.jpg,JN_P_05,perception,Are road signs visible at this junction?,no,A,high,automatic,main_eval,False,,clear,smolvlm,No,no,True,0.44
junctions,bd46bba0-fadf1d6d.jpg,JN_P_07,perception,Is this junction scene captured during daytime?,yes,A,high,automatic,main_eval,False,,clear,smolvlm,Yes,yes,True,0.44
junctions,bd46bba0-fadf1d6d.jpg,JN_P_08,perception,Is any pedestrian visible who appears to be actively crossing the road?,no,B,medium,automatic,main_eval,False,,clear,smolvlm,No,no,True,0.44
junctions,bd46bba0-fadf1d6d.jpg,JN_A_06,action,Should the driver sound the horn to warn other road users at this junction?,no,B,medium,automatic,main_eval,False,,clear,smolvlm,No,no,True,0.44
junctions,bd46bba0-fadf1d6d.jpg,JN_H_02,hazard,Could a large vehicle such as a bus or truck obstruct the driver's sightline at this junction?,no,A,high,automatic,main_eval,False,,clear,smolvlm,No,no,True,0.44
junctions,bd46bba0-fadf1d6d.jpg,JN_S_01,scene,Is this a signalised intersection with active traffic lights?,no,A,high,automatic,main_eval,False,,clear,smolvlm,No,no,True,0.44
junctions,bd46bba0-fadf1d6d.jpg,JN_S_03,scene,Is this junction on a highway or high-speed road rather than an urban street?,yes,A,high,automatic,main_eval,False,,clear,smolvlm,No,no,False,0.44
junctions,bd46bba0-fadf1d6d.jpg,JN_S_04,scene,Is this a nighttime junction scene?,no,A,high,automatic,main_eval,False,,clear,smolvlm,No,no,True,0.44
junctions,bd46bba0-fadf1d6d.jpg,JN_ADV_03,adversarial,Is there a vehicle currently occupying the centre of the intersection ahead?,no,B,medium,automatic,main_eval,False,,clear,smolvlm,No,no,True,0.44
junctions,bd46bba0-fadf1d6d.jpg,JN_ADV_04,adversarial,Are the lane markings at this junction clear enough to identify which lane leads to the intended direction?,yes,A,high,automatic,main_eval,False,,clear,smolvlm,Yes,yes,True,0.44
junctions,baa50786-856eefa3.jpg,JN_BASE_01,baseline,Is a traffic light visible in this scene?,no,A,high,automatic,baseline_only,False,,partly cloudy,smolvlm,No,no,True,0.44
junctions,baa50786-856eefa3.jpg,JN_BASE_02,baseline,Is this scene located at an intersection or junction?,no,A,high,automatic,baseline_only,False,,partly cloudy,smolvlm,No,no,True,0.44
junctions,baa50786-856eefa3.jpg,JN_P_02,perception,Is at least one pedestrian visible in or near the intersection?,no,A,high,automatic,main_eval,False,,partly cloudy,smolvlm,No,no,True,0.44
junctions,baa50786-856eefa3.jpg,JN_P_03,perception,Is there a vehicle larger than a standard car — such as a bus or truck — visible at this junction?,no,A,high,automatic,main_eval,False,,partly cloudy,smolvlm,No,no,True,0.44
junctions,baa50786-856eefa3.jpg,JN_P_05,perception,Are road signs visible at this junction?,no,A,high,automatic,main_eval,False,,partly cloudy,smolvlm,No,no,True,0.44
junctions,baa50786-856eefa3.jpg,JN_P_07,perception,Is this junction scene captured during daytime?,yes,A,high,automatic,main_eval,False,,partly cloudy,smolvlm,Yes,yes,True,0.44
junctions,baa50786-856eefa3.jpg,JN_P_08,perception,Is any pedestrian visible who appears to be actively crossing the road?,no,B,medium,automatic,main_eval,False,,partly cloudy,smolvlm,No,no,True,0.44
junctions,baa50786-856eefa3.jpg,JN_A_06,action,Should the driver sound the horn to warn other road users at this junction?,no,B,medium,automatic,main_eval,False,,partly cloudy,smolvlm,No,no,True,0.44
junctions,baa50786-856eefa3.jpg,JN_H_02,hazard,Could a large vehicle such as a bus or truck obstruct the driver's sightline at this junction?,no,A,high,automatic,main_eval,False,,partly cloudy,smolvlm,Yes,yes,False,0.44
junctions,baa50786-856eefa3.jpg,JN_S_01,scene,Is this a signalised intersection with active traffic lights?,no,A,high,automatic,main_eval,False,,partly cloudy,smolvlm,No,no,True,0.44
junctions,baa50786-856eefa3.jpg,JN_S_03,scene,Is this junction on a highway or high-speed road rather than an urban street?,yes,A,high,automatic,main_eval,False,,partly cloudy,smolvlm,No,no,False,0.44
junctions,baa50786-856eefa3.jpg,JN_S_04,scene,Is this a nighttime junction scene?,no,A,high,automatic,main_eval,False,,partly cloudy,smolvlm,No,no,True,0.44
junctions,baa50786-856eefa3.jpg,JN_ADV_03,adversarial,Is there a vehicle currently occupying the centre of the intersection ahead?,no,B,medium,automatic,main_eval,False,,partly cloudy,smolvlm,No,no,True,0.44
junctions,baa50786-856eefa3.jpg,JN_ADV_04,adversarial,Are the lane markings at this junction clear enough to identify which lane leads to the intended direction?,yes,A,high,automatic,main_eval,False,,partly cloudy,smolvlm,Yes,yes,True,0.44
junctions,c24e5f86-317d18d5.jpg,JN_BASE_01,baseline,Is a traffic light visible in this scene?,no,A,high,automatic,baseline_only,False,,clear,smolvlm,No,no,True,0.44
junctions,c24e5f86-317d18d5.jpg,JN_BASE_02,baseline,Is this scene located at an intersection or junction?,no,A,high,automatic,baseline_only,False,,clear,smolvlm,No,no,True,0.44
junctions,c24e5f86-317d18d5.jpg,JN_P_02,perception,Is at least one pedestrian visible in or near the intersection?,no,A,high,automatic,main_eval,False,,clear,smolvlm,No,no,True,0.44
junctions,c24e5f86-317d18d5.jpg,JN_P_03,perception,Is there a vehicle larger than a standard car — such as a bus or truck — visible at this junction?,no,A,high,automatic,main_eval,False,,clear,smolvlm,No,no,True,0.44
junctions,c24e5f86-317d18d5.jpg,JN_P_05,perception,Are road signs visible at this junction?,no,A,high,automatic,main_eval,False,,clear,smolvlm,No,no,True,0.44
junctions,c24e5f86-317d18d5.jpg,JN_P_07,perception,Is this junction scene captured during daytime?,no,A,high,automatic,main_eval,False,,clear,smolvlm,No,no,True,0.44
junctions,c24e5f86-317d18d5.jpg,JN_P_08,perception,Is any pedestrian visible who appears to be actively crossing the road?,no,B,medium,automatic,main_eval,False,,clear,smolvlm,No,no,True,0.45
junctions,c24e5f86-317d18d5.jpg,JN_A_06,action,Should the driver sound the horn to warn other road users at this junction?,no,B,medium,automatic,main_eval,False,,clear,smolvlm,No,no,True,0.44
junctions,c24e5f86-317d18d5.jpg,JN_H_02,hazard,Could a large vehicle such as a bus or truck obstruct the driver's sightline at this junction?,no,A,high,automatic,main_eval,False,,clear,smolvlm,Yes,yes,False,0.44
junctions,c24e5f86-317d18d5.jpg,JN_S_01,scene,Is this a signalised intersection with active traffic lights?,no,A,high,automatic,main_eval,False,,clear,smolvlm,No,no,True,0.44
junctions,c24e5f86-317d18d5.jpg,JN_S_03,scene,Is this junction on a highway or high-speed road rather than an urban street?,yes,A,high,automatic,main_eval,False,,clear,smolvlm,Yes,yes,True,0.44
junctions,c24e5f86-317d18d5.jpg,JN_S_04,scene,Is this a nighttime junction scene?,yes,A,high,automatic,main_eval,False,,clear,smolvlm,Yes,yes,True,0.44
junctions,c24e5f86-317d18d5.jpg,JN_ADV_03,adversarial,Is there a vehicle currently occupying the centre of the intersection ahead?,no,B,medium,automatic,main_eval,False,,clear,smolvlm,No,no,True,0.44
junctions,c24e5f86-317d18d5.jpg,JN_ADV_04,adversarial,Are the lane markings at this junction clear enough to identify which lane leads to the intended direction?,yes,A,high,automatic,main_eval,False,,clear,smolvlm,Yes,yes,True,0.44
junctions,bdaeda37-dfe74a95.jpg,JN_BASE_01,baseline,Is a traffic light visible in this scene?,no,A,high,automatic,baseline_only,False,,overcast,smolvlm,No,no,True,0.44
junctions,bdaeda37-dfe74a95.jpg,JN_BASE_02,baseline,Is this scene located at an intersection or junction?,no,A,high,automatic,baseline_only,False,,overcast,smolvlm,No,no,True,0.44
junctions,bdaeda37-dfe74a95.jpg,JN_P_02,perception,Is at least one pedestrian visible in or near the intersection?,no,A,high,automatic,main_eval,False,,overcast,smolvlm,No,no,True,0.44
junctions,bdaeda37-dfe74a95.jpg,JN_P_03,perception,Is there a vehicle larger than a standard car — such as a bus or truck — visible at this junction?,no,A,high,automatic,main_eval,False,,overcast,smolvlm,No,no,True,0.44
junctions,bdaeda37-dfe74a95.jpg,JN_P_05,perception,Are road signs visible at this junction?,yes,A,high,automatic,main_eval,False,,overcast,smolvlm,Yes,yes,True,0.44
junctions,bdaeda37-dfe74a95.jpg,JN_P_08,perception,Is any pedestrian visible who appears to be actively crossing the road?,no,B,medium,automatic,main_eval,False,,overcast,smolvlm,No,no,True,0.44
junctions,bdaeda37-dfe74a95.jpg,JN_A_06,action,Should the driver sound the horn to warn other road users at this junction?,no,B,medium,automatic,main_eval,False,,overcast,smolvlm,No,no,True,0.44
junctions,bdaeda37-dfe74a95.jpg,JN_H_02,hazard,Could a large vehicle such as a bus or truck obstruct the driver's sightline at this junction?,no,A,high,automatic,main_eval,False,,overcast,smolvlm,Yes,yes,False,0.44
junctions,bdaeda37-dfe74a95.jpg,JN_S_01,scene,Is this a signalised intersection with active traffic lights?,no,A,high,automatic,main_eval,False,,overcast,smolvlm,No,no,True,0.44
junctions,bdaeda37-dfe74a95.jpg,JN_S_03,scene,Is this junction on a highway or high-speed road rather than an urban street?,yes,A,high,automatic,main_eval,False,,overcast,smolvlm,Yes,yes,True,0.44
junctions,bdaeda37-dfe74a95.jpg,JN_ADV_03,adversarial,Is there a vehicle currently occupying the centre of the intersection ahead?,yes,B,medium,automatic,main_eval,False,,overcast,smolvlm,No,no,False,0.44
junctions,bdaeda37-dfe74a95.jpg,JN_ADV_04,adversarial,Are the lane markings at this junction clear enough to identify which lane leads to the intended direction?,no,A,high,automatic,main_eval,False,,overcast,smolvlm,Yes,yes,False,0.44
junctions,c4fb6443-babb6e4c.jpg,JN_BASE_01,baseline,Is a traffic light visible in this scene?,no,A,high,automatic,baseline_only,False,,overcast,smolvlm,No,no,True,0.44
junctions,c4fb6443-babb6e4c.jpg,JN_BASE_02,baseline,Is this scene located at an intersection or junction?,no,A,high,automatic,baseline_only,False,,overcast,smolvlm,No,no,True,0.44
junctions,c4fb6443-babb6e4c.jpg,JN_P_02,perception,Is at least one pedestrian visible in or near the intersection?,no,A,high,automatic,main_eval,False,,overcast,smolvlm,No,no,True,0.44
junctions,c4fb6443-babb6e4c.jpg,JN_P_03,perception,Is there a vehicle larger than a standard car — such as a bus or truck — visible at this junction?,no,A,high,automatic,main_eval,False,,overcast,smolvlm,No,no,True,0.44
junctions,c4fb6443-babb6e4c.jpg,JN_P_05,perception,Are road signs visible at this junction?,yes,A,high,automatic,main_eval,False,,overcast,smolvlm,Yes,yes,True,0.44
junctions,c4fb6443-babb6e4c.jpg,JN_P_08,perception,Is any pedestrian visible who appears to be actively crossing the road?,no,B,medium,automatic,main_eval,False,,overcast,smolvlm,No,no,True,0.44
junctions,c4fb6443-babb6e4c.jpg,JN_A_06,action,Should the driver sound the horn to warn other road users at this junction?,no,B,medium,automatic,main_eval,False,,overcast,smolvlm,No,no,True,0.44
junctions,c4fb6443-babb6e4c.jpg,JN_H_02,hazard,Could a large vehicle such as a bus or truck obstruct the driver's sightline at this junction?,no,A,high,automatic,main_eval,False,,overcast,smolvlm,No,no,True,0.44
junctions,c4fb6443-babb6e4c.jpg,JN_S_01,scene,Is this a signalised intersection with active traffic lights?,no,A,high,automatic,main_eval,False,,overcast,smolvlm,No,no,True,0.44
junctions,c4fb6443-babb6e4c.jpg,JN_S_03,scene,Is this junction on a highway or high-speed road rather than an urban street?,yes,A,high,automatic,main_eval,False,,overcast,smolvlm,Yes,yes,True,0.44
junctions,c4fb6443-babb6e4c.jpg,JN_ADV_03,adversarial,Is there a vehicle currently occupying the centre of the intersection ahead?,no,B,medium,automatic,main_eval,False,,overcast,smolvlm,No,no,True,0.44
junctions,c4fb6443-babb6e4c.jpg,JN_ADV_04,adversarial,Are the lane markings at this junction clear enough to identify which lane leads to the intended direction?,yes,A,high,automatic,main_eval,False,,overcast,smolvlm,Yes,yes,True,0.44
junctions,be6fd6ac-624b4634.jpg,JN_BASE_01,baseline,Is a traffic light visible in this scene?,no,A,high,automatic,baseline_only,False,,clear,smolvlm,No,no,True,0.44
junctions,be6fd6ac-624b4634.jpg,JN_BASE_02,baseline,Is this scene located at an intersection or junction?,no,A,high,automatic,baseline_only,False,,clear,smolvlm,No,no,True,0.44
junctions,be6fd6ac-624b4634.jpg,JN_P_02,perception,Is at least one pedestrian visible in or near the intersection?,no,A,high,automatic,main_eval,False,,clear,smolvlm,No,no,True,0.44
junctions,be6fd6ac-624b4634.jpg,JN_P_03,perception,Is there a vehicle larger than a standard car — such as a bus or truck — visible at this junction?,no,A,high,automatic,main_eval,False,,clear,smolvlm,No,no,True,0.44
junctions,be6fd6ac-624b4634.jpg,JN_P_05,perception,Are road signs visible at this junction?,no,A,high,automatic,main_eval,False,,clear,smolvlm,No,no,True,0.44
junctions,be6fd6ac-624b4634.jpg,JN_P_07,perception,Is this junction scene captured during daytime?,yes,A,high,automatic,main_eval,False,,clear,smolvlm,Yes,yes,True,0.44
junctions,be6fd6ac-624b4634.jpg,JN_P_08,perception,Is any pedestrian visible who appears to be actively crossing the road?,no,B,medium,automatic,main_eval,False,,clear,smolvlm,No,no,True,0.44
junctions,be6fd6ac-624b4634.jpg,JN_A_06,action,Should the driver sound the horn to warn other road users at this junction?,no,B,medium,automatic,main_eval,False,,clear,smolvlm,No,no,True,0.44
junctions,be6fd6ac-624b4634.jpg,JN_H_02,hazard,Could a large vehicle such as a bus or truck obstruct the driver's sightline at this junction?,no,A,high,automatic,main_eval,False,,clear,smolvlm,No,no,True,0.44
junctions,be6fd6ac-624b4634.jpg,JN_S_01,scene,Is this a signalised intersection with active traffic lights?,no,A,high,automatic,main_eval,False,,clear,smolvlm,No,no,True,0.44
junctions,be6fd6ac-624b4634.jpg,JN_S_03,scene,Is this junction on a highway or high-speed road rather than an urban street?,yes,A,high,automatic,main_eval,False,,clear,smolvlm,Yes,yes,True,0.44
junctions,be6fd6ac-624b4634.jpg,JN_S_04,scene,Is this a nighttime junction scene?,no,A,high,automatic,main_eval,False,,clear,smolvlm,No,no,True,0.44
junctions,be6fd6ac-624b4634.jpg,JN_ADV_03,adversarial,Is there a vehicle currently occupying the centre of the intersection ahead?,no,B,medium,automatic,main_eval,False,,clear,smolvlm,No,no,True,0.44
junctions,be6fd6ac-624b4634.jpg,JN_ADV_04,adversarial,Are the lane markings at this junction clear enough to identify which lane leads to the intended direction?,yes,A,high,automatic,main_eval,False,,clear,smolvlm,Yes,yes,True,0.44
junctions,c734eb0a-125bba62.jpg,JN_BASE_01,baseline,Is a traffic light visible in this scene?,no,A,high,automatic,baseline_only,False,,partly cloudy,smolvlm,No,no,True,0.44
junctions,c734eb0a-125bba62.jpg,JN_BASE_02,baseline,Is this scene located at an intersection or junction?,no,A,high,automatic,baseline_only,False,,partly cloudy,smolvlm,No,no,True,0.44
junctions,c734eb0a-125bba62.jpg,JN_P_02,perception,Is at least one pedestrian visible in or near the intersection?,no,A,high,automatic,main_eval,False,,partly cloudy,smolvlm,No,no,True,0.44
junctions,c734eb0a-125bba62.jpg,JN_P_03,perception,Is there a vehicle larger than a standard car — such as a bus or truck — visible at this junction?,no,A,high,automatic,main_eval,False,,partly cloudy,smolvlm,No,no,True,0.44
junctions,c734eb0a-125bba62.jpg,JN_P_05,perception,Are road signs visible at this junction?,no,A,high,automatic,main_eval,False,,partly cloudy,smolvlm,No,no,True,0.44
junctions,c734eb0a-125bba62.jpg,JN_P_07,perception,Is this junction scene captured during daytime?,yes,A,high,automatic,main_eval,False,,partly cloudy,smolvlm,Yes,yes,True,0.44
junctions,c734eb0a-125bba62.jpg,JN_P_08,perception,Is any pedestrian visible who appears to be actively crossing the road?,no,B,medium,automatic,main_eval,False,,partly cloudy,smolvlm,No,no,True,0.44
junctions,c734eb0a-125bba62.jpg,JN_A_06,action,Should the driver sound the horn to warn other road users at this junction?,no,B,medium,automatic,main_eval,False,,partly cloudy,smolvlm,No,no,True,0.44
junctions,c734eb0a-125bba62.jpg,JN_H_02,hazard,Could a large vehicle such as a bus or truck obstruct the driver's sightline at this junction?,no,A,high,automatic,main_eval,False,,partly cloudy,smolvlm,No,no,True,0.44
junctions,c734eb0a-125bba62.jpg,JN_S_01,scene,Is this a signalised intersection with active traffic lights?,no,A,high,automatic,main_eval,False,,partly cloudy,smolvlm,No,no,True,0.44
junctions,c734eb0a-125bba62.jpg,JN_S_03,scene,Is this junction on a highway or high-speed road rather than an urban street?,yes,A,high,automatic,main_eval,False,,partly cloudy,smolvlm,Yes,yes,True,0.44
junctions,c734eb0a-125bba62.jpg,JN_S_04,scene,Is this a nighttime junction scene?,no,A,high,automatic,main_eval,False,,partly cloudy,smolvlm,No,no,True,0.44
junctions,c734eb0a-125bba62.jpg,JN_ADV_03,adversarial,Is there a vehicle currently occupying the centre of the intersection ahead?,no,B,medium,automatic,main_eval,False,,partly cloudy,smolvlm,No,no,True,0.44
junctions,c734eb0a-125bba62.jpg,JN_ADV_04,adversarial,Are the lane markings at this junction clear enough to identify which lane leads to the intended direction?,yes,A,high,automatic,main_eval,False,,partly cloudy,smolvlm,Yes,yes,True,0.44
junctions,b892f130-8828257e.jpg,JN_BASE_01,baseline,Is a traffic light visible in this scene?,no,A,high,automatic,baseline_only,False,,overcast,smolvlm,No,no,True,0.44
junctions,b892f130-8828257e.jpg,JN_BASE_02,baseline,Is this scene located at an intersection or junction?,no,A,high,automatic,baseline_only,False,,overcast,smolvlm,Yes,yes,False,0.44
junctions,b892f130-8828257e.jpg,JN_P_02,perception,Is at least one pedestrian visible in or near the intersection?,no,A,high,automatic,main_eval,False,,overcast,smolvlm,No,no,True,0.44
junctions,b892f130-8828257e.jpg,JN_P_03,perception,Is there a vehicle larger than a standard car — such as a bus or truck — visible at this junction?,no,A,high,automatic,main_eval,False,,overcast,smolvlm,No,no,True,0.44
junctions,b892f130-8828257e.jpg,JN_P_05,perception,Are road signs visible at this junction?,yes,A,high,automatic,main_eval,False,,overcast,smolvlm,Yes,yes,True,0.44
junctions,b892f130-8828257e.jpg,JN_P_08,perception,Is any pedestrian visible who appears to be actively crossing the road?,no,B,medium,automatic,main_eval,False,,overcast,smolvlm,No,no,True,0.44
junctions,b892f130-8828257e.jpg,JN_A_06,action,Should the driver sound the horn to warn other road users at this junction?,no,B,medium,automatic,main_eval,False,,overcast,smolvlm,No,no,True,0.44
junctions,b892f130-8828257e.jpg,JN_H_02,hazard,Could a large vehicle such as a bus or truck obstruct the driver's sightline at this junction?,no,A,high,automatic,main_eval,False,,overcast,smolvlm,Yes,yes,False,0.44
junctions,b892f130-8828257e.jpg,JN_S_01,scene,Is this a signalised intersection with active traffic lights?,no,A,high,automatic,main_eval,False,,overcast,smolvlm,No,no,True,0.44
junctions,b892f130-8828257e.jpg,JN_S_03,scene,Is this junction on a highway or high-speed road rather than an urban street?,yes,A,high,automatic,main_eval,False,,overcast,smolvlm,Yes,yes,True,0.44
junctions,b892f130-8828257e.jpg,JN_ADV_03,adversarial,Is there a vehicle currently occupying the centre of the intersection ahead?,no,B,medium,automatic,main_eval,False,,overcast,smolvlm,No,no,True,0.44
junctions,b892f130-8828257e.jpg,JN_ADV_04,adversarial,Are the lane markings at this junction clear enough to identify which lane leads to the intended direction?,yes,A,high,automatic,main_eval,False,,overcast,smolvlm,No,no,False,0.44
