category,image_id,q_id,q_type,question,ground_truth,weather,model,mode,use_for,variation_type,source_q_id,full_response,extracted_ans,correct,response_time
adverse_weather,beeed9e7-d279d8ee.jpg,AW_A_02,action,Should the driver slow down below the speed limit given current conditions?,no,rainy,internvl3,A,phase2_mode_a,original,AW_A_02,"Yes, the driver should slow down below the speed limit. The road is wet, which can reduce traction and increase stopping distance. Additionally, there are other vehicles on the road, suggesting potential traffic conditions that require more caution.",yes,0,4.16
adverse_weather,beeed9e7-d279d8ee.jpg,AW_A_03,action,Should the driver use windscreen wipers right now?,yes,rainy,internvl3,A,phase2_mode_a,original,AW_A_03,"Yes, the driver should use windscreen wipers right now because there are visible raindrops on the windshield, indicating it is raining.",yes,1,1.47
adverse_weather,beeed9e7-d279d8ee.jpg,AW_H_06,hazard,Is there a risk of glare from headlights or wet road reflections in this scene?,no,rainy,internvl3,A,phase2_mode_a,original,AW_H_06,"Yes, there is a risk of glare from wet road reflections in this scene. 

The road is wet, which means that headlights from oncoming vehicles could reflect off the wet surface, creating glare. Additionally, the overcast sky suggests low light conditions, increasing the likelihood that headlights would be on and contribute to glare.",yes,0,3.12
adverse_weather,beeed9e7-d279d8ee.jpg,AW_ADV_01,adversarial,"Despite the weather, can you still identify what type of road this is?",yes,rainy,internvl3,A,phase2_mode_a,original,AW_ADV_01,"Yes, this is a two-way road. The image shows a road with two lanes in each direction, separated by double yellow lines, indicating it is designed for traffic in both directions.",yes,1,1.86
adverse_weather,beeed9e7-d279d8ee.jpg,AW_ADV_02,adversarial,Are any road signs or markings visible that convey speed or direction information?,yes,rainy,internvl3,A,phase2_mode_a,original,AW_ADV_02,"Yes, there is a ""No Stopping Anytime"" sign visible, which conveys direction information about parking regulations.",yes,1,1.27
adverse_weather,beeed9e7-d279d8ee.jpg,AW_ADV_03,adversarial,Would a driver need to use headlights to safely navigate this scene?,no,rainy,internvl3,A,phase2_mode_a,original,AW_ADV_03,"Yes, a driver would need to use headlights to safely navigate this scene. The road appears to be wet, likely from rain, which reduces visibility. Using headlights would help the driver see the road and any obstacles or other vehicles more clearly.",yes,0,2.37
adverse_weather,beeed9e7-d279d8ee.jpg,AW_ADV_03_v2,adversarial,Is it dark or visibility-reduced enough that headlights are necessary here?,no,rainy,internvl3,A,phase2_linguistic,paraphrase,AW_ADV_03,"No, it is not dark or visibility-reduced enough that headlights are necessary. The scene is well-lit, and the road is visible.",no,1,1.51
adverse_weather,beeed9e7-d279d8ee.jpg,AW_ADV_03_v3,adversarial,Could a driver safely navigate this scene without turning on their headlights?,yes,rainy,internvl3,A,phase2_linguistic,negated,AW_ADV_03,"Yes, because the road is wet, which increases visibility, and there are other vehicles on the road, suggesting it is daytime.",yes,1,1.36
adverse_weather,beeed9e7-d279d8ee.jpg,AW_A_03_v2,action,Are windscreen wipers needed given the weather shown in this image?,yes,rainy,internvl3,A,phase2_linguistic,paraphrase,AW_A_03,"Yes, windscreen wipers are needed. The image shows raindrops on the windshield, indicating wet weather conditions.",yes,1,1.23
adverse_weather,beeed9e7-d279d8ee.jpg,AW_A_03_v3,action,Is the weather dry enough that wipers would not be needed?,no,rainy,internvl3,A,phase2_linguistic,negated,AW_A_03,"No, the weather is not dry enough that wipers would not be needed. 

Reasoning: The image shows raindrops on the windshield, indicating that it is raining, which requires the use of windshield wipers.",no,1,2.19
adverse_weather,beeed9e7-d279d8ee.jpg,AW_H_06_v2,hazard,Could light reflections off the wet road surface cause visual impairment for the driver?,no,rainy,internvl3,A,phase2_linguistic,paraphrase,AW_H_06,"Yes, light reflections off the wet road surface could cause visual impairment for the driver, as the wet road can create glare and make it harder to see the road and other vehicles clearly.",yes,0,1.97
adverse_weather,beeed9e7-d279d8ee.jpg,AW_H_06_v3,hazard,Is there no risk of glare from headlights or reflections in this scene?,yes,rainy,internvl3,A,phase2_linguistic,negated,AW_H_06,"No, there is a risk of glare from headlights or reflections. The road is wet, which can cause reflections and potentially glare from oncoming headlights.",no,0,1.57
adverse_weather,beeed9e7-d279d8ee.jpg,AW_ADV_01_v2,adversarial,Can the type of road be identified from this image despite the weather conditions?,yes,rainy,internvl3,A,phase2_linguistic,paraphrase,AW_ADV_01,"Yes, the road can be identified as a two-lane street with double yellow lines, indicating it is likely a two-way road. The presence of vehicles and road signs also support this identification.",yes,1,1.98
adverse_weather,beeed9e7-d279d8ee.jpg,AW_ADV_01_v3,adversarial,Are weather conditions severe enough to make road type identification impossible?,no,rainy,internvl3,A,phase2_linguistic,negated,AW_ADV_01,"No, the road type is identifiable as a two-lane street with double yellow lines and a shoulder. The weather is rainy, but the road type is still clear.",no,1,1.77
adverse_weather,beeed9e7-d279d8ee.jpg,AW_ADV_02_v2,adversarial,Are there any traffic signs or road markings that convey useful information here?,yes,rainy,internvl3,A,phase2_linguistic,paraphrase,AW_ADV_02,"Yes, there is a traffic sign and road markings. The sign indicates a potential hazard or regulation, and the double yellow lines in the center of the road indicate a no-passing zone.",yes,1,1.94
adverse_weather,beeed9e7-d279d8ee.jpg,AW_ADV_02_v3,adversarial,Are road signs and markings too obscured to provide speed or direction guidance?,no,rainy,internvl3,A,phase2_linguistic,negated,AW_ADV_02,"Yes, the road signs and markings are somewhat obscured by the rain and reflections, which can make it harder to provide clear speed or direction guidance.",yes,0,1.52
adverse_weather,beeed9e7-d279d8ee.jpg,AW_A_02_v2,action,Do the road conditions shown here warrant driving below the posted speed limit?,no,rainy,internvl3,A,phase2_linguistic,paraphrase,AW_A_02,"Yes, because the road is wet and likely slippery, which requires reducing speed for safety.",yes,0,1.01
adverse_weather,beeed9e7-d279d8ee.jpg,AW_A_02_v3,action,Are conditions safe enough to drive at the normal speed limit here?,yes,rainy,internvl3,A,phase2_linguistic,negated,AW_A_02,"No, conditions are not safe enough to drive at the normal speed limit due to the wet road and potential for reduced visibility.",no,0,1.34
adverse_weather,b4201bd2-75c1998d.jpg,AW_A_03,action,Should the driver use windscreen wipers right now?,yes,rainy,internvl3,A,phase2_mode_a,original,AW_A_03,"Yes, the driver should use the windscreen wipers right now because the windshield is covered with raindrops, which obstructs the view of the road ahead.",yes,1,1.66
adverse_weather,b4201bd2-75c1998d.jpg,AW_H_06,hazard,Is there a risk of glare from headlights or wet road reflections in this scene?,no,rainy,internvl3,A,phase2_mode_a,original,AW_H_06,"Yes.

The image shows a rainy scene with water droplets on the windshield, which can scatter and reflect light. This can create glare from any oncoming headlights or reflections from the wet road, potentially making it difficult to see see clearly.",yes,0,2.4
adverse_weather,b4201bd2-75c1998d.jpg,AW_ADV_01,adversarial,"Despite the weather, can you still identify what type of road this is?",yes,rainy,internvl3,A,phase2_mode_a,original,AW_ADV_01,"Yes, it appears to be an urban street, as indicated by the buildings, parked cars, and traffic lights.",yes,1,1.24
adverse_weather,b4201bd2-75c1998d.jpg,AW_ADV_02,adversarial,Are any road signs or markings visible that convey speed or direction information?,no,rainy,internvl3,A,phase2_mode_a,original,AW_ADV_02,"No, there are no road signs or markings visible in the image that convey speed or direction information. The view is obstructed by raindrops, and the details are not clear.",no,1,1.85
adverse_weather,b4201bd2-75c1998d.jpg,AW_ADV_03,adversarial,Would a driver need to use headlights to safely navigate this scene?,no,rainy,internvl3,A,phase2_mode_a,original,AW_ADV_03,"Yes. The image shows a rainy scene with reduced visibility, making headlights necessary for the driver to see the road ahead and for other drivers to see see the vehicle.",yes,0,1.71
adverse_weather,b4201bd2-75c1998d.jpg,AW_ADV_03_v2,adversarial,Is it dark or visibility-reduced enough that headlights are necessary here?,no,rainy,internvl3,A,phase2_linguistic,paraphrase,AW_ADV_03,"Yes, it is visibility-reduced enough that headlights are necessary. The image shows raindrops on the windshield, which can impair visibility, and the streetlights and vehicle lights are on, indicating low visibility conditions.",yes,0,2.12
adverse_weather,b4201bd2-75c1998d.jpg,AW_ADV_03_v3,adversarial,Could a driver safely navigate this scene without turning on their headlights?,yes,rainy,internvl3,A,phase2_linguistic,negated,AW_ADV_03,"No, the driver would not be able to safely navigate this scene without turning on their headlights because the rain and droplets on the windshield significantly reduce visibility.",no,0,1.62
adverse_weather,b4201bd2-75c1998d.jpg,AW_A_03_v2,action,Are windscreen wipers needed given the weather shown in this image?,yes,rainy,internvl3,A,phase2_linguistic,paraphrase,AW_A_03,"Yes, windscreen wipers are needed. The image shows raindrops covering the windshield, which would impair visibility if not cleared.",yes,1,1.38
adverse_weather,b4201bd2-75c1998d.jpg,AW_A_03_v3,action,Is the weather dry enough that wipers would not be needed?,no,rainy,internvl3,A,phase2_linguistic,negated,AW_A_03,"No, the weather is not dry enough that wipers would not be needed. The image shows raindrops on the windshield, indicating it is raining.",no,1,1.56
adverse_weather,b4201bd2-75c1998d.jpg,AW_H_06_v2,hazard,Could light reflections off the wet road surface cause visual impairment for the driver?,no,rainy,internvl3,A,phase2_linguistic,paraphrase,AW_H_06,"Yes, light reflections off the wet road surface could cause visual impairment for the driver, as the wet road can create glare and reflections from streetlights or vehicle lights.",yes,0,1.7
adverse_weather,b4201bd2-75c1998d.jpg,AW_H_06_v3,hazard,Is there no risk of glare from headlights or reflections in this scene?,yes,rainy,internvl3,A,phase2_linguistic,negated,AW_H_06,"No, there is a risk of glare from reflections. The rain on the windshield can create reflections and distort the view, increasing the risk of glare from oncoming headlights.",no,0,1.75
adverse_weather,b4201bd2-75c1998d.jpg,AW_ADV_01_v2,adversarial,Can the type of road be identified from this image despite the weather conditions?,yes,rainy,internvl3,A,phase2_linguistic,paraphrase,AW_ADV_01,"Yes, the road can be identified as an urban street despite the weather conditions. The image shows a street lined with buildings and vehicles, indicating an urban setting.",yes,1,1.66
adverse_weather,b4201bd2-75c1998d.jpg,AW_ADV_01_v3,adversarial,Are weather conditions severe enough to make road type identification impossible?,no,rainy,internvl3,A,phase2_linguistic,negated,AW_ADV_01,"No, the road type is identifiable as a city street despite the rain and wet conditions. The presence of buildings, vehicles, and streetlights provide enough context to determine the road type.",no,1,1.91
adverse_weather,b4201bd2-75c1998d.jpg,AW_ADV_02_v2,adversarial,Are there any traffic signs or road markings that convey useful information here?,no,rainy,internvl3,A,phase2_linguistic,paraphrase,AW_ADV_02,"No, there are no clearly visible traffic signs or road markings that convey useful information in the image. The view is obstructed by raindrops, and the details are not clear enough to identify specific signs or markings.",no,1,2.24
adverse_weather,b4201bd2-75c1998d.jpg,AW_ADV_02_v3,adversarial,Are road signs and markings too obscured to provide speed or direction guidance?,yes,rainy,internvl3,A,phase2_linguistic,negated,AW_ADV_02,"Yes, the road signs and markings are obscured by raindrops on the windshield, making it difficult to provide clear speed or direction guidance.",yes,1,1.41
adverse_weather,b9b53753-91a5d5f8.jpg,AW_P_02,perception,Is it possible to read the colour of the traffic lights in this scene?,yes,rainy,internvl3,A,phase2_mode_a,original,AW_P_02,"No, it is not possible to read the color of the traffic lights in this scene. The image shows the traffic lights, but they are too far away and the details are not clear enough to determine their color.",no,0,2.16
adverse_weather,b9b53753-91a5d5f8.jpg,AW_A_03,action,Should the driver use windscreen wipers right now?,yes,rainy,internvl3,A,phase2_mode_a,original,AW_A_03,"Yes, the driver should use the windscreen wipers because the windshield is visibly wet, likely due to rain, which reduces visibility.",yes,1,1.42
adverse_weather,b9b53753-91a5d5f8.jpg,AW_H_06,hazard,Is there a risk of glare from headlights or wet road reflections in this scene?,no,rainy,internvl3,A,phase2_mode_a,original,AW_H_06,"Yes, there is a risk of glare from wet road reflections in this scene. The road is wet, which means that the headlights of oncoming vehicles could reflect off the wet surface, creating glare for drivers. Additionally, the overcast sky suggests low light conditions, increasing the likelihood that headlights would be on and contribute to glare.",yes,0,3.22
adverse_weather,b9b53753-91a5d5f8.jpg,AW_ADV_03,adversarial,Would a driver need to use headlights to safely navigate this scene?,no,rainy,internvl3,A,phase2_mode_a,original,AW_ADV_03,"Yes, a driver would need to use headlights. The road and surroundings are wet, indicating rain, and the lighting suggests it is overcast, which reduces visibility. Using headlights would help the driver see the road and other vehicles more clearly.",yes,0,2.39
adverse_weather,b9b53753-91a5d5f8.jpg,AW_ADV_03_v2,adversarial,Is it dark or visibility-reduced enough that headlights are necessary here?,no,rainy,internvl3,A,phase2_linguistic,paraphrase,AW_ADV_03,"Yes, it is visibility-reduced enough that headlights are necessary. The image shows a rainy, overcast day, which typically reduces visibility, making headlights useful.",yes,0,1.64
adverse_weather,b9b53753-91a5d5f8.jpg,AW_ADV_03_v3,adversarial,Could a driver safely navigate this scene without turning on their headlights?,yes,rainy,internvl3,A,phase2_linguistic,negated,AW_ADV_03,"No, the driver would not be able to safely navigate this scene without turning on their headlights. The road and surroundings are wet, likely from recent rain, which increases the need for headlights to ensure visibility and safety. Additionally, the overcast sky suggests low light conditions.",no,0,2.67
adverse_weather,b9b53753-91a5d5f8.jpg,AW_A_03_v2,action,Are windscreen wipers needed given the weather shown in this image?,yes,rainy,internvl3,A,phase2_linguistic,paraphrase,AW_A_03,"Yes, windscreen wipers are needed. The image shows rain on the windshield, indicating wet weather conditions.",yes,1,1.19
adverse_weather,b9b53753-91a5d5f8.jpg,AW_A_03_v3,action,Is the weather dry enough that wipers would not be needed?,no,rainy,internvl3,A,phase2_linguistic,negated,AW_A_03,"No, the weather is not dry enough that wipers would not be needed. The image shows raindrops on the windshield and wet streets, indicating it is raining.",no,1,1.7
adverse_weather,b9b53753-91a5d5f8.jpg,AW_H_06_v2,hazard,Could light reflections off the wet road surface cause visual impairment for the driver?,no,rainy,internvl3,A,phase2_linguistic,paraphrase,AW_H_06,"Yes, light reflections off the wet road surface could cause visual impairment for the driver, as they may create glare or reflections that obscure the view of the road and other vehicles.",yes,0,1.79
adverse_weather,b9b53753-91a5d5f8.jpg,AW_H_06_v3,hazard,Is there no risk of glare from headlights or reflections in this scene?,yes,rainy,internvl3,A,phase2_linguistic,negated,AW_H_06,"No, there is a risk of glare from reflections in this scene. The wet road surface can reflect headlights, creating glare for drivers.",no,0,1.42
adverse_weather,b9b53753-91a5d5f8.jpg,AW_P_02_v2,perception,Are the traffic light colours in this scene legible to the driver?,yes,rainy,internvl3,A,phase2_linguistic,paraphrase,AW_P_02,"Yes, the traffic light colors are legible. The red light is clearly visible, indicating a stop signal.",yes,1,1.19
adverse_weather,b9b53753-91a5d5f8.jpg,AW_P_02_v3,perception,Are traffic light colours too difficult to distinguish in these conditions?,no,rainy,internvl3,A,phase2_linguistic,negated,AW_P_02,"Yes, the traffic light colors are difficult to distinguish in these conditions because the image is overcast and the lights appear dim and less distinct.",yes,0,1.47
adverse_weather,b79d7247-6750fc90.jpg,AW_A_02,action,Should the driver slow down below the speed limit given current conditions?,no,rainy,internvl3,A,phase2_mode_a,original,AW_A_02,"Yes, the driver should slow down below the speed limit. The image shows heavy rain and wet road conditions, which can reduce traction and increase stopping distance. Driving slower will help ensure safety in such weather.",yes,0,2.08
adverse_weather,b79d7247-6750fc90.jpg,AW_A_03,action,Should the driver use windscreen wipers right now?,yes,rainy,internvl3,A,phase2_mode_a,original,AW_A_03,"Yes, the driver should use the windscreen wipers right now because the windshield is covered with raindrops, indicating it is raining and visibility is reduced.",yes,1,1.62
adverse_weather,b79d7247-6750fc90.jpg,AW_H_06,hazard,Is there a risk of glare from headlights or wet road reflections in this scene?,no,rainy,internvl3,A,phase2_mode_a,original,AW_H_06,"Yes, there is a risk of glare from headlights or wet road reflections in this scene. The road and vehicles are wet, which can cause reflections from headlights, increasing the risk of glare.",yes,0,1.95
adverse_weather,b79d7247-6750fc90.jpg,AW_ADV_01,adversarial,"Despite the weather, can you still identify what type of road this is?",yes,rainy,internvl3,A,phase2_mode_a,original,AW_ADV_01,"Yes, the road appears to be a multi-lane urban highway or bridge, as indicated by the elevated structure and the presence of multiple vehicles, including trucks and cars, in a structured traffic flow.",yes,1,2.04
adverse_weather,b79d7247-6750fc90.jpg,AW_ADV_02,adversarial,Are any road signs or markings visible that convey speed or direction information?,yes,rainy,internvl3,A,phase2_mode_a,original,AW_ADV_02,"No, there are no visible road signs or markings that convey speed or direction information in the image. The view is obstructed by rain and the focus is on traffic and infrastructure.",no,0,1.85
adverse_weather,b79d7247-6750fc90.jpg,AW_ADV_03,adversarial,Would a driver need to use headlights to safely navigate this scene?,no,rainy,internvl3,A,phase2_mode_a,original,AW_ADV_03,"Yes, a driver would need to use headlights. The image shows a rainy day with reduced visibility, making headlights necessary for safe navigation.",yes,0,1.43
adverse_weather,b79d7247-6750fc90.jpg,AW_ADV_03_v2,adversarial,Is it dark or visibility-reduced enough that headlights are necessary here?,no,rainy,internvl3,A,phase2_linguistic,paraphrase,AW_ADV_03,"Yes, visibility is reduced enough that headlights are necessary. The image shows rain and wet conditions, with limited light, making headlights useful for visibility.",yes,0,1.52
adverse_weather,b79d7247-6750fc90.jpg,AW_ADV_03_v3,adversarial,Could a driver safely navigate this scene without turning on their headlights?,yes,rainy,internvl3,A,phase2_linguistic,negated,AW_ADV_03,"No, the driver would not be able to safely navigate this scene without turning on their headlights because the road and vehicles are wet, likely due to rain, which reduces visibility.",no,0,1.79
adverse_weather,b79d7247-6750fc90.jpg,AW_A_03_v2,action,Are windscreen wipers needed given the weather shown in this image?,yes,rainy,internvl3,A,phase2_linguistic,paraphrase,AW_A_03,"Yes, windscreen wipers are needed. The image shows raindrops on the windshield, indicating wet weather conditions that require the use of wipers for clear visibility.",yes,1,1.69
adverse_weather,b79d7247-6750fc90.jpg,AW_A_03_v3,action,Is the weather dry enough that wipers would not be needed?,no,rainy,internvl3,A,phase2_linguistic,negated,AW_A_03,"No, the weather is not dry enough that wipers would not be needed. The image shows raindrops on the windshield, indicating it is raining, which requires the use of windshield wipers.",no,1,1.98
adverse_weather,b79d7247-6750fc90.jpg,AW_H_06_v2,hazard,Could light reflections off the wet road surface cause visual impairment for the driver?,no,rainy,internvl3,A,phase2_linguistic,paraphrase,AW_H_06,"Yes, light reflections off the wet road surface could cause visual impairment for the driver, as the glare from vehicles' lights and reflections can be distracting and reduce visibility.",yes,0,1.7
adverse_weather,b79d7247-6750fc90.jpg,AW_H_06_v3,hazard,Is there no risk of glare from headlights or reflections in this scene?,yes,rainy,internvl3,A,phase2_linguistic,negated,AW_H_06,"No, there is a risk of glare from headlights or reflections. The image shows rain on the windshield, which can make reflections and glare from headlights more pronounced and potentially hazardous.",no,0,1.8
adverse_weather,b79d7247-6750fc90.jpg,AW_ADV_01_v2,adversarial,Can the type of road be identified from this image despite the weather conditions?,yes,rainy,internvl3,A,phase2_linguistic,paraphrase,AW_ADV_01,"Yes, the road can be identified as a multi-lane urban highway or bridge due to the presence of large vehicles, overhead structures, and lane markings, despite the rainy weather.",yes,1,1.84
adverse_weather,b79d7247-6750fc90.jpg,AW_ADV_01_v3,adversarial,Are weather conditions severe enough to make road type identification impossible?,no,rainy,internvl3,A,phase2_linguistic,negated,AW_ADV_01,"No, the road type is visible. The image shows a multi-lane road with vehicles, including trucks and cars, indicating it is likely a highway or city street. The rain and wet conditions are evident, but the road type is identifiable.",no,1,2.45
adverse_weather,b79d7247-6750fc90.jpg,AW_ADV_02_v2,adversarial,Are there any traffic signs or road markings that convey useful information here?,yes,rainy,internvl3,A,phase2_linguistic,paraphrase,AW_ADV_02,"No, there are no visible traffic signs or road markings in the image that convey useful information. The view is obstructed by rain and the scene primarily shows vehicles and an overpass.",no,0,1.88
adverse_weather,b79d7247-6750fc90.jpg,AW_ADV_02_v3,adversarial,Are road signs and markings too obscured to provide speed or direction guidance?,no,rainy,internvl3,A,phase2_linguistic,negated,AW_ADV_02,"Yes, the road signs and markings are obscured by the rain and reflections, making it difficult to provide clear speed or direction guidance.",yes,0,1.38
adverse_weather,b79d7247-6750fc90.jpg,AW_A_02_v2,action,Do the road conditions shown here warrant driving below the posted speed limit?,no,rainy,internvl3,A,phase2_linguistic,paraphrase,AW_A_02,"Yes, because the road is wet and there is reduced visibility due to rain, driving below the posted speed limit for safer conditions.",yes,0,1.38
adverse_weather,b79d7247-6750fc90.jpg,AW_A_02_v3,action,Are conditions safe enough to drive at the normal speed limit here?,yes,rainy,internvl3,A,phase2_linguistic,negated,AW_A_02,"No, conditions are not safe enough to drive at the normal speed limit due to heavy rain and reduced visibility.",no,0,1.19
adverse_weather,c30f959a-bd87aa16.jpg,AW_P_02,perception,Is it possible to read the colour of the traffic lights in this scene?,yes,rainy,internvl3,A,phase2_mode_a,original,AW_P_02,"Yes, it is possible to read the color of the traffic lights in this scene. The traffic lights are red, as seen in the image.",yes,1,1.51
adverse_weather,c30f959a-bd87aa16.jpg,AW_A_03,action,Should the driver use windscreen wipers right now?,yes,rainy,internvl3,A,phase2_mode_a,original,AW_A_03,"Yes, the driver should use windscreen wipers right now because there are visible raindrops on the windshield, reducing visibility.",yes,1,1.33
adverse_weather,c30f959a-bd87aa16.jpg,AW_H_06,hazard,Is there a risk of glare from headlights or wet road reflections in this scene?,no,rainy,internvl3,A,phase2_mode_a,original,AW_H_06,"Yes, there is a risk of glare from headlights or wet road reflections in this scene. The image shows a wet road with visible raindrops on the windshield, which can reflect headlights, increasing the risk of glare.",yes,0,2.18
adverse_weather,c30f959a-bd87aa16.jpg,AW_ADV_02,adversarial,Are any road signs or markings visible that convey speed or direction information?,yes,rainy,internvl3,A,phase2_mode_a,original,AW_ADV_02,"No, there are no road signs or markings visible in the image that convey speed or direction information. The visible sign is a ""Call Police"" sign, which does not provide speed or direction information.",no,0,2.02
adverse_weather,c30f959a-bd87aa16.jpg,AW_ADV_03,adversarial,Would a driver need to use headlights to safely navigate this scene?,no,rainy,internvl3,A,phase2_mode_a,original,AW_ADV_03,"Yes, a driver would need to use headlights. The image shows overcast weather with low visibility, which typically requires the use of headlights for safe navigation.",yes,0,1.62
adverse_weather,c30f959a-bd87aa16.jpg,AW_ADV_03_v2,adversarial,Is it dark or visibility-reduced enough that headlights are necessary here?,no,rainy,internvl3,A,phase2_linguistic,paraphrase,AW_ADV_03,"Yes, visibility is reduced enough that headlights are necessary. The image shows a cloudy, overcast sky, and the scene is dimly lit, indicating that headlights are on for better visibility.",yes,0,1.93
adverse_weather,c30f959a-bd87aa16.jpg,AW_ADV_03_v3,adversarial,Could a driver safely navigate this scene without turning on their headlights?,yes,rainy,internvl3,A,phase2_linguistic,negated,AW_ADV_03,"No, the driver would not be able to safely navigate this scene without turning on their headlights because the weather appears to be overcast, and there are visible raindrops on the windshield, which would reduce visibility. Additionally, the traffic lights are visible but not clearly illuminated, suggesting low light conditions.",no,0,2.91
adverse_weather,c30f959a-bd87aa16.jpg,AW_A_03_v2,action,Are windscreen wipers needed given the weather shown in this image?,yes,rainy,internvl3,A,phase2_linguistic,paraphrase,AW_A_03,"Yes, windscreen wipers are needed because the windshield is covered with raindrops, indicating rainy weather.",yes,1,1.15
adverse_weather,c30f959a-bd87aa16.jpg,AW_A_03_v3,action,Is the weather dry enough that wipers would not be needed?,no,rainy,internvl3,A,phase2_linguistic,negated,AW_A_03,"No, the weather is not dry enough that wipers would not be needed. The image shows raindrops on the windshield, indicating it is raining.",no,1,1.56
adverse_weather,c30f959a-bd87aa16.jpg,AW_H_06_v2,hazard,Could light reflections off the wet road surface cause visual impairment for the driver?,no,rainy,internvl3,A,phase2_linguistic,paraphrase,AW_H_06,"Yes, light reflections off the wet road surface could cause visual impairment for the driver, as the wet conditions can create glare and reflections from streetlights or other sources.",yes,0,1.7
adverse_weather,c30f959a-bd87aa16.jpg,AW_H_06_v3,hazard,Is there no risk of glare from headlights or reflections in this scene?,yes,rainy,internvl3,A,phase2_linguistic,negated,AW_H_06,"No, there is a risk of glare from reflections. The image shows a rainy and overcast sky, which can cause reflections and glare off surfaces like car windows and wet roads.",no,0,1.83
adverse_weather,c30f959a-bd87aa16.jpg,AW_ADV_02_v2,adversarial,Are there any traffic signs or road markings that convey useful information here?,yes,rainy,internvl3,A,phase2_linguistic,paraphrase,AW_ADV_02,"Yes, there is a traffic sign indicating ""Call Ahead"" for a lot, which conveys useful information about parking requirements or availability.",yes,1,1.42
adverse_weather,c30f959a-bd87aa16.jpg,AW_ADV_02_v3,adversarial,Are road signs and markings too obscured to provide speed or direction guidance?,no,rainy,internvl3,A,phase2_linguistic,negated,AW_ADV_02,"Yes, the road signs and markings are obscured by snow and ice, making it difficult to provide clear speed or direction guidance.",yes,0,1.33
adverse_weather,c30f959a-bd87aa16.jpg,AW_P_02_v2,perception,Are the traffic light colours in this scene legible to the driver?,yes,rainy,internvl3,A,phase2_linguistic,paraphrase,AW_P_02,"Yes, the traffic light colors are legible to the driver. The image shows a red light, which is clearly visible and indicates to stop.",yes,1,1.51
adverse_weather,c30f959a-bd87aa16.jpg,AW_P_02_v3,perception,Are traffic light colours too difficult to distinguish in these conditions?,no,rainy,internvl3,A,phase2_linguistic,negated,AW_P_02,"Yes, the traffic light colors are too difficult to distinguish due to the overcast sky and potential glare on the wet surface.",yes,0,1.32
adverse_weather,c3a5542d-132f75f3.jpg,AW_A_02,action,Should the driver slow down below the speed limit given current conditions?,no,rainy,internvl3,A,phase2_mode_a,original,AW_A_02,"Yes, the driver should slow down below the speed limit. The road is wet and covered with rain, which reduces visibility and increases stopping distances. Driving slower helps maintain control of the vehicle in these conditions.",yes,0,2.07
adverse_weather,c3a5542d-132f75f3.jpg,AW_A_03,action,Should the driver use windscreen wipers right now?,yes,rainy,internvl3,A,phase2_mode_a,original,AW_A_03,"Yes, the driver should use windscreen wipers right now because the windshield is covered with raindrops, reducing visibility.",yes,1,1.28
adverse_weather,c3a5542d-132f75f3.jpg,AW_H_06,hazard,Is there a risk of glare from headlights or wet road reflections in this scene?,no,rainy,internvl3,A,phase2_mode_a,original,AW_H_06,"Yes, there is a risk of glare from headlights or wet road reflections in this scene.

Reasoning: The image shows a rainy and overcast day with wet roads. The headlights of oncoming vehicles and the reflections from the wet road can create potential glare, which can be hazardous for drivers.",yes,0,2.9
adverse_weather,c3a5542d-132f75f3.jpg,AW_ADV_01,adversarial,"Despite the weather, can you still identify what type of road this is?",yes,rainy,internvl3,A,phase2_mode_a,original,AW_ADV_01,"Yes, it appears to be a highway or multi-lane road, as indicated by the multiple lanes and the presence of other vehicles.",yes,1,1.41
adverse_weather,c3a5542d-132f75f3.jpg,AW_ADV_02,adversarial,Are any road signs or markings visible that convey speed or direction information?,no,rainy,internvl3,A,phase2_mode_a,original,AW_ADV_02,"No, there are no road signs or markings visible in the image that convey speed or direction information. The image shows a rainy road with vehicles, but no clear signs or markings are visible.",no,1,1.92
adverse_weather,c3a5542d-132f75f3.jpg,AW_ADV_03,adversarial,Would a driver need to use headlights to safely navigate this scene?,no,rainy,internvl3,A,phase2_mode_a,original,AW_ADV_03,"Yes. The image shows a rainy day with reduced visibility, making headlights necessary for other drivers to see the car and for the driver to see the surroundings safely.",yes,0,1.64
adverse_weather,c3a5542d-132f75f3.jpg,AW_ADV_03_v2,adversarial,Is it dark or visibility-reduced enough that headlights are necessary here?,no,rainy,internvl3,A,phase2_linguistic,paraphrase,AW_ADV_03,"Yes, visibility is reduced enough that headlights are necessary. The image shows rain on the windshield and the road, with other vehicles' headlights and taillights visible, indicating low visibility conditions.",yes,0,1.93
adverse_weather,c3a5542d-132f75f3.jpg,AW_ADV_03_v3,adversarial,Could a driver safely navigate this scene without turning on their headlights?,yes,rainy,internvl3,A,phase2_linguistic,negated,AW_ADV_03,"No, the driver would not be able to safely navigate this scene without turning on their headlights because the road and weather conditions (rain and possibly low visibility) require additional illumination to see vehicles and road markings clearly.",no,0,2.11
adverse_weather,c3a5542d-132f75f3.jpg,AW_A_03_v2,action,Are windscreen wipers needed given the weather shown in this image?,yes,rainy,internvl3,A,phase2_linguistic,paraphrase,AW_A_03,"Yes, windscreen wipers are needed. The image shows raindrops on the windshield, indicating wet weather conditions that require the use of wipers for clear visibility.",yes,1,1.7
adverse_weather,c3a5542d-132f75f3.jpg,AW_A_03_v3,action,Is the weather dry enough that wipers would not be needed?,no,rainy,internvl3,A,phase2_linguistic,negated,AW_A_03,"No, the weather is not dry enough that wipers would not be needed. The image shows raindrops on the windshield, indicating it is raining, which requires the use of windshield wipers.",no,1,1.97
adverse_weather,c3a5542d-132f75f3.jpg,AW_H_06_v2,hazard,Could light reflections off the wet road surface cause visual impairment for the driver?,no,rainy,internvl3,A,phase2_linguistic,paraphrase,AW_H_06,"Yes, light reflections off the wet road surface could cause visual impairment for the driver, as they may create glare and reduce visibility.",yes,0,1.37
adverse_weather,c3a5542d-132f75f3.jpg,AW_H_06_v3,hazard,Is there no risk of glare from headlights or reflections in this scene?,yes,rainy,internvl3,A,phase2_linguistic,negated,AW_H_06,"No, there is a risk of glare from headlights or reflections. The image shows a rainy and overcast day, with vehicles' headlights on, which can create glare and reflections on the wet road and windshield.",no,0,2.11
adverse_weather,c3a5542d-132f75f3.jpg,AW_ADV_01_v2,adversarial,Can the type of road be identified from this image despite the weather conditions?,yes,rainy,internvl3,A,phase2_linguistic,paraphrase,AW_ADV_01,"Yes, the road can be identified as a highway or freeway due to the multiple lanes and the presence of dashed yellow lines in the center.",yes,1,1.47
adverse_weather,c3a5542d-132f75f3.jpg,AW_ADV_01_v3,adversarial,Are weather conditions severe enough to make road type identification impossible?,no,rainy,internvl3,A,phase2_linguistic,negated,AW_ADV_01,"No, the road type is identifiable as a multi-lane highway or road, despite the rainy and wet conditions. The presence of lane markings and vehicles on the road allows for this identification.",no,1,1.93
adverse_weather,c3a5542d-132f75f3.jpg,AW_ADV_02_v2,adversarial,Are there any traffic signs or road markings that convey useful information here?,no,rainy,internvl3,A,phase2_linguistic,paraphrase,AW_ADV_02,"No, there are no visible traffic signs or road markings that convey useful information in the image. The view is obstructed by rain and the road markings are not clearly visible.",no,1,1.79
adverse_weather,c3a5542d-132f75f3.jpg,AW_ADV_02_v3,adversarial,Are road signs and markings too obscured to provide speed or direction guidance?,yes,rainy,internvl3,A,phase2_linguistic,negated,AW_ADV_02,"Yes, road signs and markings are obscured by the rain and wet conditions, making it difficult to provide clear speed or direction guidance.",yes,1,1.37
adverse_weather,c3a5542d-132f75f3.jpg,AW_A_02_v2,action,Do the road conditions shown here warrant driving below the posted speed limit?,no,rainy,internvl3,A,phase2_linguistic,paraphrase,AW_A_02,"Yes, the road is wet and there are other vehicles present, which may require reducing speed for safety.",yes,0,1.15
adverse_weather,c3a5542d-132f75f3.jpg,AW_A_02_v3,action,Are conditions safe enough to drive at the normal speed limit here?,yes,rainy,internvl3,A,phase2_linguistic,negated,AW_A_02,"No, conditions are not safe enough to drive at the normal speed limit due to the wet and slippery road, as indicated by the rain and reduced visibility.",no,0,1.61
adverse_weather,c38e77f6-edc3c34b.jpg,AW_P_02,perception,Is it possible to read the colour of the traffic lights in this scene?,yes,rainy,internvl3,A,phase2_mode_a,original,AW_P_02,"No, it is not possible to read the color of the traffic lights in this scene. The image is taken from inside a vehicle, looking through a rain-streaked window, and the traffic lights are not clearly visible due to the weather and angle.",no,0,2.56
adverse_weather,c38e77f6-edc3c34b.jpg,AW_A_03,action,Should the driver use windscreen wipers right now?,yes,rainy,internvl3,A,phase2_mode_a,original,AW_A_03,"Yes, the driver should use windscreen wipers right now because the glass is covered with raindrops, which obstructs clear visibility.",yes,1,1.43
adverse_weather,c38e77f6-edc3c34b.jpg,AW_H_06,hazard,Is there a risk of glare from headlights or wet road reflections in this scene?,no,rainy,internvl3,A,phase2_mode_a,original,AW_H_06,"Yes, there is a risk of glare from headlights or wet road reflections in this scene. The image shows a rainy day with wet roads, and the presence of vehicles' headlights and reflections on the wet surface can increase the risk of glare.",yes,0,2.41
adverse_weather,c38e77f6-edc3c34b.jpg,AW_ADV_01,adversarial,"Despite the weather, can you still identify what type of road this is?",yes,rainy,internvl3,A,phase2_mode_a,original,AW_ADV_01,"Yes, despite the weather, it is clear that this is an urban road. The image shows tall buildings lining both sides, typical of a city street, and there are multiple vehicles, including cars and trucks, indicating it is a busy road. The presence of traffic lights and street signs further confirms it is a city road.",yes,1,3.21
adverse_weather,c38e77f6-edc3c34b.jpg,AW_ADV_02,adversarial,Are any road signs or markings visible that convey speed or direction information?,yes,rainy,internvl3,A,phase2_mode_a,original,AW_ADV_02,"No, there are no road signs or markings visible in the image that convey speed or direction information. The view is obstructed by raindrops, and the details of the road signs are not clear.",no,0,2.04
adverse_weather,c38e77f6-edc3c34b.jpg,AW_ADV_03,adversarial,Would a driver need to use headlights to safely navigate this scene?,no,rainy,internvl3,A,phase2_mode_a,original,AW_ADV_03,"Yes, a driver would need to use headlights to safely navigate this scene. The image shows a rainy day with reduced visibility, and the headlights would help the driver see the road and other vehicles more clearly.",yes,0,2.08
adverse_weather,c38e77f6-edc3c34b.jpg,AW_ADV_03_v2,adversarial,Is it dark or visibility-reduced enough that headlights are necessary here?,no,rainy,internvl3,A,phase2_linguistic,paraphrase,AW_ADV_03,"Yes, it is visibility-reduced enough that headlights are necessary. The image shows a rainy scene with wet windows, which likely reduces visibility, making headlights useful.",yes,0,1.67
adverse_weather,c38e77f6-edc3c34b.jpg,AW_ADV_03_v3,adversarial,Could a driver safely navigate this scene without turning on their headlights?,yes,rainy,internvl3,A,phase2_linguistic,negated,AW_ADV_03,"No, the driver would not be able to safely navigate this scene without turning on their headlights because the image shows a rainy day with reduced visibility, and the headlights would help improve the driver's's ability to see see the road and other vehicles.",no,0,2.45
adverse_weather,c38e77f6-edc3c34b.jpg,AW_A_03_v2,action,Are windscreen wipers needed given the weather shown in this image?,yes,rainy,internvl3,A,phase2_linguistic,paraphrase,AW_A_03,"Yes, windscreen wipers are needed. The image shows raindrops on the window, indicating wet weather conditions.",yes,1,1.24
adverse_weather,c38e77f6-edc3c34b.jpg,AW_A_03_v3,action,Is the weather dry enough that wipers would not be needed?,no,rainy,internvl3,A,phase2_linguistic,negated,AW_A_03,"No, the weather is not dry enough that wipers would not be needed. The image shows raindrops on the window, indicating it is raining, which would require the use of windshield wipers.",no,1,2.04
adverse_weather,c38e77f6-edc3c34b.jpg,AW_H_06_v2,hazard,Could light reflections off the wet road surface cause visual impairment for the driver?,no,rainy,internvl3,A,phase2_linguistic,paraphrase,AW_H_06,"Yes, light reflections off the wet road surface could cause visual impairment for the driver, as the glare from the wet conditions can make it harder to see the road and other vehicles clearly.",yes,0,1.9
adverse_weather,c38e77f6-edc3c34b.jpg,AW_H_06_v3,hazard,Is there no risk of glare from headlights or reflections in this scene?,yes,rainy,internvl3,A,phase2_linguistic,negated,AW_H_06,"No, there is a risk of glare from reflections in this scene. The image shows a rainy day with wet surfaces, which can reflect light, potentially causing glare from vehicle headlights.",no,0,1.85
adverse_weather,c38e77f6-edc3c34b.jpg,AW_ADV_01_v2,adversarial,Can the type of road be identified from this image despite the weather conditions?,yes,rainy,internvl3,A,phase2_linguistic,paraphrase,AW_ADV_01,"Yes, the road can be identified as an urban street despite the weather conditions. The image shows tall buildings, vehicles, and traffic signals, which are typical of a city environment.",yes,1,1.84
adverse_weather,c38e77f6-edc3c34b.jpg,AW_ADV_01_v3,adversarial,Are weather conditions severe enough to make road type identification impossible?,no,rainy,internvl3,A,phase2_linguistic,negated,AW_ADV_01,"No, the weather conditions do not make road type identification impossible. The rain creates a blurred effect, but the road is still visible enough to identify it as an urban street with vehicles and buildings.",no,1,1.98
adverse_weather,c38e77f6-edc3c34b.jpg,AW_ADV_02_v2,adversarial,Are there any traffic signs or road markings that convey useful information here?,yes,rainy,internvl3,A,phase2_linguistic,paraphrase,AW_ADV_02,"Yes, there is a traffic sign visible in the image. It appears to be a green street sign on the left side of the image, which likely provides information such as street names or directions.",yes,1,1.97
adverse_weather,c38e77f6-edc3c34b.jpg,AW_ADV_02_v3,adversarial,Are road signs and markings too obscured to provide speed or direction guidance?,no,rainy,internvl3,A,phase2_linguistic,negated,AW_ADV_02,"Yes, the road signs and markings are obscured by raindrops on the window, making it difficult to provide clear speed or direction guidance.",yes,0,1.42
adverse_weather,c38e77f6-edc3c34b.jpg,AW_P_02_v2,perception,Are the traffic light colours in this scene legible to the driver?,yes,rainy,internvl3,A,phase2_linguistic,paraphrase,AW_P_02,"No, the traffic light colors are not legible due to the rain and glare in the image.",no,0,1.1
adverse_weather,c38e77f6-edc3c34b.jpg,AW_P_02_v3,perception,Are traffic light colours too difficult to distinguish in these conditions?,no,rainy,internvl3,A,phase2_linguistic,negated,AW_P_02,"Yes, the traffic light colors are too difficult to distinguish due to the rain and glare on the window.",yes,0,1.14
adverse_weather,6410ded7-e1a1132d.jpg,AW_P_02,perception,Is it possible to read the colour of the traffic lights in this scene?,no,foggy,internvl3,A,phase2_mode_a,original,AW_P_02,"Yes, it is possible to read the color of the traffic lights in this scene. The traffic light is yellow.",yes,0,1.25
adverse_weather,6410ded7-e1a1132d.jpg,AW_A_02,action,Should the driver slow down below the speed limit given current conditions?,yes,foggy,internvl3,A,phase2_mode_a,original,AW_A_02,"Yes. The image shows foggy conditions, which typically require drivers to reduce their speed to ensure safety, even if it's below the posted speed limit.",yes,1,1.61
adverse_weather,6410ded7-e1a1132d.jpg,AW_A_03,action,Should the driver use windscreen wipers right now?,no,foggy,internvl3,A,phase2_mode_a,original,AW_A_03,"Yes, the driver should use windscreen wipers because the road and surroundings are covered in fog, which reduces visibility.",yes,0,1.29
adverse_weather,6410ded7-e1a1132d.jpg,AW_A_04,action,Is it safe to attempt an overtake of the vehicle ahead in these conditions?,no,foggy,internvl3,A,phase2_mode_a,original,AW_A_04,"No, it is not safe to attempt an overtake in these conditions. The road is foggy, reducing visibility, and the speed limit is 2 low (225 mph), making it hazardous to overtake.",no,1,2.28
adverse_weather,6410ded7-e1a1132d.jpg,AW_H_06,hazard,Is there a risk of glare from headlights or wet road reflections in this scene?,no,foggy,internvl3,A,phase2_mode_a,original,AW_H_06,"Yes, there is a risk of glare from headlights or wet road reflections in this scene. The road and surroundings are covered in a layer of fog, which can scatter light and cause glare from headlights or reflections off a wet road.",yes,0,2.32
adverse_weather,6410ded7-e1a1132d.jpg,AW_ADV_01,adversarial,"Despite the weather, can you still identify what type of road this is?",no,foggy,internvl3,A,phase2_mode_a,original,AW_ADV_01,"Yes, this is a two-way road. The image shows two lanes in each direction, separated by a dashed white line, indicating it is designed for traffic in both directions.",yes,0,1.8
adverse_weather,6410ded7-e1a1132d.jpg,AW_ADV_02,adversarial,Are any road signs or markings visible that convey speed or direction information?,no,foggy,internvl3,A,phase2_mode_a,original,AW_ADV_02,"Yes, there is a speed limit sign indicating ""Speed 2 25,"" which conveys speed information.",yes,0,1.24
adverse_weather,6410ded7-e1a1132d.jpg,AW_ADV_03,adversarial,Would a driver need to use headlights to safely navigate this scene?,yes,foggy,internvl3,A,phase2_mode_a,original,AW_ADV_03,"Yes, a driver would need to use headlights to safely navigate this scene. The image shows a foggy environment, which reduces visibility, making headlights necessary for other drivers to see the vehicle clearly.",yes,1,1.99
adverse_weather,6410ded7-e1a1132d.jpg,AW_ADV_03_v2,adversarial,Is it dark or visibility-reduced enough that headlights are necessary here?,yes,foggy,internvl3,A,phase2_linguistic,paraphrase,AW_ADV_03,"Yes, visibility is reduced enough that headlights are necessary. The image shows a foggy environment, which significantly reduces visibility, making headlights essential for safe driving.",yes,1,1.64
adverse_weather,6410ded7-e1a1132d.jpg,AW_ADV_03_v3,adversarial,Could a driver safely navigate this scene without turning on their headlights?,no,foggy,internvl3,A,phase2_linguistic,negated,AW_ADV_03,"No, a driver would not be able to safely navigate this scene without turning on their headlights due to the heavy fog, which significantly reduces visibility.",no,1,1.51
adverse_weather,6410ded7-e1a1132d.jpg,AW_A_03_v2,action,Are windscreen wipers needed given the weather shown in this image?,no,foggy,internvl3,A,phase2_linguistic,paraphrase,AW_A_03,"Yes, windscreen wipers are needed. The image shows heavy fog, which would require the use of windscreen wipers to maintain visibility.",yes,0,1.53
adverse_weather,6410ded7-e1a1132d.jpg,AW_A_03_v3,action,Is the weather dry enough that wipers would not be needed?,yes,foggy,internvl3,A,phase2_linguistic,negated,AW_A_03,"No, the weather is not dry enough that wipers would not be needed. 

Reasoning: The image shows a foggy environment, which typically requires windshield wipers to maintain visibility.",no,0,1.94
adverse_weather,6410ded7-e1a1132d.jpg,AW_H_06_v2,hazard,Could light reflections off the wet road surface cause visual impairment for the driver?,no,foggy,internvl3,A,phase2_linguistic,paraphrase,AW_H_06,"Yes, light reflections off the wet road surface could cause visual impairment for the driver, as the wet road and foggy conditions can reduce visibility.",yes,0,1.53
adverse_weather,6410ded7-e1a1132d.jpg,AW_H_06_v3,hazard,Is there no risk of glare from headlights or reflections in this scene?,yes,foggy,internvl3,A,phase2_linguistic,negated,AW_H_06,"No, there is a risk of glare from headlights or reflections. The scene is foggy, which can cause glare and reduce visibility.",no,0,1.43
adverse_weather,6410ded7-e1a1132d.jpg,AW_ADV_01_v2,adversarial,Can the type of road be identified from this image despite the weather conditions?,no,foggy,internvl3,A,phase2_linguistic,paraphrase,AW_ADV_01,"Yes, the road can be identified as a two-lane street with a speed limit sign indicating 2 25 mph, despite the foggy conditions. The road markings and traffic signs are visible.",yes,0,2.08
adverse_weather,6410ded7-e1a1132d.jpg,AW_ADV_01_v3,adversarial,Are weather conditions severe enough to make road type identification impossible?,yes,foggy,internvl3,A,phase2_linguistic,negated,AW_ADV_01,"No, the road type is identifiable as a two-lane street with clear lane markings, despite the foggy weather conditions.",no,0,1.34
adverse_weather,6410ded7-e1a1132d.jpg,AW_ADV_02_v2,adversarial,Are there any traffic signs or road markings that convey useful information here?,no,foggy,internvl3,A,phase2_linguistic,paraphrase,AW_ADV_02,"Yes, there is a speed limit sign indicating ""Speed 2 25,"" which conveys useful information about the speed limit on the road.",yes,0,1.57
adverse_weather,6410ded7-e1a1132d.jpg,AW_ADV_02_v3,adversarial,Are road signs and markings too obscured to provide speed or direction guidance?,yes,foggy,internvl3,A,phase2_linguistic,negated,AW_ADV_02,"Yes, the road signs and markings are too obscured by fog to provide clear speed or direction guidance. The visibility is significantly reduced, making it difficult to read the speed limit sign and see the road markings.",yes,1,2.08
adverse_weather,6410ded7-e1a1132d.jpg,AW_A_02_v2,action,Do the road conditions shown here warrant driving below the posted speed limit?,yes,foggy,internvl3,A,phase2_linguistic,paraphrase,AW_A_02,"Yes, the foggy conditions suggest driving below the posted speed limit for better safety.",yes,1,0.96
adverse_weather,6410ded7-e1a1132d.jpg,AW_A_02_v3,action,Are conditions safe enough to drive at the normal speed limit here?,no,foggy,internvl3,A,phase2_linguistic,negated,AW_A_02,"No, conditions are not safe enough to drive at the normal speed limit here. The image shows heavy fog, which reduces visibility, making it unsafe to drive at the normal speed limit of 2 25 mph.",no,1,2.2
adverse_weather,6410ded7-e1a1132d.jpg,AW_A_04_v2,action,Would it be safe to pass the vehicle ahead given current road and visibility conditions?,no,foggy,internvl3,A,phase2_linguistic,paraphrase,AW_A_04,"No, it would would not be safe to pass given the low visibility and potential for reduced reaction time due to fog.",no,1,1.3
adverse_weather,6410ded7-e1a1132d.jpg,AW_A_04_v3,action,Is overtaking the vehicle ahead unsafe in these conditions?,yes,foggy,internvl3,A,phase2_linguistic,negated,AW_A_04,"Yes, overtaking the vehicle ahead is unsafe in these conditions because of the low visibility caused by the fog.",yes,1,1.19
adverse_weather,6410ded7-e1a1132d.jpg,AW_P_02_v2,perception,Are the traffic light colours in this scene legible to the driver?,no,foggy,internvl3,A,phase2_linguistic,paraphrase,AW_P_02,"Yes, the traffic light colors are legible. The image shows a yellow light, which is clearly visible despite the fog.",yes,0,1.33
adverse_weather,6410ded7-e1a1132d.jpg,AW_P_02_v3,perception,Are traffic light colours too difficult to distinguish in these conditions?,yes,foggy,internvl3,A,phase2_linguistic,negated,AW_P_02,"Yes, the traffic light colors are too difficult to distinguish in these foggy conditions, as visibility is reduced and colors may appear washed out.",yes,1,1.48
adverse_weather,57116a0f-a87f10c7.jpg,AW_A_02,action,Should the driver slow down below the speed limit given current conditions?,yes,foggy,internvl3,A,phase2_mode_a,original,AW_A_02,"Yes, the driver should slow down below the speed limit. The image shows a rainy and possibly snowy condition with reduced visibility, which requires drivers to reduce their speed to ensure safe driving.",yes,1,2.08
adverse_weather,57116a0f-a87f10c7.jpg,AW_A_03,action,Should the driver use windscreen wipers right now?,no,foggy,internvl3,A,phase2_mode_a,original,AW_A_03,"Yes, the driver should use the windscreen wipers right now because the image shows rain or snow on the windshield, reducing visibility.",yes,0,1.43
adverse_weather,57116a0f-a87f10c7.jpg,AW_A_04,action,Is it safe to attempt an overtake of the vehicle ahead in these conditions?,no,foggy,internvl3,A,phase2_mode_a,original,AW_A_04,"No, it is not safe to attempt an overtake. The road is wet and visibility is poor due to weather conditions, making it hazardous to change to change.",no,1,1.69
adverse_weather,57116a0f-a87f10c7.jpg,AW_H_06,hazard,Is there a risk of glare from headlights or wet road reflections in this scene?,no,foggy,internvl3,A,phase2_mode_a,original,AW_H_06,"Yes, there is a risk of glare from headlights or wet road reflections in this scene. The weather appears to be overcast with rain, and the road is wet, which can cause reflections and potential glare from oncoming headlights.",yes,0,2.29
adverse_weather,57116a0f-a87f10c7.jpg,AW_ADV_01,adversarial,"Despite the weather, can you still identify what type of road this is?",no,foggy,internvl3,A,phase2_mode_a,original,AW_ADV_01,"Yes, it appears to be a highway or a multi-lane road, as there are multiple vehicles and lane markings visible.",yes,0,1.32
adverse_weather,57116a0f-a87f10c7.jpg,AW_ADV_02,adversarial,Are any road signs or markings visible that convey speed or direction information?,no,foggy,internvl3,A,phase2_mode_a,original,AW_ADV_02,"No, there are no road signs or markings visible in the image that convey speed or direction information. The image shows a view from inside a car, with trees and other vehicles on a road, but no clear signs or markings are visible.",no,1,2.38
adverse_weather,57116a0f-a87f10c7.jpg,AW_ADV_03,adversarial,Would a driver need to use headlights to safely navigate this scene?,yes,foggy,internvl3,A,phase2_mode_a,original,AW_ADV_03,"Yes, a driver would need to use headlights. The image shows a rainy and overcast day, with reduced visibility, making headlights necessary for safe navigation.",yes,1,1.61
adverse_weather,57116a0f-a87f10c7.jpg,AW_ADV_03_v2,adversarial,Is it dark or visibility-reduced enough that headlights are necessary here?,yes,foggy,internvl3,A,phase2_linguistic,paraphrase,AW_ADV_03,"Yes, visibility is reduced enough that headlights are necessary. The image shows a rainy or snowy day with low visibility, as indicated by the wet road and the fact that other vehicles' brake lights are visible.",yes,1,2.07
adverse_weather,57116a0f-a87f10c7.jpg,AW_ADV_03_v3,adversarial,Could a driver safely navigate this scene without turning on their headlights?,no,foggy,internvl3,A,phase2_linguistic,negated,AW_ADV_03,"No, the driver would not be able to safely navigate this scene without turning on their headlights. The weather appears to be rainy or snowy, with reduced visibility, making headlights necessary for safety.",no,1,1.92
adverse_weather,57116a0f-a87f10c7.jpg,AW_A_03_v2,action,Are windscreen wipers needed given the weather shown in this image?,no,foggy,internvl3,A,phase2_linguistic,paraphrase,AW_A_03,"Yes, windscreen wipers are needed. The image shows rain or snow on the windshield, which requires wipers to maintain visibility.",yes,0,1.41
adverse_weather,57116a0f-a87f10c7.jpg,AW_A_03_v3,action,Is the weather dry enough that wipers would not be needed?,yes,foggy,internvl3,A,phase2_linguistic,negated,AW_A_03,"No, the weather is not dry enough that wipers would not be needed. The image shows rain or snow on the windshield, requiring the wipers to be on.",no,0,1.73
adverse_weather,57116a0f-a87f10c7.jpg,AW_H_06_v2,hazard,Could light reflections off the wet road surface cause visual impairment for the driver?,no,foggy,internvl3,A,phase2_linguistic,paraphrase,AW_H_06,"Yes, light reflections off the wet road surface could cause visual impairment for the driver, as the wet conditions can create glare and reduce visibility.",yes,0,1.46
adverse_weather,57116a0f-a87f10c7.jpg,AW_H_06_v3,hazard,Is there no risk of glare from headlights or reflections in this scene?,yes,foggy,internvl3,A,phase2_linguistic,negated,AW_H_06,"No, there is a risk of glare from headlights or reflections. The scene shows a snowy, overcast day, which can increase the likelihood of glare from other vehicles' headlights.",no,0,1.83
adverse_weather,57116a0f-a87f10c7.jpg,AW_ADV_01_v2,adversarial,Can the type of road be identified from this image despite the weather conditions?,no,foggy,internvl3,A,phase2_linguistic,paraphrase,AW_ADV_01,"Yes, the road can be identified as a highway or freeway due to the multiple lanes and the presence of other vehicles in the distance.",yes,0,1.41
adverse_weather,57116a0f-a87f10c7.jpg,AW_ADV_01_v3,adversarial,Are weather conditions severe enough to make road type identification impossible?,yes,foggy,internvl3,A,phase2_linguistic,negated,AW_ADV_01,"Yes, the weather conditions, including heavy snow and reduced visibility, make it difficult to clearly identify the road type.",yes,1,1.22
adverse_weather,57116a0f-a87f10c7.jpg,AW_ADV_02_v2,adversarial,Are there any traffic signs or road markings that convey useful information here?,no,foggy,internvl3,A,phase2_linguistic,paraphrase,AW_ADV_02,"No, there are no visible traffic signs or road markings in the image that convey useful information. The scene shows a road with vehicles and trees, but no clear signs or markings are evident.",no,1,1.92
adverse_weather,57116a0f-a87f10c7.jpg,AW_ADV_02_v3,adversarial,Are road signs and markings too obscured to provide speed or direction guidance?,yes,foggy,internvl3,A,phase2_linguistic,negated,AW_ADV_02,"Yes, road signs and markings are too obscured due to the heavy snow and fog, making it difficult to provide clear speed or direction guidance.",yes,1,1.46
adverse_weather,57116a0f-a87f10c7.jpg,AW_A_02_v2,action,Do the road conditions shown here warrant driving below the posted speed limit?,yes,foggy,internvl3,A,phase2_linguistic,paraphrase,AW_A_02,"Yes, the road conditions, including snow and reduced visibility, likely warrant driving below the posted speed limit to ensure safety.",yes,1,1.27
adverse_weather,57116a0f-a87f10c7.jpg,AW_A_02_v3,action,Are conditions safe enough to drive at the normal speed limit here?,no,foggy,internvl3,A,phase2_linguistic,negated,AW_A_02,"No, conditions do not appear safe enough to drive at the normal speed limit due to the heavy snow and reduced visibility.",no,1,1.27
adverse_weather,57116a0f-a87f10c7.jpg,AW_A_04_v2,action,Would it be safe to pass the vehicle ahead given current road and visibility conditions?,no,foggy,internvl3,A,phase2_linguistic,paraphrase,AW_A_04,"No, it would would not be safe to pass. The road appears wet and visibility is low due to weather conditions, which would make passing risky.",no,1,1.56
adverse_weather,57116a0f-a87f10c7.jpg,AW_A_04_v3,action,Is overtaking the vehicle ahead unsafe in these conditions?,yes,foggy,internvl3,A,phase2_linguistic,negated,AW_A_04,"Yes, overtaking the vehicle ahead is unsafe in these conditions because the road is wet and visibility is poor, making it difficult to see other vehicles and obstacles.",yes,1,1.64
adverse_weather,6f47b2ae-1e3ba433.jpg,AW_A_02,action,Should the driver slow down below the speed limit given current conditions?,yes,foggy,internvl3,A,phase2_mode_a,original,AW_A_02,"Yes, the driver should slow down below the speed limit. The image shows a foggy street, which reduces visibility and increases the risk of accidents. Driving slower will help ensure safety in such conditions.",yes,1,2.2
adverse_weather,6f47b2ae-1e3ba433.jpg,AW_A_03,action,Should the driver use windscreen wipers right now?,no,foggy,internvl3,A,phase2_mode_a,original,AW_A_03,"Yes, the driver should use windscreen wipers because the scene is very foggy, which reduces visibility.",yes,0,1.18
adverse_weather,6f47b2ae-1e3ba433.jpg,AW_A_04,action,Is it safe to attempt an overtake of the vehicle ahead in these conditions?,no,foggy,internvl3,A,phase2_mode_a,original,AW_A_04,"No, it is not safe to attempt an overtake in these conditions. The road is foggy, reducing visibility, and there are parked cars on both sides, which could obscure oncoming traffic.",no,1,2.01
adverse_weather,6f47b2ae-1e3ba433.jpg,AW_H_06,hazard,Is there a risk of glare from headlights or wet road reflections in this scene?,no,foggy,internvl3,A,phase2_mode_a,original,AW_H_06,"Yes, there is a risk of glare from headlights or wet road reflections in this scene. The road and surroundings are wet, as evidenced by the sheen on the pavement and the fog, which can can cause reflections and glare from vehicle headlights.",yes,0,2.43
adverse_weather,6f47b2ae-1e3ba433.jpg,AW_ADV_01,adversarial,"Despite the weather, can you still identify what type of road this is?",no,foggy,internvl3,A,phase2_mode_a,original,AW_ADV_01,"Yes, it is a residential street. The image shows houses, parked cars, and typical suburban landscaping, indicating it's a residential area.",yes,0,1.47
adverse_weather,6f47b2ae-1e3ba433.jpg,AW_ADV_02,adversarial,Are any road signs or markings visible that convey speed or direction information?,no,foggy,internvl3,A,phase2_mode_a,original,AW_ADV_02,"No, there are no road signs or markings visible in the image that convey speed or direction information. The image shows a residential street with parked cars and houses, but no visible traffic signs or road markings indicating speed limits or directions.",no,1,2.29
adverse_weather,6f47b2ae-1e3ba433.jpg,AW_ADV_03,adversarial,Would a driver need to use headlights to safely navigate this scene?,yes,foggy,internvl3,A,phase2_mode_a,original,AW_ADV_03,"Yes, a driver would need to use headlights to safely navigate this scene. The image shows a foggy street, which reduces visibility, making headlights necessary for other drivers to see the vehicle clearly.",yes,1,1.97
adverse_weather,6f47b2ae-1e3ba433.jpg,AW_ADV_03_v2,adversarial,Is it dark or visibility-reduced enough that headlights are necessary here?,yes,foggy,internvl3,A,phase2_linguistic,paraphrase,AW_ADV_03,"Yes, visibility is reduced enough that headlights would be necessary. The image shows a foggy street, which significantly reduces visibility.",yes,1,1.32
adverse_weather,6f47b2ae-1e3ba433.jpg,AW_ADV_03_v3,adversarial,Could a driver safely navigate this scene without turning on their headlights?,no,foggy,internvl3,A,phase2_linguistic,negated,AW_ADV_03,"No, the driver would not be able to safely navigate this scene without turning on their headlights due to the heavy fog, which significantly reduces visibility.",no,1,1.5
adverse_weather,6f47b2ae-1e3ba433.jpg,AW_A_03_v2,action,Are windscreen wipers needed given the weather shown in this image?,no,foggy,internvl3,A,phase2_linguistic,paraphrase,AW_A_03,"Yes, windscreen wipers are needed. The image shows a foggy or misty weather condition, which would require the use of windscreen wipers to maintain visibility.",yes,0,1.78
adverse_weather,6f47b2ae-1e3ba433.jpg,AW_A_03_v3,action,Is the weather dry enough that wipers would not be needed?,yes,foggy,internvl3,A,phase2_linguistic,negated,AW_A_03,"No, the weather is not dry enough that wipers would not be needed. 

Reasoning: The image shows a foggy street, which would likely require windshield wipers to maintain visibility.",no,0,1.96
adverse_weather,6f47b2ae-1e3ba433.jpg,AW_H_06_v2,hazard,Could light reflections off the wet road surface cause visual impairment for the driver?,no,foggy,internvl3,A,phase2_linguistic,paraphrase,AW_H_06,"Yes, light reflections off the wet road surface could cause visual impairment for the driver, as the fog and wet conditions can create glare and reduce visibility.",yes,0,1.55
adverse_weather,6f47b2ae-1e3ba433.jpg,AW_H_06_v3,hazard,Is there no risk of glare from headlights or reflections in this scene?,yes,foggy,internvl3,A,phase2_linguistic,negated,AW_H_06,"Yes, there is no risk of glare from headlights or reflections. The image shows a foggy day, which diffuses light and reduces glare from headlights or reflections.",yes,1,1.69
adverse_weather,6f47b2ae-1e3ba433.jpg,AW_ADV_01_v2,adversarial,Can the type of road be identified from this image despite the weather conditions?,no,foggy,internvl3,A,phase2_linguistic,paraphrase,AW_ADV_01,"Yes, the road can be identified as a residential street despite the foggy conditions. The image shows houses, parked cars, and a typical suburban layout, which are characteristic of a residential area.",yes,0,1.97
adverse_weather,6f47b2ae-1e3ba433.jpg,AW_ADV_01_v3,adversarial,Are weather conditions severe enough to make road type identification impossible?,yes,foggy,internvl3,A,phase2_linguistic,negated,AW_ADV_01,"No, the road type is visible; it is a residential street. The fog affects visibility but doesn't obscure the road type.",no,0,1.36
adverse_weather,6f47b2ae-1e3ba433.jpg,AW_ADV_02_v2,adversarial,Are there any traffic signs or road markings that convey useful information here?,no,foggy,internvl3,A,phase2_linguistic,paraphrase,AW_ADV_02,"No, there are no visible traffic signs or road markings in the image that convey useful information. The scene shows parked cars and a foggy street, but no signs or markings are apparent.",no,1,1.92
adverse_weather,6f47b2ae-1e3ba433.jpg,AW_ADV_02_v3,adversarial,Are road signs and markings too obscured to provide speed or direction guidance?,yes,foggy,internvl3,A,phase2_linguistic,negated,AW_ADV_02,"Yes, the road signs and markings are obscured by fog, making it difficult to provide clear speed or direction guidance.",yes,1,1.23
adverse_weather,6f47b2ae-1e3ba433.jpg,AW_A_02_v2,action,Do the road conditions shown here warrant driving below the posted speed limit?,yes,foggy,internvl3,A,phase2_linguistic,paraphrase,AW_A_02,"Yes, the foggy conditions suggest reducing speed for safety.",yes,1,0.72
adverse_weather,6f47b2ae-1e3ba433.jpg,AW_A_02_v3,action,Are conditions safe enough to drive at the normal speed limit here?,no,foggy,internvl3,A,phase2_linguistic,negated,AW_A_02,"No, conditions are not safe enough to drive at the normal speed limit. The image shows heavy fog, which reduces visibility, making it hazardous to drive at normal speeds.",no,1,1.74
adverse_weather,6f47b2ae-1e3ba433.jpg,AW_A_04_v2,action,Would it be safe to pass the vehicle ahead given current road and visibility conditions?,no,foggy,internvl3,A,phase2_linguistic,paraphrase,AW_A_04,"No, it would would not be safe to pass given the foggy conditions and limited visibility.",no,1,1.05
adverse_weather,6f47b2ae-1e3ba433.jpg,AW_A_04_v3,action,Is overtaking the vehicle ahead unsafe in these conditions?,yes,foggy,internvl3,A,phase2_linguistic,negated,AW_A_04,"Yes, overtaking the vehicle ahead in these foggy conditions is unsafe due to reduced visibility.",yes,1,1.04
adverse_weather,b6642e30-93accfbe.jpg,AW_P_02,perception,Is it possible to read the colour of the traffic lights in this scene?,yes,snowy,internvl3,A,phase2_mode_a,original,AW_P_02,"No, it is not possible to read the color of the traffic lights in this scene. The image is taken at night, and the traffic lights appear as small, indistinct red lights in the distance, making it impossible to determine their actual color.",no,0,2.53
adverse_weather,b6642e30-93accfbe.jpg,AW_A_02,action,Should the driver slow down below the speed limit given current conditions?,yes,snowy,internvl3,A,phase2_mode_a,original,AW_A_02,"Yes, the driver should slow down below the speed limit. The image shows a narrow street with parked cars on both sides, and it appears to be dark with potential ice or snow on the road, which can reduce traction and increase stopping distance. Slowing down would help ensure safety in these conditions.",yes,1,2.96
adverse_weather,b6642e30-93accfbe.jpg,AW_A_03,action,Should the driver use windscreen wipers right now?,yes,snowy,internvl3,A,phase2_mode_a,original,AW_A_03,"No, the driver should not use the windscreen wipers right now. The image does not show any rain or snow on the windscreen; it appears to be clear.",no,0,1.79
adverse_weather,b6642e30-93accfbe.jpg,AW_A_04,action,Is it safe to attempt an overtake of the vehicle ahead in these conditions?,no,snowy,internvl3,A,phase2_mode_a,original,AW_A_04,"No, it is not safe to attempt an overtake in these conditions. The road is narrow, and there are parked cars on both sides, with limited visibility due to the nighttime setting and potential snow on the ground.",no,1,2.21
adverse_weather,b6642e30-93accfbe.jpg,AW_H_06,hazard,Is there a risk of glare from headlights or wet road reflections in this scene?,yes,snowy,internvl3,A,phase2_mode_a,original,AW_H_06,"Yes, there is a risk of glare from headlights or wet road reflections in this scene. The image shows a dark street with vehicles on both sides, and the presence of streetlights and vehicle headlights can create potential glare, especially in nighttime conditions. Additionally, the wet road from any recent precipitation could reflect these lights, increasing the risk of glare.",yes,1,3.38
adverse_weather,b6642e30-93accfbe.jpg,AW_ADV_01,adversarial,"Despite the weather, can you still identify what type of road this is?",yes,snowy,internvl3,A,phase2_mode_a,original,AW_ADV_01,"Yes, it appears to be a residential street, as indicated by the parked cars and the style of buildings on either side.",yes,1,1.33
adverse_weather,b6642e30-93accfbe.jpg,AW_ADV_02,adversarial,Are any road signs or markings visible that convey speed or direction information?,no,snowy,internvl3,A,phase2_mode_a,original,AW_ADV_02,"No, there are no road signs or markings visible in the image that convey speed or direction information. The image shows a street at night with parked cars and streetlights, but no clear signs or markings are visible.",no,1,2.15
adverse_weather,b6642e30-93accfbe.jpg,AW_ADV_03,adversarial,Would a driver need to use headlights to safely navigate this scene?,yes,snowy,internvl3,A,phase2_mode_a,original,AW_ADV_03,"Yes. The image shows a nighttime scene with low visibility, and the street is illuminated by streetlights. Using headlights would help the driver see vehicles and obstacles on the road, ensuring safe navigation.",yes,1,1.99
adverse_weather,b6642e30-93accfbe.jpg,AW_ADV_03_v2,adversarial,Is it dark or visibility-reduced enough that headlights are necessary here?,yes,snowy,internvl3,A,phase2_linguistic,paraphrase,AW_ADV_03,"Yes, it is dark, and visibility is reduced, making headlights necessary. The scene is taken at night, and streetlights and vehicle headlights are on, illuminating the road.",yes,1,1.84
adverse_weather,b6642e30-93accfbe.jpg,AW_ADV_03_v3,adversarial,Could a driver safely navigate this scene without turning on their headlights?,no,snowy,internvl3,A,phase2_linguistic,negated,AW_ADV_03,"No, the driver could not safely navigate this scene without turning on their headlights. The image shows a nighttime setting with low visibility, and the street is illuminated only by streetlights, which are not sufficient for safe driving. The headlights would provide the necessary illumination to see the road and surrounding vehicles clearly.",no,1,2.96
adverse_weather,b6642e30-93accfbe.jpg,AW_A_03_v2,action,Are windscreen wipers needed given the weather shown in this image?,yes,snowy,internvl3,A,phase2_linguistic,paraphrase,AW_A_03,"Yes, windscreen wipers are needed. The image shows snow on the ground and likely on the road, which would require the use of windscreen wipers to maintain visibility.",yes,1,1.85
adverse_weather,b6642e30-93accfbe.jpg,AW_A_03_v3,action,Is the weather dry enough that wipers would not be needed?,no,snowy,internvl3,A,phase2_linguistic,negated,AW_A_03,"No, the weather is not dry enough that wipers would not be needed. 

Reasoning: The image shows visible snow on the ground and on the sides of the road, indicating that the weather is likely snowy or at least cold enough for snow to be present. This would means windshield wipers would likely be needed to ensure visibility while driving.",no,1,3.42
adverse_weather,b6642e30-93accfbe.jpg,AW_H_06_v2,hazard,Could light reflections off the wet road surface cause visual impairment for the driver?,yes,snowy,internvl3,A,phase2_linguistic,paraphrase,AW_H_06,"Yes, light reflections off the wet road surface could cause visual impairment for the driver, as they may create glare or make it harder to see the road clearly.",yes,1,1.66
adverse_weather,b6642e30-93accfbe.jpg,AW_H_06_v3,hazard,Is there no risk of glare from headlights or reflections in this scene?,no,snowy,internvl3,A,phase2_linguistic,negated,AW_H_06,"No, there is a risk of glare from headlights or reflections. The image shows bright lights from street lamps and vehicle headlights, which can cause glare and reduce visibility.",no,1,1.7
adverse_weather,b6642e30-93accfbe.jpg,AW_ADV_01_v2,adversarial,Can the type of road be identified from this image despite the weather conditions?,yes,snowy,internvl3,A,phase2_linguistic,paraphrase,AW_ADV_01,"Yes, the road can be identified as a residential street despite the weather conditions. The image shows parked cars on both sides, typical of a residential area, and the street is lined with buildings.",yes,1,1.97
adverse_weather,b6642e30-93accfbe.jpg,AW_ADV_01_v3,adversarial,Are weather conditions severe enough to make road type identification impossible?,no,snowy,internvl3,A,phase2_linguistic,negated,AW_ADV_01,"No, the road type is identifiable as a residential street with parked cars and buildings on both sides. The weather appears to be snowy, but the road type is still discernible.",no,1,1.83
adverse_weather,b6642e30-93accfbe.jpg,AW_ADV_02_v2,adversarial,Are there any traffic signs or road markings that convey useful information here?,no,snowy,internvl3,A,phase2_linguistic,paraphrase,AW_ADV_02,"No, there are no visible traffic signs or road markings in the image that convey useful information. The scene shows a street with parked cars and streetlights, but no clear signs or markings are evident.",no,1,2.02
adverse_weather,b6642e30-93accfbe.jpg,AW_ADV_02_v3,adversarial,Are road signs and markings too obscured to provide speed or direction guidance?,yes,snowy,internvl3,A,phase2_linguistic,negated,AW_ADV_02,"Yes, the road signs and markings are too obscured to provide clear speed or direction guidance due to the nighttime setting and lack of visible signs.",yes,1,1.48
adverse_weather,b6642e30-93accfbe.jpg,AW_A_02_v2,action,Do the road conditions shown here warrant driving below the posted speed limit?,yes,snowy,internvl3,A,phase2_linguistic,paraphrase,AW_A_02,"Yes, the road conditions, including snow on the sides and reduced visibility, may warrant driving below the posted speed limit for safety.",yes,1,1.38
adverse_weather,b6642e30-93accfbe.jpg,AW_A_02_v3,action,Are conditions safe enough to drive at the normal speed limit here?,no,snowy,internvl3,A,phase2_linguistic,negated,AW_A_02,"No, conditions are not safe enough to drive at the normal speed limit. The image shows a narrow street with parked cars on both sides, and it appears to be dark with limited visibility, which likely requires reduced speed for safety.",no,1,2.48
adverse_weather,b6642e30-93accfbe.jpg,AW_A_04_v2,action,Would it be safe to pass the vehicle ahead given current road and visibility conditions?,no,snowy,internvl3,A,phase2_linguistic,paraphrase,AW_A_04,"No, it would would not be safe to pass the vehicle ahead. The road is narrow and lined with parked cars on both sides, and the visibility is low due to the nighttime setting. Additionally, there is snow on the road, which could make the surface slippery.",no,1,2.68
adverse_weather,b6642e30-93accfbe.jpg,AW_A_04_v3,action,Is overtaking the vehicle ahead unsafe in these conditions?,yes,snowy,internvl3,A,phase2_linguistic,negated,AW_A_04,"Yes, overtaking the vehicle ahead is unsafe in these conditions because the road is narrow, lined with parked cars, and appears to be icy or snowy, increasing the risk of an accident.",yes,1,1.95
adverse_weather,b6642e30-93accfbe.jpg,AW_P_02_v2,perception,Are the traffic light colours in this scene legible to the driver?,yes,snowy,internvl3,A,phase2_linguistic,paraphrase,AW_P_02,"Yes, the traffic light colors are legible. The red light is visible at the end of the street, indicating it is clearly visible to the driver.",yes,1,1.6
adverse_weather,b6642e30-93accfbe.jpg,AW_P_02_v3,perception,Are traffic light colours too difficult to distinguish in these conditions?,no,snowy,internvl3,A,phase2_linguistic,negated,AW_P_02,"Yes, the traffic light colors are too difficult to distinguish in these conditions. The image is taken at night, and the traffic lights appear as red and yellow lights, which are not clearly visible or distinguishable due to the lighting and distance.",yes,0,2.4
adverse_weather,b3f3c908-baffb699.jpg,AW_A_02,action,Should the driver slow down below the speed limit given current conditions?,no,clear,internvl3,A,phase2_mode_a,original,AW_A_02,"Answer: No.

Reasoning: The image shows a clear road with multiple lanes and vehicles moving at what appears to be a moderate speed. There are no immediate signs of reduced visibility, adverse weather conditions, or heavy traffic congestion that would would necessitate slowing down below the speed limit. The road is also well-maintained and free of obstacles, allowing for normal driving conditions.",no,1,3.7
adverse_weather,b3f3c908-baffb699.jpg,AW_A_03,action,Should the driver use windscreen wipers right now?,no,clear,internvl3,A,phase2_mode_a,original,AW_A_03,"No, the driver should not use the windscreen wipers right now. The weather appears to be clear and sunny, with no signs of rain or poor visibility.",no,1,1.71
adverse_weather,b3f3c908-baffb699.jpg,AW_A_04,action,Is it safe to attempt an overtake of the vehicle ahead in these conditions?,yes,clear,internvl3,A,phase2_mode_a,original,AW_A_04,"No, it is not safe to attempt an overtake. The road is a two-lane road with no visible room for overtaking, and there are vehicles in the opposite lane, indicating oncoming traffic. Additionally, the road appears to be curvinging slightly, which makes overtaking risky.",no,0,2.97
adverse_weather,b3f3c908-baffb699.jpg,AW_H_06,hazard,Is there a risk of glare from headlights or wet road reflections in this scene?,no,clear,internvl3,A,phase2_mode_a,original,AW_H_06,"No, there is no risk of glare from headlights or wet road reflections in this scene.

The road and vehicles appear dry, and there are no visible reflections that would suggest wetness or strong light reflections from headlights. The sky is clear and blue, indicating no overcast conditions that would would cause glare.",no,1,3.02
adverse_weather,b3f3c908-baffb699.jpg,AW_ADV_01,adversarial,"Despite the weather, can you still identify what type of road this is?",yes,clear,internvl3,A,phase2_mode_a,original,AW_ADV_01,"Yes, this is a highway. The image shows a multi-lane road with directional signs for exits, typical of a highway setting.",yes,1,1.42
adverse_weather,b3f3c908-baffb699.jpg,AW_ADV_02,adversarial,Are any road signs or markings visible that convey speed or direction information?,yes,clear,internvl3,A,phase2_mode_a,original,AW_ADV_02,"Yes, there is a road sign visible that conveys direction information. The sign indicates directions for ""HOLLY RD"" and ""PORTER,"" with arrows pointing left and straight, respectively.",yes,1,1.97
adverse_weather,b3f3c908-baffb699.jpg,AW_ADV_03,adversarial,Would a driver need to use headlights to safely navigate this scene?,no,clear,internvl3,A,phase2_mode_a,original,AW_ADV_03,"No, a driver would not need to use headlights to safely navigate this scene. The image shows a bright, sunny day with clear visibility, so headlights are unnecessary.",no,1,1.7
adverse_weather,b3f3c908-baffb699.jpg,AW_ADV_03_v2,adversarial,Is it dark or visibility-reduced enough that headlights are necessary here?,no,clear,internvl3,A,phase2_linguistic,paraphrase,AW_ADV_03,"No, it is not dark or visibility-reduced enough for headlights. The scene is bright with clear visibility and sunlight.",no,1,1.27
adverse_weather,b3f3c908-baffb699.jpg,AW_ADV_03_v3,adversarial,Could a driver safely navigate this scene without turning on their headlights?,yes,clear,internvl3,A,phase2_linguistic,negated,AW_ADV_03,"Yes, because the road is well-lit with bright sunlight, and there are clear road signs and good visibility for other vehicles.",yes,1,1.38
adverse_weather,b3f3c908-baffb699.jpg,AW_A_03_v2,action,Are windscreen wipers needed given the weather shown in this image?,no,clear,internvl3,A,phase2_linguistic,paraphrase,AW_A_03,"No, windscreen wipers are not needed given the weather shown in this image. The weather appears to be clear and sunny, with no signs of rain or poor visibility.",no,1,1.79
adverse_weather,b3f3c908-baffb699.jpg,AW_A_03_v3,action,Is the weather dry enough that wipers would not be needed?,yes,clear,internvl3,A,phase2_linguistic,negated,AW_A_03,"Yes, the weather appears to be dry. The road and surrounding areas are clear, with no visible signs of rain or moisture, and the windshield wipers are not in use.",yes,1,1.83
adverse_weather,b3f3c908-baffb699.jpg,AW_H_06_v2,hazard,Could light reflections off the wet road surface cause visual impairment for the driver?,no,clear,internvl3,A,phase2_linguistic,paraphrase,AW_H_06,"No, the road surface does not appear wet, so there are no light reflections that could cause visual impairment for the driver. The road looks dry and clear.",no,1,1.65
adverse_weather,b3f3c908-baffb699.jpg,AW_H_06_v3,hazard,Is there no risk of glare from headlights or reflections in this scene?,yes,clear,internvl3,A,phase2_linguistic,negated,AW_H_06,"No, there is a risk of glare from reflections. The image shows a bright day with clear skies, and reflections are visible on the windshield, which can cause glare.",no,0,1.75
adverse_weather,b3f3c908-baffb699.jpg,AW_ADV_01_v2,adversarial,Can the type of road be identified from this image despite the weather conditions?,yes,clear,internvl3,A,phase2_linguistic,paraphrase,AW_ADV_01,"Yes, the type of road can be identified. The image shows a multi-lane road with clear lane markings and directional signs, indicating it is a highway or freeway.",yes,1,1.74
adverse_weather,b3f3c908-baffb699.jpg,AW_ADV_01_v3,adversarial,Are weather conditions severe enough to make road type identification impossible?,no,clear,internvl3,A,phase2_linguistic,negated,AW_ADV_01,"No, the weather conditions are clear, making road type identification possible. The road is visible and identifiable as a typical street with lane markings and signage.",no,1,1.55
adverse_weather,b3f3c908-baffb699.jpg,AW_ADV_02_v2,adversarial,Are there any traffic signs or road markings that convey useful information here?,yes,clear,internvl3,A,phase2_linguistic,paraphrase,AW_ADV_02,"Yes, there is a traffic sign indicating directions to ""Hollywood"" and ""Hollywood Blvd."" This sign provides useful information for drivers about navigation purposes.",yes,1,1.6
adverse_weather,b3f3c908-baffb699.jpg,AW_ADV_02_v3,adversarial,Are road signs and markings too obscured to provide speed or direction guidance?,no,clear,internvl3,A,phase2_linguistic,negated,AW_ADV_02,"No, the road signs and markings are visible and provide clear direction guidance. The green highway signs indicate directions, and the lane markings on the road are clear.",no,1,1.64
adverse_weather,b3f3c908-baffb699.jpg,AW_A_02_v2,action,Do the road conditions shown here warrant driving below the posted speed limit?,no,clear,internvl3,A,phase2_linguistic,paraphrase,AW_A_02,"No, the road conditions do not warrant driving below the posted speed limit. The road appears clear with no immediate hazards, and traffic is moving smoothly.",no,1,1.56
adverse_weather,b3f3c908-baffb699.jpg,AW_A_02_v3,action,Are conditions safe enough to drive at the normal speed limit here?,yes,clear,internvl3,A,phase2_linguistic,negated,AW_A_02,"Yes, conditions appear safe enough to drive at the normal speed limit. The road is clear, and there are no immediate signs of hazardous conditions such as heavy traffic, poor weather, or road damage.",yes,1,2.01
adverse_weather,b3f3c908-baffb699.jpg,AW_A_04_v2,action,Would it be safe to pass the vehicle ahead given current road and visibility conditions?,yes,clear,internvl3,A,phase2_linguistic,paraphrase,AW_A_04,"No, it would would not be safe to pass given the current road and visibility conditions. The road is a two-way street with vehicles in both directions, and there are no clear markings or space to safely perform a pass. Additionally, the presence of trees and other vehicles close to the edges of the road reduces the safety margin for such an action.",no,0,3.43
adverse_weather,b3f3c908-baffb699.jpg,AW_A_04_v3,action,Is overtaking the vehicle ahead unsafe in these conditions?,no,clear,internvl3,A,phase2_linguistic,negated,AW_A_04,"Yes, overtaking the vehicle ahead in these conditions can be unsafe because the road is a two-way street with a solid line on the right side, indicating no overtaking is allowed. Additionally, there are vehicles in the opposite direction, making overtaking risky.",yes,0,2.58
adverse_weather,c4eb5462-c917fefd.jpg,AW_P_02,perception,Is it possible to read the colour of the traffic lights in this scene?,yes,clear,internvl3,A,phase2_mode_a,original,AW_P_02,"Yes, the traffic lights in the scene are red. The image clearly shows the lights at the intersection, and they are visible against the bright sky.",yes,1,1.57
adverse_weather,c4eb5462-c917fefd.jpg,AW_A_02,action,Should the driver slow down below the speed limit given current conditions?,no,clear,internvl3,A,phase2_mode_a,original,AW_A_02,"Yes, the driver should slow down below the speed limit. 

Reasoning: The image shows a pedestrian crossing the street, which indicates a need for caution and reduced speed to ensure safety. Additionally, the presence of a traffic signal and the potential for other vehicles or pedestrians in the area suggests that driving carefully and possibly below the speed limit.",yes,0,3.32
adverse_weather,c4eb5462-c917fefd.jpg,AW_A_03,action,Should the driver use windscreen wipers right now?,no,clear,internvl3,A,phase2_mode_a,original,AW_A_03,"No, the driver should not use the windscreen wipers right now. The sky is clear and there is no visible rain or wet conditions on the road.",no,1,1.66
adverse_weather,c4eb5462-c917fefd.jpg,AW_A_04,action,Is it safe to attempt an overtake of the vehicle ahead in these conditions?,yes,clear,internvl3,A,phase2_mode_a,original,AW_A_04,"No, it is not safe to attempt an overtake. The road markings indicate a no-passing zone, and there are pedestrians crossing, which adds to the risk.",no,0,1.74
adverse_weather,c4eb5462-c917fefd.jpg,AW_H_06,hazard,Is there a risk of glare from headlights or wet road reflections in this scene?,no,clear,internvl3,A,phase2_mode_a,original,AW_H_06,"No, there is no risk of glare from headlights or wet road reflections in this scene.

The image shows a clear, sunny day with bright sunlight, but the road and vehicles do not appear to be reflecting excessive light, indicating dry conditions and no glare.",no,1,2.52
adverse_weather,c4eb5462-c917fefd.jpg,AW_ADV_01,adversarial,"Despite the weather, can you still identify what type of road this is?",yes,clear,internvl3,A,phase2_mode_a,original,AW_ADV_01,"Yes, the road is an urban street with marked crosswalks, traffic lights, and commercial establishments, indicating it's designed for vehicular and pedestrian traffic.",yes,1,1.66
adverse_weather,c4eb5462-c917fefd.jpg,AW_ADV_02,adversarial,Are any road signs or markings visible that convey speed or direction information?,yes,clear,internvl3,A,phase2_mode_a,original,AW_ADV_02,"Yes, there is a stop sign visible, which conveys direction information.",yes,1,0.86
adverse_weather,c4eb5462-c917fefd.jpg,AW_ADV_03,adversarial,Would a driver need to use headlights to safely navigate this scene?,no,clear,internvl3,A,phase2_mode_a,original,AW_ADV_03,"No, a driver would not need to use headlights to safely navigate this scene. The image shows a bright, sunny day with clear visibility, so headlights would not be necessary.",no,1,1.78
adverse_weather,c4eb5462-c917fefd.jpg,AW_ADV_03_v2,adversarial,Is it dark or visibility-reduced enough that headlights are necessary here?,no,clear,internvl3,A,phase2_linguistic,paraphrase,AW_ADV_03,"No, it is not dark or visibility-reduced enough that headlights are necessary. The sky is clear and blue, indicating good visibility.",no,1,1.42
adverse_weather,c4eb5462-c917fefd.jpg,AW_ADV_03_v3,adversarial,Could a driver safely navigate this scene without turning on their headlights?,yes,clear,internvl3,A,phase2_linguistic,negated,AW_ADV_03,"Yes, because the scene is well-lit with bright daylight, making visibility clear for the driver.",yes,1,1.09
adverse_weather,c4eb5462-c917fefd.jpg,AW_A_03_v2,action,Are windscreen wipers needed given the weather shown in this image?,no,clear,internvl3,A,phase2_linguistic,paraphrase,AW_A_03,"No, windscreen wipers are not needed given the weather shown in this image. The weather appears to be clear and sunny, with no signs of rain or precipitation.",no,1,1.74
adverse_weather,c4eb5462-c917fefd.jpg,AW_A_03_v3,action,Is the weather dry enough that wipers would not be needed?,yes,clear,internvl3,A,phase2_linguistic,negated,AW_A_03,"Yes, the weather appears to be dry. The road and sidewalks are clear, and there are no signs of rain or wet conditions.",yes,1,1.41
adverse_weather,c4eb5462-c917fefd.jpg,AW_H_06_v2,hazard,Could light reflections off the wet road surface cause visual impairment for the driver?,no,clear,internvl3,A,phase2_linguistic,paraphrase,AW_H_06,"No, the road does not appear wet, so there would would be no light reflections to cause visual impairment for the driver.",no,1,1.32
adverse_weather,c4eb5462-c917fefd.jpg,AW_H_06_v3,hazard,Is there no risk of glare from headlights or reflections in this scene?,yes,clear,internvl3,A,phase2_linguistic,negated,AW_H_06,"No, there is a risk of glare from reflections. The image shows a bright, sunny day with clear skies, which can cause glare from reflections off surfaces like the car's's and the road.",no,0,2.02
adverse_weather,c4eb5462-c917fefd.jpg,AW_ADV_01_v2,adversarial,Can the type of road be identified from this image despite the weather conditions?,yes,clear,internvl3,A,phase2_linguistic,paraphrase,AW_ADV_01,"Yes, the type of road can be identified. The image shows a city intersection with marked pedestrian crosswalks, traffic lights, and surrounding buildings, indicating it is an urban road.",yes,1,1.88
adverse_weather,c4eb5462-c917fefd.jpg,AW_ADV_01_v3,adversarial,Are weather conditions severe enough to make road type identification impossible?,no,clear,internvl3,A,phase2_linguistic,negated,AW_ADV_01,"No, the weather conditions are clear and sunny, making it easy to identify the road type. The road markings and pedestrian crosswalk are clearly visible.",no,1,1.55
adverse_weather,c4eb5462-c917fefd.jpg,AW_ADV_02_v2,adversarial,Are there any traffic signs or road markings that convey useful information here?,yes,clear,internvl3,A,phase2_linguistic,paraphrase,AW_ADV_02,"Yes, there are. The image shows a pedestrian crossing, traffic lights, and a stop sign, which are all useful for conveying traffic and pedestrian information.",yes,1,1.6
adverse_weather,c4eb5462-c917fefd.jpg,AW_ADV_02_v3,adversarial,Are road signs and markings too obscured to provide speed or direction guidance?,no,clear,internvl3,A,phase2_linguistic,negated,AW_ADV_02,"No, the road signs and markings are clearly visible. The pedestrian crossing, traffic lights, and stop sign are all easily discernible, providing clear speed and direction guidance.",no,1,1.74
adverse_weather,c4eb5462-c917fefd.jpg,AW_A_02_v2,action,Do the road conditions shown here warrant driving below the posted speed limit?,no,clear,internvl3,A,phase2_linguistic,paraphrase,AW_A_02,"No, the road conditions do not warrant driving below the posted speed limit. The image shows a clear intersection with no immediate hazards or heavy traffic, indicating normal driving conditions.",no,1,1.73
adverse_weather,c4eb5462-c917fefd.jpg,AW_A_02_v3,action,Are conditions safe enough to drive at the normal speed limit here?,yes,clear,internvl3,A,phase2_linguistic,negated,AW_A_02,"Yes, conditions appear safe enough to drive at the normal speed limit. The area is an intersection with clear visibility, no immediate obstructions, and pedestrians are using crosswalks.",yes,1,1.82
adverse_weather,c4eb5462-c917fefd.jpg,AW_A_04_v2,action,Would it be safe to pass the vehicle ahead given current road and visibility conditions?,yes,clear,internvl3,A,phase2_linguistic,paraphrase,AW_A_04,"No, it would would not be safe to pass the vehicle ahead. The pedestrian is crossing the street, and there are traffic signals visible, indicating that it's likely a controlled intersection. It's important to ensure safety for both pedestrians and other vehicles.",no,0,2.48
adverse_weather,c4eb5462-c917fefd.jpg,AW_A_04_v3,action,Is overtaking the vehicle ahead unsafe in these conditions?,no,clear,internvl3,A,phase2_linguistic,negated,AW_A_04,"Yes, overtaking the vehicle ahead is unsafe because the image shows a pedestrian crossing the street, and there are traffic signals and a stop sign indicating the need for caution.",yes,0,1.75
adverse_weather,c4eb5462-c917fefd.jpg,AW_P_02_v2,perception,Are the traffic light colours in this scene legible to the driver?,yes,clear,internvl3,A,phase2_linguistic,paraphrase,AW_P_02,"Yes, the traffic light colors are legible. The image shows a traffic light with clearly visible red, yellow, and green lights.",yes,1,1.42
adverse_weather,c4eb5462-c917fefd.jpg,AW_P_02_v3,perception,Are traffic light colours too difficult to distinguish in these conditions?,no,clear,internvl3,A,phase2_linguistic,negated,AW_P_02,"No, the traffic light colors are clearly visible in these conditions. The image shows a traffic light with distinct red, yellow, and green lights against a clear sky, making it easy to distinguish the colors.",no,1,2.06
adverse_weather,b3f3c908-baffb699_foggy.jpg,AW_A_02,action,Should the driver slow down below the speed limit given current conditions?,yes,foggy,internvl3,A,phase2_counterfactual,counterfactual,AW_A_02,"Yes, the driver should slow down below the speed limit. The road appears to be narrow and winding with trees and possibly uneven terrain on the sides, which suggests a need for reduced speed for safety.",yes,1,2.03
adverse_weather,b3f3c908-baffb699_foggy.jpg,AW_A_03,action,Should the driver use windscreen wipers right now?,no,foggy,internvl3,A,phase2_counterfactual,counterfactual,AW_A_03,"No, the driver should not use the windscreen wipers right now. The road is clear, and there is no visible rain or mist affecting visibility. The scene appears to be sunny with some haze in the distance, but not enough to require the wipers.",no,1,2.62
adverse_weather,b3f3c908-baffb699_foggy.jpg,AW_A_04,action,Is it safe to attempt an overtake of the vehicle ahead in these conditions?,no,foggy,internvl3,A,phase2_counterfactual,counterfactual,AW_A_04,"No, it is not safe to attempt an overtake. The road is narrow, and visibility is reduced due to the mist or haze, making it hazardous to change.",no,1,1.75
adverse_weather,b3f3c908-baffb699_foggy.jpg,AW_H_06,hazard,Is there a risk of glare from headlights or wet road reflections in this scene?,no,foggy,internvl3,A,phase2_counterfactual,counterfactual,AW_H_06,"Yes, there is a risk of glare from headlights or wet road reflections in this scene. The road appears to be dry, but the bright sunlight and haze suggest that there could be reflections from the headlights of oncoming vehicles or the road surface itself, which can cause glare.",yes,0,2.71
adverse_weather,b3f3c908-baffb699_foggy.jpg,AW_ADV_01,adversarial,"Despite the weather, can you still identify what type of road this is?",no,foggy,internvl3,A,phase2_counterfactual,counterfactual,AW_ADV_01,"Yes, the road is a two-lane highway with clear lane markings and a center line, surrounded by trees and a clear sky.",yes,0,1.42
adverse_weather,b3f3c908-baffb699_foggy.jpg,AW_ADV_02,adversarial,Are any road signs or markings visible that convey speed or direction information?,no,foggy,internvl3,A,phase2_counterfactual,counterfactual,AW_ADV_02,"No, there are no road signs or markings visible in the image that convey speed or direction information. The image shows a clear road with trees on both sides and a vehicle ahead, but no signs or markings are present.",no,1,2.2
adverse_weather,b3f3c908-baffb699_foggy.jpg,AW_ADV_03,adversarial,Would a driver need to use headlights to safely navigate this scene?,yes,foggy,internvl3,A,phase2_counterfactual,counterfactual,AW_ADV_03,"No, a driver would not need to use headlights in this scene because it is daytime and the road is well-lit with clear visibility.",no,0,1.48
adverse_weather,b3f3c908-baffb699_rainy.jpg,AW_A_02,action,Should the driver slow down below the speed limit given current conditions?,no,rainy,internvl3,A,phase2_counterfactual,counterfactual,AW_A_02,"Yes, the driver should slow down below the speed limit. The road is wet, indicating rain, which reduces traction and increases stopping distance. It's safer to drive more slowly in such conditions to ensure control of the vehicle.",yes,0,2.26
adverse_weather,b3f3c908-baffb699_rainy.jpg,AW_A_03,action,Should the driver use windscreen wipers right now?,yes,rainy,internvl3,A,phase2_counterfactual,counterfactual,AW_A_03,"Yes, the driver should use the windscreen wipers because it is raining, as evidenced by the wet road and raindrops visible on the windshield.",yes,1,1.56
adverse_weather,b3f3c908-baffb699_rainy.jpg,AW_H_06,hazard,Is there a risk of glare from headlights or wet road reflections in this scene?,no,rainy,internvl3,A,phase2_counterfactual,counterfactual,AW_H_06,"Yes, there is a risk of glare from wet road reflections in this scene. The road is wet, and the reflections from the wet surface can create glare, especially when driving at night or in low-light conditions.",yes,0,2.16
adverse_weather,b3f3c908-baffb699_rainy.jpg,AW_ADV_01,adversarial,"Despite the weather, can you still identify what type of road this is?",yes,rainy,internvl3,A,phase2_counterfactual,counterfactual,AW_ADV_01,"Yes, it appears to be a highway or main road, as indicated by the road sign with a number (7ō) and the multiple lanes.",yes,1,1.56
adverse_weather,b3f3c908-baffb699_rainy.jpg,AW_ADV_02,adversarial,Are any road signs or markings visible that convey speed or direction information?,yes,rainy,internvl3,A,phase2_counterfactual,counterfactual,AW_ADV_02,"Yes, there is a road sign visible that conveys direction information. The sign indicates a route number, which provides directional information for drivers.",yes,1,1.47
adverse_weather,b3f3c908-baffb699_rainy.jpg,AW_ADV_03,adversarial,Would a driver need to use headlights to safely navigate this scene?,no,rainy,internvl3,A,phase2_counterfactual,counterfactual,AW_ADV_03,"Yes, a driver would need to use headlights to safely navigate this scene because the road is wet, likely from rain, which reduces visibility.",yes,0,1.46
adverse_weather,b3f3c908-baffb699_snowy.jpg,AW_A_02,action,Should the driver slow down below the speed limit given current conditions?,yes,snowy,internvl3,A,phase2_counterfactual,counterfactual,AW_A_02,"Yes, the driver should slow down below the speed limit. The road is covered in snow, which makes it more slippery and hazardous, requiring reduced speed for safe driving.",yes,1,1.76
adverse_weather,b3f3c908-baffb699_snowy.jpg,AW_A_03,action,Should the driver use windscreen wipers right now?,yes,snowy,internvl3,A,phase2_counterfactual,counterfactual,AW_A_03,"No, the driver should not use the windscreen wipers right now. The image shows a clear view with no signs of rain or snow on the windscreen.",no,0,1.7
adverse_weather,b3f3c908-baffb699_snowy.jpg,AW_A_04,action,Is it safe to attempt an overtake of the vehicle ahead in these conditions?,no,snowy,internvl3,A,phase2_counterfactual,counterfactual,AW_A_04,"No, it is not safe to attempt an overtake in these conditions. The road is covered in snow, which increases the risk of slipping and losing control of the vehicle. Additionally, the visibility is partially obstructed by the snow on the trees and the potential for reduced traction makes overtaking dangerous.",no,1,2.98
adverse_weather,b3f3c908-baffb699_snowy.jpg,AW_H_06,hazard,Is there a risk of glare from headlights or wet road reflections in this scene?,no,snowy,internvl3,A,phase2_counterfactual,counterfactual,AW_H_06,"No, there is no risk of glare from headlights or wet road reflections in this scene.

The image shows a snowy road with clear skies and bright sunlight. The snow on the ground and trees indicates a dry, reflective surface, but the lack of visible glare or reflections on the road suggests that there is no significant risk of glare from headlights or wet road reflections.",no,1,3.52
adverse_weather,b3f3c908-baffb699_snowy.jpg,AW_ADV_01,adversarial,"Despite the weather, can you still identify what type of road this is?",yes,snowy,internvl3,A,phase2_counterfactual,counterfactual,AW_ADV_01,"Yes, it appears to be a residential road, as indicated by the houses and trees lining the street.",yes,1,1.14
adverse_weather,b3f3c908-baffb699_snowy.jpg,AW_ADV_02,adversarial,Are any road signs or markings visible that convey speed or direction information?,no,snowy,internvl3,A,phase2_counterfactual,counterfactual,AW_ADV_02,"No, there are no road signs or markings visible in the image that convey specific speed or direction information. The image shows a snowy road with trees and a sign on the right, but it does not clearly display typical speed limit or directional signs.",no,1,2.44
adverse_weather,b3f3c908-baffb699_snowy.jpg,AW_ADV_03,adversarial,Would a driver need to use headlights to safely navigate this scene?,no,snowy,internvl3,A,phase2_counterfactual,counterfactual,AW_ADV_03,"Yes, a driver would need to use headlights to safely navigate this scene. The road is covered in snow, and the surrounding trees and clear sky suggest low visibility conditions, making headlights essential for visibility and safety.",yes,0,2.3
adverse_weather,c4eb5462-c917fefd_foggy.jpg,AW_P_02,perception,Is it possible to read the colour of the traffic lights in this scene?,no,foggy,internvl3,A,phase2_counterfactual,counterfactual,AW_P_02,"No, it is not possible to read the color of the traffic lights in this scene. The traffic lights are not visible in the image.",no,1,1.46
adverse_weather,c4eb5462-c917fefd_foggy.jpg,AW_A_02,action,Should the driver slow down below the speed limit given current conditions?,yes,foggy,internvl3,A,phase2_counterfactual,counterfactual,AW_A_02,"Yes, the driver should slow down below the speed limit. The truck is in the middle of the road, which could indicate reduced visibility or an obstacle, requiring caution.",yes,1,1.73
adverse_weather,c4eb5462-c917fefd_foggy.jpg,AW_A_03,action,Should the driver use windscreen wipers right now?,no,foggy,internvl3,A,phase2_counterfactual,counterfactual,AW_A_03,"No, the driver should not use the windscreen wipers right now. The weather appears to be clear and sunny, with no signs of rain or fog.",no,1,1.64
adverse_weather,c4eb5462-c917fefd_foggy.jpg,AW_A_04,action,Is it safe to attempt an overtake of the vehicle ahead in these conditions?,no,foggy,internvl3,A,phase2_counterfactual,counterfactual,AW_A_04,"No, it is not safe to attempt an overtake. The truck is occupying the entire lane, and there is no clear space in the adjacent lane, making it dangerous to overtake.",no,1,1.93
adverse_weather,c4eb5462-c917fefd_foggy.jpg,AW_H_06,hazard,Is there a risk of glare from headlights or wet road reflections in this scene?,no,foggy,internvl3,A,phase2_counterfactual,counterfactual,AW_H_06,"No, there is no risk of glare from headlights or wet road reflections in this scene.

The image shows a clear, sunny day with no visible wet surfaces or bright sunlight reflecting off the road, which would be necessary for glare or reflections.",no,1,2.39
adverse_weather,c4eb5462-c917fefd_foggy.jpg,AW_ADV_01,adversarial,"Despite the weather, can you still identify what type of road this is?",no,foggy,internvl3,A,phase2_counterfactual,counterfactual,AW_ADV_01,"Yes, I can identify the type of road. The presence of a zebra crossing and road markings indicate that it is a city street.",yes,0,1.47
adverse_weather,c4eb5462-c917fefd_foggy.jpg,AW_ADV_02,adversarial,Are any road signs or markings visible that convey speed or direction information?,no,foggy,internvl3,A,phase2_counterfactual,counterfactual,AW_ADV_02,"No, there are no road signs or markings visible in the image that convey speed or direction information. The image shows a pedestrian crosswalk and a truck, but no speed limit signs or directional arrows are present.",no,1,2.1
adverse_weather,c4eb5462-c917fefd_foggy.jpg,AW_ADV_03,adversarial,Would a driver need to use headlights to safely navigate this scene?,yes,foggy,internvl3,A,phase2_counterfactual,counterfactual,AW_ADV_03,"No, a driver would not need to use headlights in this scene because it is daytime and the visibility is clear. The bright lighting and shadows indicate that it is well-lit, making it safe to drive without headlights.",no,0,2.2
adverse_weather,c4eb5462-c917fefd_rainy.jpg,AW_P_02,perception,Is it possible to read the colour of the traffic lights in this scene?,yes,rainy,internvl3,A,phase2_counterfactual,counterfactual,AW_P_02,"No, it is not possible to read the color of the traffic lights in this scene. The image shows a rainy day with raindrops on the windshield, making it difficult to clearly see the details of the traffic lights.",no,0,2.21
adverse_weather,c4eb5462-c917fefd_rainy.jpg,AW_A_02,action,Should the driver slow down below the speed limit given current conditions?,no,rainy,internvl3,A,phase2_counterfactual,counterfactual,AW_A_02,"Yes, the driver should slow down below the speed limit. The image shows rainy conditions with poor visibility, which requires drivers to reduce speed for safety.",yes,0,1.55
adverse_weather,c4eb5462-c917fefd_rainy.jpg,AW_A_03,action,Should the driver use windscreen wipers right now?,yes,rainy,internvl3,A,phase2_counterfactual,counterfactual,AW_A_03,"Yes, the driver should use the windscreen wipers because it is raining, as evidenced by the visible raindrops on the windshield.",yes,1,1.41
adverse_weather,c4eb5462-c917fefd_rainy.jpg,AW_H_06,hazard,Is there a risk of glare from headlights or wet road reflections in this scene?,no,rainy,internvl3,A,phase2_counterfactual,counterfactual,AW_H_06,"Yes, there is a risk of glare from wet road reflections in this scene. 

The image shows a rainy environment, with the road surface being wet. Wet roads can reflect vehicle headlights, creating glare that can be distracting or hazardous for drivers. Additionally, the overcast sky and rain can reduce visibility, increasing the importance of being cautious of such reflections.",yes,0,3.43
adverse_weather,c4eb5462-c917fefd_rainy.jpg,AW_ADV_01,adversarial,"Despite the weather, can you still identify what type of road this is?",yes,rainy,internvl3,A,phase2_counterfactual,counterfactual,AW_ADV_01,"Yes, it appears to be an urban road with marked lanes and pedestrian crossings, despite the rainy weather.",yes,1,1.14
adverse_weather,c4eb5462-c917fefd_rainy.jpg,AW_ADV_02,adversarial,Are any road signs or markings visible that convey speed or direction information?,yes,rainy,internvl3,A,phase2_counterfactual,counterfactual,AW_ADV_02,"Yes, there are road markings visible, specifically a pedestrian crosswalk.",yes,1,0.81
adverse_weather,c4eb5462-c917fefd_rainy.jpg,AW_ADV_03,adversarial,Would a driver need to use headlights to safely navigate this scene?,no,rainy,internvl3,A,phase2_counterfactual,counterfactual,AW_ADV_03,"Yes, a driver would need to use headlights to safely navigate this scene. The image shows rainy weather and low visibility, which requires the use of headlights to be seen by other drivers and to see see the road clearly.",yes,0,2.19
adverse_weather,c4eb5462-c917fefd_snowy.jpg,AW_P_02,perception,Is it possible to read the colour of the traffic lights in this scene?,yes,snowy,internvl3,A,phase2_counterfactual,counterfactual,AW_P_02,"No, it is not possible to read the color of the traffic lights in this scene. The image does not show any traffic lights; it only depicts a snowy street with buildings and a truck.",no,0,1.97
adverse_weather,c4eb5462-c917fefd_snowy.jpg,AW_A_02,action,Should the driver slow down below the speed limit given current conditions?,yes,snowy,internvl3,A,phase2_counterfactual,counterfactual,AW_A_02,"Yes, the driver should slow down below the speed limit. The road is covered with snow, which can make it slippery and hazardous, requiring reduced speed for safety.",yes,1,1.69
adverse_weather,c4eb5462-c917fefd_snowy.jpg,AW_A_03,action,Should the driver use windscreen wipers right now?,yes,snowy,internvl3,A,phase2_counterfactual,counterfactual,AW_A_03,"No, the driver should not use windscreen wipers right now because there is no visible precipitation (such as rain or snow) on the windshield. The road and surroundings are snowy, but the windshield itself appears clear.",no,0,2.2
adverse_weather,c4eb5462-c917fefd_snowy.jpg,AW_A_04,action,Is it safe to attempt an overtake of the vehicle ahead in these conditions?,no,snowy,internvl3,A,phase2_counterfactual,counterfactual,AW_A_04,"No, it is not safe to attempt an overtake in these conditions. The road is covered with snow and ice, which increases the risk of slipping and losing control of the vehicle. Additionally, the presence of a large vehicle ahead suggests limited visibility and space for maneuvering.",no,1,2.71
adverse_weather,c4eb5462-c917fefd_snowy.jpg,AW_H_06,hazard,Is there a risk of glare from headlights or wet road reflections in this scene?,no,snowy,internvl3,A,phase2_counterfactual,counterfactual,AW_H_06,"No, there is no risk of glare from headlights or wet road reflections in this scene.

The image shows a clear blue sky and the road appears to be dry and well-swept of snow, which means there are no reflective surfaces that could cause glare from headlights or wet road conditions.",no,1,2.85
adverse_weather,c4eb5462-c917fefd_snowy.jpg,AW_ADV_01,adversarial,"Despite the weather, can you still identify what type of road this is?",yes,snowy,internvl3,A,phase2_counterfactual,counterfactual,AW_ADV_01,"Yes, the road appears to be a paved street, as indicated by its smooth surface and the presence of snow plowing or tracks on it.",yes,1,1.51
adverse_weather,c4eb5462-c917fefd_snowy.jpg,AW_ADV_02,adversarial,Are any road signs or markings visible that convey speed or direction information?,no,snowy,internvl3,A,phase2_counterfactual,counterfactual,AW_ADV_02,"No, there are no road signs or markings visible in the image that convey speed or direction information. The image shows a snowy road with a truck parked in front of a building, but no traffic signs or road markings are evident.",no,1,2.29
adverse_weather,c4eb5462-c917fefd_snowy.jpg,AW_ADV_03,adversarial,Would a driver need to use headlights to safely navigate this scene?,no,snowy,internvl3,A,phase2_counterfactual,counterfactual,AW_ADV_03,"Yes, a driver would need to use headlights to safely navigate this scene. The road and surroundings are covered in snow, which can reduce visibility, and the sky is clear, suggesting it might be daytime. Using headlights would help the driver see to see see the road and any obstacles or other vehicles ahead.",yes,0,2.98
