category,image_id,q_id,q_type,question,ground_truth,weather,model,mode,use_for,variation_type,source_q_id,full_response,extracted_ans,correct,response_time
adverse_weather,beeed9e7-d279d8ee.jpg,AW_A_02,action,Should the driver slow down below the speed limit given current conditions?,no,rainy,llava_ov,A,phase2_mode_a,original,AW_A_02,"Yes, the driver should slow down below the speed limit given the current conditions. The road appears to be wet, as indicated by the reflections and water droplets on the windshield, which suggests that it has recently rained. Wet roads can reduce tire traction and increase stopping distances, making it more hazardous to drive at higher speeds. Therefore, reducing speed is advisable for safety.",yes,0,10.74
adverse_weather,beeed9e7-d279d8ee.jpg,AW_A_03,action,Should the driver use windscreen wipers right now?,yes,rainy,llava_ov,A,phase2_mode_a,original,AW_A_03,"Yes, the driver should use windscreen wipers because there are visible raindrops on the windshield, which would impair visibility.",yes,1,1.77
adverse_weather,beeed9e7-d279d8ee.jpg,AW_H_06,hazard,Is there a risk of glare from headlights or wet road reflections in this scene?,no,rainy,llava_ov,A,phase2_mode_a,original,AW_H_06,"No, there is no visible glare from headlights or wet road reflections in this scene. The road appears to be dry, and the lighting conditions do not suggest any reflective surfaces causing glare.",no,1,2.36
adverse_weather,beeed9e7-d279d8ee.jpg,AW_ADV_01,adversarial,"Despite the weather, can you still identify what type of road this is?",yes,rainy,llava_ov,A,phase2_mode_a,original,AW_ADV_01,"Yes, it is a two-lane road with a double yellow line down the center, indicating that it is a two-way road where passing is not allowed. The presence of trees and a residential area also suggests that it is likely a suburban road.",yes,1,2.96
adverse_weather,beeed9e7-d279d8ee.jpg,AW_ADV_02,adversarial,Are any road signs or markings visible that convey speed or direction information?,yes,rainy,llava_ov,A,phase2_mode_a,original,AW_ADV_02,"No, there are no visible road signs or markings in the image that provide specific speed or direction information. The focus is more on the general environment of the road rather than any explicit traffic instructions.",no,0,2.44
adverse_weather,beeed9e7-d279d8ee.jpg,AW_ADV_03,adversarial,Would a driver need to use headlights to safely navigate this scene?,no,rainy,llava_ov,A,phase2_mode_a,original,AW_ADV_03,"No, the road appears to be well-lit with natural light, and visibility is not compromised by darkness or heavy rain. The presence of streetlights suggests that the area is adequately illuminated during nighttime.",no,1,2.49
adverse_weather,beeed9e7-d279d8ee.jpg,AW_ADV_03_v2,adversarial,Is it dark or visibility-reduced enough that headlights are necessary here?,no,rainy,llava_ov,A,phase2_linguistic,paraphrase,AW_ADV_03,"No, it is not dark or visibility-reduced enough that headlights are necessary here. The road appears to be well-lit by natural light, and there are no visible signs of darkness or poor visibility conditions.",no,1,2.58
adverse_weather,beeed9e7-d279d8ee.jpg,AW_ADV_03_v3,adversarial,Could a driver safely navigate this scene without turning on their headlights?,yes,rainy,llava_ov,A,phase2_linguistic,negated,AW_ADV_03,"Yes, because it is daytime and there is enough natural light to see the road and surroundings clearly.",yes,1,1.54
adverse_weather,beeed9e7-d279d8ee.jpg,AW_A_03_v2,action,Are windscreen wipers needed given the weather shown in this image?,yes,rainy,llava_ov,A,phase2_linguistic,paraphrase,AW_A_03,"Yes, the windscreen wipers are needed because there are water droplets on the windshield, indicating that it is raining.",yes,1,1.78
adverse_weather,beeed9e7-d279d8ee.jpg,AW_A_03_v3,action,Is the weather dry enough that wipers would not be needed?,no,rainy,llava_ov,A,phase2_linguistic,negated,AW_A_03,"No, the weather is not dry enough for wipers to be unnecessary. The presence of water droplets on the windshield indicates that it is either raining or has recently rained, necessitating the use of wipers to maintain visibility.",no,1,2.82
adverse_weather,beeed9e7-d279d8ee.jpg,AW_H_06_v2,hazard,Could light reflections off the wet road surface cause visual impairment for the driver?,no,rainy,llava_ov,A,phase2_linguistic,paraphrase,AW_H_06,"Yes, light reflections off the wet road surface could cause visual impairment for the driver. The image shows water droplets on the windshield, which can create glare and reduce visibility. Additionally, the wet road itself can reflect light, making it harder to see clearly.",yes,0,3.07
adverse_weather,beeed9e7-d279d8ee.jpg,AW_H_06_v3,hazard,Is there no risk of glare from headlights or reflections in this scene?,yes,rainy,llava_ov,A,phase2_linguistic,negated,AW_H_06,"Yes, there is no risk of glare from headlights or reflections in this scene because it appears to be daytime with natural light, and the road surface does not show any reflective surfaces that could cause glare.",yes,1,2.49
adverse_weather,beeed9e7-d279d8ee.jpg,AW_ADV_01_v2,adversarial,Can the type of road be identified from this image despite the weather conditions?,yes,rainy,llava_ov,A,phase2_linguistic,paraphrase,AW_ADV_01,"Yes, the road appears to be a two-lane road with a double yellow line indicating it is a two-way street. The presence of trees and a residential area suggests it could be a suburban road. The weather conditions do not significantly obscure these details.",yes,1,3.02
adverse_weather,beeed9e7-d279d8ee.jpg,AW_ADV_01_v3,adversarial,Are weather conditions severe enough to make road type identification impossible?,no,rainy,llava_ov,A,phase2_linguistic,negated,AW_ADV_01,"No, the weather conditions do not appear to be severe enough to make road type identification impossible. The road markings are visible, and there is no significant obstruction of view due to weather.",no,1,2.36
adverse_weather,beeed9e7-d279d8ee.jpg,AW_ADV_02_v2,adversarial,Are there any traffic signs or road markings that convey useful information here?,yes,rainy,llava_ov,A,phase2_linguistic,paraphrase,AW_ADV_02,"Yes, there is a red and white street sign visible on the right side of the road, which provides useful information to drivers. Additionally, there are yellow road markings indicating lanes and boundaries, which help guide traffic flow and ensure safety.",yes,1,2.83
adverse_weather,beeed9e7-d279d8ee.jpg,AW_ADV_02_v3,adversarial,Are road signs and markings too obscured to provide speed or direction guidance?,no,rainy,llava_ov,A,phase2_linguistic,negated,AW_ADV_02,"No, the road signs and markings are not obscured. The double yellow lines indicate a no-passing zone, and there is a red sign visible on the right side of the road which appears to be a stop sign. These elements provide clear guidance for drivers regarding their speed and direction.",no,1,3.3
adverse_weather,beeed9e7-d279d8ee.jpg,AW_A_02_v2,action,Do the road conditions shown here warrant driving below the posted speed limit?,no,rainy,llava_ov,A,phase2_linguistic,paraphrase,AW_A_02,"Yes, the road appears to be wet, which can make driving conditions more hazardous and require slower speeds for safety.",yes,0,1.68
adverse_weather,beeed9e7-d279d8ee.jpg,AW_A_02_v3,action,Are conditions safe enough to drive at the normal speed limit here?,yes,rainy,llava_ov,A,phase2_linguistic,negated,AW_A_02,"No, it is not safe to drive at the normal speed limit here because the road appears to be wet and there are raindrops on the windshield, which suggests that visibility may be reduced and the road surface could be slippery. It is important to adjust your speed according to the weather conditions to ensure safety.",no,0,3.49
adverse_weather,b4201bd2-75c1998d.jpg,AW_A_03,action,Should the driver use windscreen wipers right now?,yes,rainy,llava_ov,A,phase2_mode_a,original,AW_A_03,"Yes, the driver should use windscreen wipers because there are many water droplets on the windshield, which would impair visibility.",yes,1,1.84
adverse_weather,b4201bd2-75c1998d.jpg,AW_H_06,hazard,Is there a risk of glare from headlights or wet road reflections in this scene?,no,rainy,llava_ov,A,phase2_mode_a,original,AW_H_06,"Yes, there is a risk of glare from headlights or wet road reflections in this scene. The raindrops on the windshield create a distorted view, which can cause glare from the headlights of vehicles behind. Additionally, the wet road surface can reflect light, potentially causing further visual impairment for the driver.",yes,0,3.4
adverse_weather,b4201bd2-75c1998d.jpg,AW_ADV_01,adversarial,"Despite the weather, can you still identify what type of road this is?",yes,rainy,llava_ov,A,phase2_mode_a,original,AW_ADV_01,"Yes, it appears to be an urban street with buildings lining both sides, typical of city roads. The presence of traffic lights and vehicles also suggests it's a roadway designed for vehicular traffic.",yes,1,2.45
adverse_weather,b4201bd2-75c1998d.jpg,AW_ADV_02,adversarial,Are any road signs or markings visible that convey speed or direction information?,no,rainy,llava_ov,A,phase2_mode_a,original,AW_ADV_02,"No, there are no visible road signs or markings that provide speed or direction information in the image. The focus is on the raindrops on the windshield, which obscure the view of the street and any potential road signs or markings.",no,1,2.78
adverse_weather,b4201bd2-75c1998d.jpg,AW_ADV_03,adversarial,Would a driver need to use headlights to safely navigate this scene?,no,rainy,llava_ov,A,phase2_mode_a,original,AW_ADV_03,"No, it is not necessary for the driver to use headlights to safely navigate this scene because there is sufficient ambient light from the streetlights and the overcast sky. The visibility is adequate without the need for additional artificial lighting.",no,1,2.74
adverse_weather,b4201bd2-75c1998d.jpg,AW_ADV_03_v2,adversarial,Is it dark or visibility-reduced enough that headlights are necessary here?,no,rainy,llava_ov,A,phase2_linguistic,paraphrase,AW_ADV_03,"No, it is not dark or visibility-reduced enough for headlights to be necessary. The streetlights and ambient light suggest it is daytime, and the visibility through the raindrops indicates it is still relatively clear.",no,1,2.59
adverse_weather,b4201bd2-75c1998d.jpg,AW_ADV_03_v3,adversarial,Could a driver safely navigate this scene without turning on their headlights?,yes,rainy,llava_ov,A,phase2_linguistic,negated,AW_ADV_03,"No, it is not safe to navigate this scene without turning on headlights as the street appears to be wet and visibility is low due to rain. Headlights would help improve visibility for both the driver and other road users.",no,0,2.69
adverse_weather,b4201bd2-75c1998d.jpg,AW_A_03_v2,action,Are windscreen wipers needed given the weather shown in this image?,yes,rainy,llava_ov,A,phase2_linguistic,paraphrase,AW_A_03,"Yes, windscreen wipers are needed because there are many water droplets on the windshield, which would obstruct the driver's view.",yes,1,1.87
adverse_weather,b4201bd2-75c1998d.jpg,AW_A_03_v3,action,Is the weather dry enough that wipers would not be needed?,no,rainy,llava_ov,A,phase2_linguistic,negated,AW_A_03,"No, the weather is not dry enough for wipers to be unnecessary because there are visible raindrops on the windshield, indicating wet conditions.",no,1,1.93
adverse_weather,b4201bd2-75c1998d.jpg,AW_H_06_v2,hazard,Could light reflections off the wet road surface cause visual impairment for the driver?,no,rainy,llava_ov,A,phase2_linguistic,paraphrase,AW_H_06,"Yes, light reflections off the wet road surface could cause visual impairment for the driver. The image shows a wet road with visible reflections from streetlights and vehicle lights, which can create glare and make it difficult to see clearly. This is particularly challenging when driving at night or in low-light conditions.",yes,0,3.4
adverse_weather,b4201bd2-75c1998d.jpg,AW_H_06_v3,hazard,Is there no risk of glare from headlights or reflections in this scene?,yes,rainy,llava_ov,A,phase2_linguistic,negated,AW_H_06,"No, there is a risk of glare from headlights or reflections in this scene because the windshield is covered with raindrops, which can cause light to scatter and create glare.",no,0,2.21
adverse_weather,b4201bd2-75c1998d.jpg,AW_ADV_01_v2,adversarial,Can the type of road be identified from this image despite the weather conditions?,yes,rainy,llava_ov,A,phase2_linguistic,paraphrase,AW_ADV_01,"Yes, the road appears to be a typical urban street with visible lane markings and traffic lights, which suggests it is designed for vehicular traffic. The presence of these features allows for identification of the road type even through the rain-splattered window.",yes,1,2.97
adverse_weather,b4201bd2-75c1998d.jpg,AW_ADV_01_v3,adversarial,Are weather conditions severe enough to make road type identification impossible?,no,rainy,llava_ov,A,phase2_linguistic,negated,AW_ADV_01,"Yes, the weather conditions appear to be severe enough to obscure visibility and make it difficult to identify the specific type of road. The presence of numerous raindrops on the windshield suggests heavy rainfall, which can impair the driver's ability to see clearly and accurately assess the road surface. This level of precipitation typically leads to reduced visibility and can mask details such as road markings or surface texture, making it challenging to determine the exact nature of the road.",yes,0,4.78
adverse_weather,b4201bd2-75c1998d.jpg,AW_ADV_02_v2,adversarial,Are there any traffic signs or road markings that convey useful information here?,no,rainy,llava_ov,A,phase2_linguistic,paraphrase,AW_ADV_02,"No, there are no visible traffic signs or road markings that provide additional information about the driving conditions or directions. The focus is on the raindrops on the windshield, which obscure the view of the street and any potential signs or markings.",no,1,2.83
adverse_weather,b4201bd2-75c1998d.jpg,AW_ADV_02_v3,adversarial,Are road signs and markings too obscured to provide speed or direction guidance?,yes,rainy,llava_ov,A,phase2_linguistic,negated,AW_ADV_02,"Yes, the road signs and markings are obscured by raindrops on the windshield, making it difficult to read them. This is evident from the blurred and distorted view of the street through the wet glass.",yes,1,2.49
adverse_weather,b9b53753-91a5d5f8.jpg,AW_P_02,perception,Is it possible to read the colour of the traffic lights in this scene?,yes,rainy,llava_ov,A,phase2_mode_a,original,AW_P_02,"No, the colors of the traffic lights are not visible in the image due to the angle and distance from which the photo was taken. The lights appear as small, blurred circles without any distinguishable color.",no,0,2.54
adverse_weather,b9b53753-91a5d5f8.jpg,AW_A_03,action,Should the driver use windscreen wipers right now?,yes,rainy,llava_ov,A,phase2_mode_a,original,AW_A_03,"Yes, because it is raining.",yes,1,0.93
adverse_weather,b9b53753-91a5d5f8.jpg,AW_H_06,hazard,Is there a risk of glare from headlights or wet road reflections in this scene?,no,rainy,llava_ov,A,phase2_mode_a,original,AW_H_06,"Yes, there is a risk of glare from headlights or wet road reflections in this scene. The street appears to be wet, which can cause reflections that may impair visibility for drivers. Additionally, the presence of multiple vehicles with their headlights on increases the likelihood of glare.",yes,0,3.11
adverse_weather,b9b53753-91a5d5f8.jpg,AW_ADV_03,adversarial,Would a driver need to use headlights to safely navigate this scene?,no,rainy,llava_ov,A,phase2_mode_a,original,AW_ADV_03,"Yes, because it is raining.",yes,0,0.93
adverse_weather,b9b53753-91a5d5f8.jpg,AW_ADV_03_v2,adversarial,Is it dark or visibility-reduced enough that headlights are necessary here?,no,rainy,llava_ov,A,phase2_linguistic,paraphrase,AW_ADV_03,No. The street is well lit by ambient light.,no,1,1.12
adverse_weather,b9b53753-91a5d5f8.jpg,AW_ADV_03_v3,adversarial,Could a driver safely navigate this scene without turning on their headlights?,yes,rainy,llava_ov,A,phase2_linguistic,negated,AW_ADV_03,"No, it is not safe to navigate this scene without turning on headlights as the street appears to be wet and visibility may be reduced. Headlights would help improve visibility for the driver and other road users.",no,0,2.55
adverse_weather,b9b53753-91a5d5f8.jpg,AW_A_03_v2,action,Are windscreen wipers needed given the weather shown in this image?,yes,rainy,llava_ov,A,phase2_linguistic,paraphrase,AW_A_03,"Yes, because it is raining.",yes,1,0.93
adverse_weather,b9b53753-91a5d5f8.jpg,AW_A_03_v3,action,Is the weather dry enough that wipers would not be needed?,no,rainy,llava_ov,A,phase2_linguistic,negated,AW_A_03,"No, the road is wet and there are reflections of lights, indicating that it has recently rained or is still raining. This suggests that the weather is not dry enough for wipers to be unnecessary.",no,1,2.54
adverse_weather,b9b53753-91a5d5f8.jpg,AW_H_06_v2,hazard,Could light reflections off the wet road surface cause visual impairment for the driver?,no,rainy,llava_ov,A,phase2_linguistic,paraphrase,AW_H_06,"Yes, light reflections off the wet road surface could cause visual impairment for the driver. The wet road reflects the lights from vehicles and streetlights, creating glare that can make it difficult to see clearly. This is evident in the image where there are multiple reflections visible on the road surface.",yes,0,3.31
adverse_weather,b9b53753-91a5d5f8.jpg,AW_H_06_v3,hazard,Is there no risk of glare from headlights or reflections in this scene?,yes,rainy,llava_ov,A,phase2_linguistic,negated,AW_H_06,"No, there is a risk of glare from headlights or reflections in this scene. The wet road surface reflects the lights from the vehicles, which could cause glare for drivers. Additionally, the overcast sky suggests that it might be raining, which can also contribute to glare and reduced visibility.",no,0,3.31
adverse_weather,b9b53753-91a5d5f8.jpg,AW_P_02_v2,perception,Are the traffic light colours in this scene legible to the driver?,yes,rainy,llava_ov,A,phase2_linguistic,paraphrase,AW_P_02,"No, the traffic lights are not visible in the image. The view is obstructed by the angle of the photograph and the position of the vehicles, which block the line of sight to the traffic lights.",no,0,2.54
adverse_weather,b9b53753-91a5d5f8.jpg,AW_P_02_v3,perception,Are traffic light colours too difficult to distinguish in these conditions?,no,rainy,llava_ov,A,phase2_linguistic,negated,AW_P_02,"No, the traffic lights are clearly visible and their colors can be distinguished even in the rainy conditions shown in the image. The red light is illuminated, indicating that vehicles should stop.",no,1,2.31
adverse_weather,b79d7247-6750fc90.jpg,AW_A_02,action,Should the driver slow down below the speed limit given current conditions?,no,rainy,llava_ov,A,phase2_mode_a,original,AW_A_02,"Yes, the driver should slow down below the speed limit given the current conditions. The image shows heavy rain, which reduces visibility and makes the road slippery. These conditions increase the risk of accidents, so it is safer to drive at a slower speed to maintain control of the vehicle and ensure safety for all road users.",yes,0,3.62
adverse_weather,b79d7247-6750fc90.jpg,AW_A_03,action,Should the driver use windscreen wipers right now?,yes,rainy,llava_ov,A,phase2_mode_a,original,AW_A_03,"Yes, the driver should use windscreen wipers because there is heavy rain on the windshield, which would impair visibility.",yes,1,1.74
adverse_weather,b79d7247-6750fc90.jpg,AW_H_06,hazard,Is there a risk of glare from headlights or wet road reflections in this scene?,no,rainy,llava_ov,A,phase2_mode_a,original,AW_H_06,"Yes, there is a risk of glare from headlights or wet road reflections in this scene. The raindrops on the windshield and the wet road surface suggest that the headlights of other vehicles could create glare, making it difficult for the driver to see clearly. Additionally, the reflections on the wet road surface could also cause visual distractions.",yes,0,3.71
adverse_weather,b79d7247-6750fc90.jpg,AW_ADV_01,adversarial,"Despite the weather, can you still identify what type of road this is?",yes,rainy,llava_ov,A,phase2_mode_a,original,AW_ADV_01,"Yes, it is an urban highway with multiple lanes and overhead structures, indicating it is designed for high traffic flow in a city environment.",yes,1,1.89
adverse_weather,b79d7247-6750fc90.jpg,AW_ADV_02,adversarial,Are any road signs or markings visible that convey speed or direction information?,yes,rainy,llava_ov,A,phase2_mode_a,original,AW_ADV_02,"No, there are no visible road signs or markings that provide speed or direction information in this image. The focus is on the wet conditions and the view from inside a vehicle, with no clear visibility of traffic signs or lane markings.",no,0,2.79
adverse_weather,b79d7247-6750fc90.jpg,AW_ADV_03,adversarial,Would a driver need to use headlights to safely navigate this scene?,no,rainy,llava_ov,A,phase2_mode_a,original,AW_ADV_03,"Yes, because it is raining and visibility is low.",yes,0,1.12
adverse_weather,b79d7247-6750fc90.jpg,AW_ADV_03_v2,adversarial,Is it dark or visibility-reduced enough that headlights are necessary here?,no,rainy,llava_ov,A,phase2_linguistic,paraphrase,AW_ADV_03,"No, it is not dark or visibility-reduced enough to require headlights. The image shows a street scene with visible lane markings and traffic lights, indicating sufficient natural light for driving without the need for headlights.",no,1,2.54
adverse_weather,b79d7247-6750fc90.jpg,AW_ADV_03_v3,adversarial,Could a driver safely navigate this scene without turning on their headlights?,yes,rainy,llava_ov,A,phase2_linguistic,negated,AW_ADV_03,"No, it is not safe to navigate this scene without turning on headlights as the road is wet and visibility is low due to rain. Headlights would help improve visibility for the driver.",no,0,2.43
adverse_weather,b79d7247-6750fc90.jpg,AW_A_03_v2,action,Are windscreen wipers needed given the weather shown in this image?,yes,rainy,llava_ov,A,phase2_linguistic,paraphrase,AW_A_03,"Yes, the windscreen wipers are needed because there is heavy rain and water droplets on the windshield, which would impair visibility.",yes,1,1.89
adverse_weather,b79d7247-6750fc90.jpg,AW_A_03_v3,action,Is the weather dry enough that wipers would not be needed?,no,rainy,llava_ov,A,phase2_linguistic,negated,AW_A_03,"No, the windshield is covered in raindrops, indicating that it is raining and wipers would be needed.",no,1,1.65
adverse_weather,b79d7247-6750fc90.jpg,AW_H_06_v2,hazard,Could light reflections off the wet road surface cause visual impairment for the driver?,no,rainy,llava_ov,A,phase2_linguistic,paraphrase,AW_H_06,"Yes, light reflections off the wet road surface could cause visual impairment for the driver. The image shows a wet road with visible reflections from headlights and streetlights, which can create glare and make it difficult to see clearly. This is especially true when driving through an underpass where the lighting conditions may be more variable.",yes,0,3.61
adverse_weather,b79d7247-6750fc90.jpg,AW_H_06_v3,hazard,Is there no risk of glare from headlights or reflections in this scene?,yes,rainy,llava_ov,A,phase2_linguistic,negated,AW_H_06,"No, there is a risk of glare from headlights or reflections in this scene. The wet road surface and the presence of vehicles with their lights on could cause glare or reflections that may affect visibility for drivers.",no,0,2.57
adverse_weather,b79d7247-6750fc90.jpg,AW_ADV_01_v2,adversarial,Can the type of road be identified from this image despite the weather conditions?,yes,rainy,llava_ov,A,phase2_linguistic,paraphrase,AW_ADV_01,"Yes, the road appears to be an urban highway or freeway, as indicated by the presence of multiple lanes, overhead structures, and the design of the vehicles. The wet conditions suggest recent rain, but these features are consistent with typical urban roadways.",yes,1,3.12
adverse_weather,b79d7247-6750fc90.jpg,AW_ADV_01_v3,adversarial,Are weather conditions severe enough to make road type identification impossible?,no,rainy,llava_ov,A,phase2_linguistic,negated,AW_ADV_01,"No, the road is clearly visible as an overpass with vehicles on it, despite the rain.",no,1,1.55
adverse_weather,b79d7247-6750fc90.jpg,AW_ADV_02_v2,adversarial,Are there any traffic signs or road markings that convey useful information here?,yes,rainy,llava_ov,A,phase2_linguistic,paraphrase,AW_ADV_02,"No, there are no visible traffic signs or road markings that provide additional information about the road conditions or directions. The focus is on the wet weather and the vehicles' movement through the tunnel.",no,0,2.4
adverse_weather,b79d7247-6750fc90.jpg,AW_ADV_02_v3,adversarial,Are road signs and markings too obscured to provide speed or direction guidance?,no,rainy,llava_ov,A,phase2_linguistic,negated,AW_ADV_02,"Yes, the road signs and markings appear to be obscured by rain and reflections, making it difficult to discern any specific instructions for speed or direction. The wet conditions also reduce visibility, which can further complicate navigation.",yes,0,2.64
adverse_weather,b79d7247-6750fc90.jpg,AW_A_02_v2,action,Do the road conditions shown here warrant driving below the posted speed limit?,no,rainy,llava_ov,A,phase2_linguistic,paraphrase,AW_A_02,"Yes, the road conditions shown here warrant driving below the posted speed limit because it is raining heavily, which reduces visibility and makes the roads slippery, increasing the risk of accidents.",yes,0,2.26
adverse_weather,b79d7247-6750fc90.jpg,AW_A_02_v3,action,Are conditions safe enough to drive at the normal speed limit here?,yes,rainy,llava_ov,A,phase2_linguistic,negated,AW_A_02,"No, it is not safe to drive at the normal speed limit here because the road is wet and there is heavy traffic, which increases the risk of accidents.",no,0,2.12
adverse_weather,c30f959a-bd87aa16.jpg,AW_P_02,perception,Is it possible to read the colour of the traffic lights in this scene?,yes,rainy,llava_ov,A,phase2_mode_a,original,AW_P_02,"No, the image is taken through a rain-splattered window which obscures the view of the traffic lights, making it impossible to determine their color.",no,0,2.07
adverse_weather,c30f959a-bd87aa16.jpg,AW_A_03,action,Should the driver use windscreen wipers right now?,yes,rainy,llava_ov,A,phase2_mode_a,original,AW_A_03,"Yes, the driver should use windscreen wipers because there is visible rain on the windshield, which would impair visibility.",yes,1,1.74
adverse_weather,c30f959a-bd87aa16.jpg,AW_H_06,hazard,Is there a risk of glare from headlights or wet road reflections in this scene?,no,rainy,llava_ov,A,phase2_mode_a,original,AW_H_06,"Yes, there is a risk of glare from headlights or wet road reflections in this scene. The presence of water droplets on the camera lens suggests that it has been raining, which could create reflections on the road surface. Additionally, the overcast sky and wet conditions may cause headlights to reflect off the road, creating glare for drivers.",yes,0,3.78
adverse_weather,c30f959a-bd87aa16.jpg,AW_ADV_02,adversarial,Are any road signs or markings visible that convey speed or direction information?,yes,rainy,llava_ov,A,phase2_mode_a,original,AW_ADV_02,"No, there are no visible road signs or markings that convey speed or direction information in the image. The focus is on the vehicles and the immediate surroundings, with no clear indication of traffic rules or directions.",no,0,2.55
adverse_weather,c30f959a-bd87aa16.jpg,AW_ADV_03,adversarial,Would a driver need to use headlights to safely navigate this scene?,no,rainy,llava_ov,A,phase2_mode_a,original,AW_ADV_03,"No, the weather is not dark enough for headlights to be necessary.",no,1,1.27
adverse_weather,c30f959a-bd87aa16.jpg,AW_ADV_03_v2,adversarial,Is it dark or visibility-reduced enough that headlights are necessary here?,no,rainy,llava_ov,A,phase2_linguistic,paraphrase,AW_ADV_03,No. It is daytime.,no,1,0.89
adverse_weather,c30f959a-bd87aa16.jpg,AW_ADV_03_v3,adversarial,Could a driver safely navigate this scene without turning on their headlights?,yes,rainy,llava_ov,A,phase2_linguistic,negated,AW_ADV_03,"No, it is not safe to navigate this scene without turning on headlights as the weather appears to be rainy and visibility is low. Headlights would help improve visibility for the driver and other road users.",no,0,2.51
adverse_weather,c30f959a-bd87aa16.jpg,AW_A_03_v2,action,Are windscreen wipers needed given the weather shown in this image?,yes,rainy,llava_ov,A,phase2_linguistic,paraphrase,AW_A_03,"Yes, because there is water droplets on the windshield.",yes,1,1.17
adverse_weather,c30f959a-bd87aa16.jpg,AW_A_03_v3,action,Is the weather dry enough that wipers would not be needed?,no,rainy,llava_ov,A,phase2_linguistic,negated,AW_A_03,"No, the weather is not dry enough for wipers to be unnecessary. The presence of water droplets on the camera lens suggests rain or recent rainfall, which typically requires windshield wipers to maintain visibility while driving.",no,1,2.65
adverse_weather,c30f959a-bd87aa16.jpg,AW_H_06_v2,hazard,Could light reflections off the wet road surface cause visual impairment for the driver?,no,rainy,llava_ov,A,phase2_linguistic,paraphrase,AW_H_06,"Yes, light reflections off the wet road surface could cause visual impairment for the driver. The image shows a wet road with visible reflections, which can create glare and make it difficult for drivers to see clearly. This is especially true when looking at the road ahead, as the reflections can obscure important details such as lane markings or other vehicles.",yes,0,3.78
adverse_weather,c30f959a-bd87aa16.jpg,AW_H_06_v3,hazard,Is there no risk of glare from headlights or reflections in this scene?,yes,rainy,llava_ov,A,phase2_linguistic,negated,AW_H_06,"Yes, there is no risk of glare from headlights or reflections in this scene because it appears to be daytime with overcast skies, which would diffuse any light sources and reduce the intensity of reflections. Additionally, the wet road surface suggests that the angle of the sun is not directly overhead, minimizing the chance of glare.",yes,1,3.59
adverse_weather,c30f959a-bd87aa16.jpg,AW_ADV_02_v2,adversarial,Are there any traffic signs or road markings that convey useful information here?,yes,rainy,llava_ov,A,phase2_linguistic,paraphrase,AW_ADV_02,"Yes, there is a blue sign indicating ""Cell Phone Lot"" which provides useful information for drivers about where they can park their vehicles to use their cell phones. This helps in managing traffic flow and ensuring safety by designating specific areas for such activities.",yes,1,2.99
adverse_weather,c30f959a-bd87aa16.jpg,AW_ADV_02_v3,adversarial,Are road signs and markings too obscured to provide speed or direction guidance?,no,rainy,llava_ov,A,phase2_linguistic,negated,AW_ADV_02,"No. The road signs and markings are not obscured. The blue sign is clearly visible, indicating a cell phone lot, and there are no obstructions blocking the view of any directional or speed-related signs.",no,1,2.55
adverse_weather,c30f959a-bd87aa16.jpg,AW_P_02_v2,perception,Are the traffic light colours in this scene legible to the driver?,yes,rainy,llava_ov,A,phase2_linguistic,paraphrase,AW_P_02,"No, the traffic lights are not legible to the driver because they appear red but are obscured by raindrops on the camera lens. The droplets are distorting the view, making it difficult to clearly see the traffic light's colors.",no,0,2.88
adverse_weather,c30f959a-bd87aa16.jpg,AW_P_02_v3,perception,Are traffic light colours too difficult to distinguish in these conditions?,no,rainy,llava_ov,A,phase2_linguistic,negated,AW_P_02,"Yes, the traffic lights appear red but their visibility is compromised by the rain and reflections on the wet surface of the car window.",yes,0,1.83
adverse_weather,c3a5542d-132f75f3.jpg,AW_A_02,action,Should the driver slow down below the speed limit given current conditions?,no,rainy,llava_ov,A,phase2_mode_a,original,AW_A_02,"Yes, the driver should slow down below the speed limit given the current conditions. The image shows heavy rain and wet road conditions, which can reduce visibility and increase stopping distances. Slowing down helps maintain control of the vehicle and allows for safer driving in such weather.",yes,0,3.13
adverse_weather,c3a5542d-132f75f3.jpg,AW_A_03,action,Should the driver use windscreen wipers right now?,yes,rainy,llava_ov,A,phase2_mode_a,original,AW_A_03,"Yes, the driver should use windscreen wipers because there are visible raindrops on the windshield, which would impair visibility. Using the wipers will help clear the droplets and improve the driver's view of the road.",yes,1,2.74
adverse_weather,c3a5542d-132f75f3.jpg,AW_H_06,hazard,Is there a risk of glare from headlights or wet road reflections in this scene?,no,rainy,llava_ov,A,phase2_mode_a,original,AW_H_06,"Yes, there is a risk of glare from headlights or wet road reflections in this scene. The raindrops on the windshield could cause light to scatter, creating glare that might impair visibility. Additionally, the wet road surface can reflect light from other vehicles' headlights, further increasing the risk of glare.",yes,0,3.41
adverse_weather,c3a5542d-132f75f3.jpg,AW_ADV_01,adversarial,"Despite the weather, can you still identify what type of road this is?",yes,rainy,llava_ov,A,phase2_mode_a,original,AW_ADV_01,"Yes, it appears to be a two-lane road with a dashed centerline, which is typical for a two-way street. The presence of multiple lanes and the layout suggest it's designed for through traffic rather than a local street.",yes,1,2.84
adverse_weather,c3a5542d-132f75f3.jpg,AW_ADV_02,adversarial,Are any road signs or markings visible that convey speed or direction information?,no,rainy,llava_ov,A,phase2_mode_a,original,AW_ADV_02,"No, there are no visible road signs or markings that convey speed or direction information. The focus is on the wet road and the vehicles' lights, with no clear indication of traffic rules or directions.",no,1,2.5
adverse_weather,c3a5542d-132f75f3.jpg,AW_ADV_03,adversarial,Would a driver need to use headlights to safely navigate this scene?,no,rainy,llava_ov,A,phase2_mode_a,original,AW_ADV_03,"Yes, because it is raining and visibility is low, using headlights would help the driver see better and be seen by other drivers.",yes,0,1.83
adverse_weather,c3a5542d-132f75f3.jpg,AW_ADV_03_v2,adversarial,Is it dark or visibility-reduced enough that headlights are necessary here?,no,rainy,llava_ov,A,phase2_linguistic,paraphrase,AW_ADV_03,"Yes, it is dark or visibility-reduced enough that headlights are necessary here. The image shows a rainy road with limited visibility, and the headlights of the vehicles are on to improve visibility and safety.",yes,0,2.5
adverse_weather,c3a5542d-132f75f3.jpg,AW_ADV_03_v3,adversarial,Could a driver safely navigate this scene without turning on their headlights?,yes,rainy,llava_ov,A,phase2_linguistic,negated,AW_ADV_03,"No, it is not safe to navigate this scene without turning on headlights as the road is wet and visibility is low due to rain. Headlights would help improve visibility for both the driver and other drivers on the road.",no,0,2.68
adverse_weather,c3a5542d-132f75f3.jpg,AW_A_03_v2,action,Are windscreen wipers needed given the weather shown in this image?,yes,rainy,llava_ov,A,phase2_linguistic,paraphrase,AW_A_03,"Yes, windscreen wipers are needed because there is snow on the windshield, which would obstruct the driver's view.",yes,1,1.75
adverse_weather,c3a5542d-132f75f3.jpg,AW_A_03_v3,action,Is the weather dry enough that wipers would not be needed?,no,rainy,llava_ov,A,phase2_linguistic,negated,AW_A_03,"No, the weather is not dry enough for wipers to be unnecessary. The image shows raindrops on the windshield, indicating wet conditions that require the use of wipers to maintain visibility while driving.",no,1,2.5
adverse_weather,c3a5542d-132f75f3.jpg,AW_H_06_v2,hazard,Could light reflections off the wet road surface cause visual impairment for the driver?,no,rainy,llava_ov,A,phase2_linguistic,paraphrase,AW_H_06,"Yes, light reflections off the wet road surface could cause visual impairment for the driver. The image shows a wet road with visible reflections from the headlights of vehicles ahead, which can create glare and make it difficult to see clearly. This is especially true in rainy conditions where water droplets on the windshield can further impair visibility.",yes,0,3.63
adverse_weather,c3a5542d-132f75f3.jpg,AW_H_06_v3,hazard,Is there no risk of glare from headlights or reflections in this scene?,yes,rainy,llava_ov,A,phase2_linguistic,negated,AW_H_06,"No, there is a risk of glare from headlights or reflections in this scene. The wet road surface and the presence of other vehicles with their lights on suggest that there could be reflections and glare, which can impair visibility for drivers.",no,0,2.79
adverse_weather,c3a5542d-132f75f3.jpg,AW_ADV_01_v2,adversarial,Can the type of road be identified from this image despite the weather conditions?,yes,rainy,llava_ov,A,phase2_linguistic,paraphrase,AW_ADV_01,"Yes, the road appears to be a standard two-lane road with a dashed center line, which is typical for many urban and suburban areas. The presence of lane markings and the absence of any unusual features suggest it is a common type of road.",yes,1,2.98
adverse_weather,c3a5542d-132f75f3.jpg,AW_ADV_01_v3,adversarial,Are weather conditions severe enough to make road type identification impossible?,no,rainy,llava_ov,A,phase2_linguistic,negated,AW_ADV_01,"Yes, the weather conditions appear to be severe with heavy rain and snowfall, making it difficult to clearly identify the road type. The visibility is low due to the wet and blurry windshield, which obscures the view of the road surface and any markings that might indicate its type.",yes,0,3.28
adverse_weather,c3a5542d-132f75f3.jpg,AW_ADV_02_v2,adversarial,Are there any traffic signs or road markings that convey useful information here?,no,rainy,llava_ov,A,phase2_linguistic,paraphrase,AW_ADV_02,"No, there are no visible traffic signs or road markings that convey useful information in this image. The view is obstructed by raindrops on the windshield, making it difficult to see any signs or markings clearly.",no,1,2.61
adverse_weather,c3a5542d-132f75f3.jpg,AW_ADV_02_v3,adversarial,Are road signs and markings too obscured to provide speed or direction guidance?,yes,rainy,llava_ov,A,phase2_linguistic,negated,AW_ADV_02,"Yes, the road signs and markings are obscured by rain and snow, making it difficult to determine speed limits or directions. The visibility is low, which can hinder safe navigation.",yes,1,2.27
adverse_weather,c3a5542d-132f75f3.jpg,AW_A_02_v2,action,Do the road conditions shown here warrant driving below the posted speed limit?,no,rainy,llava_ov,A,phase2_linguistic,paraphrase,AW_A_02,"Yes, the road conditions shown here warrant driving below the posted speed limit because it is raining heavily, which reduces visibility and makes the roads slippery, increasing the risk of accidents.",yes,0,2.26
adverse_weather,c3a5542d-132f75f3.jpg,AW_A_02_v3,action,Are conditions safe enough to drive at the normal speed limit here?,yes,rainy,llava_ov,A,phase2_linguistic,negated,AW_A_02,"No, it is not safe to drive at the normal speed limit here because the road appears to be wet and there are large droplets of water on the windshield, which could impair visibility. Additionally, the weather seems to be rainy, which can make driving conditions hazardous. It is important to adjust your speed and exercise caution when driving in such conditions.",no,0,3.93
adverse_weather,c38e77f6-edc3c34b.jpg,AW_P_02,perception,Is it possible to read the colour of the traffic lights in this scene?,yes,rainy,llava_ov,A,phase2_mode_a,original,AW_P_02,"No, the raindrops on the window obscure the view of the traffic lights.",no,0,1.37
adverse_weather,c38e77f6-edc3c34b.jpg,AW_A_03,action,Should the driver use windscreen wipers right now?,yes,rainy,llava_ov,A,phase2_mode_a,original,AW_A_03,"Yes, the driver should use windscreen wipers because there are many water droplets on the windshield, which can obstruct the view and reduce visibility while driving. Using the wipers will help clear the droplets and improve visibility for safe driving.",yes,1,2.94
adverse_weather,c38e77f6-edc3c34b.jpg,AW_H_06,hazard,Is there a risk of glare from headlights or wet road reflections in this scene?,no,rainy,llava_ov,A,phase2_mode_a,original,AW_H_06,"Yes, there is a risk of glare from headlights or wet road reflections in this scene. The raindrops on the windshield create a distorted view, which can cause glare from the headlights of other vehicles. Additionally, the wet road surface can reflect light, further increasing the risk of glare. This can make it difficult for the driver to see clearly and safely navigate the road.",yes,0,4.12
adverse_weather,c38e77f6-edc3c34b.jpg,AW_ADV_01,adversarial,"Despite the weather, can you still identify what type of road this is?",yes,rainy,llava_ov,A,phase2_mode_a,original,AW_ADV_01,"Yes, it appears to be an urban street with tall buildings and traffic lights, which suggests it's a city road rather than a rural or highway setting. The presence of multiple lanes and vehicles also indicates it's designed for high traffic volume typical of city roads.",yes,1,3.06
adverse_weather,c38e77f6-edc3c34b.jpg,AW_ADV_02,adversarial,Are any road signs or markings visible that convey speed or direction information?,yes,rainy,llava_ov,A,phase2_mode_a,original,AW_ADV_02,"No, there are no clear road signs or markings visible in the image that convey speed or direction information. The view is obstructed by raindrops on the window, which blurs details of the street and any potential signs or markings.",no,0,2.82
adverse_weather,c38e77f6-edc3c34b.jpg,AW_ADV_03,adversarial,Would a driver need to use headlights to safely navigate this scene?,no,rainy,llava_ov,A,phase2_mode_a,original,AW_ADV_03,"Yes, because it is raining and visibility is low.",yes,0,1.12
adverse_weather,c38e77f6-edc3c34b.jpg,AW_ADV_03_v2,adversarial,Is it dark or visibility-reduced enough that headlights are necessary here?,no,rainy,llava_ov,A,phase2_linguistic,paraphrase,AW_ADV_03,"No, it is not dark or visibility-reduced enough for headlights to be necessary. The streetlights and ambient light suggest it is daytime, and the visibility is clear despite the rain.",no,1,2.36
adverse_weather,c38e77f6-edc3c34b.jpg,AW_ADV_03_v3,adversarial,Could a driver safely navigate this scene without turning on their headlights?,yes,rainy,llava_ov,A,phase2_linguistic,negated,AW_ADV_03,"No, it is difficult to see through the rain and the glare from the wet street.",no,0,1.46
adverse_weather,c38e77f6-edc3c34b.jpg,AW_A_03_v2,action,Are windscreen wipers needed given the weather shown in this image?,yes,rainy,llava_ov,A,phase2_linguistic,paraphrase,AW_A_03,"Yes, windscreen wipers are needed because there is rain on the window which is obstructing the view.",yes,1,1.65
adverse_weather,c38e77f6-edc3c34b.jpg,AW_A_03_v3,action,Is the weather dry enough that wipers would not be needed?,no,rainy,llava_ov,A,phase2_linguistic,negated,AW_A_03,"No, the weather is not dry enough for wipers to be unnecessary. The presence of numerous water droplets on the windshield indicates rain, which necessitates the use of wipers to maintain visibility.",no,1,2.5
adverse_weather,c38e77f6-edc3c34b.jpg,AW_H_06_v2,hazard,Could light reflections off the wet road surface cause visual impairment for the driver?,no,rainy,llava_ov,A,phase2_linguistic,paraphrase,AW_H_06,"Yes, light reflections off the wet road surface could cause visual impairment for the driver. The image shows a rainy day with water droplets on the windshield, which can create glare and reduce visibility. Additionally, the wet road surface can reflect lights from other vehicles, making it harder for the driver to see clearly.",yes,0,3.55
adverse_weather,c38e77f6-edc3c34b.jpg,AW_H_06_v3,hazard,Is there no risk of glare from headlights or reflections in this scene?,yes,rainy,llava_ov,A,phase2_linguistic,negated,AW_H_06,"No, there is a risk of glare from headlights and reflections in this scene. The wet street and windshield suggest that the headlights of other vehicles could create glare, and the reflections on the wet surfaces could also cause visual disturbances for the driver.",no,0,2.89
adverse_weather,c38e77f6-edc3c34b.jpg,AW_ADV_01_v2,adversarial,Can the type of road be identified from this image despite the weather conditions?,yes,rainy,llava_ov,A,phase2_linguistic,paraphrase,AW_ADV_01,"Yes, the road appears to be an urban street with multiple lanes, as indicated by the presence of traffic lights, vehicles, and buildings. The wet surface suggests it is raining, but these elements collectively allow for identification of the road type.",yes,1,2.89
adverse_weather,c38e77f6-edc3c34b.jpg,AW_ADV_01_v3,adversarial,Are weather conditions severe enough to make road type identification impossible?,no,rainy,llava_ov,A,phase2_linguistic,negated,AW_ADV_01,"Yes, the weather conditions appear to be severe enough to obscure the view of the road and surrounding environment, making it difficult to identify the type of road. The raindrops on the window and the blurred visibility suggest that the weather is impacting the ability to clearly see the road.",yes,0,3.21
adverse_weather,c38e77f6-edc3c34b.jpg,AW_ADV_02_v2,adversarial,Are there any traffic signs or road markings that convey useful information here?,yes,rainy,llava_ov,A,phase2_linguistic,paraphrase,AW_ADV_02,"No, there are no visible traffic signs or road markings that provide useful information in this image. The view is obstructed by raindrops on the window, which also causes a general blurriness to the scene.",no,0,2.65
adverse_weather,c38e77f6-edc3c34b.jpg,AW_ADV_02_v3,adversarial,Are road signs and markings too obscured to provide speed or direction guidance?,no,rainy,llava_ov,A,phase2_linguistic,negated,AW_ADV_02,"Yes, the road signs and markings are obscured by raindrops on the windshield, making it difficult to read them clearly. This would hinder the ability to receive speed or direction guidance from these visual cues.",yes,0,2.52
adverse_weather,c38e77f6-edc3c34b.jpg,AW_P_02_v2,perception,Are the traffic light colours in this scene legible to the driver?,yes,rainy,llava_ov,A,phase2_linguistic,paraphrase,AW_P_02,"No, the traffic lights are not visible in the image due to the rain and reflections on the windshield. The view is obscured by water droplets and glare, making it difficult for the driver to see any traffic signals clearly.",no,0,2.75
adverse_weather,c38e77f6-edc3c34b.jpg,AW_P_02_v3,perception,Are traffic light colours too difficult to distinguish in these conditions?,no,rainy,llava_ov,A,phase2_linguistic,negated,AW_P_02,"Yes, the traffic lights appear red but their visibility is compromised by the rain and reflections on the wet window.",yes,0,1.65
adverse_weather,6410ded7-e1a1132d.jpg,AW_P_02,perception,Is it possible to read the colour of the traffic lights in this scene?,no,foggy,llava_ov,A,phase2_mode_a,original,AW_P_02,"No, the traffic light is obscured by fog, making it impossible to determine its color.",no,1,1.46
adverse_weather,6410ded7-e1a1132d.jpg,AW_A_02,action,Should the driver slow down below the speed limit given current conditions?,yes,foggy,llava_ov,A,phase2_mode_a,original,AW_A_02,"Yes, the driver should slow down below the speed limit given the current foggy conditions as visibility is reduced.",yes,1,1.64
adverse_weather,6410ded7-e1a1132d.jpg,AW_A_03,action,Should the driver use windscreen wipers right now?,no,foggy,llava_ov,A,phase2_mode_a,original,AW_A_03,"No, the road is wet but there is no rain.",no,1,1.17
adverse_weather,6410ded7-e1a1132d.jpg,AW_A_04,action,Is it safe to attempt an overtake of the vehicle ahead in these conditions?,no,foggy,llava_ov,A,phase2_mode_a,original,AW_A_04,"No, it is not safe to attempt an overtake of the vehicle ahead in these conditions. The heavy fog reduces visibility significantly, making it difficult to see the road ahead and any potential hazards. Overturning in such conditions increases the risk of accidents.",no,1,3.02
adverse_weather,6410ded7-e1a1132d.jpg,AW_H_06,hazard,Is there a risk of glare from headlights or wet road reflections in this scene?,no,foggy,llava_ov,A,phase2_mode_a,original,AW_H_06,"No, there is no visible glare from headlights or wet road reflections in this scene. The foggy conditions suggest that visibility is reduced, which could affect the intensity of any potential glare, but there are no direct reflections or bright spots indicating glare or reflections on the road surface.",no,1,3.21
adverse_weather,6410ded7-e1a1132d.jpg,AW_ADV_01,adversarial,"Despite the weather, can you still identify what type of road this is?",no,foggy,llava_ov,A,phase2_mode_a,original,AW_ADV_01,"Yes, it is a two-lane road with a speed limit sign indicating a school zone, suggesting it is likely a residential or suburban area. The presence of a traffic light and the road markings also support this identification.",yes,0,2.69
adverse_weather,6410ded7-e1a1132d.jpg,AW_ADV_02,adversarial,Are any road signs or markings visible that convey speed or direction information?,no,foggy,llava_ov,A,phase2_mode_a,original,AW_ADV_02,"Yes, there is a yellow sign indicating a school zone with a speed limit of 25. This provides both speed and directional information to drivers.",yes,0,2.03
adverse_weather,6410ded7-e1a1132d.jpg,AW_ADV_03,adversarial,Would a driver need to use headlights to safely navigate this scene?,yes,foggy,llava_ov,A,phase2_mode_a,original,AW_ADV_03,"Yes, because it is foggy.",yes,1,0.98
adverse_weather,6410ded7-e1a1132d.jpg,AW_ADV_03_v2,adversarial,Is it dark or visibility-reduced enough that headlights are necessary here?,yes,foggy,llava_ov,A,phase2_linguistic,paraphrase,AW_ADV_03,"Yes, it is dark or visibility-reduced enough that headlights are necessary here. The image shows a foggy environment with reduced visibility, which typically requires the use of headlights to ensure safety while driving.",yes,1,2.5
adverse_weather,6410ded7-e1a1132d.jpg,AW_ADV_03_v3,adversarial,Could a driver safely navigate this scene without turning on their headlights?,no,foggy,llava_ov,A,phase2_linguistic,negated,AW_ADV_03,"No, because it is foggy and visibility is low.",no,1,1.16
adverse_weather,6410ded7-e1a1132d.jpg,AW_A_03_v2,action,Are windscreen wipers needed given the weather shown in this image?,no,foggy,llava_ov,A,phase2_linguistic,paraphrase,AW_A_03,"Yes, because it is foggy.",yes,0,0.97
adverse_weather,6410ded7-e1a1132d.jpg,AW_A_03_v3,action,Is the weather dry enough that wipers would not be needed?,yes,foggy,llava_ov,A,phase2_linguistic,negated,AW_A_03,"Yes, the weather appears to be dry as there is no visible rain or wetness on the road or vehicles. The visibility is also good, suggesting that it is not raining heavily.",yes,1,2.36
adverse_weather,6410ded7-e1a1132d.jpg,AW_H_06_v2,hazard,Could light reflections off the wet road surface cause visual impairment for the driver?,no,foggy,llava_ov,A,phase2_linguistic,paraphrase,AW_H_06,"Yes, light reflections off the wet road surface could cause visual impairment for the driver. The road appears to be wet, which can create glare when headlights or streetlights hit the surface. This glare can reduce visibility and make it harder for drivers to see clearly.",yes,0,3.07
adverse_weather,6410ded7-e1a1132d.jpg,AW_H_06_v3,hazard,Is there no risk of glare from headlights or reflections in this scene?,yes,foggy,llava_ov,A,phase2_linguistic,negated,AW_H_06,"Yes, there is no risk of glare from headlights or reflections in this scene because it appears to be foggy, which would diffuse any light sources and reduce the intensity of reflections. Additionally, the visibility is low, suggesting that any headlights or lights would not be as prominent.",yes,1,3.21
adverse_weather,6410ded7-e1a1132d.jpg,AW_ADV_01_v2,adversarial,Can the type of road be identified from this image despite the weather conditions?,no,foggy,llava_ov,A,phase2_linguistic,paraphrase,AW_ADV_01,"Yes, the road appears to be a standard two-lane road with clear lane markings, which can be identified even in foggy conditions. The presence of a speed limit sign also indicates it is a maintained roadway.",yes,0,2.65
adverse_weather,6410ded7-e1a1132d.jpg,AW_ADV_01_v3,adversarial,Are weather conditions severe enough to make road type identification impossible?,yes,foggy,llava_ov,A,phase2_linguistic,negated,AW_ADV_01,"Yes, the weather conditions appear to be foggy, which reduces visibility and makes it difficult to identify specific details of the road type.",yes,1,1.88
adverse_weather,6410ded7-e1a1132d.jpg,AW_ADV_02_v2,adversarial,Are there any traffic signs or road markings that convey useful information here?,no,foggy,llava_ov,A,phase2_linguistic,paraphrase,AW_ADV_02,"Yes, there is a school speed limit sign indicating a 25 mph speed limit for the area. This is important for drivers to be aware of when approaching a school zone to ensure the safety of children who may be present. Additionally, there are road markings indicating a bike lane, which helps to separate cyclists from vehicular traffic.",yes,0,3.78
adverse_weather,6410ded7-e1a1132d.jpg,AW_ADV_02_v3,adversarial,Are road signs and markings too obscured to provide speed or direction guidance?,yes,foggy,llava_ov,A,phase2_linguistic,negated,AW_ADV_02,"No. The road signs and markings are clear and visible, providing necessary information for drivers.",no,0,1.46
adverse_weather,6410ded7-e1a1132d.jpg,AW_A_02_v2,action,Do the road conditions shown here warrant driving below the posted speed limit?,yes,foggy,llava_ov,A,phase2_linguistic,paraphrase,AW_A_02,"Yes, because of the fog.",yes,1,0.94
adverse_weather,6410ded7-e1a1132d.jpg,AW_A_02_v3,action,Are conditions safe enough to drive at the normal speed limit here?,no,foggy,llava_ov,A,phase2_linguistic,negated,AW_A_02,"No, because of the fog.",no,1,0.93
adverse_weather,6410ded7-e1a1132d.jpg,AW_A_04_v2,action,Would it be safe to pass the vehicle ahead given current road and visibility conditions?,no,foggy,llava_ov,A,phase2_linguistic,paraphrase,AW_A_04,"No, it would not be safe to pass the vehicle ahead given the current road and visibility conditions. The heavy fog reduces visibility significantly, making it difficult to see the road ahead and any potential hazards. Additionally, the speed limit is reduced to 25 mph, indicating that the area may have additional safety concerns such as pedestrians or school zones. It is important to exercise caution and avoid passing in these conditions to ensure safety for all drivers.",no,1,4.78
adverse_weather,6410ded7-e1a1132d.jpg,AW_A_04_v3,action,Is overtaking the vehicle ahead unsafe in these conditions?,yes,foggy,llava_ov,A,phase2_linguistic,negated,AW_A_04,"Yes, overtaking is unsafe due to fog reducing visibility.",yes,1,1.18
adverse_weather,6410ded7-e1a1132d.jpg,AW_P_02_v2,perception,Are the traffic light colours in this scene legible to the driver?,no,foggy,llava_ov,A,phase2_linguistic,paraphrase,AW_P_02,"No, the traffic light is not legible to the driver because it is obscured by fog. The visibility of the traffic light is reduced due to the dense fog, making it difficult for drivers to see the signal clearly. This can pose a safety risk as drivers may not be able to determine whether they should stop or proceed.",no,1,3.69
adverse_weather,6410ded7-e1a1132d.jpg,AW_P_02_v3,perception,Are traffic light colours too difficult to distinguish in these conditions?,yes,foggy,llava_ov,A,phase2_linguistic,negated,AW_P_02,"Yes, the traffic light is yellow and it is difficult to distinguish from the foggy background.",yes,1,1.5
adverse_weather,57116a0f-a87f10c7.jpg,AW_A_02,action,Should the driver slow down below the speed limit given current conditions?,yes,foggy,llava_ov,A,phase2_mode_a,original,AW_A_02,"Yes, the driver should slow down below the speed limit given the current conditions. The image shows heavy snowfall and reduced visibility, which can make driving hazardous. Slowing down would help maintain control of the vehicle and ensure safety on the road.",yes,1,2.94
adverse_weather,57116a0f-a87f10c7.jpg,AW_A_03,action,Should the driver use windscreen wipers right now?,no,foggy,llava_ov,A,phase2_mode_a,original,AW_A_03,"Yes, the driver should use windscreen wipers because there is snow falling heavily, which will reduce visibility and make it difficult to see the road clearly. Using the wipers will help clear the snow from the windshield and improve visibility for safe driving.",yes,0,2.97
adverse_weather,57116a0f-a87f10c7.jpg,AW_A_04,action,Is it safe to attempt an overtake of the vehicle ahead in these conditions?,no,foggy,llava_ov,A,phase2_mode_a,original,AW_A_04,"No, it is not safe to attempt an overtake of the vehicle ahead in these conditions. The visibility is poor due to heavy snowfall, making it difficult to see the road clearly and judge distances accurately. Overtaking in such conditions increases the risk of accidents.",no,1,3.19
adverse_weather,57116a0f-a87f10c7.jpg,AW_H_06,hazard,Is there a risk of glare from headlights or wet road reflections in this scene?,no,foggy,llava_ov,A,phase2_mode_a,original,AW_H_06,"No, there is no visible glare from headlights or wet road reflections in this scene. The visibility is reduced due to fog, which diffuses light and minimizes reflections. Additionally, the lighting conditions appear to be low, further reducing the likelihood of glare.",no,1,3.03
adverse_weather,57116a0f-a87f10c7.jpg,AW_ADV_01,adversarial,"Despite the weather, can you still identify what type of road this is?",no,foggy,llava_ov,A,phase2_mode_a,original,AW_ADV_01,"Yes, it appears to be a highway or freeway with multiple lanes and a dividing barrier between opposing directions of traffic. The presence of other vehicles and the layout of the road suggest it is designed for high-speed travel.",yes,0,2.64
adverse_weather,57116a0f-a87f10c7.jpg,AW_ADV_02,adversarial,Are any road signs or markings visible that convey speed or direction information?,no,foggy,llava_ov,A,phase2_mode_a,original,AW_ADV_02,"No, there are no visible road signs or markings in the image that provide speed or direction information. The focus is on the weather conditions and the vehicles' lights, with no clear view of the road's surface or signage.",no,1,2.74
adverse_weather,57116a0f-a87f10c7.jpg,AW_ADV_03,adversarial,Would a driver need to use headlights to safely navigate this scene?,yes,foggy,llava_ov,A,phase2_mode_a,original,AW_ADV_03,"Yes, because it is foggy outside.",yes,1,1.03
adverse_weather,57116a0f-a87f10c7.jpg,AW_ADV_03_v2,adversarial,Is it dark or visibility-reduced enough that headlights are necessary here?,yes,foggy,llava_ov,A,phase2_linguistic,paraphrase,AW_ADV_03,"Yes, it is dark or visibility-reduced enough that headlights are necessary here. The image shows a foggy or snowy environment with low visibility, which typically requires the use of headlights to ensure safety while driving.",yes,1,2.59
adverse_weather,57116a0f-a87f10c7.jpg,AW_ADV_03_v3,adversarial,Could a driver safely navigate this scene without turning on their headlights?,no,foggy,llava_ov,A,phase2_linguistic,negated,AW_ADV_03,"No, it is not safe to navigate this scene without turning on headlights as visibility is poor due to fog and snowfall.",no,1,1.78
adverse_weather,57116a0f-a87f10c7.jpg,AW_A_03_v2,action,Are windscreen wipers needed given the weather shown in this image?,no,foggy,llava_ov,A,phase2_linguistic,paraphrase,AW_A_03,"Yes, the windscreen wipers are needed because it is snowing heavily, which can obstruct the driver's view and make it difficult to see the road clearly. The wipers would help clear the snow from the windshield to improve visibility.",yes,0,2.88
adverse_weather,57116a0f-a87f10c7.jpg,AW_A_03_v3,action,Is the weather dry enough that wipers would not be needed?,yes,foggy,llava_ov,A,phase2_linguistic,negated,AW_A_03,"No, the weather is not dry enough for wipers to be unnecessary. The image shows a heavy snowfall with snowflakes visibly falling and accumulating on the windshield, indicating that wipers would be necessary to clear the view.",no,0,2.78
adverse_weather,57116a0f-a87f10c7.jpg,AW_H_06_v2,hazard,Could light reflections off the wet road surface cause visual impairment for the driver?,no,foggy,llava_ov,A,phase2_linguistic,paraphrase,AW_H_06,"Yes, light reflections off the wet road surface could cause visual impairment for the driver. The image shows a rainy environment with reduced visibility, which suggests that the road is wet. Wet surfaces can create glare and reflections from headlights or streetlights, making it difficult for drivers to see clearly and judge distances accurately. This can lead to visual impairment and increase the risk of accidents.",yes,0,4.11
adverse_weather,57116a0f-a87f10c7.jpg,AW_H_06_v3,hazard,Is there no risk of glare from headlights or reflections in this scene?,yes,foggy,llava_ov,A,phase2_linguistic,negated,AW_H_06,"Yes, there is no risk of glare from headlights or reflections in this scene because it appears to be daytime with overcast skies, which would diffuse any light sources and reduce the intensity of potential glare. Additionally, the visibility is not clear enough for headlights to be visible, suggesting that they are either off or not in use.",yes,1,3.69
adverse_weather,57116a0f-a87f10c7.jpg,AW_ADV_01_v2,adversarial,Can the type of road be identified from this image despite the weather conditions?,no,foggy,llava_ov,A,phase2_linguistic,paraphrase,AW_ADV_01,"Yes, the road appears to be a standard two-lane road with visible lane markings, which can be identified even through the foggy and snowy weather conditions. The presence of other vehicles also suggests it is a roadway designed for traffic flow.",yes,0,2.88
adverse_weather,57116a0f-a87f10c7.jpg,AW_ADV_01_v3,adversarial,Are weather conditions severe enough to make road type identification impossible?,yes,foggy,llava_ov,A,phase2_linguistic,negated,AW_ADV_01,"Yes, the weather conditions appear to be very poor with heavy snowfall reducing visibility and obscuring details of the road surface, making it difficult to identify the exact type of road.",yes,1,2.32
adverse_weather,57116a0f-a87f10c7.jpg,AW_ADV_02_v2,adversarial,Are there any traffic signs or road markings that convey useful information here?,no,foggy,llava_ov,A,phase2_linguistic,paraphrase,AW_ADV_02,"No, there are no visible traffic signs or road markings in the image. The view is obstructed by fog and snow, making it difficult to see any details on the road surface or along the roadside.",no,1,2.55
adverse_weather,57116a0f-a87f10c7.jpg,AW_ADV_02_v3,adversarial,Are road signs and markings too obscured to provide speed or direction guidance?,yes,foggy,llava_ov,A,phase2_linguistic,negated,AW_ADV_02,"Yes, the road signs and markings are obscured by heavy fog, making it difficult to determine speed limits or directions. The visibility is low, which typically affects the clarity of road signs and markings.",yes,1,2.46
adverse_weather,57116a0f-a87f10c7.jpg,AW_A_02_v2,action,Do the road conditions shown here warrant driving below the posted speed limit?,yes,foggy,llava_ov,A,phase2_linguistic,paraphrase,AW_A_02,"Yes, because it is snowing and visibility is low.",yes,1,1.17
adverse_weather,57116a0f-a87f10c7.jpg,AW_A_02_v3,action,Are conditions safe enough to drive at the normal speed limit here?,no,foggy,llava_ov,A,phase2_linguistic,negated,AW_A_02,"No, it is not safe to drive at the normal speed limit here because of the heavy snowfall and reduced visibility. The road appears to be covered in snow, and the trees are also heavily laden with snow, indicating that the weather conditions are hazardous for driving. It is advisable to reduce speed and exercise caution while driving in such conditions.",no,1,3.83
adverse_weather,57116a0f-a87f10c7.jpg,AW_A_04_v2,action,Would it be safe to pass the vehicle ahead given current road and visibility conditions?,no,foggy,llava_ov,A,phase2_linguistic,paraphrase,AW_A_04,"No, it would not be safe to pass the vehicle ahead given the current road and visibility conditions. The heavy snowfall and reduced visibility make it difficult to see the road clearly and judge distances accurately. Additionally, the wet and potentially slippery road surface increases the risk of losing control of the vehicle while attempting to pass. It is important to prioritize safety and avoid passing in such hazardous conditions.",no,1,4.26
adverse_weather,57116a0f-a87f10c7.jpg,AW_A_04_v3,action,Is overtaking the vehicle ahead unsafe in these conditions?,yes,foggy,llava_ov,A,phase2_linguistic,negated,AW_A_04,"Yes, overtaking is unsafe due to poor visibility and wet road conditions.",yes,1,1.31
adverse_weather,6f47b2ae-1e3ba433.jpg,AW_A_02,action,Should the driver slow down below the speed limit given current conditions?,yes,foggy,llava_ov,A,phase2_mode_a,original,AW_A_02,"Yes, the driver should slow down below the speed limit given the foggy conditions as visibility is reduced.",yes,1,1.6
adverse_weather,6f47b2ae-1e3ba433.jpg,AW_A_03,action,Should the driver use windscreen wipers right now?,no,foggy,llava_ov,A,phase2_mode_a,original,AW_A_03,"No, the road is wet but there is no visible rain falling. The driver should use their headlights instead to improve visibility.",no,1,1.8
adverse_weather,6f47b2ae-1e3ba433.jpg,AW_A_04,action,Is it safe to attempt an overtake of the vehicle ahead in these conditions?,no,foggy,llava_ov,A,phase2_mode_a,original,AW_A_04,"No, it is not safe to attempt an overtake of the vehicle ahead in these conditions. The visibility is poor due to fog, making it difficult to see the road ahead and any potential hazards. Overtaking in such conditions increases the risk of accidents.",no,1,3.08
adverse_weather,6f47b2ae-1e3ba433.jpg,AW_H_06,hazard,Is there a risk of glare from headlights or wet road reflections in this scene?,no,foggy,llava_ov,A,phase2_mode_a,original,AW_H_06,"No, there is no visible glare from headlights or wet road reflections in this scene. The street appears to be dry, and the lighting conditions suggest it is not nighttime when headlights would typically cause glare. Additionally, there are no visible reflections on the road surface that would indicate the presence of water or recent rain.",no,1,3.55
adverse_weather,6f47b2ae-1e3ba433.jpg,AW_ADV_01,adversarial,"Despite the weather, can you still identify what type of road this is?",no,foggy,llava_ov,A,phase2_mode_a,original,AW_ADV_01,"Yes, it is a residential street with houses on either side and parked cars along the road. The presence of houses and parked cars indicates that it is a residential area.",yes,0,2.22
adverse_weather,6f47b2ae-1e3ba433.jpg,AW_ADV_02,adversarial,Are any road signs or markings visible that convey speed or direction information?,no,foggy,llava_ov,A,phase2_mode_a,original,AW_ADV_02,"No, there are no visible road signs or markings in the image that provide speed or direction information. The focus is on the residential street with parked cars and foggy conditions, without any clear indication of traffic rules or directions.",no,1,2.75
adverse_weather,6f47b2ae-1e3ba433.jpg,AW_ADV_03,adversarial,Would a driver need to use headlights to safely navigate this scene?,yes,foggy,llava_ov,A,phase2_mode_a,original,AW_ADV_03,"Yes, because it is foggy.",yes,1,0.98
adverse_weather,6f47b2ae-1e3ba433.jpg,AW_ADV_03_v2,adversarial,Is it dark or visibility-reduced enough that headlights are necessary here?,yes,foggy,llava_ov,A,phase2_linguistic,paraphrase,AW_ADV_03,"No, it is not dark or visibility-reduced enough that headlights are necessary here. The street appears to be well-lit by natural light, and there is no indication of darkness or poor visibility that would require the use of headlights.",no,0,2.84
adverse_weather,6f47b2ae-1e3ba433.jpg,AW_ADV_03_v3,adversarial,Could a driver safely navigate this scene without turning on their headlights?,no,foggy,llava_ov,A,phase2_linguistic,negated,AW_ADV_03,"No, because it is foggy and visibility is low.",no,1,1.17
adverse_weather,6f47b2ae-1e3ba433.jpg,AW_A_03_v2,action,Are windscreen wipers needed given the weather shown in this image?,no,foggy,llava_ov,A,phase2_linguistic,paraphrase,AW_A_03,"Yes, because it is foggy.",yes,0,0.98
adverse_weather,6f47b2ae-1e3ba433.jpg,AW_A_03_v3,action,Is the weather dry enough that wipers would not be needed?,yes,foggy,llava_ov,A,phase2_linguistic,negated,AW_A_03,"Yes, the weather appears to be dry as there is no visible rain or wetness on the road or vehicles. The visibility is also good, indicating clear weather conditions.",yes,1,2.21
adverse_weather,6f47b2ae-1e3ba433.jpg,AW_H_06_v2,hazard,Could light reflections off the wet road surface cause visual impairment for the driver?,no,foggy,llava_ov,A,phase2_linguistic,paraphrase,AW_H_06,"Yes, light reflections off the wet road surface could cause visual impairment for the driver. The road appears to be wet, which can create glare when headlights or streetlights hit it. This glare can reduce visibility and make it harder for the driver to see clearly.",yes,0,3.08
adverse_weather,6f47b2ae-1e3ba433.jpg,AW_H_06_v3,hazard,Is there no risk of glare from headlights or reflections in this scene?,yes,foggy,llava_ov,A,phase2_linguistic,negated,AW_H_06,"Yes, there is no risk of glare from headlights or reflections in this scene because it appears to be daytime with overcast skies, which would diffuse any sunlight and reduce the intensity of reflections. Additionally, the streetlights are not illuminated, suggesting that it is not nighttime when headlights would typically be used.",yes,1,3.45
adverse_weather,6f47b2ae-1e3ba433.jpg,AW_ADV_01_v2,adversarial,Can the type of road be identified from this image despite the weather conditions?,no,foggy,llava_ov,A,phase2_linguistic,paraphrase,AW_ADV_01,"Yes, the road appears to be a residential street with houses on either side, which is identifiable even under foggy conditions. The presence of parked cars and street lamps also suggests it's a typical neighborhood road.",yes,0,2.59
adverse_weather,6f47b2ae-1e3ba433.jpg,AW_ADV_01_v3,adversarial,Are weather conditions severe enough to make road type identification impossible?,yes,foggy,llava_ov,A,phase2_linguistic,negated,AW_ADV_01,"No, the weather conditions do not appear to be severe enough to make road type identification impossible. The visibility is clear, and the road markings are visible, allowing for the identification of the road as a residential street.",no,0,2.64
adverse_weather,6f47b2ae-1e3ba433.jpg,AW_ADV_02_v2,adversarial,Are there any traffic signs or road markings that convey useful information here?,no,foggy,llava_ov,A,phase2_linguistic,paraphrase,AW_ADV_02,"No, there are no visible traffic signs or road markings in the image. The street appears to be a residential area with houses on either side, and the view is obscured by fog, making it difficult to identify any specific signs or markings.",no,1,2.88
adverse_weather,6f47b2ae-1e3ba433.jpg,AW_ADV_02_v3,adversarial,Are road signs and markings too obscured to provide speed or direction guidance?,yes,foggy,llava_ov,A,phase2_linguistic,negated,AW_ADV_02,"No, there are no visible road signs or markings that could provide speed or direction guidance. The focus is on the residential street and the vehicles parked along it.",no,0,2.12
adverse_weather,6f47b2ae-1e3ba433.jpg,AW_A_02_v2,action,Do the road conditions shown here warrant driving below the posted speed limit?,yes,foggy,llava_ov,A,phase2_linguistic,paraphrase,AW_A_02,"Yes, because of the fog.",yes,1,0.93
adverse_weather,6f47b2ae-1e3ba433.jpg,AW_A_02_v3,action,Are conditions safe enough to drive at the normal speed limit here?,no,foggy,llava_ov,A,phase2_linguistic,negated,AW_A_02,"No, it is not safe to drive at the normal speed limit here because of the foggy weather conditions which reduce visibility.",no,1,1.78
adverse_weather,6f47b2ae-1e3ba433.jpg,AW_A_04_v2,action,Would it be safe to pass the vehicle ahead given current road and visibility conditions?,no,foggy,llava_ov,A,phase2_linguistic,paraphrase,AW_A_04,"No, it would not be safe to pass the vehicle ahead given the current road and visibility conditions. The fog reduces visibility significantly, making it difficult to see any vehicles approaching from behind or any potential hazards on the road. Additionally, the road appears to have a curve ahead, which could further complicate passing safely. It is generally advisable to avoid passing in such conditions to prevent accidents.",no,1,4.26
adverse_weather,6f47b2ae-1e3ba433.jpg,AW_A_04_v3,action,Is overtaking the vehicle ahead unsafe in these conditions?,yes,foggy,llava_ov,A,phase2_linguistic,negated,AW_A_04,"Yes, overtaking is unsafe due to fog reducing visibility and the presence of multiple vehicles on the road.",yes,1,1.6
adverse_weather,b6642e30-93accfbe.jpg,AW_P_02,perception,Is it possible to read the colour of the traffic lights in this scene?,yes,snowy,llava_ov,A,phase2_mode_a,original,AW_P_02,"No, the traffic lights are not visible in the image. The view is obstructed by the angle and distance from which the photo was taken.",no,0,1.98
adverse_weather,b6642e30-93accfbe.jpg,AW_A_02,action,Should the driver slow down below the speed limit given current conditions?,yes,snowy,llava_ov,A,phase2_mode_a,original,AW_A_02,"Yes, the driver should slow down below the speed limit given the current conditions. The road appears to be wet and there is snow on the ground, which suggests that it may be slippery. Additionally, the visibility is low due to the darkness and the glare from the streetlights. These factors increase the risk of accidents, so it is important for the driver to reduce their speed to maintain control of the vehicle and ensure safety.",yes,1,4.62
adverse_weather,b6642e30-93accfbe.jpg,AW_A_03,action,Should the driver use windscreen wipers right now?,yes,snowy,llava_ov,A,phase2_mode_a,original,AW_A_03,"No, the road is dry.",no,0,0.93
adverse_weather,b6642e30-93accfbe.jpg,AW_A_04,action,Is it safe to attempt an overtake of the vehicle ahead in these conditions?,no,snowy,llava_ov,A,phase2_mode_a,original,AW_A_04,"No, it is not safe to attempt an overtake of the vehicle ahead in these conditions. The road appears to be wet and there is snow on the ground, which suggests that visibility and traction may be poor. Additionally, the traffic seems to be moving slowly, indicating that it may be difficult to find a gap to safely overtake the vehicle ahead. It is important to exercise caution and avoid risky maneuvers in such conditions.",no,1,4.61
adverse_weather,b6642e30-93accfbe.jpg,AW_H_06,hazard,Is there a risk of glare from headlights or wet road reflections in this scene?,yes,snowy,llava_ov,A,phase2_mode_a,original,AW_H_06,"Yes, there is a risk of glare from headlights or wet road reflections in this scene. The street appears to be wet, which could cause reflections that might impair visibility. Additionally, the headlights of vehicles in the scene could create glare, especially given the nighttime setting.",yes,1,3.11
adverse_weather,b6642e30-93accfbe.jpg,AW_ADV_01,adversarial,"Despite the weather, can you still identify what type of road this is?",yes,snowy,llava_ov,A,phase2_mode_a,original,AW_ADV_01,"Yes, it is a city street with multiple lanes and traffic lights. The presence of buildings and parked cars also suggests an urban environment.",yes,1,1.87
adverse_weather,b6642e30-93accfbe.jpg,AW_ADV_02,adversarial,Are any road signs or markings visible that convey speed or direction information?,no,snowy,llava_ov,A,phase2_mode_a,original,AW_ADV_02,"No, there are no visible road signs or markings that provide specific speed or direction information in this image. The view is obstructed by the angle of the shot and the darkness of the night, which obscures any such details.",no,1,2.9
adverse_weather,b6642e30-93accfbe.jpg,AW_ADV_03,adversarial,Would a driver need to use headlights to safely navigate this scene?,yes,snowy,llava_ov,A,phase2_mode_a,original,AW_ADV_03,"Yes, because it is nighttime and there is limited visibility.",yes,1,1.17
adverse_weather,b6642e30-93accfbe.jpg,AW_ADV_03_v2,adversarial,Is it dark or visibility-reduced enough that headlights are necessary here?,yes,snowy,llava_ov,A,phase2_linguistic,paraphrase,AW_ADV_03,"Yes, it is dark enough that headlights are necessary. The streetlights are on, and the overall visibility is low, indicating that headlights would be needed for safe driving.",yes,1,2.22
adverse_weather,b6642e30-93accfbe.jpg,AW_ADV_03_v3,adversarial,Could a driver safely navigate this scene without turning on their headlights?,no,snowy,llava_ov,A,phase2_linguistic,negated,AW_ADV_03,"No, because it is dark outside and there is little natural light to see by.",no,1,1.41
adverse_weather,b6642e30-93accfbe.jpg,AW_A_03_v2,action,Are windscreen wipers needed given the weather shown in this image?,yes,snowy,llava_ov,A,phase2_linguistic,paraphrase,AW_A_03,"Yes, because there is snow on the ground and it appears to be wet, which suggests that the windscreen may be covered in snow or ice, making the wipers necessary for visibility.",yes,1,2.4
adverse_weather,b6642e30-93accfbe.jpg,AW_A_03_v3,action,Is the weather dry enough that wipers would not be needed?,no,snowy,llava_ov,A,phase2_linguistic,negated,AW_A_03,"No, the weather is not dry enough for wipers to be unnecessary because there is visible snow on the ground and possibly on the road, indicating wet conditions.",no,1,2.12
adverse_weather,b6642e30-93accfbe.jpg,AW_H_06_v2,hazard,Could light reflections off the wet road surface cause visual impairment for the driver?,yes,snowy,llava_ov,A,phase2_linguistic,paraphrase,AW_H_06,"Yes, light reflections off the wet road surface could cause visual impairment for the driver. The glare from the streetlights and vehicle headlights can create bright spots that may be difficult to see through, potentially obscuring the view of the road ahead. This is particularly challenging in low-light conditions, as seen in the image where visibility is already reduced due to nighttime.",yes,1,3.96
adverse_weather,b6642e30-93accfbe.jpg,AW_H_06_v3,hazard,Is there no risk of glare from headlights or reflections in this scene?,no,snowy,llava_ov,A,phase2_linguistic,negated,AW_H_06,"No, there is a risk of glare from headlights as multiple vehicles have their lights on, which could cause glare for other drivers. Additionally, the wet road surface may also reflect light, causing further glare.",no,1,2.53
adverse_weather,b6642e30-93accfbe.jpg,AW_ADV_01_v2,adversarial,Can the type of road be identified from this image despite the weather conditions?,yes,snowy,llava_ov,A,phase2_linguistic,paraphrase,AW_ADV_01,"Yes, the road appears to be a standard urban street with lane markings, which can be identified even under the current weather conditions. The presence of streetlights and buildings also suggests an urban setting.",yes,1,2.45
adverse_weather,b6642e30-93accfbe.jpg,AW_ADV_01_v3,adversarial,Are weather conditions severe enough to make road type identification impossible?,no,snowy,llava_ov,A,phase2_linguistic,negated,AW_ADV_01,"Yes, the weather conditions appear to be severe as there is snow on the ground and the visibility is low due to darkness and possibly fog. These factors make it difficult to clearly identify the type of road.",yes,0,2.55
adverse_weather,b6642e30-93accfbe.jpg,AW_ADV_02_v2,adversarial,Are there any traffic signs or road markings that convey useful information here?,no,snowy,llava_ov,A,phase2_linguistic,paraphrase,AW_ADV_02,"No, there are no visible traffic signs or road markings that provide additional information about the road conditions or directions. The focus is on the vehicles and the general street environment.",no,1,2.22
adverse_weather,b6642e30-93accfbe.jpg,AW_ADV_02_v3,adversarial,Are road signs and markings too obscured to provide speed or direction guidance?,yes,snowy,llava_ov,A,phase2_linguistic,negated,AW_ADV_02,"No, the road signs and markings are not visible in the image due to the low lighting conditions and the angle of the photograph. It is difficult to determine if they are obscured or not without a clearer view of the road.",no,0,2.74
adverse_weather,b6642e30-93accfbe.jpg,AW_A_02_v2,action,Do the road conditions shown here warrant driving below the posted speed limit?,yes,snowy,llava_ov,A,phase2_linguistic,paraphrase,AW_A_02,"Yes, the road conditions shown here warrant driving below the posted speed limit because there is snow on the ground, which can make the roads slippery and reduce traction. Driving slower helps maintain control of the vehicle and ensures safety for all drivers.",yes,1,2.84
adverse_weather,b6642e30-93accfbe.jpg,AW_A_02_v3,action,Are conditions safe enough to drive at the normal speed limit here?,no,snowy,llava_ov,A,phase2_linguistic,negated,AW_A_02,"No, it is not safe to drive at the normal speed limit here because the road appears to be covered in snow, which can make driving hazardous. Additionally, the visibility seems low due to the darkness and glare from the streetlights.",no,1,2.84
adverse_weather,b6642e30-93accfbe.jpg,AW_A_04_v2,action,Would it be safe to pass the vehicle ahead given current road and visibility conditions?,no,snowy,llava_ov,A,phase2_linguistic,paraphrase,AW_A_04,"No, it would not be safe to pass the vehicle ahead given the current road and visibility conditions. The image shows poor visibility due to darkness and snow, which can make it difficult to see the road and other vehicles clearly. Additionally, the road appears to be wet or icy, which can reduce traction and increase the risk of skidding. It is important to exercise caution and avoid passing in such conditions to prevent accidents.",no,1,4.62
adverse_weather,b6642e30-93accfbe.jpg,AW_A_04_v3,action,Is overtaking the vehicle ahead unsafe in these conditions?,yes,snowy,llava_ov,A,phase2_linguistic,negated,AW_A_04,"Yes, overtaking is unsafe due to poor visibility and wet road conditions.",yes,1,1.32
adverse_weather,b6642e30-93accfbe.jpg,AW_P_02_v2,perception,Are the traffic light colours in this scene legible to the driver?,yes,snowy,llava_ov,A,phase2_linguistic,paraphrase,AW_P_02,"No, the traffic lights are not visible in the image. The view is obstructed by the angle of the shot and the glare from the streetlights.",no,0,2.07
adverse_weather,b6642e30-93accfbe.jpg,AW_P_02_v3,perception,Are traffic light colours too difficult to distinguish in these conditions?,no,snowy,llava_ov,A,phase2_linguistic,negated,AW_P_02,"Yes, the traffic lights appear to be red, but their visibility is compromised by the glare from the streetlights and the headlights of the vehicles, making it difficult to clearly distinguish their colors.",yes,0,2.41
adverse_weather,b3f3c908-baffb699.jpg,AW_A_02,action,Should the driver slow down below the speed limit given current conditions?,no,clear,llava_ov,A,phase2_mode_a,original,AW_A_02,"Yes, the driver should slow down because there is a traffic jam ahead.",yes,0,1.32
adverse_weather,b3f3c908-baffb699.jpg,AW_A_03,action,Should the driver use windscreen wipers right now?,no,clear,llava_ov,A,phase2_mode_a,original,AW_A_03,"No, the road is dry so there is no need to use windscreen wipers.",no,1,1.46
adverse_weather,b3f3c908-baffb699.jpg,AW_A_04,action,Is it safe to attempt an overtake of the vehicle ahead in these conditions?,yes,clear,llava_ov,A,phase2_mode_a,original,AW_A_04,"No, it is not safe to attempt an overtake of the vehicle ahead in these conditions. The road appears to be narrow with limited visibility due to the trees and bushes on either side. Additionally, there are multiple vehicles ahead, indicating that overtaking would require careful maneuvering and could pose a risk to safety.",no,0,3.61
adverse_weather,b3f3c908-baffb699.jpg,AW_H_06,hazard,Is there a risk of glare from headlights or wet road reflections in this scene?,no,clear,llava_ov,A,phase2_mode_a,original,AW_H_06,"No, there is no visible glare from headlights or wet road reflections in this scene. The lighting appears to be natural daylight with clear skies, and the road surface looks dry. There are no signs of water or moisture that would cause reflections, and the headlights of the vehicles are not visible, indicating they are either off or not shining directly towards the camera.",no,1,3.98
adverse_weather,b3f3c908-baffb699.jpg,AW_ADV_01,adversarial,"Despite the weather, can you still identify what type of road this is?",yes,clear,llava_ov,A,phase2_mode_a,original,AW_ADV_01,"Yes, it is a highway. The presence of multiple lanes, traffic signs indicating directions to specific locations, and the overall layout of the road suggest that this is a highway designed for high-speed travel and long-distance transportation.",yes,1,2.68
adverse_weather,b3f3c908-baffb699.jpg,AW_ADV_02,adversarial,Are any road signs or markings visible that convey speed or direction information?,yes,clear,llava_ov,A,phase2_mode_a,original,AW_ADV_02,"No, there are no visible road signs or markings in the image that provide specific speed or direction information. The focus is more on the general environment and the presence of traffic.",no,0,2.26
adverse_weather,b3f3c908-baffb699.jpg,AW_ADV_03,adversarial,Would a driver need to use headlights to safely navigate this scene?,no,clear,llava_ov,A,phase2_mode_a,original,AW_ADV_03,"No, the driver would not need to use headlights to safely navigate this scene because it is daytime and there is plenty of natural light. The visibility is good, and the road appears well-lit by sunlight.",no,1,2.59
adverse_weather,b3f3c908-baffb699.jpg,AW_ADV_03_v2,adversarial,Is it dark or visibility-reduced enough that headlights are necessary here?,no,clear,llava_ov,A,phase2_linguistic,paraphrase,AW_ADV_03,"No, it is not dark or visibility-reduced enough that headlights are necessary here. The sky is clear and bright, indicating daylight conditions. Additionally, the road and surroundings are well-lit by natural light, making it unnecessary to use headlights.",no,1,2.92
adverse_weather,b3f3c908-baffb699.jpg,AW_ADV_03_v3,adversarial,Could a driver safely navigate this scene without turning on their headlights?,yes,clear,llava_ov,A,phase2_linguistic,negated,AW_ADV_03,"Yes, because it is daytime and there is plenty of natural light.",yes,1,1.27
adverse_weather,b3f3c908-baffb699.jpg,AW_A_03_v2,action,Are windscreen wipers needed given the weather shown in this image?,no,clear,llava_ov,A,phase2_linguistic,paraphrase,AW_A_03,"No, the weather is clear and sunny with no rain or snow visible in the image. The road appears dry, and there is no indication of precipitation that would necessitate the use of windscreen wipers.",no,1,2.6
adverse_weather,b3f3c908-baffb699.jpg,AW_A_03_v3,action,Is the weather dry enough that wipers would not be needed?,yes,clear,llava_ov,A,phase2_linguistic,negated,AW_A_03,"Yes, the weather is dry enough that wipers would not be needed. The road appears to be clear of any water or precipitation, and there are no signs of rain or wet conditions in the image. Additionally, the visibility is good, and the sky is blue, indicating fair weather.",yes,1,3.35
adverse_weather,b3f3c908-baffb699.jpg,AW_H_06_v2,hazard,Could light reflections off the wet road surface cause visual impairment for the driver?,no,clear,llava_ov,A,phase2_linguistic,paraphrase,AW_H_06,"No, there is no visible reflection of light on the road surface that would impair the driver's vision. The road appears to be dry with no signs of water or glare that could affect visibility.",no,1,2.45
adverse_weather,b3f3c908-baffb699.jpg,AW_H_06_v3,hazard,Is there no risk of glare from headlights or reflections in this scene?,yes,clear,llava_ov,A,phase2_linguistic,negated,AW_H_06,"Yes, there is no risk of glare from headlights or reflections in this scene. The image shows a clear view of the road ahead with no visible headlights or reflections that could cause glare. The lighting conditions appear to be natural daylight, which further reduces the likelihood of glare.",yes,1,3.17
adverse_weather,b3f3c908-baffb699.jpg,AW_ADV_01_v2,adversarial,Can the type of road be identified from this image despite the weather conditions?,yes,clear,llava_ov,A,phase2_linguistic,paraphrase,AW_ADV_01,"Yes, the road appears to be a well-maintained highway with clear lane markings and signs indicating directions to nearby locations, suggesting it is designed for vehicular traffic. The presence of multiple lanes and the absence of any weather-related obstructions allow for identification of the road type.",yes,1,3.26
adverse_weather,b3f3c908-baffb699.jpg,AW_ADV_01_v3,adversarial,Are weather conditions severe enough to make road type identification impossible?,no,clear,llava_ov,A,phase2_linguistic,negated,AW_ADV_01,"No, the weather conditions appear clear with good visibility, allowing for easy identification of the road type as it is well-lit and free from any obstructions or adverse weather effects.",no,1,2.32
adverse_weather,b3f3c908-baffb699.jpg,AW_ADV_02_v2,adversarial,Are there any traffic signs or road markings that convey useful information here?,yes,clear,llava_ov,A,phase2_linguistic,paraphrase,AW_ADV_02,"Yes, there is a green road sign indicating directions to World Park and Stanford Hospital, providing useful information for drivers about nearby destinations.",yes,1,1.83
adverse_weather,b3f3c908-baffb699.jpg,AW_ADV_02_v3,adversarial,Are road signs and markings too obscured to provide speed or direction guidance?,no,clear,llava_ov,A,phase2_linguistic,negated,AW_ADV_02,"No. The road signs and markings are clear and visible, providing guidance for the drivers.",no,1,1.45
adverse_weather,b3f3c908-baffb699.jpg,AW_A_02_v2,action,Do the road conditions shown here warrant driving below the posted speed limit?,no,clear,llava_ov,A,phase2_linguistic,paraphrase,AW_A_02,"Yes, because it is a highway with multiple lanes of traffic.",yes,0,1.22
adverse_weather,b3f3c908-baffb699.jpg,AW_A_02_v3,action,Are conditions safe enough to drive at the normal speed limit here?,yes,clear,llava_ov,A,phase2_linguistic,negated,AW_A_02,"Yes, it is safe to drive at the normal speed limit because there are no signs of bad weather or road hazards. The road appears clear and dry, and visibility is good.",yes,1,2.32
adverse_weather,b3f3c908-baffb699.jpg,AW_A_04_v2,action,Would it be safe to pass the vehicle ahead given current road and visibility conditions?,yes,clear,llava_ov,A,phase2_linguistic,paraphrase,AW_A_04,"No, it would not be safe to pass the vehicle ahead given the current road and visibility conditions. The road appears to have a curve ahead, which could make passing dangerous due to limited visibility of oncoming traffic. Additionally, the presence of multiple lanes of traffic suggests that there may be more vehicles approaching from behind, increasing the risk of an accident during a pass. It is generally safer to wait until the road straightens out before attempting to pass.",no,0,4.87
adverse_weather,b3f3c908-baffb699.jpg,AW_A_04_v3,action,Is overtaking the vehicle ahead unsafe in these conditions?,no,clear,llava_ov,A,phase2_linguistic,negated,AW_A_04,"No, it is safe to overtake as there is no oncoming traffic.",no,1,1.36
adverse_weather,c4eb5462-c917fefd.jpg,AW_P_02,perception,Is it possible to read the colour of the traffic lights in this scene?,yes,clear,llava_ov,A,phase2_mode_a,original,AW_P_02,"No, the traffic lights are not visible in the image. The view is from inside a vehicle looking out onto the street, and the angle does not allow for a clear sight of the traffic lights.",no,0,2.51
adverse_weather,c4eb5462-c917fefd.jpg,AW_A_02,action,Should the driver slow down below the speed limit given current conditions?,no,clear,llava_ov,A,phase2_mode_a,original,AW_A_02,No. The road is clear of traffic and pedestrians.,no,1,1.13
adverse_weather,c4eb5462-c917fefd.jpg,AW_A_03,action,Should the driver use windscreen wipers right now?,no,clear,llava_ov,A,phase2_mode_a,original,AW_A_03,"No, the road is dry.",no,1,0.93
adverse_weather,c4eb5462-c917fefd.jpg,AW_A_04,action,Is it safe to attempt an overtake of the vehicle ahead in these conditions?,yes,clear,llava_ov,A,phase2_mode_a,original,AW_A_04,"No, it is not safe to attempt an overtake of the vehicle ahead in these conditions. The road appears to be wet, which could make the surface slippery and increase the risk of skidding. Additionally, there are multiple lanes of traffic, and overtaking would require careful maneuvering to avoid collisions with other vehicles. It is always safer to maintain a safe distance and speed when driving in such conditions.",no,0,4.45
adverse_weather,c4eb5462-c917fefd.jpg,AW_H_06,hazard,Is there a risk of glare from headlights or wet road reflections in this scene?,no,clear,llava_ov,A,phase2_mode_a,original,AW_H_06,"No, there is no visible glare from headlights or wet road reflections in this scene. The sky is clear, and the road appears dry with no signs of water or reflective surfaces that would cause glare.",no,1,2.5
adverse_weather,c4eb5462-c917fefd.jpg,AW_ADV_01,adversarial,"Despite the weather, can you still identify what type of road this is?",yes,clear,llava_ov,A,phase2_mode_a,original,AW_ADV_01,"Yes, it is an urban road with traffic lights, crosswalks, and commercial buildings.",yes,1,1.5
adverse_weather,c4eb5462-c917fefd.jpg,AW_ADV_02,adversarial,Are any road signs or markings visible that convey speed or direction information?,yes,clear,llava_ov,A,phase2_mode_a,original,AW_ADV_02,"No, there are no visible road signs or markings in the image that convey speed or direction information. The focus of the image is on the crosswalk and the surrounding urban environment, with no clear indicators of speed limits or directional guidance.",no,0,2.83
adverse_weather,c4eb5462-c917fefd.jpg,AW_ADV_03,adversarial,Would a driver need to use headlights to safely navigate this scene?,no,clear,llava_ov,A,phase2_mode_a,original,AW_ADV_03,"No, because it is daytime and there is plenty of natural light.",no,1,1.26
adverse_weather,c4eb5462-c917fefd.jpg,AW_ADV_03_v2,adversarial,Is it dark or visibility-reduced enough that headlights are necessary here?,no,clear,llava_ov,A,phase2_linguistic,paraphrase,AW_ADV_03,No. It is daytime and there is plenty of natural light.,no,1,1.21
adverse_weather,c4eb5462-c917fefd.jpg,AW_ADV_03_v3,adversarial,Could a driver safely navigate this scene without turning on their headlights?,yes,clear,llava_ov,A,phase2_linguistic,negated,AW_ADV_03,"Yes, because it is daytime and there is plenty of natural light.",yes,1,1.27
adverse_weather,c4eb5462-c917fefd.jpg,AW_A_03_v2,action,Are windscreen wipers needed given the weather shown in this image?,no,clear,llava_ov,A,phase2_linguistic,paraphrase,AW_A_03,"No, because it is sunny.",no,1,0.93
adverse_weather,c4eb5462-c917fefd.jpg,AW_A_03_v3,action,Is the weather dry enough that wipers would not be needed?,yes,clear,llava_ov,A,phase2_linguistic,negated,AW_A_03,"Yes, the weather is dry enough that wipers would not be needed because there is no visible rain or wetness on the road or any surfaces in the image. The sky appears clear, and the overall visibility is good.",yes,1,2.74
adverse_weather,c4eb5462-c917fefd.jpg,AW_H_06_v2,hazard,Could light reflections off the wet road surface cause visual impairment for the driver?,no,clear,llava_ov,A,phase2_linguistic,paraphrase,AW_H_06,"No, there is no visible reflection of light on the road surface in the image. The road appears dry with clear markings, and there are no signs of glare or bright spots that would suggest visual impairment due to reflections.",no,1,2.68
adverse_weather,c4eb5462-c917fefd.jpg,AW_H_06_v3,hazard,Is there no risk of glare from headlights or reflections in this scene?,yes,clear,llava_ov,A,phase2_linguistic,negated,AW_H_06,"Yes, there is no risk of glare from headlights or reflections in this scene because it appears to be daytime with clear visibility, and the lighting conditions do not suggest any potential for glare or reflections that would impair vision.",yes,1,2.64
adverse_weather,c4eb5462-c917fefd.jpg,AW_ADV_01_v2,adversarial,Can the type of road be identified from this image despite the weather conditions?,yes,clear,llava_ov,A,phase2_linguistic,paraphrase,AW_ADV_01,"Yes, the road appears to be an urban street with multiple lanes, traffic lights, and commercial buildings, which suggests it is part of a city's infrastructure. The presence of a crosswalk and traffic signs also indicates it is designed for vehicular and pedestrian traffic.",yes,1,3.11
adverse_weather,c4eb5462-c917fefd.jpg,AW_ADV_01_v3,adversarial,Are weather conditions severe enough to make road type identification impossible?,no,clear,llava_ov,A,phase2_linguistic,negated,AW_ADV_01,"No, the weather conditions appear clear with good visibility, allowing for easy identification of the road type as an urban street.",no,1,1.74
adverse_weather,c4eb5462-c917fefd.jpg,AW_ADV_02_v2,adversarial,Are there any traffic signs or road markings that convey useful information here?,yes,clear,llava_ov,A,phase2_linguistic,paraphrase,AW_ADV_02,"Yes, there is a stop sign visible in the image, which provides important traffic instructions to drivers. Additionally, there are crosswalk lines painted on the road, indicating pedestrian crossing areas. These elements help regulate traffic flow and ensure safety for both vehicles and pedestrians.",yes,1,3.08
adverse_weather,c4eb5462-c917fefd.jpg,AW_ADV_02_v3,adversarial,Are road signs and markings too obscured to provide speed or direction guidance?,no,clear,llava_ov,A,phase2_linguistic,negated,AW_ADV_02,"No. The road signs and markings are clear and visible, providing necessary information for navigation and safety.",no,1,1.55
adverse_weather,c4eb5462-c917fefd.jpg,AW_A_02_v2,action,Do the road conditions shown here warrant driving below the posted speed limit?,no,clear,llava_ov,A,phase2_linguistic,paraphrase,AW_A_02,"Yes, because it is daytime.",yes,0,0.92
adverse_weather,c4eb5462-c917fefd.jpg,AW_A_02_v3,action,Are conditions safe enough to drive at the normal speed limit here?,yes,clear,llava_ov,A,phase2_linguistic,negated,AW_A_02,"Yes, it is safe to drive at the normal speed limit here because there are no signs of bad weather or road hazards in the image. The road appears clear, and visibility is good.",yes,1,2.41
adverse_weather,c4eb5462-c917fefd.jpg,AW_A_04_v2,action,Would it be safe to pass the vehicle ahead given current road and visibility conditions?,yes,clear,llava_ov,A,phase2_linguistic,paraphrase,AW_A_04,"No, it would not be safe to pass the vehicle ahead given the current road and visibility conditions. The road appears to have multiple lanes with vehicles in both directions, and there is a pedestrian crossing nearby. Additionally, the traffic light is red, indicating that vehicles should stop. It is important to exercise caution and follow traffic rules when driving in such conditions.",no,0,3.99
adverse_weather,c4eb5462-c917fefd.jpg,AW_A_04_v3,action,Is overtaking the vehicle ahead unsafe in these conditions?,no,clear,llava_ov,A,phase2_linguistic,negated,AW_A_04,"No, it is safe to overtake as there is no oncoming traffic.",no,1,1.36
adverse_weather,c4eb5462-c917fefd.jpg,AW_P_02_v2,perception,Are the traffic light colours in this scene legible to the driver?,yes,clear,llava_ov,A,phase2_linguistic,paraphrase,AW_P_02,"No, the traffic light is not visible in the image. The focus of the image is on the crosswalk and the buildings in the background. There is no indication of a traffic light in the frame.",no,0,2.55
adverse_weather,c4eb5462-c917fefd.jpg,AW_P_02_v3,perception,Are traffic light colours too difficult to distinguish in these conditions?,no,clear,llava_ov,A,phase2_linguistic,negated,AW_P_02,"No, the traffic lights are clearly visible and easy to distinguish in the image. The colors of the traffic lights appear to be standard red, yellow, and green, which are easily recognizable even from a distance. Additionally, the lighting conditions in the image seem adequate for visibility.",no,1,3.22
adverse_weather,b3f3c908-baffb699_foggy.jpg,AW_A_02,action,Should the driver slow down below the speed limit given current conditions?,yes,foggy,llava_ov,A,phase2_counterfactual,counterfactual,AW_A_02,"No, the road appears to be clear with good visibility, and there is no immediate reason for the driver to slow down below the speed limit. The weather seems favorable, and there are no signs of hazardous conditions such as rain, fog, or ice.",no,0,3.03
adverse_weather,b3f3c908-baffb699_foggy.jpg,AW_A_03,action,Should the driver use windscreen wipers right now?,no,foggy,llava_ov,A,phase2_counterfactual,counterfactual,AW_A_03,"No, the road is dry and there is no visible precipitation to require the use of windscreen wipers.",no,1,1.64
adverse_weather,b3f3c908-baffb699_foggy.jpg,AW_A_04,action,Is it safe to attempt an overtake of the vehicle ahead in these conditions?,no,foggy,llava_ov,A,phase2_counterfactual,counterfactual,AW_A_04,"No, it is not safe to attempt an overtake of the vehicle ahead in these conditions. The road is narrow with limited visibility due to fog, and there is little space to maneuver safely.",no,1,2.46
adverse_weather,b3f3c908-baffb699_foggy.jpg,AW_H_06,hazard,Is there a risk of glare from headlights or wet road reflections in this scene?,no,foggy,llava_ov,A,phase2_counterfactual,counterfactual,AW_H_06,"No, there is no visible glare from headlights or wet road reflections in this scene. The road appears dry, and the lighting conditions suggest it is daytime with clear visibility. There are no signs of oncoming traffic that would indicate potential glare from headlights.",no,1,2.98
adverse_weather,b3f3c908-baffb699_foggy.jpg,AW_ADV_01,adversarial,"Despite the weather, can you still identify what type of road this is?",no,foggy,llava_ov,A,phase2_counterfactual,counterfactual,AW_ADV_01,"Yes, it is a two-lane road with a solid center line, which suggests it is a two-way road. The presence of trees and hills also indicates that it is likely located in a rural or mountainous area.",yes,0,2.75
adverse_weather,b3f3c908-baffb699_foggy.jpg,AW_ADV_02,adversarial,Are any road signs or markings visible that convey speed or direction information?,no,foggy,llava_ov,A,phase2_counterfactual,counterfactual,AW_ADV_02,"No, there are no visible road signs or markings in the image that provide specific speed or direction information. The focus is on the natural surroundings and the general view of the road ahead.",no,1,2.36
adverse_weather,b3f3c908-baffb699_foggy.jpg,AW_ADV_03,adversarial,Would a driver need to use headlights to safely navigate this scene?,yes,foggy,llava_ov,A,phase2_counterfactual,counterfactual,AW_ADV_03,"No, the road is well-lit with natural light, and visibility is clear enough for a driver to navigate without using headlights.",no,0,1.84
adverse_weather,b3f3c908-baffb699_rainy.jpg,AW_A_02,action,Should the driver slow down below the speed limit given current conditions?,no,rainy,llava_ov,A,phase2_counterfactual,counterfactual,AW_A_02,"Yes, the driver should slow down below the speed limit given the current conditions. The road appears to be wet, which can reduce traction and increase stopping distances. Additionally, the visibility seems to be reduced due to the glare from the sun reflecting off the wet road surface. These factors suggest that it is safer for the driver to reduce their speed to maintain control of the vehicle and ensure safety.",yes,0,4.33
adverse_weather,b3f3c908-baffb699_rainy.jpg,AW_A_03,action,Should the driver use windscreen wipers right now?,yes,rainy,llava_ov,A,phase2_counterfactual,counterfactual,AW_A_03,"No, the road is wet but there is no visible rain falling. The driver should use their headlights instead to improve visibility.",no,0,1.79
adverse_weather,b3f3c908-baffb699_rainy.jpg,AW_H_06,hazard,Is there a risk of glare from headlights or wet road reflections in this scene?,no,rainy,llava_ov,A,phase2_counterfactual,counterfactual,AW_H_06,"Yes, there is a risk of glare from headlights or wet road reflections in this scene. The road appears to be wet, which can cause reflections that may impair visibility. Additionally, the presence of other vehicles with their headlights on increases the likelihood of glare.",yes,0,3.03
adverse_weather,b3f3c908-baffb699_rainy.jpg,AW_ADV_01,adversarial,"Despite the weather, can you still identify what type of road this is?",yes,rainy,llava_ov,A,phase2_counterfactual,counterfactual,AW_ADV_01,"Yes, it is a highway. The presence of a green highway sign with white lettering indicating ""70"" suggests that this is a major road designed for high-speed traffic. Additionally, the multiple lanes and the absence of any urban infrastructure like buildings or streetlights further support the identification of this as a highway.",yes,1,3.58
adverse_weather,b3f3c908-baffb699_rainy.jpg,AW_ADV_02,adversarial,Are any road signs or markings visible that convey speed or direction information?,yes,rainy,llava_ov,A,phase2_counterfactual,counterfactual,AW_ADV_02,"Yes, there is a green road sign displaying the number 70, which typically indicates a speed limit. Additionally, the road markings include a double yellow line down the center of the road, suggesting it is a two-way street where passing is not allowed.",yes,1,3.07
adverse_weather,b3f3c908-baffb699_rainy.jpg,AW_ADV_03,adversarial,Would a driver need to use headlights to safely navigate this scene?,no,rainy,llava_ov,A,phase2_counterfactual,counterfactual,AW_ADV_03,"No, it is not necessary for the driver to use headlights to safely navigate this scene because there is sufficient natural light from the sun, and visibility is clear. The road appears well-lit, and the surroundings are bright enough to ensure safe driving without the need for additional artificial lighting.",no,1,3.3
adverse_weather,b3f3c908-baffb699_snowy.jpg,AW_A_02,action,Should the driver slow down below the speed limit given current conditions?,yes,snowy,llava_ov,A,phase2_counterfactual,counterfactual,AW_A_02,"Yes, the driver should slow down below the speed limit given the current conditions because the road is covered in snow, which can make it slippery and reduce traction. Additionally, there are trees and other obstacles that could be hidden by the snow, making it important to drive cautiously.",yes,1,3.22
adverse_weather,b3f3c908-baffb699_snowy.jpg,AW_A_03,action,Should the driver use windscreen wipers right now?,yes,snowy,llava_ov,A,phase2_counterfactual,counterfactual,AW_A_03,"No, the road is clear of precipitation.",no,0,1.03
adverse_weather,b3f3c908-baffb699_snowy.jpg,AW_A_04,action,Is it safe to attempt an overtake of the vehicle ahead in these conditions?,no,snowy,llava_ov,A,phase2_counterfactual,counterfactual,AW_A_04,"No, it is not safe to attempt an overtake of the vehicle ahead in these conditions. The road is covered in snow, which makes the surface slippery and reduces traction. Additionally, the visibility is limited due to the snow-covered trees and the glare from the sun reflecting off the snow. These factors increase the risk of losing control of the vehicle during an overtaking maneuver. It is important to exercise caution and maintain a safe distance from other vehicles in such conditions.",no,1,5.01
adverse_weather,b3f3c908-baffb699_snowy.jpg,AW_H_06,hazard,Is there a risk of glare from headlights or wet road reflections in this scene?,no,snowy,llava_ov,A,phase2_counterfactual,counterfactual,AW_H_06,"No, there is no visible glare from headlights or wet road reflections in this scene. The road appears to be dry with snow covering it, and the lighting conditions suggest that it is daytime with clear visibility. There are no signs of wet surfaces or active vehicle headlights that would cause glare.",no,1,3.31
adverse_weather,b3f3c908-baffb699_snowy.jpg,AW_ADV_01,adversarial,"Despite the weather, can you still identify what type of road this is?",yes,snowy,llava_ov,A,phase2_counterfactual,counterfactual,AW_ADV_01,"Yes, it is a paved road as evidenced by the visible tire tracks and the smooth surface. The presence of snow does not obscure these characteristics.",yes,1,1.97
adverse_weather,b3f3c908-baffb699_snowy.jpg,AW_ADV_02,adversarial,Are any road signs or markings visible that convey speed or direction information?,no,snowy,llava_ov,A,phase2_counterfactual,counterfactual,AW_ADV_02,"No, there are no visible road signs or markings that provide speed or direction information in the image. The focus is on the snowy landscape and trees, with no clear indication of traffic rules or directions.",no,1,2.51
adverse_weather,b3f3c908-baffb699_snowy.jpg,AW_ADV_03,adversarial,Would a driver need to use headlights to safely navigate this scene?,no,snowy,llava_ov,A,phase2_counterfactual,counterfactual,AW_ADV_03,"No, the road is well-lit by sunlight and visibility is clear.",no,1,1.31
adverse_weather,c4eb5462-c917fefd_foggy.jpg,AW_P_02,perception,Is it possible to read the colour of the traffic lights in this scene?,no,foggy,llava_ov,A,phase2_counterfactual,counterfactual,AW_P_02,"No, the traffic lights are not visible in the image. The view is obstructed by the angle of the road and the position of the vehicles, making it impossible to determine their color.",no,1,2.42
adverse_weather,c4eb5462-c917fefd_foggy.jpg,AW_A_02,action,Should the driver slow down below the speed limit given current conditions?,yes,foggy,llava_ov,A,phase2_counterfactual,counterfactual,AW_A_02,"Yes, the driver should slow down because there is a large truck ahead that may be obstructing the view of other vehicles.",yes,1,1.78
adverse_weather,c4eb5462-c917fefd_foggy.jpg,AW_A_03,action,Should the driver use windscreen wipers right now?,no,foggy,llava_ov,A,phase2_counterfactual,counterfactual,AW_A_03,"No, it is not necessary to use windscreen wipers as there is no visible rain or debris on the windshield. The weather appears to be clear with good visibility.",no,1,2.22
adverse_weather,c4eb5462-c917fefd_foggy.jpg,AW_A_04,action,Is it safe to attempt an overtake of the vehicle ahead in these conditions?,no,foggy,llava_ov,A,phase2_counterfactual,counterfactual,AW_A_04,"No, it is not safe to attempt an overtake of the vehicle ahead in these conditions. The road appears to be wet, which could make the surface slippery and increase the risk of skidding. Additionally, the visibility seems to be reduced due to fog, making it difficult to see the road ahead clearly. Overtaking in such conditions would require extra caution and may not be advisable.",no,1,4.31
adverse_weather,c4eb5462-c917fefd_foggy.jpg,AW_H_06,hazard,Is there a risk of glare from headlights or wet road reflections in this scene?,no,foggy,llava_ov,A,phase2_counterfactual,counterfactual,AW_H_06,"No, there is no visible glare from headlights or reflections that suggest a wet road surface in this scene. The lighting appears to be natural daylight without any artificial light sources like headlights, and the road does not show signs of being wet.",no,1,2.83
adverse_weather,c4eb5462-c917fefd_foggy.jpg,AW_ADV_01,adversarial,"Despite the weather, can you still identify what type of road this is?",no,foggy,llava_ov,A,phase2_counterfactual,counterfactual,AW_ADV_01,"Yes, it is an urban road with multiple lanes, traffic lights, and tall buildings in the background. The presence of a truck and a pedestrian crossing also suggests that it is a busy road in a city.",yes,0,2.59
adverse_weather,c4eb5462-c917fefd_foggy.jpg,AW_ADV_02,adversarial,Are any road signs or markings visible that convey speed or direction information?,no,foggy,llava_ov,A,phase2_counterfactual,counterfactual,AW_ADV_02,"No, there are no visible road signs or markings in the image that provide speed or direction information. The focus is on the vehicles and the urban environment without any clear indicators of traffic rules or directions.",no,1,2.49
adverse_weather,c4eb5462-c917fefd_foggy.jpg,AW_ADV_03,adversarial,Would a driver need to use headlights to safely navigate this scene?,yes,foggy,llava_ov,A,phase2_counterfactual,counterfactual,AW_ADV_03,"No, the driver would not need to use headlights to safely navigate this scene because it is daytime and there is plenty of natural light. The visibility is good, and the surroundings are well-lit by sunlight.",no,0,2.6
adverse_weather,c4eb5462-c917fefd_rainy.jpg,AW_P_02,perception,Is it possible to read the colour of the traffic lights in this scene?,yes,rainy,llava_ov,A,phase2_counterfactual,counterfactual,AW_P_02,"No, the image is too blurry to determine the color of the traffic lights. The rain and reflections on the wet road also contribute to the difficulty in reading the traffic signals.",no,0,2.26
adverse_weather,c4eb5462-c917fefd_rainy.jpg,AW_A_02,action,Should the driver slow down below the speed limit given current conditions?,no,rainy,llava_ov,A,phase2_counterfactual,counterfactual,AW_A_02,"Yes, the driver should slow down below the speed limit because it is raining heavily, which can make the roads slippery and reduce visibility. Slowing down will help the driver maintain control of the vehicle and avoid accidents.",yes,0,2.63
adverse_weather,c4eb5462-c917fefd_rainy.jpg,AW_A_03,action,Should the driver use windscreen wipers right now?,yes,rainy,llava_ov,A,phase2_counterfactual,counterfactual,AW_A_03,"Yes, because it is raining.",yes,1,0.93
adverse_weather,c4eb5462-c917fefd_rainy.jpg,AW_H_06,hazard,Is there a risk of glare from headlights or wet road reflections in this scene?,no,rainy,llava_ov,A,phase2_counterfactual,counterfactual,AW_H_06,"Yes, there is a risk of glare from headlights or wet road reflections in this scene. The rain appears to be causing reflections on the road surface, which could create glare for drivers. Additionally, the presence of other vehicles suggests that headlights may also contribute to glare.",yes,0,3.13
adverse_weather,c4eb5462-c917fefd_rainy.jpg,AW_ADV_01,adversarial,"Despite the weather, can you still identify what type of road this is?",yes,rainy,llava_ov,A,phase2_counterfactual,counterfactual,AW_ADV_01,"Yes, it is an urban street with traffic lights and crosswalks.",yes,1,1.3
adverse_weather,c4eb5462-c917fefd_rainy.jpg,AW_ADV_02,adversarial,Are any road signs or markings visible that convey speed or direction information?,yes,rainy,llava_ov,A,phase2_counterfactual,counterfactual,AW_ADV_02,"No, there are no visible road signs or markings that convey speed or direction information in the image. The focus is on the wet street and the urban environment, with no clear indication of traffic rules or directions.",no,0,2.6
adverse_weather,c4eb5462-c917fefd_rainy.jpg,AW_ADV_03,adversarial,Would a driver need to use headlights to safely navigate this scene?,no,rainy,llava_ov,A,phase2_counterfactual,counterfactual,AW_ADV_03,"No, it is daytime.",no,1,0.89
adverse_weather,c4eb5462-c917fefd_snowy.jpg,AW_P_02,perception,Is it possible to read the colour of the traffic lights in this scene?,yes,snowy,llava_ov,A,phase2_counterfactual,counterfactual,AW_P_02,"No, the traffic lights are not visible in the image. The focus is on the snow-covered road and buildings, with no indication of traffic lights in the frame.",no,0,2.17
adverse_weather,c4eb5462-c917fefd_snowy.jpg,AW_A_02,action,Should the driver slow down below the speed limit given current conditions?,yes,snowy,llava_ov,A,phase2_counterfactual,counterfactual,AW_A_02,"Yes, the road is covered in snow and there are tire tracks indicating that it has been driven on before, which could make the surface slippery and require slower speeds for safety.",yes,1,2.28
adverse_weather,c4eb5462-c917fefd_snowy.jpg,AW_A_03,action,Should the driver use windscreen wipers right now?,yes,snowy,llava_ov,A,phase2_counterfactual,counterfactual,AW_A_03,"No, it is not necessary to use windscreen wipers as there is no visible rain or debris on the windshield. The road appears to be clear of snow and ice, and the weather conditions seem to be dry.",no,0,2.69
adverse_weather,c4eb5462-c917fefd_snowy.jpg,AW_A_04,action,Is it safe to attempt an overtake of the vehicle ahead in these conditions?,no,snowy,llava_ov,A,phase2_counterfactual,counterfactual,AW_A_04,"No, it is not safe to attempt an overtake of the vehicle ahead in these conditions. The road is covered in snow and appears to be slippery, which increases the risk of losing control of the vehicle during an overtaking maneuver. Additionally, the visibility of the road ahead may be limited due to the snowfall, making it difficult to judge the distance and speed of the vehicle ahead. It is important to exercise caution and maintain a safe following distance when driving in snowy conditions.",no,1,5.16
adverse_weather,c4eb5462-c917fefd_snowy.jpg,AW_H_06,hazard,Is there a risk of glare from headlights or wet road reflections in this scene?,no,snowy,llava_ov,A,phase2_counterfactual,counterfactual,AW_H_06,"No, there is no visible glare from headlights or wet road reflections in this scene. The road appears to be dry with snow covering it, and the lighting conditions suggest that it is daytime with clear skies, which would not typically cause glare or reflections.",no,1,2.98
adverse_weather,c4eb5462-c917fefd_snowy.jpg,AW_ADV_01,adversarial,"Despite the weather, can you still identify what type of road this is?",yes,snowy,llava_ov,A,phase2_counterfactual,counterfactual,AW_ADV_01,"Yes, it is a paved road as evidenced by its smooth surface and the visible tire tracks. The presence of snow does not alter the fundamental characteristics of the road's material.",yes,1,2.27
adverse_weather,c4eb5462-c917fefd_snowy.jpg,AW_ADV_02,adversarial,Are any road signs or markings visible that convey speed or direction information?,no,snowy,llava_ov,A,phase2_counterfactual,counterfactual,AW_ADV_02,"No, there are no visible road signs or markings in the image that provide speed or direction information. The focus is on the snow-covered environment and the buildings, with no indication of traffic control devices or road markings.",no,1,2.64
adverse_weather,c4eb5462-c917fefd_snowy.jpg,AW_ADV_03,adversarial,Would a driver need to use headlights to safely navigate this scene?,no,snowy,llava_ov,A,phase2_counterfactual,counterfactual,AW_ADV_03,"No, it is daytime.",no,1,0.88
