category,image_id,q_id,q_type,question,ground_truth,weather,model,mode,use_for,variation_type,source_q_id,full_response,extracted_ans,correct,response_time
junctions,b4aa2f44-023fb7df.jpg,JN_P_01,perception,Are there two or more traffic lights visible in this scene?,no,,llava_ov,A,phase2_mode_a,original,JN_P_01,"No, there is only one traffic light visible in the scene. It is located above the school bus and is showing a red light. There are no other traffic lights visible in the image.",no,1,2.97
junctions,b4aa2f44-023fb7df.jpg,JN_A_01,action,Should the ego vehicle stop before entering this intersection?,no,,llava_ov,A,phase2_mode_a,original,JN_A_01,"Yes, the ego vehicle should stop before entering the intersection because there is a school bus stopped at the intersection with its red lights flashing, indicating that it is stopping to let children cross the street. The ego vehicle must yield to the school bus and wait until it is safe to proceed.",yes,0,3.3
junctions,b4aa2f44-023fb7df.jpg,JN_A_04,action,Should the driver be prepared to brake suddenly at this junction?,no,,llava_ov,A,phase2_mode_a,original,JN_A_04,"Yes, because there is a school bus in the lane ahead.",yes,0,1.2
junctions,b4aa2f44-023fb7df.jpg,JN_H_01,hazard,Is there a risk of a pedestrian stepping into the path of the ego vehicle?,no,,llava_ov,A,phase2_mode_a,original,JN_H_01,"No, there is no visible pedestrian in the image, and the area appears to be a road with vehicles, which typically has barriers or other safety measures to prevent pedestrians from entering the path of moving vehicles.",no,1,2.54
junctions,b4aa2f44-023fb7df.jpg,JN_H_02,hazard,Could a large vehicle such as a bus or truck obstruct the driver's sightline at this junction?,yes,,llava_ov,A,phase2_mode_a,original,JN_H_02,"Yes, a large vehicle such as a bus or truck could obstruct the driver's sightline at this junction. The image shows a school bus and a large white trailer truck in the traffic, which could block the view of other vehicles and pedestrians. Additionally, the overpass above the road may also limit visibility for drivers.",yes,1,3.61
junctions,b4aa2f44-023fb7df.jpg,JN_ADV_01,adversarial,Is the traffic light currently displaying a green signal that permits the ego vehicle to proceed?,yes,,llava_ov,A,phase2_mode_a,original,JN_ADV_01,"No, the traffic light is not visible in the image. The view is obstructed by the vehicles ahead, making it impossible to determine the status of the traffic light.",no,0,2.19
junctions,b4aa2f44-023fb7df.jpg,JN_ADV_02,adversarial,"Is the traffic light currently displaying red or yellow, requiring the ego vehicle to stop or yield?",no,,llava_ov,A,phase2_mode_a,original,JN_ADV_02,"No, the traffic light is not visible in the image. The view is obstructed by the glare from the sun and the angle of the photo does not show the traffic lights. Therefore, it is impossible to determine the color of the traffic light from this image alone.",no,1,3.14
junctions,b4aa2f44-023fb7df.jpg,JN_ADV_03,adversarial,Is there a vehicle currently occupying the centre of the intersection ahead?,no,,llava_ov,A,phase2_mode_a,original,JN_ADV_03,"No, there is no vehicle currently occupying the center of the intersection ahead. The traffic appears to be stopped at a red light, and there are no vehicles visible in the middle of the intersection.",no,1,2.42
junctions,b4aa2f44-023fb7df.jpg,JN_P_01_v2,perception,Can the driver see a traffic signal controlling this intersection?,no,,llava_ov,A,phase2_linguistic,paraphrase,JN_P_01,"No, the driver cannot see a traffic signal controlling this intersection because there is no visible traffic light or any indication of a traffic signal in the image. The view is obstructed by the vehicles and the angle of the photo does not show any part of the intersection that would typically have a traffic signal.",no,1,3.42
junctions,b4aa2f44-023fb7df.jpg,JN_P_01_v3,perception,Is there at least one traffic light that is visible to the ego vehicle?,no,,llava_ov,A,phase2_linguistic,negated,JN_P_01,"No, there is no traffic light visible to the ego vehicle. The image shows a view from inside a car looking out onto a busy road with multiple vehicles, including a school bus. There are no traffic lights in sight within the frame of the image.",no,1,3.0
junctions,b4aa2f44-023fb7df.jpg,JN_A_01_v2,action,Should the driver reduce speed when approaching this junction?,no,,llava_ov,A,phase2_linguistic,paraphrase,JN_A_01,"Yes, the driver should reduce speed when approaching this junction because there is a school bus present, indicating that children may be crossing the road, and it is important to exercise caution in such situations.",yes,0,2.43
junctions,b4aa2f44-023fb7df.jpg,JN_A_01_v3,action,Is slowing down the appropriate action for a driver entering this intersection?,no,,llava_ov,A,phase2_linguistic,negated,JN_A_01,"Yes, because there is a school bus in the intersection.",yes,0,1.15
junctions,b4aa2f44-023fb7df.jpg,JN_A_04_v2,action,Should the driver use the horn to alert others when passing through this junction?,no,,llava_ov,A,phase2_linguistic,paraphrase,JN_A_04,"No, the driver should not use the horn as it is causing congestion and there is already a school bus present which requires extra caution.",no,1,1.87
junctions,b4aa2f44-023fb7df.jpg,JN_A_04_v3,action,Is sounding the horn an appropriate action at this junction?,no,,llava_ov,A,phase2_linguistic,negated,JN_A_04,"No, it is not appropriate to sound the horn at this junction as it is causing traffic congestion and may startle other drivers.",no,1,1.82
junctions,b4aa2f44-023fb7df.jpg,JN_H_01_v2,hazard,Is there a risk of collision with a pedestrian at this junction?,no,,llava_ov,A,phase2_linguistic,paraphrase,JN_H_01,"No, there is no risk of collision with a pedestrian at this junction as there are no pedestrians visible in the image. The focus is on the traffic situation, which shows vehicles stopped at a red light, indicating that the area is controlled for vehicle movement but not necessarily for pedestrian crossing.",no,1,3.29
junctions,b4aa2f44-023fb7df.jpg,JN_H_01_v3,hazard,Could a pedestrian stepping into the road pose a hazard here?,no,,llava_ov,A,phase2_linguistic,negated,JN_H_01,"Yes, because of the traffic.",yes,0,0.92
junctions,b4aa2f44-023fb7df.jpg,JN_H_02_v2,hazard,Does the presence of other vehicles at this junction create a collision risk?,yes,,llava_ov,A,phase2_linguistic,paraphrase,JN_H_02,"Yes, because there is a school bus in the lane.",yes,1,1.15
junctions,b4aa2f44-023fb7df.jpg,JN_H_02_v3,hazard,Is there a danger of hitting another vehicle when navigating this intersection?,yes,,llava_ov,A,phase2_linguistic,negated,JN_H_02,"Yes, because the traffic is stopped and the vehicles are not moving.",yes,1,1.25
junctions,b4aa2f44-023fb7df.jpg,JN_ADV_01_v2,adversarial,Does the current traffic signal allow the ego vehicle to move through the intersection?,yes,,llava_ov,A,phase2_linguistic,paraphrase,JN_ADV_01,"Yes, the traffic light is green for the direction of the ego vehicle.",yes,1,1.3
junctions,b4aa2f44-023fb7df.jpg,JN_ADV_01_v3,adversarial,"Based on the signal state, is the ego vehicle permitted to proceed?",yes,,llava_ov,A,phase2_linguistic,negated,JN_ADV_01,"No, the ego vehicle is not permitted to proceed because the traffic light ahead is red, indicating that vehicles must stop.",no,0,1.72
junctions,b4aa2f44-023fb7df.jpg,JN_ADV_02_v2,adversarial,Does the traffic signal currently indicate that vehicles must stop or wait?,no,,llava_ov,A,phase2_linguistic,paraphrase,JN_ADV_02,"Yes, the traffic signal is red, indicating that vehicles must stop or wait.",yes,0,1.35
junctions,b4aa2f44-023fb7df.jpg,JN_ADV_02_v3,adversarial,Is the current signal state one that requires the driver to halt or yield?,no,,llava_ov,A,phase2_linguistic,negated,JN_ADV_02,"Yes, the current signal state is red, which requires the driver to halt or yield. This is evident from the illuminated brake lights on the vehicles in front of the car in the image.",yes,0,2.38
junctions,b4aa2f44-023fb7df.jpg,JN_ADV_03_v2,adversarial,Can the driver identify the correct turning lane from the markings visible at this junction?,no,,llava_ov,A,phase2_linguistic,paraphrase,JN_ADV_03,"No, the driver cannot identify the correct turning lane as there are no visible lane markings or signs indicating which lane to use for turning. The image shows a traffic jam with vehicles stopped at an intersection, but there is no clear indication of any lane designations or directions for turning.",no,1,3.24
junctions,b4aa2f44-023fb7df.jpg,JN_ADV_03_v3,adversarial,Are the lane markings here distinct enough to guide a turning manoeuvre?,no,,llava_ov,A,phase2_linguistic,negated,JN_ADV_03,"No, the lane markings are not visible in the image. The focus is on the vehicles and the bridge, with no clear indication of lane lines or road markings that would guide a turning maneuver.",no,1,2.43
junctions,c24e7c72-be9fff6f.jpg,JN_P_01,perception,Are there two or more traffic lights visible in this scene?,yes,,llava_ov,A,phase2_mode_a,original,JN_P_01,"No, there is only one traffic light visible in the scene. It's located to the left of the image, near the intersection where the street signs are also visible. The traffic light appears to be showing a red signal.",no,0,2.73
junctions,c24e7c72-be9fff6f.jpg,JN_A_01,action,Should the ego vehicle stop before entering this intersection?,no,,llava_ov,A,phase2_mode_a,original,JN_A_01,"Yes, the ego vehicle should stop before entering the intersection because there is a traffic light visible in the image that appears to be red, indicating that vehicles should stop. Additionally, there are traffic cones placed near the crosswalk, suggesting caution for drivers approaching the intersection.",yes,0,3.09
junctions,c24e7c72-be9fff6f.jpg,JN_A_04,action,Should the driver be prepared to brake suddenly at this junction?,no,,llava_ov,A,phase2_mode_a,original,JN_A_04,"Yes, the driver should be prepared to brake suddenly at this junction because there is a bicycle in the middle of the road, which could pose a hazard to the driver. Additionally, the presence of traffic cones suggests that there may be construction or other hazards ahead.",yes,0,3.05
junctions,c24e7c72-be9fff6f.jpg,JN_H_01,hazard,Is there a risk of a pedestrian stepping into the path of the ego vehicle?,no,,llava_ov,A,phase2_mode_a,original,JN_H_01,"No, there is no risk of a pedestrian stepping into the path of the ego vehicle as there are no pedestrians visible in the image.",no,1,1.87
junctions,c24e7c72-be9fff6f.jpg,JN_H_02,hazard,Could a large vehicle such as a bus or truck obstruct the driver's sightline at this junction?,no,,llava_ov,A,phase2_mode_a,original,JN_H_02,"Yes, a large vehicle could obstruct the driver's sightline at this junction. The image shows a narrow street with limited visibility due to the buildings and parked cars. A large vehicle would further reduce the available space for other vehicles to pass through, potentially blocking the view of the road ahead. Additionally, the presence of traffic cones suggests that there may be ongoing construction or maintenance work, which could also contribute to reduced visibility. Therefore, it is important for drivers to exercise caution when navigating this area.",yes,0,5.27
junctions,c24e7c72-be9fff6f.jpg,JN_ADV_01,adversarial,Is the traffic light currently displaying a green signal that permits the ego vehicle to proceed?,yes,,llava_ov,A,phase2_mode_a,original,JN_ADV_01,"No, the traffic light is not visible in the image. The view is obstructed by a reflection on the car window, making it impossible to determine the status of the traffic light.",no,0,2.35
junctions,c24e7c72-be9fff6f.jpg,JN_ADV_02,adversarial,"Is the traffic light currently displaying red or yellow, requiring the ego vehicle to stop or yield?",no,,llava_ov,A,phase2_mode_a,original,JN_ADV_02,"No, the traffic light is not visible in the image. The focus of the image is on the storefronts and street view, with no indication of the traffic light's status. Therefore, it is impossible to determine whether the traffic light is displaying red or yellow from this image alone.",no,1,3.3
junctions,c24e7c72-be9fff6f.jpg,JN_ADV_03,adversarial,Is there a vehicle currently occupying the centre of the intersection ahead?,no,,llava_ov,A,phase2_mode_a,original,JN_ADV_03,"No, there is no vehicle currently occupying the center of the intersection ahead. The road appears clear with no cars visible in the immediate area where the intersection begins. There are traffic cones placed to indicate a lane closure or construction, but no vehicles are present within the cones' area.",no,1,3.23
junctions,c24e7c72-be9fff6f.jpg,JN_P_01_v2,perception,Can the driver see a traffic signal controlling this intersection?,yes,,llava_ov,A,phase2_linguistic,paraphrase,JN_P_01,"No, the driver cannot see a traffic signal controlling this intersection because there is no visible traffic light or any indication of a traffic signal in the image. The view is obstructed by the car's windshield and the angle of the shot does not show any part of the street where a traffic signal might be located.",no,0,3.51
junctions,c24e7c72-be9fff6f.jpg,JN_P_01_v3,perception,Is there at least one traffic light that is visible to the ego vehicle?,yes,,llava_ov,A,phase2_linguistic,negated,JN_P_01,"No, there is no traffic light visible in the image. The view is obstructed by the edge of the car window and the angle does not show any traffic lights.",no,0,2.19
junctions,c24e7c72-be9fff6f.jpg,JN_A_01_v2,action,Should the driver reduce speed when approaching this junction?,no,,llava_ov,A,phase2_linguistic,paraphrase,JN_A_01,"Yes, the driver should reduce speed when approaching this junction because there are traffic cones indicating a possible hazard or construction ahead, and it is important to be cautious and aware of any potential obstacles or changes in traffic flow.",yes,0,2.62
junctions,c24e7c72-be9fff6f.jpg,JN_A_01_v3,action,Is slowing down the appropriate action for a driver entering this intersection?,no,,llava_ov,A,phase2_linguistic,negated,JN_A_01,"Yes, because there is a stop sign visible in the image.",yes,0,1.2
junctions,c24e7c72-be9fff6f.jpg,JN_A_04_v2,action,Should the driver use the horn to alert others when passing through this junction?,no,,llava_ov,A,phase2_linguistic,paraphrase,JN_A_04,"No, the driver should not use the horn as there is no indication of any hazard or emergency situation in the image. The road appears clear and there are no pedestrians or vehicles in immediate danger.",no,1,2.43
junctions,c24e7c72-be9fff6f.jpg,JN_A_04_v3,action,Is sounding the horn an appropriate action at this junction?,no,,llava_ov,A,phase2_linguistic,negated,JN_A_04,No. The traffic light is green.,no,1,0.97
junctions,c24e7c72-be9fff6f.jpg,JN_H_01_v2,hazard,Is there a risk of collision with a pedestrian at this junction?,no,,llava_ov,A,phase2_linguistic,paraphrase,JN_H_01,"No, there is no risk of collision with a pedestrian at this junction as there are no pedestrians visible in the image.",no,1,1.72
junctions,c24e7c72-be9fff6f.jpg,JN_H_01_v3,hazard,Could a pedestrian stepping into the road pose a hazard here?,no,,llava_ov,A,phase2_linguistic,negated,JN_H_01,"Yes, because there is a crosswalk.",yes,0,1.02
junctions,c24e7c72-be9fff6f.jpg,JN_H_02_v2,hazard,Does the presence of other vehicles at this junction create a collision risk?,no,,llava_ov,A,phase2_linguistic,paraphrase,JN_H_02,"Yes, because there is a car stopped at the intersection.",yes,0,1.16
junctions,c24e7c72-be9fff6f.jpg,JN_H_02_v3,hazard,Is there a danger of hitting another vehicle when navigating this intersection?,no,,llava_ov,A,phase2_linguistic,negated,JN_H_02,No. The crosswalk is clear.,no,1,0.97
junctions,c24e7c72-be9fff6f.jpg,JN_ADV_01_v2,adversarial,Does the current traffic signal allow the ego vehicle to move through the intersection?,yes,,llava_ov,A,phase2_linguistic,paraphrase,JN_ADV_01,"No, the traffic light is red.",no,0,0.97
junctions,c24e7c72-be9fff6f.jpg,JN_ADV_01_v3,adversarial,"Based on the signal state, is the ego vehicle permitted to proceed?",yes,,llava_ov,A,phase2_linguistic,negated,JN_ADV_01,"No, the ego vehicle is not permitted to proceed because the traffic light is red.",no,0,1.39
junctions,c24e7c72-be9fff6f.jpg,JN_ADV_02_v2,adversarial,Does the traffic signal currently indicate that vehicles must stop or wait?,no,,llava_ov,A,phase2_linguistic,paraphrase,JN_ADV_02,"No, the traffic signal is not visible in the image. The view is obstructed by a reflection on the car window, which shows the interior of the vehicle rather than the street scene. Therefore, it's impossible to determine the status of the traffic signal from this image alone.",no,1,3.24
junctions,c24e7c72-be9fff6f.jpg,JN_ADV_02_v3,adversarial,Is the current signal state one that requires the driver to halt or yield?,no,,llava_ov,A,phase2_linguistic,negated,JN_ADV_02,"No. The traffic light is not visible in the image, so it cannot be determined if the driver needs to halt or yield.",no,1,1.82
junctions,c24e7c72-be9fff6f.jpg,JN_ADV_03_v2,adversarial,Can the driver identify the correct turning lane from the markings visible at this junction?,no,,llava_ov,A,phase2_linguistic,paraphrase,JN_ADV_03,"No, the driver cannot identify the correct turning lane as the road markings are not clearly visible in the image. The view is obstructed by reflections and the angle of the shot does not provide a clear sight of the road signs or lane markings.",no,1,2.91
junctions,c24e7c72-be9fff6f.jpg,JN_ADV_03_v3,adversarial,Are the lane markings here distinct enough to guide a turning manoeuvre?,no,,llava_ov,A,phase2_linguistic,negated,JN_ADV_03,"Yes, the lane markings are distinct enough to guide a turning maneuver. The white lines are clearly visible and well-defined, providing clear guidance for drivers on where to position their vehicles when making a turn.",yes,0,2.48
junctions,b84507e4-e4553a8d.jpg,JN_P_01,perception,Are there two or more traffic lights visible in this scene?,no,,llava_ov,A,phase2_mode_a,original,JN_P_01,"No, there is only one traffic light visible in the scene. The traffic light is located on the right side of the street, near the building. There are no other traffic lights visible in the image.",no,1,2.54
junctions,b84507e4-e4553a8d.jpg,JN_A_01,action,Should the ego vehicle stop before entering this intersection?,yes,,llava_ov,A,phase2_mode_a,original,JN_A_01,"Yes, the ego vehicle should stop before entering the intersection because it is not clear whether there is any traffic approaching from the cross street. The visibility is poor due to darkness, making it difficult to see oncoming vehicles or pedestrians. It is safer to stop and check for any potential hazards before proceeding.",yes,1,3.43
junctions,b84507e4-e4553a8d.jpg,JN_A_04,action,Should the driver be prepared to brake suddenly at this junction?,yes,,llava_ov,A,phase2_mode_a,original,JN_A_04,"Yes, the driver should be prepared to brake suddenly at this junction because it is dark and visibility is low, making it difficult to see any potential hazards or obstacles ahead. Additionally, there may be pedestrians or other vehicles that could enter the road unexpectedly. It is always important for drivers to be cautious and alert when driving in low light conditions.",yes,1,3.81
junctions,b84507e4-e4553a8d.jpg,JN_H_01,hazard,Is there a risk of a pedestrian stepping into the path of the ego vehicle?,no,,llava_ov,A,phase2_mode_a,original,JN_H_01,"Yes, there is a risk of a pedestrian stepping into the path of the ego vehicle because the crosswalk is visible and pedestrians may be crossing the street.",yes,0,2.07
junctions,b84507e4-e4553a8d.jpg,JN_H_02,hazard,Could a large vehicle such as a bus or truck obstruct the driver's sightline at this junction?,no,,llava_ov,A,phase2_mode_a,original,JN_H_02,"Yes, a large vehicle could obstruct the driver's sightline at this junction. The narrow street and the presence of parked cars suggest limited visibility for larger vehicles, which could block the view of oncoming traffic or pedestrians.",yes,0,2.68
junctions,b84507e4-e4553a8d.jpg,JN_ADV_01,adversarial,Is the traffic light currently displaying a green signal that permits the ego vehicle to proceed?,no,,llava_ov,A,phase2_mode_a,original,JN_ADV_01,"No, the traffic light is not visible in the image. The view is obstructed by darkness and the angle of the photo does not allow for a clear sight of any traffic signals. Therefore, it's impossible to determine the status of the traffic light from this image alone.",no,1,3.2
junctions,b84507e4-e4553a8d.jpg,JN_ADV_02,adversarial,"Is the traffic light currently displaying red or yellow, requiring the ego vehicle to stop or yield?",yes,,llava_ov,A,phase2_mode_a,original,JN_ADV_02,"No, the traffic light is not visible in the image. The focus of the image is on the crosswalk and the street ahead, with no indication of a traffic light's presence or status. Therefore, it cannot be determined from the image whether the traffic light is red or yellow.",no,0,3.28
junctions,b84507e4-e4553a8d.jpg,JN_ADV_03,adversarial,Is there a vehicle currently occupying the centre of the intersection ahead?,no,,llava_ov,A,phase2_mode_a,original,JN_ADV_03,"No, there is no vehicle currently occupying the center of the intersection ahead. The road appears clear with no visible vehicles in the immediate area of the crosswalk.",no,1,2.1
junctions,b84507e4-e4553a8d.jpg,JN_P_01_v2,perception,Can the driver see a traffic signal controlling this intersection?,no,,llava_ov,A,phase2_linguistic,paraphrase,JN_P_01,"No, the driver cannot see a traffic signal controlling this intersection because there is no visible traffic light or any indication of a traffic signal in the image. The view is obstructed by darkness and the angle of the photograph does not show any part of the intersection where a traffic signal might be located.",no,1,3.38
junctions,b84507e4-e4553a8d.jpg,JN_P_01_v3,perception,Is there at least one traffic light that is visible to the ego vehicle?,no,,llava_ov,A,phase2_linguistic,negated,JN_P_01,"No, there is no traffic light visible to the ego vehicle in the image. The view is obstructed by darkness and the angle of the camera does not show any traffic lights.",no,1,2.3
junctions,b84507e4-e4553a8d.jpg,JN_A_01_v2,action,Should the driver reduce speed when approaching this junction?,yes,,llava_ov,A,phase2_linguistic,paraphrase,JN_A_01,"Yes, the driver should reduce speed when approaching this junction because it is dark and visibility is low, making it harder to see any potential hazards or obstacles.",yes,1,2.06
junctions,b84507e4-e4553a8d.jpg,JN_A_01_v3,action,Is slowing down the appropriate action for a driver entering this intersection?,yes,,llava_ov,A,phase2_linguistic,negated,JN_A_01,"Yes, because it is dark and there is little visibility.",yes,1,1.16
junctions,b84507e4-e4553a8d.jpg,JN_A_04_v2,action,Should the driver use the horn to alert others when passing through this junction?,yes,,llava_ov,A,phase2_linguistic,paraphrase,JN_A_04,"No, the driver should not use the horn as it is not necessary for safety in this situation. The road appears clear and there are no pedestrians or obstacles visible.",no,0,2.15
junctions,b84507e4-e4553a8d.jpg,JN_A_04_v3,action,Is sounding the horn an appropriate action at this junction?,yes,,llava_ov,A,phase2_linguistic,negated,JN_A_04,"No, there is no vehicle in the crosswalk.",no,0,1.11
junctions,b84507e4-e4553a8d.jpg,JN_H_01_v2,hazard,Is there a risk of collision with a pedestrian at this junction?,no,,llava_ov,A,phase2_linguistic,paraphrase,JN_H_01,"Yes, because the street is dark and it's hard to see if there is a pedestrian crossing.",yes,0,1.53
junctions,b84507e4-e4553a8d.jpg,JN_H_01_v3,hazard,Could a pedestrian stepping into the road pose a hazard here?,no,,llava_ov,A,phase2_linguistic,negated,JN_H_01,"Yes, because it is dark and visibility is low, a pedestrian stepping into the road could be difficult to see and therefore pose a hazard.",yes,0,1.92
junctions,b84507e4-e4553a8d.jpg,JN_H_02_v2,hazard,Does the presence of other vehicles at this junction create a collision risk?,no,,llava_ov,A,phase2_linguistic,paraphrase,JN_H_02,"Yes, because there is a vehicle in the crosswalk.",yes,0,1.16
junctions,b84507e4-e4553a8d.jpg,JN_H_02_v3,hazard,Is there a danger of hitting another vehicle when navigating this intersection?,no,,llava_ov,A,phase2_linguistic,negated,JN_H_02,"No, there is no danger of hitting another vehicle as the road is clear and there are no other vehicles visible in the image. The crosswalk markings also indicate that it is safe to proceed through the intersection.",no,1,2.59
junctions,b84507e4-e4553a8d.jpg,JN_ADV_01_v2,adversarial,Does the current traffic signal allow the ego vehicle to move through the intersection?,no,,llava_ov,A,phase2_linguistic,paraphrase,JN_ADV_01,"No, the current traffic signal does not allow the ego vehicle to move through the intersection. The red light is visible, indicating that the vehicle must stop.",no,1,2.06
junctions,b84507e4-e4553a8d.jpg,JN_ADV_01_v3,adversarial,"Based on the signal state, is the ego vehicle permitted to proceed?",no,,llava_ov,A,phase2_linguistic,negated,JN_ADV_01,"No, the red traffic light indicates that the ego vehicle must stop and not proceed.",no,1,1.4
junctions,b84507e4-e4553a8d.jpg,JN_ADV_02_v2,adversarial,Does the traffic signal currently indicate that vehicles must stop or wait?,yes,,llava_ov,A,phase2_linguistic,paraphrase,JN_ADV_02,"Yes, the traffic signal is red, indicating that vehicles must stop or wait.",yes,1,1.35
junctions,b84507e4-e4553a8d.jpg,JN_ADV_02_v3,adversarial,Is the current signal state one that requires the driver to halt or yield?,yes,,llava_ov,A,phase2_linguistic,negated,JN_ADV_02,"Yes, the current signal state is red, which requires the driver to halt or yield. This is indicated by the illuminated red lights visible in the image.",yes,1,2.05
junctions,b84507e4-e4553a8d.jpg,JN_ADV_03_v2,adversarial,Can the driver identify the correct turning lane from the markings visible at this junction?,no,,llava_ov,A,phase2_linguistic,paraphrase,JN_ADV_03,"No, the driver cannot identify the correct turning lane as the image is too dark to clearly see any road markings or signs that would indicate the lanes for turning.",no,1,2.11
junctions,b84507e4-e4553a8d.jpg,JN_ADV_03_v3,adversarial,Are the lane markings here distinct enough to guide a turning manoeuvre?,no,,llava_ov,A,phase2_linguistic,negated,JN_ADV_03,"No, the lane markings are not distinct enough to guide a turning maneuver as they appear faded and partially obscured by shadows.",no,1,1.73
junctions,bfb3e0e3-6767a552.jpg,JN_P_01,perception,Are there two or more traffic lights visible in this scene?,no,,llava_ov,A,phase2_mode_a,original,JN_P_01,"No, there is only one traffic light visible in this scene. The traffic light is located on the left side of the image, hanging from a pole above the street. There are no other traffic lights visible in the image.",no,1,2.74
junctions,bfb3e0e3-6767a552.jpg,JN_A_01,action,Should the ego vehicle stop before entering this intersection?,no,,llava_ov,A,phase2_mode_a,original,JN_A_01,"Yes, the ego vehicle should stop before entering the intersection because the traffic light is red, indicating that vehicles must stop. Additionally, there is a pedestrian crossing sign visible, suggesting that pedestrians may be present or expected in the area.",yes,0,2.76
junctions,bfb3e0e3-6767a552.jpg,JN_A_04,action,Should the driver be prepared to brake suddenly at this junction?,no,,llava_ov,A,phase2_mode_a,original,JN_A_04,"Yes, because there is a pedestrian crossing ahead.",yes,0,1.06
junctions,bfb3e0e3-6767a552.jpg,JN_H_01,hazard,Is there a risk of a pedestrian stepping into the path of the ego vehicle?,no,,llava_ov,A,phase2_mode_a,original,JN_H_01,"Yes, there is a risk of a pedestrian stepping into the path of the ego vehicle because the crosswalk is visible and pedestrians could be crossing the street.",yes,0,2.05
junctions,bfb3e0e3-6767a552.jpg,JN_H_02,hazard,Could a large vehicle such as a bus or truck obstruct the driver's sightline at this junction?,no,,llava_ov,A,phase2_mode_a,original,JN_H_02,"Yes, because there is a large building right next to the road which could block the view of a large vehicle.",yes,0,1.69
junctions,bfb3e0e3-6767a552.jpg,JN_ADV_01,adversarial,Is the traffic light currently displaying a green signal that permits the ego vehicle to proceed?,yes,,llava_ov,A,phase2_mode_a,original,JN_ADV_01,"Yes, the traffic light is displaying a green signal. The green light is visible above the crosswalk, indicating that vehicles can proceed through the intersection.",yes,1,2.01
junctions,bfb3e0e3-6767a552.jpg,JN_ADV_02,adversarial,"Is the traffic light currently displaying red or yellow, requiring the ego vehicle to stop or yield?",no,,llava_ov,A,phase2_mode_a,original,JN_ADV_02,"No, the traffic light is not visible in the image. The view is from inside a vehicle looking out through the windshield, and the traffic light is obscured by the angle of the shot. Therefore, it's impossible to determine its color or status from this perspective.",no,1,3.09
junctions,bfb3e0e3-6767a552.jpg,JN_ADV_03,adversarial,Is there a vehicle currently occupying the centre of the intersection ahead?,no,,llava_ov,A,phase2_mode_a,original,JN_ADV_03,"No, there is no vehicle currently occupying the center of the intersection ahead. The crosswalk is clear, and no cars are visible in the middle of the intersection.",no,1,2.15
junctions,bfb3e0e3-6767a552.jpg,JN_P_01_v2,perception,Can the driver see a traffic signal controlling this intersection?,no,,llava_ov,A,phase2_linguistic,paraphrase,JN_P_01,"Yes, the driver can see a traffic signal controlling this intersection. The traffic light is visible above the street, hanging from a pole, and it is positioned to be clearly seen by drivers approaching the intersection.",yes,0,2.52
junctions,bfb3e0e3-6767a552.jpg,JN_P_01_v3,perception,Is there at least one traffic light that is visible to the ego vehicle?,no,,llava_ov,A,phase2_linguistic,negated,JN_P_01,Yes. The traffic light is visible to the left of the image.,yes,0,1.25
junctions,bfb3e0e3-6767a552.jpg,JN_A_01_v2,action,Should the driver reduce speed when approaching this junction?,no,,llava_ov,A,phase2_linguistic,paraphrase,JN_A_01,"Yes, the driver should reduce speed when approaching this junction because there is a pedestrian crossing ahead, which requires caution to ensure the safety of pedestrians.",yes,0,1.96
junctions,bfb3e0e3-6767a552.jpg,JN_A_01_v3,action,Is slowing down the appropriate action for a driver entering this intersection?,no,,llava_ov,A,phase2_linguistic,negated,JN_A_01,"Yes, because there is a crosswalk and traffic light ahead.",yes,0,1.2
junctions,bfb3e0e3-6767a552.jpg,JN_A_04_v2,action,Should the driver use the horn to alert others when passing through this junction?,no,,llava_ov,A,phase2_linguistic,paraphrase,JN_A_04,"No, the driver should not use the horn as it is generally discouraged in urban areas due to noise pollution. Additionally, there does not appear to be any immediate hazard or emergency situation that would necessitate the use of a horn.",no,1,2.76
junctions,bfb3e0e3-6767a552.jpg,JN_A_04_v3,action,Is sounding the horn an appropriate action at this junction?,no,,llava_ov,A,phase2_linguistic,negated,JN_A_04,No. The traffic light is green so there is no need to sound the horn.,no,1,1.4
junctions,bfb3e0e3-6767a552.jpg,JN_H_01_v2,hazard,Is there a risk of collision with a pedestrian at this junction?,no,,llava_ov,A,phase2_linguistic,paraphrase,JN_H_01,"Yes, because there is a crosswalk at the junction.",yes,0,1.16
junctions,bfb3e0e3-6767a552.jpg,JN_H_01_v3,hazard,Could a pedestrian stepping into the road pose a hazard here?,no,,llava_ov,A,phase2_linguistic,negated,JN_H_01,"Yes, because the pedestrian crosswalk is visible but there are cars on the road that could be approaching without noticing the crosswalk.",yes,0,1.82
junctions,bfb3e0e3-6767a552.jpg,JN_H_02_v2,hazard,Does the presence of other vehicles at this junction create a collision risk?,no,,llava_ov,A,phase2_linguistic,paraphrase,JN_H_02,"Yes, because there is a car stopped at the intersection.",yes,0,1.16
junctions,bfb3e0e3-6767a552.jpg,JN_H_02_v3,hazard,Is there a danger of hitting another vehicle when navigating this intersection?,no,,llava_ov,A,phase2_linguistic,negated,JN_H_02,"No, there is no danger of hitting another vehicle as the traffic light is green and the road is clear.",no,1,1.63
junctions,bfb3e0e3-6767a552.jpg,JN_ADV_01_v2,adversarial,Does the current traffic signal allow the ego vehicle to move through the intersection?,yes,,llava_ov,A,phase2_linguistic,paraphrase,JN_ADV_01,"Yes, the traffic light is green for the direction of the ego vehicle.",yes,1,1.3
junctions,bfb3e0e3-6767a552.jpg,JN_ADV_01_v3,adversarial,"Based on the signal state, is the ego vehicle permitted to proceed?",yes,,llava_ov,A,phase2_linguistic,negated,JN_ADV_01,"Yes, the ego vehicle is permitted to proceed because the traffic light is green, indicating that it is safe for vehicles to move forward.",yes,1,1.87
junctions,bfb3e0e3-6767a552.jpg,JN_ADV_02_v2,adversarial,Does the traffic signal currently indicate that vehicles must stop or wait?,no,,llava_ov,A,phase2_linguistic,paraphrase,JN_ADV_02,"No, the traffic signal is green, indicating that vehicles do not need to stop or wait.",no,1,1.49
junctions,bfb3e0e3-6767a552.jpg,JN_ADV_02_v3,adversarial,Is the current signal state one that requires the driver to halt or yield?,no,,llava_ov,A,phase2_linguistic,negated,JN_ADV_02,"Yes, the traffic light is red, which requires drivers to halt or yield.",yes,0,1.35
junctions,bfb3e0e3-6767a552.jpg,JN_ADV_03_v2,adversarial,Can the driver identify the correct turning lane from the markings visible at this junction?,no,,llava_ov,A,phase2_linguistic,paraphrase,JN_ADV_03,"Yes, the driver can identify the correct turning lane as there is a clearly marked white arrow painted on the road indicating the direction of traffic flow for each lane.",yes,0,2.11
junctions,bfb3e0e3-6767a552.jpg,JN_ADV_03_v3,adversarial,Are the lane markings here distinct enough to guide a turning manoeuvre?,no,,llava_ov,A,phase2_linguistic,negated,JN_ADV_03,"Yes, the lane markings are distinct enough to guide a turning maneuver. The white lines are clearly visible and well-defined, providing clear guidance for drivers on where to position their vehicles when making a turn.",yes,0,2.48
junctions,c0677163-c63c7c95.jpg,JN_P_01,perception,Are there two or more traffic lights visible in this scene?,yes,,llava_ov,A,phase2_mode_a,original,JN_P_01,"Yes, there are two traffic lights visible in the scene. One is located directly ahead of the car's path, and another is slightly to the right side of the road. Both are positioned at an intersection, indicating they are meant to control traffic flow in multiple directions.",yes,1,3.16
junctions,c0677163-c63c7c95.jpg,JN_A_01,action,Should the ego vehicle stop before entering this intersection?,no,,llava_ov,A,phase2_mode_a,original,JN_A_01,"Yes, the ego vehicle should stop before entering the intersection because there is a red traffic light visible ahead, indicating that vehicles must stop.",yes,0,1.88
junctions,c0677163-c63c7c95.jpg,JN_A_04,action,Should the driver be prepared to brake suddenly at this junction?,no,,llava_ov,A,phase2_mode_a,original,JN_A_04,"Yes, the driver should be prepared to brake suddenly at this junction because there is a pedestrian crossing the street, which indicates that the driver needs to be cautious of any potential hazards.",yes,0,2.31
junctions,c0677163-c63c7c95.jpg,JN_H_01,hazard,Is there a risk of a pedestrian stepping into the path of the ego vehicle?,no,,llava_ov,A,phase2_mode_a,original,JN_H_01,"No, there is no visible pedestrian in the immediate vicinity of the ego vehicle's path. The sidewalk appears clear, and there are no signs of pedestrians crossing or about to cross the street.",no,1,2.39
junctions,c0677163-c63c7c95.jpg,JN_H_02,hazard,Could a large vehicle such as a bus or truck obstruct the driver's sightline at this junction?,no,,llava_ov,A,phase2_mode_a,original,JN_H_02,"Yes, a large vehicle could obstruct the driver's sightline at this junction. The street is narrow, and there are multiple cars parked along the sides, which could limit visibility for larger vehicles. Additionally, the angle of the road and the presence of trees and buildings may further restrict sightlines.",yes,0,3.38
junctions,c0677163-c63c7c95.jpg,JN_ADV_01,adversarial,Is the traffic light currently displaying a green signal that permits the ego vehicle to proceed?,yes,,llava_ov,A,phase2_mode_a,original,JN_ADV_01,"Yes, the traffic light is displaying a green signal. This is indicated by the visible green light above the intersection, which allows vehicles to proceed through the intersection.",yes,1,2.11
junctions,c0677163-c63c7c95.jpg,JN_ADV_02,adversarial,"Is the traffic light currently displaying red or yellow, requiring the ego vehicle to stop or yield?",no,,llava_ov,A,phase2_mode_a,original,JN_ADV_02,"No, the traffic light is not visible in the image. The view is obstructed by the car's dashboard and the angle of the shot does not allow for a clear sight of the traffic signals. Therefore, it is not possible to determine the color of the traffic light from this image alone.",no,1,3.37
junctions,c0677163-c63c7c95.jpg,JN_ADV_03,adversarial,Is there a vehicle currently occupying the centre of the intersection ahead?,no,,llava_ov,A,phase2_mode_a,original,JN_ADV_03,"No, there is no vehicle currently occupying the center of the intersection ahead. The image shows a clear view of the road leading into the intersection with no vehicles blocking it. The traffic light is green, indicating that vehicles can proceed through the intersection.",no,1,2.9
junctions,c0677163-c63c7c95.jpg,JN_P_01_v2,perception,Can the driver see a traffic signal controlling this intersection?,yes,,llava_ov,A,phase2_linguistic,paraphrase,JN_P_01,"Yes, the driver can see a traffic signal controlling this intersection. The traffic light is visible in the distance, indicating that it is operational to manage the flow of traffic at the intersection.",yes,1,2.34
junctions,c0677163-c63c7c95.jpg,JN_P_01_v3,perception,Is there at least one traffic light that is visible to the ego vehicle?,yes,,llava_ov,A,phase2_linguistic,negated,JN_P_01,"Yes, there is at least one traffic light visible to the ego vehicle. The traffic light is located ahead of the vehicles on the road, indicating its visibility to any driver approaching from behind.",yes,1,2.38
junctions,c0677163-c63c7c95.jpg,JN_A_01_v2,action,Should the driver reduce speed when approaching this junction?,no,,llava_ov,A,phase2_linguistic,paraphrase,JN_A_01,"Yes, the driver should reduce speed when approaching this junction because it is a busy intersection with multiple cars and pedestrians. Reducing speed will help the driver to navigate the intersection safely and avoid potential accidents.",yes,0,2.48
junctions,c0677163-c63c7c95.jpg,JN_A_01_v3,action,Is slowing down the appropriate action for a driver entering this intersection?,no,,llava_ov,A,phase2_linguistic,negated,JN_A_01,"Yes, because there is a green light and it is clear to proceed.",yes,0,1.3
junctions,c0677163-c63c7c95.jpg,JN_A_04_v2,action,Should the driver use the horn to alert others when passing through this junction?,no,,llava_ov,A,phase2_linguistic,paraphrase,JN_A_04,"No, the driver should not use the horn as there is no indication of an emergency or need for warning in the visible part of the street. The traffic appears to be moving normally without any obstructions or hazards that would require the use of a horn.",no,1,3.0
junctions,c0677163-c63c7c95.jpg,JN_A_04_v3,action,Is sounding the horn an appropriate action at this junction?,no,,llava_ov,A,phase2_linguistic,negated,JN_A_04,"No, it is not appropriate to sound the horn at this junction as there is no indication of any hazard or obstruction that requires it. The traffic appears to be moving smoothly, and there are no visible signs of distress or danger.",no,1,2.78
junctions,c0677163-c63c7c95.jpg,JN_H_01_v2,hazard,Is there a risk of collision with a pedestrian at this junction?,no,,llava_ov,A,phase2_linguistic,paraphrase,JN_H_01,"No, there is no visible pedestrian in the image, and the road appears clear of any immediate collision risks.",no,1,1.63
junctions,c0677163-c63c7c95.jpg,JN_H_01_v3,hazard,Could a pedestrian stepping into the road pose a hazard here?,no,,llava_ov,A,phase2_linguistic,negated,JN_H_01,"Yes, because the street is narrow and there are cars parked on both sides, leaving little room for a pedestrian to step into the road without posing a hazard.",yes,0,2.1
junctions,c0677163-c63c7c95.jpg,JN_H_02_v2,hazard,Does the presence of other vehicles at this junction create a collision risk?,no,,llava_ov,A,phase2_linguistic,paraphrase,JN_H_02,"Yes, the presence of multiple vehicles at the junction increases the risk of collisions due to potential blind spots and limited visibility for all drivers.",yes,0,1.86
junctions,c0677163-c63c7c95.jpg,JN_H_02_v3,hazard,Is there a danger of hitting another vehicle when navigating this intersection?,no,,llava_ov,A,phase2_linguistic,negated,JN_H_02,"No, there is no immediate danger of hitting another vehicle as the traffic light is green and the road appears clear.",no,1,1.68
junctions,c0677163-c63c7c95.jpg,JN_ADV_01_v2,adversarial,Does the current traffic signal allow the ego vehicle to move through the intersection?,yes,,llava_ov,A,phase2_linguistic,paraphrase,JN_ADV_01,"Yes, the traffic light is green, which allows the ego vehicle to proceed through the intersection.",yes,1,1.49
junctions,c0677163-c63c7c95.jpg,JN_ADV_01_v3,adversarial,"Based on the signal state, is the ego vehicle permitted to proceed?",yes,,llava_ov,A,phase2_linguistic,negated,JN_ADV_01,"Yes, the ego vehicle is permitted to proceed because the traffic light ahead is green, indicating that it is safe for vehicles to move forward.",yes,1,1.91
junctions,c0677163-c63c7c95.jpg,JN_ADV_02_v2,adversarial,Does the traffic signal currently indicate that vehicles must stop or wait?,no,,llava_ov,A,phase2_linguistic,paraphrase,JN_ADV_02,"No, the traffic signal is not visible in the image. The view is obstructed by the car's dashboard and the angle of the shot does not allow for a clear sight of any traffic lights or signals. Therefore, it is not possible to determine from this image whether vehicles must stop or wait at an intersection.",no,1,3.57
junctions,c0677163-c63c7c95.jpg,JN_ADV_02_v3,adversarial,Is the current signal state one that requires the driver to halt or yield?,no,,llava_ov,A,phase2_linguistic,negated,JN_ADV_02,"No, the current signal state is green, which does not require the driver to halt or yield. The traffic light visible in the image shows a green light, indicating that it is safe for vehicles to proceed.",no,1,2.59
junctions,c0677163-c63c7c95.jpg,JN_ADV_03_v2,adversarial,Can the driver identify the correct turning lane from the markings visible at this junction?,no,,llava_ov,A,phase2_linguistic,paraphrase,JN_ADV_03,"No, the driver cannot identify the correct turning lane as the image is too blurry to clearly see any road markings or lane indicators.",no,1,1.82
junctions,c0677163-c63c7c95.jpg,JN_ADV_03_v3,adversarial,Are the lane markings here distinct enough to guide a turning manoeuvre?,no,,llava_ov,A,phase2_linguistic,negated,JN_ADV_03,"No, the lane markings are not distinct enough to guide a turning maneuver as they appear faded and partially obscured by shadows.",no,1,1.73
junctions,c76fbaa1-07ee965c.jpg,JN_P_01,perception,Are there two or more traffic lights visible in this scene?,yes,,llava_ov,A,phase2_mode_a,original,JN_P_01,"No, there is only one traffic light visible in the scene. It is located on the left side of the image, above the crosswalk. There are no other traffic lights visible in the image.",no,0,2.49
junctions,c76fbaa1-07ee965c.jpg,JN_A_01,action,Should the ego vehicle stop before entering this intersection?,yes,,llava_ov,A,phase2_mode_a,original,JN_A_01,"Yes, the ego vehicle should stop before entering the intersection because it is approaching a crosswalk with a ""ONLY"" sign indicating that vehicles must yield to pedestrians. Additionally, there are other vehicles and pedestrians in the vicinity, suggesting that caution is necessary to avoid accidents.",yes,1,3.11
junctions,c76fbaa1-07ee965c.jpg,JN_A_04,action,Should the driver be prepared to brake suddenly at this junction?,yes,,llava_ov,A,phase2_mode_a,original,JN_A_04,"Yes, the driver should be prepared to brake suddenly at this junction because there is a pedestrian crossing the street, which requires caution and readiness to stop.",yes,1,2.02
junctions,c76fbaa1-07ee965c.jpg,JN_H_01,hazard,Is there a risk of a pedestrian stepping into the path of the ego vehicle?,yes,,llava_ov,A,phase2_mode_a,original,JN_H_01,"Yes, there is a risk of a pedestrian stepping into the path of the ego vehicle because the pedestrian is standing near the crosswalk, which is a common area for pedestrians to cross the street. The presence of the pedestrian near the crosswalk indicates that they may be about to step into the path of the ego vehicle.",yes,1,3.61
junctions,c76fbaa1-07ee965c.jpg,JN_H_02,hazard,Could a large vehicle such as a bus or truck obstruct the driver's sightline at this junction?,yes,,llava_ov,A,phase2_mode_a,original,JN_H_02,"Yes, because there is a large vehicle in the street.",yes,1,1.16
junctions,c76fbaa1-07ee965c.jpg,JN_ADV_01,adversarial,Is the traffic light currently displaying a green signal that permits the ego vehicle to proceed?,no,,llava_ov,A,phase2_mode_a,original,JN_ADV_01,"No, the traffic light is not visible in the image, so it cannot be determined if it is displaying a green signal.",no,1,1.77
junctions,c76fbaa1-07ee965c.jpg,JN_ADV_02,adversarial,"Is the traffic light currently displaying red or yellow, requiring the ego vehicle to stop or yield?",yes,,llava_ov,A,phase2_mode_a,original,JN_ADV_02,"No, the traffic light is not visible in the image. The view is obstructed by the car's windshield and the angle of the photo does not allow for a clear sight of the traffic signal. Therefore, it is not possible to determine the color of the traffic light from this image alone.",no,0,3.54
junctions,c76fbaa1-07ee965c.jpg,JN_ADV_03,adversarial,Is there a vehicle currently occupying the centre of the intersection ahead?,no,,llava_ov,A,phase2_mode_a,original,JN_ADV_03,"No, there is no vehicle currently occupying the center of the intersection ahead. The road markings indicate a designated lane for turning right, and there are no vehicles visible in that lane. Additionally, the traffic light is red, which would prevent any vehicles from entering the intersection.",no,1,3.14
junctions,c76fbaa1-07ee965c.jpg,JN_P_01_v2,perception,Can the driver see a traffic signal controlling this intersection?,yes,,llava_ov,A,phase2_linguistic,paraphrase,JN_P_01,"No, the driver cannot see a traffic signal controlling this intersection because there is no visible traffic light in the image. The view is obstructed by the car's windshield and the angle of the street does not show any traffic lights.",no,0,2.76
junctions,c76fbaa1-07ee965c.jpg,JN_P_01_v3,perception,Is there at least one traffic light that is visible to the ego vehicle?,yes,,llava_ov,A,phase2_linguistic,negated,JN_P_01,"Yes, there is at least one traffic light visible to the ego vehicle. The traffic light is located on the left side of the image, above the crosswalk, and is clearly visible from the perspective of the camera inside the vehicle.",yes,1,2.8
junctions,c76fbaa1-07ee965c.jpg,JN_A_01_v2,action,Should the driver reduce speed when approaching this junction?,yes,,llava_ov,A,phase2_linguistic,paraphrase,JN_A_01,"Yes, the driver should reduce speed when approaching this junction because it is a busy intersection with multiple lanes of traffic, pedestrians, and a food truck. Reducing speed will help ensure safety for all road users.",yes,1,2.57
junctions,c76fbaa1-07ee965c.jpg,JN_A_01_v3,action,Is slowing down the appropriate action for a driver entering this intersection?,yes,,llava_ov,A,phase2_linguistic,negated,JN_A_01,"Yes, because it is a crosswalk and there are people walking.",yes,1,1.25
junctions,c76fbaa1-07ee965c.jpg,JN_A_04_v2,action,Should the driver use the horn to alert others when passing through this junction?,yes,,llava_ov,A,phase2_linguistic,paraphrase,JN_A_04,"No, the driver should not use the horn as it is a quiet zone, indicated by the ""ONLY"" marking on the road.",no,0,1.86
junctions,c76fbaa1-07ee965c.jpg,JN_A_04_v3,action,Is sounding the horn an appropriate action at this junction?,yes,,llava_ov,A,phase2_linguistic,negated,JN_A_04,"No, it is not appropriate to sound the horn at this junction as there are no vehicles or pedestrians in immediate danger or causing any obstruction. The road appears clear and there is no need for warning or signaling.",no,0,2.58
junctions,c76fbaa1-07ee965c.jpg,JN_H_01_v2,hazard,Is there a risk of collision with a pedestrian at this junction?,yes,,llava_ov,A,phase2_linguistic,paraphrase,JN_H_01,"No, there is no risk of collision with a pedestrian at this junction as there are no pedestrians visible in the image.",no,0,1.73
junctions,c76fbaa1-07ee965c.jpg,JN_H_01_v3,hazard,Could a pedestrian stepping into the road pose a hazard here?,yes,,llava_ov,A,phase2_linguistic,negated,JN_H_01,"Yes, because the pedestrian is near the crosswalk and there is a truck turning right.",yes,1,1.44
junctions,c76fbaa1-07ee965c.jpg,JN_H_02_v2,hazard,Does the presence of other vehicles at this junction create a collision risk?,yes,,llava_ov,A,phase2_linguistic,paraphrase,JN_H_02,"Yes, because there is a truck turning left into the cross street.",yes,1,1.25
junctions,c76fbaa1-07ee965c.jpg,JN_H_02_v3,hazard,Is there a danger of hitting another vehicle when navigating this intersection?,yes,,llava_ov,A,phase2_linguistic,negated,JN_H_02,"No, there is no immediate danger of hitting another vehicle as the traffic light is red and vehicles are stopped at the intersection. The crosswalk is also clearly marked, indicating that pedestrians have the right of way.",no,0,2.58
junctions,c76fbaa1-07ee965c.jpg,JN_ADV_01_v2,adversarial,Does the current traffic signal allow the ego vehicle to move through the intersection?,no,,llava_ov,A,phase2_linguistic,paraphrase,JN_ADV_01,"No, the traffic light is red, which means the vehicle must stop and not proceed through the intersection.",no,1,1.58
junctions,c76fbaa1-07ee965c.jpg,JN_ADV_01_v3,adversarial,"Based on the signal state, is the ego vehicle permitted to proceed?",no,,llava_ov,A,phase2_linguistic,negated,JN_ADV_01,"No, the ego vehicle is not permitted to proceed because the traffic light is red, indicating that vehicles must stop.",no,1,1.67
junctions,c76fbaa1-07ee965c.jpg,JN_ADV_02_v2,adversarial,Does the traffic signal currently indicate that vehicles must stop or wait?,yes,,llava_ov,A,phase2_linguistic,paraphrase,JN_ADV_02,"No, the traffic light is not visible in the image. However, there is a red ""Do Not Enter"" sign indicating that vehicles cannot enter the street from this direction.",no,0,2.25
junctions,c76fbaa1-07ee965c.jpg,JN_ADV_02_v3,adversarial,Is the current signal state one that requires the driver to halt or yield?,yes,,llava_ov,A,phase2_linguistic,negated,JN_ADV_02,"No, the traffic light is red, but it is not visible in the image. The driver is also not required to halt or yield as there is no pedestrian crossing the street.",no,0,2.29
junctions,c76fbaa1-07ee965c.jpg,JN_ADV_03_v2,adversarial,Can the driver identify the correct turning lane from the markings visible at this junction?,no,,llava_ov,A,phase2_linguistic,paraphrase,JN_ADV_03,"Yes, the driver can identify the correct turning lane as there is a clearly marked ""ONLY S"" lane for vehicles to turn south.",yes,0,1.86
junctions,c76fbaa1-07ee965c.jpg,JN_ADV_03_v3,adversarial,Are the lane markings here distinct enough to guide a turning manoeuvre?,no,,llava_ov,A,phase2_linguistic,negated,JN_ADV_03,"Yes, the lane markings are distinct and clearly visible, providing clear guidance for a turning maneuver. The white lines are well-defined and contrast with the road surface, making them easily noticeable.",yes,0,2.34
junctions,c2f5e5c4-35640746.jpg,JN_P_01,perception,Are there two or more traffic lights visible in this scene?,yes,,llava_ov,A,phase2_mode_a,original,JN_P_01,"No, there is only one traffic light visible in the scene. It's located to the left of the image, mounted on a pole near the intersection. There are no other traffic lights within the frame of the image.",no,0,2.69
junctions,c2f5e5c4-35640746.jpg,JN_A_01,action,Should the ego vehicle stop before entering this intersection?,yes,,llava_ov,A,phase2_mode_a,original,JN_A_01,"Yes, the ego vehicle should stop before entering the intersection because there is a red traffic light visible ahead, indicating that vehicles must stop. Additionally, the presence of other vehicles stopped at the intersection suggests that it is a controlled intersection where stopping is required.",yes,1,2.97
junctions,c2f5e5c4-35640746.jpg,JN_A_04,action,Should the driver be prepared to brake suddenly at this junction?,yes,,llava_ov,A,phase2_mode_a,original,JN_A_04,"Yes, because there is a pedestrian crossing ahead.",yes,1,1.07
junctions,c2f5e5c4-35640746.jpg,JN_H_01,hazard,Is there a risk of a pedestrian stepping into the path of the ego vehicle?,no,,llava_ov,A,phase2_mode_a,original,JN_H_01,"No, there is no risk of a pedestrian stepping into the path of the ego vehicle as there are no pedestrians visible in the image. The crosswalk appears to be clear of any individuals.",no,1,2.39
junctions,c2f5e5c4-35640746.jpg,JN_H_02,hazard,Could a large vehicle such as a bus or truck obstruct the driver's sightline at this junction?,yes,,llava_ov,A,phase2_mode_a,original,JN_H_02,"Yes, because there is a large orange traffic barrel that could obstruct the driver's sightline.",yes,1,1.49
junctions,c2f5e5c4-35640746.jpg,JN_ADV_03,adversarial,Is there a vehicle currently occupying the centre of the intersection ahead?,no,,llava_ov,A,phase2_mode_a,original,JN_ADV_03,"No, there is no vehicle currently occupying the center of the intersection ahead. The crosswalk is clear, and there are no cars visible in the middle of the intersection.",no,1,2.2
junctions,c2f5e5c4-35640746.jpg,JN_P_01_v2,perception,Can the driver see a traffic signal controlling this intersection?,yes,,llava_ov,A,phase2_linguistic,paraphrase,JN_P_01,"No, the driver cannot see a traffic signal controlling this intersection because there is no visible traffic light or any indication of a traffic signal in the image. The view is obstructed by the car's windshield and the angle of the road does not show any traffic lights.",no,0,3.1
junctions,c2f5e5c4-35640746.jpg,JN_P_01_v3,perception,Is there at least one traffic light that is visible to the ego vehicle?,yes,,llava_ov,A,phase2_linguistic,negated,JN_P_01,"No, there is no traffic light visible to the ego vehicle. The image shows a clear view of the road ahead with no traffic lights in sight.",no,0,2.0
junctions,c2f5e5c4-35640746.jpg,JN_A_01_v2,action,Should the driver reduce speed when approaching this junction?,yes,,llava_ov,A,phase2_linguistic,paraphrase,JN_A_01,"Yes, the driver should reduce speed when approaching this junction because there is a crosswalk ahead, which requires caution to ensure pedestrian safety.",yes,1,1.87
junctions,c2f5e5c4-35640746.jpg,JN_A_01_v3,action,Is slowing down the appropriate action for a driver entering this intersection?,yes,,llava_ov,A,phase2_linguistic,negated,JN_A_01,"Yes, because there is a crosswalk and traffic in the intersection.",yes,1,1.25
junctions,c2f5e5c4-35640746.jpg,JN_A_04_v2,action,Should the driver use the horn to alert others when passing through this junction?,yes,,llava_ov,A,phase2_linguistic,paraphrase,JN_A_04,"No, the driver should not use the horn as it is a quiet zone and using the horn could disturb the peace.",no,0,1.72
junctions,c2f5e5c4-35640746.jpg,JN_A_04_v3,action,Is sounding the horn an appropriate action at this junction?,yes,,llava_ov,A,phase2_linguistic,negated,JN_A_04,"No, it is not appropriate to sound the horn at this junction as there are no vehicles or pedestrians in the crosswalk and the traffic appears to be moving smoothly.",no,0,2.15
junctions,c2f5e5c4-35640746.jpg,JN_H_01_v2,hazard,Is there a risk of collision with a pedestrian at this junction?,no,,llava_ov,A,phase2_linguistic,paraphrase,JN_H_01,"No, there is no risk of collision with a pedestrian at this junction as there are no pedestrians visible in the image. The crosswalk appears to be clear of any individuals.",no,1,2.24
junctions,c2f5e5c4-35640746.jpg,JN_H_01_v3,hazard,Could a pedestrian stepping into the road pose a hazard here?,no,,llava_ov,A,phase2_linguistic,negated,JN_H_01,"Yes, because there is no crosswalk.",yes,0,1.01
junctions,c2f5e5c4-35640746.jpg,JN_H_02_v2,hazard,Does the presence of other vehicles at this junction create a collision risk?,yes,,llava_ov,A,phase2_linguistic,paraphrase,JN_H_02,"Yes, because there is a car in the crosswalk.",yes,1,1.15
junctions,c2f5e5c4-35640746.jpg,JN_H_02_v3,hazard,Is there a danger of hitting another vehicle when navigating this intersection?,yes,,llava_ov,A,phase2_linguistic,negated,JN_H_02,"No, there is no danger of hitting another vehicle as the traffic light is red and the vehicles are stopped at the intersection.",no,0,1.77
junctions,c2f5e5c4-35640746.jpg,JN_ADV_03_v2,adversarial,Can the driver identify the correct turning lane from the markings visible at this junction?,no,,llava_ov,A,phase2_linguistic,paraphrase,JN_ADV_03,"Yes, the driver can identify the correct turning lane as there is a clearly marked white line indicating the center of the road, which helps to distinguish between lanes for different directions. Additionally, the presence of traffic signs and signals aids in guiding the driver's actions.",yes,0,3.06
junctions,c2f5e5c4-35640746.jpg,JN_ADV_03_v3,adversarial,Are the lane markings here distinct enough to guide a turning manoeuvre?,no,,llava_ov,A,phase2_linguistic,negated,JN_ADV_03,"Yes, the lane markings are distinct and clearly visible, providing adequate guidance for a turning maneuver. The white lines are well-defined and contrast with the road surface, making them easily noticeable to drivers.",yes,0,2.43
junctions,bc9cce42-b4577861.jpg,JN_P_01,perception,Are there two or more traffic lights visible in this scene?,yes,,llava_ov,A,phase2_mode_a,original,JN_P_01,"Yes, there are multiple traffic lights visible in the scene. The presence of several traffic lights is evident as they are mounted on poles along the road, indicating that it is a well-regulated intersection with multiple lanes and directions for vehicles to navigate.",yes,1,2.92
junctions,bc9cce42-b4577861.jpg,JN_A_01,action,Should the ego vehicle stop before entering this intersection?,yes,,llava_ov,A,phase2_mode_a,original,JN_A_01,"No, the traffic light is green, indicating that it is safe for the ego vehicle to proceed through the intersection. Additionally, there are no visible signs or signals requiring the vehicle to stop.",no,0,2.39
junctions,bc9cce42-b4577861.jpg,JN_A_04,action,Should the driver be prepared to brake suddenly at this junction?,yes,,llava_ov,A,phase2_mode_a,original,JN_A_04,"Yes, the driver should be prepared to brake suddenly at this junction because there is a white car directly ahead that appears to be braking or slowing down. Additionally, the traffic lights are red, indicating that vehicles should stop. The presence of other vehicles and the need to yield to the white car suggest that sudden braking may be necessary to avoid a collision.",yes,1,3.91
junctions,bc9cce42-b4577861.jpg,JN_H_01,hazard,Is there a risk of a pedestrian stepping into the path of the ego vehicle?,no,,llava_ov,A,phase2_mode_a,original,JN_H_01,"No, there is no risk of a pedestrian stepping into the path of the ego vehicle as there are no pedestrians visible in the image and the road appears to be clear.",no,1,2.21
junctions,bc9cce42-b4577861.jpg,JN_H_02,hazard,Could a large vehicle such as a bus or truck obstruct the driver's sightline at this junction?,no,,llava_ov,A,phase2_mode_a,original,JN_H_02,"Yes, a large vehicle could obstruct the driver's sightline at this junction. The road is narrow and there are multiple lanes of traffic, which means that a large vehicle could easily block the view of other drivers. Additionally, the presence of a bus or truck could make it difficult for smaller vehicles to navigate through the intersection safely.",yes,0,3.71
junctions,bc9cce42-b4577861.jpg,JN_ADV_03,adversarial,Is there a vehicle currently occupying the centre of the intersection ahead?,yes,,llava_ov,A,phase2_mode_a,original,JN_ADV_03,"Yes, there is a vehicle currently occupying the center of the intersection ahead. The white car with its brake lights on is positioned in the middle of the road, indicating that it is either stopped or moving slowly through the intersection.",yes,1,2.71
junctions,bc9cce42-b4577861.jpg,JN_P_01_v2,perception,Can the driver see a traffic signal controlling this intersection?,yes,,llava_ov,A,phase2_linguistic,paraphrase,JN_P_01,"Yes, the driver can see a traffic signal controlling this intersection. The green light is visible in the upper right corner of the image, indicating that the traffic signal is operational and visible to drivers approaching the intersection.",yes,1,2.58
junctions,bc9cce42-b4577861.jpg,JN_P_01_v3,perception,Is there at least one traffic light that is visible to the ego vehicle?,yes,,llava_ov,A,phase2_linguistic,negated,JN_P_01,Yes. The traffic light is visible to the ego vehicle.,yes,1,1.16
junctions,bc9cce42-b4577861.jpg,JN_A_01_v2,action,Should the driver reduce speed when approaching this junction?,yes,,llava_ov,A,phase2_linguistic,paraphrase,JN_A_01,"Yes, the driver should reduce speed when approaching this junction because there is a traffic light that is currently green, indicating that it is safe to proceed. However, it is always important to be cautious and aware of other vehicles and pedestrians in the area.",yes,1,2.96
junctions,bc9cce42-b4577861.jpg,JN_A_01_v3,action,Is slowing down the appropriate action for a driver entering this intersection?,yes,,llava_ov,A,phase2_linguistic,negated,JN_A_01,"Yes, because the traffic light is green, it is safe to proceed through the intersection. However, the driver should still be cautious and aware of any potential hazards or obstacles in the road.",yes,1,2.39
junctions,bc9cce42-b4577861.jpg,JN_A_04_v2,action,Should the driver use the horn to alert others when passing through this junction?,yes,,llava_ov,A,phase2_linguistic,paraphrase,JN_A_04,"No, the driver should not use the horn as it is not necessary for safety in this situation. The traffic lights are green, indicating that it is safe to proceed, and there does not appear to be any immediate hazard or obstruction requiring the use of a horn.",no,0,3.1
junctions,bc9cce42-b4577861.jpg,JN_A_04_v3,action,Is sounding the horn an appropriate action at this junction?,yes,,llava_ov,A,phase2_linguistic,negated,JN_A_04,"No, it is not appropriate to sound the horn at this junction as there is no indication of any hazard or obstruction ahead. The traffic lights are green, and the road appears clear. Sounding the horn unnecessarily could startle other drivers and contribute to noise pollution.",no,0,3.1
junctions,bc9cce42-b4577861.jpg,JN_H_01_v2,hazard,Is there a risk of collision with a pedestrian at this junction?,no,,llava_ov,A,phase2_linguistic,paraphrase,JN_H_01,"No, there is no risk of collision with a pedestrian at this junction as there are no pedestrians visible in the image and the traffic lights are green, indicating that vehicles have the right of way.",no,1,2.43
junctions,bc9cce42-b4577861.jpg,JN_H_01_v3,hazard,Could a pedestrian stepping into the road pose a hazard here?,no,,llava_ov,A,phase2_linguistic,negated,JN_H_01,"Yes, because there is no visible crosswalk or pedestrian signal in the image, and vehicles are moving at speed, a pedestrian could be at risk of not being seen by drivers until it's too late to stop safely.",yes,0,2.67
junctions,bc9cce42-b4577861.jpg,JN_H_02_v2,hazard,Does the presence of other vehicles at this junction create a collision risk?,no,,llava_ov,A,phase2_linguistic,paraphrase,JN_H_02,"Yes, because there is a vehicle turning right into the lane that the white car is in.",yes,0,1.48
junctions,bc9cce42-b4577861.jpg,JN_H_02_v3,hazard,Is there a danger of hitting another vehicle when navigating this intersection?,no,,llava_ov,A,phase2_linguistic,negated,JN_H_02,"No, the traffic light is green and the road is clear.",no,1,1.2
junctions,bc9cce42-b4577861.jpg,JN_ADV_03_v2,adversarial,Can the driver identify the correct turning lane from the markings visible at this junction?,yes,,llava_ov,A,phase2_linguistic,paraphrase,JN_ADV_03,"Yes, the driver can identify the correct turning lane as there is a clear blue circular arrow indicating a left turn, which is positioned above the traffic light.",yes,1,2.06
junctions,bc9cce42-b4577861.jpg,JN_ADV_03_v3,adversarial,Are the lane markings here distinct enough to guide a turning manoeuvre?,yes,,llava_ov,A,phase2_linguistic,negated,JN_ADV_03,"No, the lane markings are not distinct enough to guide a turning maneuver as they appear faded and are difficult to see clearly.",no,0,1.77
junctions,b2a5baf7-58519386.jpg,JN_P_01,perception,Are there two or more traffic lights visible in this scene?,yes,,llava_ov,A,phase2_mode_a,original,JN_P_01,"Yes, there are two traffic lights visible in the scene. One is directly above the intersection showing a green light, and another is further down the road also showing a green light. This indicates that there are multiple traffic signals to manage the flow of vehicles at different points along the road.",yes,1,3.31
junctions,b2a5baf7-58519386.jpg,JN_A_01,action,Should the ego vehicle stop before entering this intersection?,no,,llava_ov,A,phase2_mode_a,original,JN_A_01,"No, the traffic light is green, indicating that it is safe for the ego vehicle to proceed through the intersection. Additionally, there are no visible signs or signals requiring the vehicle to stop.",no,1,2.4
junctions,b2a5baf7-58519386.jpg,JN_A_04,action,Should the driver be prepared to brake suddenly at this junction?,no,,llava_ov,A,phase2_mode_a,original,JN_A_04,"Yes, because there is a pedestrian crossing sign.",yes,0,1.06
junctions,b2a5baf7-58519386.jpg,JN_H_01,hazard,Is there a risk of a pedestrian stepping into the path of the ego vehicle?,no,,llava_ov,A,phase2_mode_a,original,JN_H_01,"No, there is no risk of a pedestrian stepping into the path of the ego vehicle as there are no pedestrians visible in the image and the crosswalk appears to be clear.",no,1,2.25
junctions,b2a5baf7-58519386.jpg,JN_H_02,hazard,Could a large vehicle such as a bus or truck obstruct the driver's sightline at this junction?,no,,llava_ov,A,phase2_mode_a,original,JN_H_02,"Yes, because there is a large white van in the right lane that could obstruct the driver's sightline.",yes,0,1.64
junctions,b2a5baf7-58519386.jpg,JN_ADV_01,adversarial,Is the traffic light currently displaying a green signal that permits the ego vehicle to proceed?,yes,,llava_ov,A,phase2_mode_a,original,JN_ADV_01,"Yes, the traffic light is displaying a green signal, which indicates that it is safe for vehicles to proceed through the intersection. The green light is visible above the road, and there are no red lights showing, allowing the cars to move forward.",yes,1,2.92
junctions,b2a5baf7-58519386.jpg,JN_ADV_02,adversarial,"Is the traffic light currently displaying red or yellow, requiring the ego vehicle to stop or yield?",no,,llava_ov,A,phase2_mode_a,original,JN_ADV_02,"No, the traffic light is not displaying red or yellow; it is green, indicating that the vehicles can proceed. The presence of the green light suggests that there is no immediate requirement for the ego vehicle to stop or yield.",no,1,2.72
junctions,b2a5baf7-58519386.jpg,JN_ADV_03,adversarial,Is there a vehicle currently occupying the centre of the intersection ahead?,no,,llava_ov,A,phase2_mode_a,original,JN_ADV_03,"No, there is no vehicle currently occupying the center of the intersection ahead. The traffic light is green, indicating that vehicles can proceed through the intersection. Additionally, there are no visible vehicles in the center of the intersection in the image.",no,1,2.81
junctions,b2a5baf7-58519386.jpg,JN_P_01_v2,perception,Can the driver see a traffic signal controlling this intersection?,yes,,llava_ov,A,phase2_linguistic,paraphrase,JN_P_01,"Yes, the driver can see a traffic signal controlling this intersection. The traffic light is visible above the road, hanging from a pole, and it is showing a green light, indicating that vehicles can proceed through the intersection.",yes,1,2.67
junctions,b2a5baf7-58519386.jpg,JN_P_01_v3,perception,Is there at least one traffic light that is visible to the ego vehicle?,yes,,llava_ov,A,phase2_linguistic,negated,JN_P_01,"Yes, there is at least one traffic light visible to the ego vehicle. The traffic light is mounted on a pole above the road, and it is positioned in such a way that it can be seen by drivers approaching the intersection from the direction of the ego vehicle's view.",yes,1,3.19
junctions,b2a5baf7-58519386.jpg,JN_A_01_v2,action,Should the driver reduce speed when approaching this junction?,no,,llava_ov,A,phase2_linguistic,paraphrase,JN_A_01,"Yes, the driver should reduce speed when approaching this junction because there is a pedestrian crossing sign indicating that pedestrians may be present, and it is important to slow down to ensure safety.",yes,0,2.29
junctions,b2a5baf7-58519386.jpg,JN_A_01_v3,action,Is slowing down the appropriate action for a driver entering this intersection?,no,,llava_ov,A,phase2_linguistic,negated,JN_A_01,"Yes, because the traffic light is green, it is safe to proceed through the intersection. However, it is always important to be aware of other vehicles and pedestrians before proceeding.",yes,0,2.24
junctions,b2a5baf7-58519386.jpg,JN_A_04_v2,action,Should the driver use the horn to alert others when passing through this junction?,no,,llava_ov,A,phase2_linguistic,paraphrase,JN_A_04,"No, the driver should not use the horn as it is not necessary and could startle other drivers or pedestrians. The traffic lights are green, indicating that it is safe to proceed without using the horn.",no,1,2.53
junctions,b2a5baf7-58519386.jpg,JN_A_04_v3,action,Is sounding the horn an appropriate action at this junction?,no,,llava_ov,A,phase2_linguistic,negated,JN_A_04,"No, it is not appropriate to sound the horn at this junction as there is no indication of any traffic violation or emergency situation. The traffic lights are green, and all vehicles appear to be proceeding normally through the intersection.",no,1,2.67
junctions,b2a5baf7-58519386.jpg,JN_H_01_v2,hazard,Is there a risk of collision with a pedestrian at this junction?,no,,llava_ov,A,phase2_linguistic,paraphrase,JN_H_01,"No, there is no risk of collision with a pedestrian at this junction as there are no pedestrians visible in the image and the traffic lights are green, indicating that vehicles have the right of way.",no,1,2.43
junctions,b2a5baf7-58519386.jpg,JN_H_01_v3,hazard,Could a pedestrian stepping into the road pose a hazard here?,no,,llava_ov,A,phase2_linguistic,negated,JN_H_01,"Yes, because there is no crosswalk.",yes,0,1.02
junctions,b2a5baf7-58519386.jpg,JN_H_02_v2,hazard,Does the presence of other vehicles at this junction create a collision risk?,no,,llava_ov,A,phase2_linguistic,paraphrase,JN_H_02,"Yes, because there is a car turning right into the cross street.",yes,0,1.25
junctions,b2a5baf7-58519386.jpg,JN_H_02_v3,hazard,Is there a danger of hitting another vehicle when navigating this intersection?,no,,llava_ov,A,phase2_linguistic,negated,JN_H_02,"No, the traffic light is green and the road is clear.",no,1,1.2
junctions,b2a5baf7-58519386.jpg,JN_ADV_01_v2,adversarial,Does the current traffic signal allow the ego vehicle to move through the intersection?,yes,,llava_ov,A,phase2_linguistic,paraphrase,JN_ADV_01,"Yes, the traffic light is green, which typically indicates that vehicles may proceed through the intersection.",yes,1,1.49
junctions,b2a5baf7-58519386.jpg,JN_ADV_01_v3,adversarial,"Based on the signal state, is the ego vehicle permitted to proceed?",yes,,llava_ov,A,phase2_linguistic,negated,JN_ADV_01,"Yes, the ego vehicle is permitted to proceed because the traffic light ahead is green, indicating that it is safe for vehicles to move forward.",yes,1,1.91
junctions,b2a5baf7-58519386.jpg,JN_ADV_02_v2,adversarial,Does the traffic signal currently indicate that vehicles must stop or wait?,no,,llava_ov,A,phase2_linguistic,paraphrase,JN_ADV_02,"No, the traffic signal is green, which indicates that vehicles may proceed. The green light allows for movement through the intersection, and there are no visible signs of vehicles stopping or waiting.",no,1,2.33
junctions,b2a5baf7-58519386.jpg,JN_ADV_02_v3,adversarial,Is the current signal state one that requires the driver to halt or yield?,no,,llava_ov,A,phase2_linguistic,negated,JN_ADV_02,"No, the traffic light is green, indicating that it is safe for vehicles to proceed through the intersection.",no,1,1.58
junctions,b2a5baf7-58519386.jpg,JN_ADV_03_v2,adversarial,Can the driver identify the correct turning lane from the markings visible at this junction?,no,,llava_ov,A,phase2_linguistic,paraphrase,JN_ADV_03,"Yes, the driver can identify the correct turning lane as there is a blue circular sign indicating a left turn ahead.",yes,0,1.68
junctions,b2a5baf7-58519386.jpg,JN_ADV_03_v3,adversarial,Are the lane markings here distinct enough to guide a turning manoeuvre?,no,,llava_ov,A,phase2_linguistic,negated,JN_ADV_03,"Yes, the lane markings are distinct enough to guide a turning maneuver. The white lines are clearly visible and painted on the road surface, providing clear guidance for drivers to stay within their lanes and make turns safely.",yes,0,2.57
junctions,c37360b7-7dab5705.jpg,JN_P_01,perception,Are there two or more traffic lights visible in this scene?,yes,,llava_ov,A,phase2_mode_a,original,JN_P_01,"Yes, there are two traffic lights visible in the scene. One is green and located to the left of the image, while the other is red and positioned towards the right side. The presence of these traffic lights indicates that they are part of the urban street environment depicted in the image.",yes,1,3.3
junctions,c37360b7-7dab5705.jpg,JN_A_01,action,Should the ego vehicle stop before entering this intersection?,no,,llava_ov,A,phase2_mode_a,original,JN_A_01,"Yes, the ego vehicle should stop before entering the intersection because it is currently red, indicating that vehicles must stop to allow cross traffic to proceed safely.",yes,0,2.01
junctions,c37360b7-7dab5705.jpg,JN_A_04,action,Should the driver be prepared to brake suddenly at this junction?,no,,llava_ov,A,phase2_mode_a,original,JN_A_04,"Yes, the driver should be prepared to brake suddenly at this junction because it is raining heavily, which can make the road slippery and reduce visibility. Additionally, the traffic lights are red, indicating that vehicles should stop. The wet conditions and the need to obey traffic signals suggest that sudden braking may be necessary.",yes,0,3.47
junctions,c37360b7-7dab5705.jpg,JN_H_01,hazard,Is there a risk of a pedestrian stepping into the path of the ego vehicle?,no,,llava_ov,A,phase2_mode_a,original,JN_H_01,"No, there is no visible pedestrian in the immediate vicinity of the ego vehicle's path. The focus is on the wet road conditions and traffic lights, with no indication of a pedestrian crossing or intending to cross.",no,1,2.58
junctions,c37360b7-7dab5705.jpg,JN_H_02,hazard,Could a large vehicle such as a bus or truck obstruct the driver's sightline at this junction?,no,,llava_ov,A,phase2_mode_a,original,JN_H_02,"Yes, because there is a large white vehicle in the right lane that could block the view of a bus or truck.",yes,0,1.73
junctions,c37360b7-7dab5705.jpg,JN_ADV_01,adversarial,Is the traffic light currently displaying a green signal that permits the ego vehicle to proceed?,yes,,llava_ov,A,phase2_mode_a,original,JN_ADV_01,"Yes, the traffic light is displaying a green signal. This is indicated by the visible green light in the traffic light, which suggests that it is safe for vehicles to proceed.",yes,1,2.23
junctions,c37360b7-7dab5705.jpg,JN_ADV_02,adversarial,"Is the traffic light currently displaying red or yellow, requiring the ego vehicle to stop or yield?",no,,llava_ov,A,phase2_mode_a,original,JN_ADV_02,"No, the traffic light is not visible in the image due to raindrops on the window. Therefore, it cannot be determined whether it is red or yellow.",no,1,2.1
junctions,c37360b7-7dab5705.jpg,JN_ADV_03,adversarial,Is there a vehicle currently occupying the centre of the intersection ahead?,no,,llava_ov,A,phase2_mode_a,original,JN_ADV_03,"No, there is no vehicle currently occupying the center of the intersection ahead. The image shows a wet street with raindrops on the window, but there are no visible vehicles in the center of the intersection. The traffic lights are green, indicating that vehicles may be moving through the intersection, but none are directly in the center as seen from the perspective of the camera.",no,1,4.03
junctions,c37360b7-7dab5705.jpg,JN_P_01_v2,perception,Can the driver see a traffic signal controlling this intersection?,yes,,llava_ov,A,phase2_linguistic,paraphrase,JN_P_01,"Yes, the driver can see a traffic signal controlling the intersection. The traffic light is visible through the raindrops on the windshield, indicating that it is operational and providing signals to vehicles approaching the intersection.",yes,1,2.48
junctions,c37360b7-7dab5705.jpg,JN_P_01_v3,perception,Is there at least one traffic light that is visible to the ego vehicle?,yes,,llava_ov,A,phase2_linguistic,negated,JN_P_01,"Yes, there is at least one traffic light visible to the ego vehicle. The traffic light is located above and slightly to the left of the center of the image, indicating its visibility from the perspective of the vehicle.",yes,1,2.62
junctions,c37360b7-7dab5705.jpg,JN_A_01_v2,action,Should the driver reduce speed when approaching this junction?,no,,llava_ov,A,phase2_linguistic,paraphrase,JN_A_01,"Yes, the driver should reduce speed when approaching this junction because it is raining heavily, which can make the road slippery and visibility poor. Reducing speed will help the driver maintain control of the vehicle and react to any unexpected situations.",yes,0,2.75
junctions,c37360b7-7dab5705.jpg,JN_A_01_v3,action,Is slowing down the appropriate action for a driver entering this intersection?,no,,llava_ov,A,phase2_linguistic,negated,JN_A_01,"Yes, because it is raining and there is traffic.",yes,0,1.11
junctions,c37360b7-7dab5705.jpg,JN_A_04_v2,action,Should the driver use the horn to alert others when passing through this junction?,no,,llava_ov,A,phase2_linguistic,paraphrase,JN_A_04,"No, the driver should not use the horn as it is raining and visibility is low. Using the horn could startle other drivers and pedestrians, potentially causing more confusion and danger. It's better to proceed with caution and patience until conditions improve.",no,1,2.9
junctions,c37360b7-7dab5705.jpg,JN_A_04_v3,action,Is sounding the horn an appropriate action at this junction?,no,,llava_ov,A,phase2_linguistic,negated,JN_A_04,"No, it is not appropriate to sound the horn at this junction as there are multiple vehicles waiting for the traffic light to change. Sounding the horn could startle other drivers and cause confusion. It is important to be patient and wait for the signal to change before proceeding.",no,1,3.18
junctions,c37360b7-7dab5705.jpg,JN_H_01_v2,hazard,Is there a risk of collision with a pedestrian at this junction?,no,,llava_ov,A,phase2_linguistic,paraphrase,JN_H_01,"No, there is no risk of collision with a pedestrian at this junction as there are no pedestrians visible in the image.",no,1,1.72
junctions,c37360b7-7dab5705.jpg,JN_H_01_v3,hazard,Could a pedestrian stepping into the road pose a hazard here?,no,,llava_ov,A,phase2_linguistic,negated,JN_H_01,"Yes, because it is raining and visibility is low, a pedestrian stepping into the road could be difficult to see and therefore pose a hazard.",yes,0,1.91
junctions,c37360b7-7dab5705.jpg,JN_H_02_v2,hazard,Does the presence of other vehicles at this junction create a collision risk?,no,,llava_ov,A,phase2_linguistic,paraphrase,JN_H_02,"Yes, because there is a vehicle turning right into the cross street.",yes,0,1.25
junctions,c37360b7-7dab5705.jpg,JN_H_02_v3,hazard,Is there a danger of hitting another vehicle when navigating this intersection?,no,,llava_ov,A,phase2_linguistic,negated,JN_H_02,"Yes, because it is raining and the visibility is low.",yes,0,1.16
junctions,c37360b7-7dab5705.jpg,JN_ADV_01_v2,adversarial,Does the current traffic signal allow the ego vehicle to move through the intersection?,yes,,llava_ov,A,phase2_linguistic,paraphrase,JN_ADV_01,"Yes, the traffic light is green for the direction of the ego vehicle.",yes,1,1.3
junctions,c37360b7-7dab5705.jpg,JN_ADV_01_v3,adversarial,"Based on the signal state, is the ego vehicle permitted to proceed?",yes,,llava_ov,A,phase2_linguistic,negated,JN_ADV_01,"Yes, the traffic light is green, indicating that the ego vehicle is permitted to proceed.",yes,1,1.44
junctions,c37360b7-7dab5705.jpg,JN_ADV_02_v2,adversarial,Does the traffic signal currently indicate that vehicles must stop or wait?,no,,llava_ov,A,phase2_linguistic,paraphrase,JN_ADV_02,"Yes, the traffic signal is red, indicating that vehicles must stop or wait.",yes,0,1.35
junctions,c37360b7-7dab5705.jpg,JN_ADV_02_v3,adversarial,Is the current signal state one that requires the driver to halt or yield?,no,,llava_ov,A,phase2_linguistic,negated,JN_ADV_02,"Yes, the current signal state is red, which requires the driver to halt. The red light is visible through the raindrops on the window, indicating that it is currently active and the driver must stop.",yes,0,2.53
junctions,c37360b7-7dab5705.jpg,JN_ADV_03_v2,adversarial,Can the driver identify the correct turning lane from the markings visible at this junction?,no,,llava_ov,A,phase2_linguistic,paraphrase,JN_ADV_03,"No, the driver cannot identify the correct turning lane as the view is obstructed by raindrops on the windshield, making it difficult to see the road markings clearly.",no,1,2.15
junctions,c37360b7-7dab5705.jpg,JN_ADV_03_v3,adversarial,Are the lane markings here distinct enough to guide a turning manoeuvre?,no,,llava_ov,A,phase2_linguistic,negated,JN_ADV_03,"No, the lane markings are not distinct enough to guide a turning maneuver because they are obscured by raindrops on the windshield, making them difficult to see clearly.",no,1,2.12
junctions,b39fe3cd-f0d534c0.jpg,JN_P_01,perception,Are there two or more traffic lights visible in this scene?,yes,,llava_ov,A,phase2_mode_a,original,JN_P_01,"No, there is only one traffic light visible in the scene. The traffic light is located on the left side of the street, near the intersection. There are no other traffic lights visible in the image.",no,0,2.54
junctions,b39fe3cd-f0d534c0.jpg,JN_A_01,action,Should the ego vehicle stop before entering this intersection?,no,,llava_ov,A,phase2_mode_a,original,JN_A_01,"Yes, the ego vehicle should stop before entering the intersection because there is a red traffic light visible in the distance, indicating that vehicles must stop. Additionally, the presence of other cars stopped at the intersection suggests that it is safe to assume that stopping is required.",yes,0,3.05
junctions,b39fe3cd-f0d534c0.jpg,JN_A_04,action,Should the driver be prepared to brake suddenly at this junction?,no,,llava_ov,A,phase2_mode_a,original,JN_A_04,"Yes, the driver should be prepared to brake suddenly at this junction because there is a large truck ahead that may obstruct the view of traffic signals or other vehicles, making it difficult to anticipate the actions of other drivers. Additionally, the presence of multiple cars in the intersection suggests that there may be a high volume of traffic, increasing the likelihood of sudden stops or changes in direction. Therefore, it is important for the driver to remain alert and ready to react to any potential hazards.",yes,0,5.1
junctions,b39fe3cd-f0d534c0.jpg,JN_H_01,hazard,Is there a risk of a pedestrian stepping into the path of the ego vehicle?,no,,llava_ov,A,phase2_mode_a,original,JN_H_01,"No, there is no visible pedestrian in the immediate vicinity of the ego vehicle's path. The area appears to be clear of any pedestrians, suggesting that there is no immediate risk of a pedestrian stepping into the path of the ego vehicle.",no,1,2.81
junctions,b39fe3cd-f0d534c0.jpg,JN_H_02,hazard,Could a large vehicle such as a bus or truck obstruct the driver's sightline at this junction?,no,,llava_ov,A,phase2_mode_a,original,JN_H_02,"Yes, a large vehicle could obstruct the driver's sightline at this junction. The street is narrow, and there are parked cars along the side of the road. A large vehicle, such as a bus or truck, could block the view of the intersection for drivers approaching from either direction. Additionally, the presence of trees and buildings may further limit visibility.",yes,0,3.95
junctions,b39fe3cd-f0d534c0.jpg,JN_ADV_01,adversarial,Is the traffic light currently displaying a green signal that permits the ego vehicle to proceed?,yes,,llava_ov,A,phase2_mode_a,original,JN_ADV_01,"Yes, the traffic light is displaying a green signal. The green light is visible in the image, indicating that it is safe for vehicles to proceed.",yes,1,2.01
junctions,b39fe3cd-f0d534c0.jpg,JN_ADV_02,adversarial,"Is the traffic light currently displaying red or yellow, requiring the ego vehicle to stop or yield?",no,,llava_ov,A,phase2_mode_a,original,JN_ADV_02,"Yes, the traffic light is displaying red, as indicated by the red lights visible on the vehicles' brake lights. This suggests that the traffic light is red, requiring the ego vehicle to stop or yield.",yes,0,2.53
junctions,b39fe3cd-f0d534c0.jpg,JN_ADV_03,adversarial,Is there a vehicle currently occupying the centre of the intersection ahead?,no,,llava_ov,A,phase2_mode_a,original,JN_ADV_03,"No, there is no vehicle currently occupying the center of the intersection ahead. The road appears clear with no cars visible in the immediate area of the intersection.",no,1,2.05
junctions,b39fe3cd-f0d534c0.jpg,JN_P_01_v2,perception,Can the driver see a traffic signal controlling this intersection?,yes,,llava_ov,A,phase2_linguistic,paraphrase,JN_P_01,"No, the driver cannot see a traffic signal controlling this intersection because there is no visible traffic light or any indication of a traffic signal in the image. The focus is on the street sign and the general view of the intersection at night.",no,0,2.82
junctions,b39fe3cd-f0d534c0.jpg,JN_P_01_v3,perception,Is there at least one traffic light that is visible to the ego vehicle?,yes,,llava_ov,A,phase2_linguistic,negated,JN_P_01,"No, there is no traffic light visible to the ego vehicle in the image. The view is obstructed by the large screen and the angle of the photo does not show any traffic lights.",no,0,2.38
junctions,b39fe3cd-f0d534c0.jpg,JN_A_01_v2,action,Should the driver reduce speed when approaching this junction?,no,,llava_ov,A,phase2_linguistic,paraphrase,JN_A_01,"Yes, the driver should reduce speed when approaching this junction because it is dark and visibility is low, making it harder to see any potential hazards or obstacles.",yes,0,2.06
junctions,b39fe3cd-f0d534c0.jpg,JN_A_01_v3,action,Is slowing down the appropriate action for a driver entering this intersection?,no,,llava_ov,A,phase2_linguistic,negated,JN_A_01,"Yes, because there is a red light.",yes,0,1.01
junctions,b39fe3cd-f0d534c0.jpg,JN_A_04_v2,action,Should the driver use the horn to alert others when passing through this junction?,no,,llava_ov,A,phase2_linguistic,paraphrase,JN_A_04,"No, the driver should not use the horn as it is dark and visibility is low, which could startle other drivers or pedestrians.",no,1,1.86
junctions,b39fe3cd-f0d534c0.jpg,JN_A_04_v3,action,Is sounding the horn an appropriate action at this junction?,no,,llava_ov,A,phase2_linguistic,negated,JN_A_04,"No, it is not appropriate to sound the horn at this junction as there are no vehicles or pedestrians in sight, and the traffic light is green, indicating that it is safe to proceed without honking.",no,1,2.54
junctions,b39fe3cd-f0d534c0.jpg,JN_H_01_v2,hazard,Is there a risk of collision with a pedestrian at this junction?,no,,llava_ov,A,phase2_linguistic,paraphrase,JN_H_01,"No, there is no risk of collision with a pedestrian at this junction as there are no pedestrians visible in the image.",no,1,1.72
junctions,b39fe3cd-f0d534c0.jpg,JN_H_01_v3,hazard,Could a pedestrian stepping into the road pose a hazard here?,no,,llava_ov,A,phase2_linguistic,negated,JN_H_01,"Yes, because it is dark and there are cars on the road.",yes,0,1.25
junctions,b39fe3cd-f0d534c0.jpg,JN_H_02_v2,hazard,Does the presence of other vehicles at this junction create a collision risk?,no,,llava_ov,A,phase2_linguistic,paraphrase,JN_H_02,"Yes, because there is a car in front of me.",yes,0,1.16
junctions,b39fe3cd-f0d534c0.jpg,JN_H_02_v3,hazard,Is there a danger of hitting another vehicle when navigating this intersection?,no,,llava_ov,A,phase2_linguistic,negated,JN_H_02,"No, there is no danger of hitting another vehicle as the traffic light is red and the vehicles are stopped at the intersection.",no,1,1.78
junctions,b39fe3cd-f0d534c0.jpg,JN_ADV_01_v2,adversarial,Does the current traffic signal allow the ego vehicle to move through the intersection?,yes,,llava_ov,A,phase2_linguistic,paraphrase,JN_ADV_01,"No, the traffic light is red.",no,0,0.97
junctions,b39fe3cd-f0d534c0.jpg,JN_ADV_01_v3,adversarial,"Based on the signal state, is the ego vehicle permitted to proceed?",yes,,llava_ov,A,phase2_linguistic,negated,JN_ADV_01,"No, the ego vehicle is not permitted to proceed because the traffic light is red.",no,0,1.39
junctions,b39fe3cd-f0d534c0.jpg,JN_ADV_02_v2,adversarial,Does the traffic signal currently indicate that vehicles must stop or wait?,no,,llava_ov,A,phase2_linguistic,paraphrase,JN_ADV_02,"Yes, the traffic signal is red, indicating that vehicles must stop or wait.",yes,0,1.35
junctions,b39fe3cd-f0d534c0.jpg,JN_ADV_02_v3,adversarial,Is the current signal state one that requires the driver to halt or yield?,no,,llava_ov,A,phase2_linguistic,negated,JN_ADV_02,"Yes, the current signal state is red, which requires the driver to halt. The red light is visible in the distance, indicating that vehicles must stop before proceeding.",yes,0,2.15
junctions,b39fe3cd-f0d534c0.jpg,JN_ADV_03_v2,adversarial,Can the driver identify the correct turning lane from the markings visible at this junction?,no,,llava_ov,A,phase2_linguistic,paraphrase,JN_ADV_03,"No, the driver cannot identify the correct turning lane as the road markings are not clearly visible due to the low lighting conditions and reflections on the camera lens.",no,1,2.06
junctions,b39fe3cd-f0d534c0.jpg,JN_ADV_03_v3,adversarial,Are the lane markings here distinct enough to guide a turning manoeuvre?,no,,llava_ov,A,phase2_linguistic,negated,JN_ADV_03,"Yes, the lane markings are visible and clear enough to guide a turning maneuver. The white lines on the road indicate the lanes and help drivers stay within their designated paths while navigating the intersection.",yes,0,2.39
junctions,b4927f8e-fb16ed87.jpg,JN_P_01,perception,Are there two or more traffic lights visible in this scene?,no,,llava_ov,A,phase2_mode_a,original,JN_P_01,"Yes, there are two traffic lights visible in the scene. One is located further down the road, and the other is closer to the intersection where the cars are stopped. Both traffic lights have green signals illuminated.",yes,0,2.59
junctions,b4927f8e-fb16ed87.jpg,JN_A_01,action,Should the ego vehicle stop before entering this intersection?,yes,,llava_ov,A,phase2_mode_a,original,JN_A_01,"Yes, the ego vehicle should stop before entering the intersection because there is a red traffic light visible ahead, indicating that vehicles must stop.",yes,1,1.86
junctions,b4927f8e-fb16ed87.jpg,JN_A_04,action,Should the driver be prepared to brake suddenly at this junction?,yes,,llava_ov,A,phase2_mode_a,original,JN_A_04,"Yes, because there is a red light ahead.",yes,1,1.06
junctions,b4927f8e-fb16ed87.jpg,JN_H_01,hazard,Is there a risk of a pedestrian stepping into the path of the ego vehicle?,no,,llava_ov,A,phase2_mode_a,original,JN_H_01,"No, there is no visible pedestrian in the image, and the area appears to be clear of any immediate risk of a pedestrian stepping into the path of the ego vehicle. The street is relatively empty with no people in sight.",no,1,2.71
junctions,b4927f8e-fb16ed87.jpg,JN_H_02,hazard,Could a large vehicle such as a bus or truck obstruct the driver's sightline at this junction?,no,,llava_ov,A,phase2_mode_a,original,JN_H_02,"Yes, because there is a large vehicle in the way.",yes,0,1.15
junctions,b4927f8e-fb16ed87.jpg,JN_ADV_01,adversarial,Is the traffic light currently displaying a green signal that permits the ego vehicle to proceed?,no,,llava_ov,A,phase2_mode_a,original,JN_ADV_01,"Yes, the traffic light is displaying a green signal, as indicated by the illuminated green light visible in the image. This suggests that it is safe for vehicles to proceed through the intersection.",yes,0,2.33
junctions,b4927f8e-fb16ed87.jpg,JN_ADV_02,adversarial,"Is the traffic light currently displaying red or yellow, requiring the ego vehicle to stop or yield?",yes,,llava_ov,A,phase2_mode_a,original,JN_ADV_02,"No, the traffic light is not visible in the image. The focus of the image is on the street scene with cars and streetlights, but there is no clear view of any traffic lights that would indicate whether they are red or yellow. Therefore, it is not possible to determine if the ego vehicle needs to stop or yield based on the information provided in the image.",no,0,4.09
junctions,b4927f8e-fb16ed87.jpg,JN_ADV_03,adversarial,Is there a vehicle currently occupying the centre of the intersection ahead?,no,,llava_ov,A,phase2_mode_a,original,JN_ADV_03,"Yes, there is a vehicle currently occupying the center of the intersection ahead. The red traffic light indicates that vehicles should stop, and the presence of a car in the middle of the intersection suggests it is either stopped or moving very slowly through the intersection.",yes,0,2.95
junctions,b4927f8e-fb16ed87.jpg,JN_P_01_v2,perception,Can the driver see a traffic signal controlling this intersection?,no,,llava_ov,A,phase2_linguistic,paraphrase,JN_P_01,"Yes, the driver can see a traffic signal controlling the intersection. The traffic lights are visible in the distance, indicating that they are operational and providing signals to vehicles approaching the intersection.",yes,0,2.29
junctions,b4927f8e-fb16ed87.jpg,JN_P_01_v3,perception,Is there at least one traffic light that is visible to the ego vehicle?,no,,llava_ov,A,phase2_linguistic,negated,JN_P_01,"Yes, there is at least one traffic light visible to the ego vehicle. The traffic light is located ahead of the vehicles on the road, and it is illuminated green, indicating that the vehicles can proceed. The presence of the traffic light is clearly visible in the image, as it is positioned at an intersection where multiple lanes of traffic converge.",yes,0,3.8
junctions,b4927f8e-fb16ed87.jpg,JN_A_01_v2,action,Should the driver reduce speed when approaching this junction?,yes,,llava_ov,A,phase2_linguistic,paraphrase,JN_A_01,"Yes, the driver should reduce speed when approaching this junction because it is dark and visibility is low, which requires extra caution to ensure safety.",yes,1,1.91
junctions,b4927f8e-fb16ed87.jpg,JN_A_01_v3,action,Is slowing down the appropriate action for a driver entering this intersection?,yes,,llava_ov,A,phase2_linguistic,negated,JN_A_01,"Yes, because the traffic light is red.",yes,1,1.02
junctions,b4927f8e-fb16ed87.jpg,JN_A_04_v2,action,Should the driver use the horn to alert others when passing through this junction?,yes,,llava_ov,A,phase2_linguistic,paraphrase,JN_A_04,"No, the driver should not use the horn as it is not necessary for safety in this situation. The traffic lights are green, indicating that vehicles can proceed without stopping. Additionally, there does not appear to be any immediate hazard or obstruction requiring the use of a horn.",no,0,3.15
junctions,b4927f8e-fb16ed87.jpg,JN_A_04_v3,action,Is sounding the horn an appropriate action at this junction?,yes,,llava_ov,A,phase2_linguistic,negated,JN_A_04,No. The traffic light is green so there is no need to sound the horn.,no,0,1.4
junctions,b4927f8e-fb16ed87.jpg,JN_H_01_v2,hazard,Is there a risk of collision with a pedestrian at this junction?,no,,llava_ov,A,phase2_linguistic,paraphrase,JN_H_01,"No, there is no risk of collision with a pedestrian at this junction as there are no pedestrians visible in the image.",no,1,1.72
junctions,b4927f8e-fb16ed87.jpg,JN_H_01_v3,hazard,Could a pedestrian stepping into the road pose a hazard here?,no,,llava_ov,A,phase2_linguistic,negated,JN_H_01,"Yes, because it is dark and visibility is low.",yes,0,1.11
junctions,b4927f8e-fb16ed87.jpg,JN_H_02_v2,hazard,Does the presence of other vehicles at this junction create a collision risk?,no,,llava_ov,A,phase2_linguistic,paraphrase,JN_H_02,"Yes, because there is a red light and cars stopped at the intersection.",yes,0,1.3
junctions,b4927f8e-fb16ed87.jpg,JN_H_02_v3,hazard,Is there a danger of hitting another vehicle when navigating this intersection?,no,,llava_ov,A,phase2_linguistic,negated,JN_H_02,"No, the traffic light is green and there are no vehicles in the crosswalk.",no,1,1.4
junctions,b4927f8e-fb16ed87.jpg,JN_ADV_01_v2,adversarial,Does the current traffic signal allow the ego vehicle to move through the intersection?,no,,llava_ov,A,phase2_linguistic,paraphrase,JN_ADV_01,"No, the traffic light is red, which means the vehicle must stop and not proceed through the intersection.",no,1,1.58
junctions,b4927f8e-fb16ed87.jpg,JN_ADV_01_v3,adversarial,"Based on the signal state, is the ego vehicle permitted to proceed?",no,,llava_ov,A,phase2_linguistic,negated,JN_ADV_01,"No, the traffic light is red, so the ego vehicle is not permitted to proceed.",no,1,1.44
junctions,b4927f8e-fb16ed87.jpg,JN_ADV_02_v2,adversarial,Does the traffic signal currently indicate that vehicles must stop or wait?,yes,,llava_ov,A,phase2_linguistic,paraphrase,JN_ADV_02,"No, the traffic signal is green, indicating that vehicles may proceed.",no,0,1.26
junctions,b4927f8e-fb16ed87.jpg,JN_ADV_02_v3,adversarial,Is the current signal state one that requires the driver to halt or yield?,yes,,llava_ov,A,phase2_linguistic,negated,JN_ADV_02,"No, the traffic lights visible in the image show green signals, indicating that vehicles may proceed without halting or yielding.",no,0,1.73
junctions,b4927f8e-fb16ed87.jpg,JN_ADV_03_v2,adversarial,Can the driver identify the correct turning lane from the markings visible at this junction?,no,,llava_ov,A,phase2_linguistic,paraphrase,JN_ADV_03,"No, the driver cannot identify the correct turning lane as the road markings are not clearly visible due to the low lighting conditions and the angle of the photograph. The visibility of the road markings is obscured by shadows and glare from the streetlights.",no,1,2.87
junctions,b4927f8e-fb16ed87.jpg,JN_ADV_03_v3,adversarial,Are the lane markings here distinct enough to guide a turning manoeuvre?,no,,llava_ov,A,phase2_linguistic,negated,JN_ADV_03,"No, the lane markings are not visible in the image. The road appears to be covered with snow, which could obscure any lane markings. Additionally, the lighting conditions are poor, making it difficult to see any details on the road surface. Therefore, it is not possible to determine if the lane markings are distinct enough to guide a turning maneuver based on the image alone.",no,1,4.09
junctions,c45b2e04-5689b375.jpg,JN_P_01,perception,Are there two or more traffic lights visible in this scene?,yes,,llava_ov,A,phase2_mode_a,original,JN_P_01,"Yes, there are three traffic lights visible in the scene. They are positioned at different heights and angles, indicating multiple signals for the intersection.",yes,1,1.93
junctions,c45b2e04-5689b375.jpg,JN_A_01,action,Should the ego vehicle stop before entering this intersection?,yes,,llava_ov,A,phase2_mode_a,original,JN_A_01,"No, the traffic light is green, indicating that it is safe for the ego vehicle to proceed through the intersection. Additionally, there are no visible signs or signals requiring the vehicle to stop.",no,0,2.4
junctions,c45b2e04-5689b375.jpg,JN_A_04,action,Should the driver be prepared to brake suddenly at this junction?,yes,,llava_ov,A,phase2_mode_a,original,JN_A_04,"Yes, because there is a car turning right into the intersection.",yes,1,1.21
junctions,c45b2e04-5689b375.jpg,JN_H_01,hazard,Is there a risk of a pedestrian stepping into the path of the ego vehicle?,no,,llava_ov,A,phase2_mode_a,original,JN_H_01,"No, there is no risk of a pedestrian stepping into the path of the ego vehicle as there are no pedestrians visible in the image and the area appears to be clear of any immediate danger.",no,1,2.4
junctions,c45b2e04-5689b375.jpg,JN_H_02,hazard,Could a large vehicle such as a bus or truck obstruct the driver's sightline at this junction?,yes,,llava_ov,A,phase2_mode_a,original,JN_H_02,"Yes, a large vehicle could obstruct the driver's sightline at this junction. The road is relatively narrow, and there is limited space for a large vehicle to pass without potentially blocking the view of other lanes or intersections. Additionally, the presence of traffic lights and signs suggests that visibility is important for safe navigation through this area.",yes,1,3.67
junctions,c45b2e04-5689b375.jpg,JN_ADV_01,adversarial,Is the traffic light currently displaying a green signal that permits the ego vehicle to proceed?,yes,,llava_ov,A,phase2_mode_a,original,JN_ADV_01,"Yes, the traffic light is displaying a green signal, which indicates that it is safe for vehicles to proceed through the intersection. The green light is visible in all three directions of the traffic lights shown in the image.",yes,1,2.62
junctions,c45b2e04-5689b375.jpg,JN_ADV_02,adversarial,"Is the traffic light currently displaying red or yellow, requiring the ego vehicle to stop or yield?",yes,,llava_ov,A,phase2_mode_a,original,JN_ADV_02,"No, the traffic light is not displaying red or yellow. It is showing green, indicating that the vehicles can proceed. The presence of multiple cars moving through the intersection supports this observation.",no,0,2.35
junctions,c45b2e04-5689b375.jpg,JN_ADV_03,adversarial,Is there a vehicle currently occupying the centre of the intersection ahead?,no,,llava_ov,A,phase2_mode_a,original,JN_ADV_03,"No, there is no vehicle currently occupying the center of the intersection ahead. The traffic light is green, indicating that vehicles have the right of way to proceed through the intersection. Additionally, there are no visible vehicles in the center of the intersection in the image.",no,1,3.04
junctions,c45b2e04-5689b375.jpg,JN_P_01_v2,perception,Can the driver see a traffic signal controlling this intersection?,yes,,llava_ov,A,phase2_linguistic,paraphrase,JN_P_01,"Yes, the driver can see a traffic signal controlling this intersection. The traffic lights are visible above the road, hanging from wires, and they are showing green lights, indicating that vehicles can proceed through the intersection.",yes,1,2.58
junctions,c45b2e04-5689b375.jpg,JN_P_01_v3,perception,Is there at least one traffic light that is visible to the ego vehicle?,yes,,llava_ov,A,phase2_linguistic,negated,JN_P_01,"Yes, there are multiple traffic lights visible in the image, indicating that they are part of the road infrastructure and are likely to be visible to any vehicles on the road.",yes,1,2.19
junctions,c45b2e04-5689b375.jpg,JN_A_01_v2,action,Should the driver reduce speed when approaching this junction?,yes,,llava_ov,A,phase2_linguistic,paraphrase,JN_A_01,"Yes, the driver should reduce speed when approaching this junction because there is construction work ahead, which may cause traffic to slow down or stop. Additionally, the presence of multiple lanes and traffic signals suggests that the driver needs to be cautious and aware of other vehicles and pedestrians.",yes,1,3.15
junctions,c45b2e04-5689b375.jpg,JN_A_01_v3,action,Is slowing down the appropriate action for a driver entering this intersection?,yes,,llava_ov,A,phase2_linguistic,negated,JN_A_01,"Yes, because the traffic light is green, indicating it is safe to proceed, but the driver should still be cautious of other vehicles and pedestrians.",yes,1,1.96
junctions,c45b2e04-5689b375.jpg,JN_A_04_v2,action,Should the driver use the horn to alert others when passing through this junction?,yes,,llava_ov,A,phase2_linguistic,paraphrase,JN_A_04,"No, the driver should not use the horn as it is not necessary for safety or communication in this situation. The traffic lights are green, indicating that it is safe to proceed, and there are no visible signs of distress or obstruction.",no,0,2.82
junctions,c45b2e04-5689b375.jpg,JN_A_04_v3,action,Is sounding the horn an appropriate action at this junction?,yes,,llava_ov,A,phase2_linguistic,negated,JN_A_04,"No, it is not appropriate to sound the horn at this junction as there are no vehicles or pedestrians in sight that would require warning. Additionally, the traffic lights are green, indicating that it is safe to proceed without honking.",no,0,2.77
junctions,c45b2e04-5689b375.jpg,JN_H_01_v2,hazard,Is there a risk of collision with a pedestrian at this junction?,no,,llava_ov,A,phase2_linguistic,paraphrase,JN_H_01,"No, there is no risk of collision with a pedestrian at this junction as there are no pedestrians visible in the image and the traffic lights are green, indicating that vehicles have the right of way.",no,1,2.44
junctions,c45b2e04-5689b375.jpg,JN_H_01_v3,hazard,Could a pedestrian stepping into the road pose a hazard here?,no,,llava_ov,A,phase2_linguistic,negated,JN_H_01,"Yes, because there is no sidewalk for pedestrians to use.",yes,0,1.16
junctions,c45b2e04-5689b375.jpg,JN_H_02_v2,hazard,Does the presence of other vehicles at this junction create a collision risk?,yes,,llava_ov,A,phase2_linguistic,paraphrase,JN_H_02,"Yes, because there are multiple cars on the road and it is a busy intersection.",yes,1,1.39
junctions,c45b2e04-5689b375.jpg,JN_H_02_v3,hazard,Is there a danger of hitting another vehicle when navigating this intersection?,yes,,llava_ov,A,phase2_linguistic,negated,JN_H_02,"No, there is no danger of hitting another vehicle when navigating this intersection because the traffic lights are green, allowing for smooth passage through the intersection without any immediate risk of collision with other vehicles.",no,0,2.38
junctions,c45b2e04-5689b375.jpg,JN_ADV_01_v2,adversarial,Does the current traffic signal allow the ego vehicle to move through the intersection?,yes,,llava_ov,A,phase2_linguistic,paraphrase,JN_ADV_01,"Yes, the traffic light is green, which means it is safe for the ego vehicle to proceed through the intersection.",yes,1,1.68
junctions,c45b2e04-5689b375.jpg,JN_ADV_01_v3,adversarial,"Based on the signal state, is the ego vehicle permitted to proceed?",yes,,llava_ov,A,phase2_linguistic,negated,JN_ADV_01,"Yes, the ego vehicle is permitted to proceed because the traffic light ahead is green, indicating that it is safe for vehicles to move forward.",yes,1,1.91
junctions,c45b2e04-5689b375.jpg,JN_ADV_02_v2,adversarial,Does the traffic signal currently indicate that vehicles must stop or wait?,yes,,llava_ov,A,phase2_linguistic,paraphrase,JN_ADV_02,"No, the traffic signal is green, which indicates that vehicles do not need to stop or wait. The green light allows for the flow of traffic to continue without interruption.",no,0,2.2
junctions,c45b2e04-5689b375.jpg,JN_ADV_02_v3,adversarial,Is the current signal state one that requires the driver to halt or yield?,yes,,llava_ov,A,phase2_linguistic,negated,JN_ADV_02,"No, the traffic lights are green, indicating that it is safe for vehicles to proceed through the intersection. The absence of any red lights or stop signs suggests that there is no immediate requirement for the driver to halt or yield.",no,0,2.71
junctions,c45b2e04-5689b375.jpg,JN_ADV_03_v2,adversarial,Can the driver identify the correct turning lane from the markings visible at this junction?,no,,llava_ov,A,phase2_linguistic,paraphrase,JN_ADV_03,"Yes, the driver can identify the correct turning lane as there is a clear white arrow painted on the road indicating the direction of the turn.",yes,0,1.91
junctions,c45b2e04-5689b375.jpg,JN_ADV_03_v3,adversarial,Are the lane markings here distinct enough to guide a turning manoeuvre?,no,,llava_ov,A,phase2_linguistic,negated,JN_ADV_03,"Yes, the lane markings are distinct enough to guide a turning maneuver. The white arrows on the road clearly indicate the direction of the lanes, and the dashed lines between lanes suggest that it is permissible to change lanes. Additionally, the presence of traffic lights and road signs provides further guidance for drivers.",yes,0,3.37
junctions,b6658d33-fe2d18f8.jpg,JN_P_01,perception,Are there two or more traffic lights visible in this scene?,yes,,llava_ov,A,phase2_mode_a,original,JN_P_01,"Yes, there are multiple traffic lights visible in the scene. The traffic lights are located at various points along the road, indicating that there are multiple intersections or crosswalks in the area. This is typical of urban environments where traffic control devices are used to manage the flow of vehicles and pedestrians.",yes,1,3.39
junctions,b6658d33-fe2d18f8.jpg,JN_A_01,action,Should the ego vehicle stop before entering this intersection?,no,,llava_ov,A,phase2_mode_a,original,JN_A_01,"Yes, the ego vehicle should stop before entering the intersection because there is a red light visible ahead, indicating that vehicles must stop to allow cross traffic to proceed.",yes,0,2.1
junctions,b6658d33-fe2d18f8.jpg,JN_A_04,action,Should the driver be prepared to brake suddenly at this junction?,no,,llava_ov,A,phase2_mode_a,original,JN_A_04,"Yes, the driver should be prepared to brake suddenly at this junction because there is a car approaching from the opposite direction, which could indicate that the driver is not paying attention to the road and may not yield the right of way. Additionally, the lighting conditions are poor, making it difficult to see any potential hazards ahead. Therefore, it is important for the driver to be cautious and prepared to react to any unexpected situations.",yes,0,4.56
junctions,b6658d33-fe2d18f8.jpg,JN_H_01,hazard,Is there a risk of a pedestrian stepping into the path of the ego vehicle?,no,,llava_ov,A,phase2_mode_a,original,JN_H_01,"No, there is no visible pedestrian in the immediate vicinity of the ego vehicle's path. The area appears to be clear of any pedestrians, suggesting a low risk of encountering one at this moment.",no,1,2.44
junctions,b6658d33-fe2d18f8.jpg,JN_H_02,hazard,Could a large vehicle such as a bus or truck obstruct the driver's sightline at this junction?,no,,llava_ov,A,phase2_mode_a,original,JN_H_02,"Yes, a large vehicle could obstruct the driver's sightline at this junction. The road is narrow, and there are buildings and streetlights that could block the view of an approaching vehicle from the opposite direction. Additionally, the presence of construction barriers suggests that the area may be under development, which could further limit visibility.",yes,0,3.62
junctions,b6658d33-fe2d18f8.jpg,JN_ADV_01,adversarial,Is the traffic light currently displaying a green signal that permits the ego vehicle to proceed?,yes,,llava_ov,A,phase2_mode_a,original,JN_ADV_01,"Yes, the traffic light is displaying a green signal. This is indicated by the illuminated green light visible in the distance, suggesting that it is safe for vehicles to proceed.",yes,1,2.18
junctions,b6658d33-fe2d18f8.jpg,JN_ADV_02,adversarial,"Is the traffic light currently displaying red or yellow, requiring the ego vehicle to stop or yield?",no,,llava_ov,A,phase2_mode_a,original,JN_ADV_02,"No, the traffic light is not visible in the image. The view is obstructed by the angle of the photo and the glare from the streetlights. Therefore, it's impossible to determine the color of the traffic light from this image alone.",no,1,2.9
junctions,b6658d33-fe2d18f8.jpg,JN_ADV_03,adversarial,Is there a vehicle currently occupying the centre of the intersection ahead?,no,,llava_ov,A,phase2_mode_a,original,JN_ADV_03,"Yes, there is a vehicle currently occupying the center of the intersection ahead. The vehicle's headlights are visible, indicating it is in motion and positioned in the middle of the road.",yes,0,2.29
junctions,b6658d33-fe2d18f8.jpg,JN_P_01_v2,perception,Can the driver see a traffic signal controlling this intersection?,yes,,llava_ov,A,phase2_linguistic,paraphrase,JN_P_01,"Yes, the driver can see a traffic signal controlling the intersection. The traffic lights are visible ahead of the car, indicating that they are operational to manage the flow of traffic at the intersection.",yes,1,2.39
junctions,b6658d33-fe2d18f8.jpg,JN_P_01_v3,perception,Is there at least one traffic light that is visible to the ego vehicle?,yes,,llava_ov,A,phase2_linguistic,negated,JN_P_01,"Yes, there is at least one traffic light visible to the ego vehicle. The traffic light is located ahead of the car, indicating that it is part of the road infrastructure and is within the field of view of the driver.",yes,1,2.72
junctions,b6658d33-fe2d18f8.jpg,JN_A_01_v2,action,Should the driver reduce speed when approaching this junction?,no,,llava_ov,A,phase2_linguistic,paraphrase,JN_A_01,"Yes, the driver should reduce speed when approaching this junction because it is dark and visibility is low, which requires extra caution to ensure safety.",yes,0,1.91
junctions,b6658d33-fe2d18f8.jpg,JN_A_01_v3,action,Is slowing down the appropriate action for a driver entering this intersection?,no,,llava_ov,A,phase2_linguistic,negated,JN_A_01,"Yes, because there is traffic in the intersection.",yes,0,1.06
junctions,b6658d33-fe2d18f8.jpg,JN_A_04_v2,action,Should the driver use the horn to alert others when passing through this junction?,no,,llava_ov,A,phase2_linguistic,paraphrase,JN_A_04,"No, the driver should not use the horn as there is no immediate danger or obstruction visible in the image. The road appears clear, and using the horn could startle other drivers unnecessarily.",no,1,2.4
junctions,b6658d33-fe2d18f8.jpg,JN_A_04_v3,action,Is sounding the horn an appropriate action at this junction?,no,,llava_ov,A,phase2_linguistic,negated,JN_A_04,"No, there is no vehicle in front of the car.",no,1,1.16
junctions,b6658d33-fe2d18f8.jpg,JN_H_01_v2,hazard,Is there a risk of collision with a pedestrian at this junction?,no,,llava_ov,A,phase2_linguistic,paraphrase,JN_H_01,"No, there is no risk of collision with a pedestrian at this junction as there are no pedestrians visible in the image and the road appears to be clear.",no,1,2.07
junctions,b6658d33-fe2d18f8.jpg,JN_H_01_v3,hazard,Could a pedestrian stepping into the road pose a hazard here?,no,,llava_ov,A,phase2_linguistic,negated,JN_H_01,"Yes, because it is dark and visibility is low, a pedestrian stepping into the road could be difficult to see and therefore pose a hazard.",yes,0,1.92
junctions,b6658d33-fe2d18f8.jpg,JN_H_02_v2,hazard,Does the presence of other vehicles at this junction create a collision risk?,no,,llava_ov,A,phase2_linguistic,paraphrase,JN_H_02,"Yes, because there is a car in front of me.",yes,0,1.16
junctions,b6658d33-fe2d18f8.jpg,JN_H_02_v3,hazard,Is there a danger of hitting another vehicle when navigating this intersection?,no,,llava_ov,A,phase2_linguistic,negated,JN_H_02,"No, there is no danger of hitting another vehicle as the road is clear and there are no vehicles visible in the intersection.",no,1,1.77
junctions,b6658d33-fe2d18f8.jpg,JN_ADV_01_v2,adversarial,Does the current traffic signal allow the ego vehicle to move through the intersection?,yes,,llava_ov,A,phase2_linguistic,paraphrase,JN_ADV_01,"Yes, the traffic light is green, which allows the ego vehicle to proceed through the intersection.",yes,1,1.5
junctions,b6658d33-fe2d18f8.jpg,JN_ADV_01_v3,adversarial,"Based on the signal state, is the ego vehicle permitted to proceed?",yes,,llava_ov,A,phase2_linguistic,negated,JN_ADV_01,"Yes, the ego vehicle is permitted to proceed because the traffic light ahead is green, indicating that it is safe for vehicles to move forward.",yes,1,1.92
junctions,b6658d33-fe2d18f8.jpg,JN_ADV_02_v2,adversarial,Does the traffic signal currently indicate that vehicles must stop or wait?,no,,llava_ov,A,phase2_linguistic,paraphrase,JN_ADV_02,"No, the traffic signal is green, indicating that vehicles do not need to stop or wait.",no,1,1.5
junctions,b6658d33-fe2d18f8.jpg,JN_ADV_02_v3,adversarial,Is the current signal state one that requires the driver to halt or yield?,no,,llava_ov,A,phase2_linguistic,negated,JN_ADV_02,"No, the traffic light is green, which means the driver does not need to halt or yield. The green light indicates it is safe for the vehicle to proceed.",no,1,2.16
junctions,b6658d33-fe2d18f8.jpg,JN_ADV_03_v2,adversarial,Can the driver identify the correct turning lane from the markings visible at this junction?,no,,llava_ov,A,phase2_linguistic,paraphrase,JN_ADV_03,"No, the driver cannot identify the correct turning lane as there are no visible road markings indicating which lane to use for turning. The image shows a dark street at night with limited visibility of any lane markings.",no,1,2.55
junctions,b6658d33-fe2d18f8.jpg,JN_ADV_03_v3,adversarial,Are the lane markings here distinct enough to guide a turning manoeuvre?,no,,llava_ov,A,phase2_linguistic,negated,JN_ADV_03,"No, the lane markings are not visible in the image. The road appears to be a narrow street with no clear lane markings, making it difficult to determine which lane to use for a turn. Additionally, the lighting conditions appear to be poor, which could further complicate the visibility of any lane markings. Therefore, it is not possible to rely on lane markings to guide a turning maneuver in this situation.",no,1,4.44
junctions,bfa23f26-588ee4a8.jpg,JN_P_01,perception,Are there two or more traffic lights visible in this scene?,no,,llava_ov,A,phase2_mode_a,original,JN_P_01,"Yes, there are two traffic lights visible in the scene. One is located directly ahead of the vehicles, and another is slightly to the right in the distance. Both are illuminated and appear to be operational.",yes,0,2.54
junctions,bfa23f26-588ee4a8.jpg,JN_A_01,action,Should the ego vehicle stop before entering this intersection?,no,,llava_ov,A,phase2_mode_a,original,JN_A_01,"Yes, the ego vehicle should stop before entering the intersection because there is a red traffic light visible ahead, indicating that vehicles must stop. Additionally, the presence of other vehicles with their brake lights on suggests that they have also come to a stop, reinforcing the need for the ego vehicle to halt as well.",yes,0,3.48
junctions,bfa23f26-588ee4a8.jpg,JN_A_04,action,Should the driver be prepared to brake suddenly at this junction?,no,,llava_ov,A,phase2_mode_a,original,JN_A_04,"Yes, the driver should be prepared to brake suddenly at this junction because there is a car directly ahead with its brake lights on, indicating that it is slowing down or stopping. Additionally, the traffic light is red, suggesting that vehicles may need to stop. The presence of other cars and the busy intersection also increase the likelihood of sudden stops or changes in traffic flow.",yes,0,4.03
junctions,bfa23f26-588ee4a8.jpg,JN_H_01,hazard,Is there a risk of a pedestrian stepping into the path of the ego vehicle?,no,,llava_ov,A,phase2_mode_a,original,JN_H_01,"No, there is no visible pedestrian in the immediate vicinity of the vehicles, and the area appears to be well-lit with streetlights, reducing the likelihood of a pedestrian being present without visibility.",no,1,2.43
junctions,bfa23f26-588ee4a8.jpg,JN_H_02,hazard,Could a large vehicle such as a bus or truck obstruct the driver's sightline at this junction?,no,,llava_ov,A,phase2_mode_a,original,JN_H_02,"Yes, because there is a large white van in the lane next to the driver.",yes,0,1.39
junctions,bfa23f26-588ee4a8.jpg,JN_ADV_01,adversarial,Is the traffic light currently displaying a green signal that permits the ego vehicle to proceed?,yes,,llava_ov,A,phase2_mode_a,original,JN_ADV_01,"No, the traffic light is not visible in the image, so it cannot be determined if it is displaying a green signal.",no,0,1.77
junctions,bfa23f26-588ee4a8.jpg,JN_ADV_02,adversarial,"Is the traffic light currently displaying red or yellow, requiring the ego vehicle to stop or yield?",no,,llava_ov,A,phase2_mode_a,original,JN_ADV_02,"Yes, the traffic light is displaying red, as indicated by the illuminated red lights visible in the image. This requires the vehicles, including the ego vehicle, to stop or yield.",yes,0,2.28
junctions,bfa23f26-588ee4a8.jpg,JN_ADV_03,adversarial,Is there a vehicle currently occupying the centre of the intersection ahead?,no,,llava_ov,A,phase2_mode_a,original,JN_ADV_03,"Yes, there is a vehicle currently occupying the center of the intersection ahead. The vehicle's brake lights are illuminated, indicating that it is stopped or slowing down. Additionally, the position of the vehicle within the lane markings suggests it is in the middle of the intersection.",yes,0,3.09
junctions,bfa23f26-588ee4a8.jpg,JN_P_01_v2,perception,Can the driver see a traffic signal controlling this intersection?,no,,llava_ov,A,phase2_linguistic,paraphrase,JN_P_01,"No, the driver cannot see a traffic signal controlling this intersection because there is no visible traffic light or any indication of a traffic signal in the image. The focus is on the vehicles and their brake lights, suggesting that they are stopping due to another reason, such as a red light ahead or a stop sign not visible in the frame.",no,1,3.76
junctions,bfa23f26-588ee4a8.jpg,JN_P_01_v3,perception,Is there at least one traffic light that is visible to the ego vehicle?,no,,llava_ov,A,phase2_linguistic,negated,JN_P_01,"Yes, there is at least one traffic light visible to the ego vehicle. The traffic light is located ahead of the vehicles in the image, indicating that it is within the field of view of the ego vehicle.",yes,0,2.58
junctions,bfa23f26-588ee4a8.jpg,JN_A_01_v2,action,Should the driver reduce speed when approaching this junction?,no,,llava_ov,A,phase2_linguistic,paraphrase,JN_A_01,"Yes, the driver should reduce speed when approaching this junction because there is a traffic light ahead, which requires attention to ensure safety and compliance with traffic rules.",yes,0,2.06
junctions,bfa23f26-588ee4a8.jpg,JN_A_01_v3,action,Is slowing down the appropriate action for a driver entering this intersection?,no,,llava_ov,A,phase2_linguistic,negated,JN_A_01,"Yes, because there is a red traffic light.",yes,0,1.06
junctions,bfa23f26-588ee4a8.jpg,JN_A_04_v2,action,Should the driver use the horn to alert others when passing through this junction?,no,,llava_ov,A,phase2_linguistic,paraphrase,JN_A_04,"No, the driver should not use the horn as it is not necessary and could startle other drivers. The traffic appears to be moving slowly, and using the horn could cause more congestion or confusion. It's best to maintain a calm and patient approach while navigating through the junction.",no,1,3.24
junctions,bfa23f26-588ee4a8.jpg,JN_A_04_v3,action,Is sounding the horn an appropriate action at this junction?,no,,llava_ov,A,phase2_linguistic,negated,JN_A_04,"No, it is not appropriate to sound the horn at this junction as there are multiple vehicles stopped at a red light, indicating that they are obeying traffic rules and waiting for their turn to proceed. Sounding the horn could startle other drivers and cause confusion or accidents.",no,1,3.2
junctions,bfa23f26-588ee4a8.jpg,JN_H_01_v2,hazard,Is there a risk of collision with a pedestrian at this junction?,no,,llava_ov,A,phase2_linguistic,paraphrase,JN_H_01,"No, there is no visible pedestrian in the image, and the vehicles appear to be stopped at a red light, indicating that they are not currently moving through the intersection.",no,1,2.19
junctions,bfa23f26-588ee4a8.jpg,JN_H_01_v3,hazard,Could a pedestrian stepping into the road pose a hazard here?,no,,llava_ov,A,phase2_linguistic,negated,JN_H_01,"Yes, because of the traffic lights and cars.",yes,0,1.06
junctions,bfa23f26-588ee4a8.jpg,JN_H_02_v2,hazard,Does the presence of other vehicles at this junction create a collision risk?,no,,llava_ov,A,phase2_linguistic,paraphrase,JN_H_02,"Yes, because there is a car stopped in the middle of the road.",yes,0,1.3
junctions,bfa23f26-588ee4a8.jpg,JN_H_02_v3,hazard,Is there a danger of hitting another vehicle when navigating this intersection?,no,,llava_ov,A,phase2_linguistic,negated,JN_H_02,"Yes, because the vehicles are stopped and there is a large truck in front of them.",yes,0,1.44
junctions,bfa23f26-588ee4a8.jpg,JN_ADV_01_v2,adversarial,Does the current traffic signal allow the ego vehicle to move through the intersection?,yes,,llava_ov,A,phase2_linguistic,paraphrase,JN_ADV_01,"Yes, the traffic light is green for the direction of the ego vehicle.",yes,1,1.3
junctions,bfa23f26-588ee4a8.jpg,JN_ADV_01_v3,adversarial,"Based on the signal state, is the ego vehicle permitted to proceed?",yes,,llava_ov,A,phase2_linguistic,negated,JN_ADV_01,"No, the ego vehicle is not permitted to proceed because the traffic light ahead is red, indicating that vehicles must stop.",no,0,1.72
junctions,bfa23f26-588ee4a8.jpg,JN_ADV_02_v2,adversarial,Does the traffic signal currently indicate that vehicles must stop or wait?,no,,llava_ov,A,phase2_linguistic,paraphrase,JN_ADV_02,"Yes, the traffic signal is red, indicating that vehicles must stop or wait.",yes,0,1.34
junctions,bfa23f26-588ee4a8.jpg,JN_ADV_02_v3,adversarial,Is the current signal state one that requires the driver to halt or yield?,no,,llava_ov,A,phase2_linguistic,negated,JN_ADV_02,"Yes, the current signal state is red, which requires drivers to halt. This is evident from the illuminated red lights on the vehicles' brake lights, indicating that they have come to a stop.",yes,0,2.43
junctions,bfa23f26-588ee4a8.jpg,JN_ADV_03_v2,adversarial,Can the driver identify the correct turning lane from the markings visible at this junction?,no,,llava_ov,A,phase2_linguistic,paraphrase,JN_ADV_03,"Yes, the driver can identify the correct turning lane as there is a clear white line marking the left turn lane, which is distinct from the other lanes.",yes,0,2.05
junctions,bfa23f26-588ee4a8.jpg,JN_ADV_03_v3,adversarial,Are the lane markings here distinct enough to guide a turning manoeuvre?,no,,llava_ov,A,phase2_linguistic,negated,JN_ADV_03,"Yes, the lane markings are distinct enough to guide a turning maneuver. The white lines are clearly visible and well-defined, providing clear guidance for drivers to stay within their lanes and prepare for a turn.",yes,0,2.47
junctions,ae374f827d2d45c7a4ed054b5aab7370_CAM_FRONT.jpg,NS_CF_01,spatial_reasoning,Is there a pedestrian visible in the front view of the ego vehicle?,yes,,llava_ov,A,phase2_nuscenes,original,NS_CF_01,"No, there is no pedestrian visible in the front view of the ego vehicle. The image shows a street scene at night with a car approaching, but there are no pedestrians in sight.",no,0,2.72
junctions,ae374f827d2d45c7a4ed054b5aab7370_CAM_FRONT.jpg,NS_CF_02,spatial_reasoning,Is there a pedestrian on the left side of the road ahead?,yes,,llava_ov,A,phase2_nuscenes,original,NS_CF_02,"Yes, there is a pedestrian on the left side of the road ahead. The pedestrian is standing near the edge of the sidewalk, which is visible in the image.",yes,1,2.49
junctions,ae374f827d2d45c7a4ed054b5aab7370_CAM_FRONT.jpg,NS_CF_04,spatial_reasoning,Should the driver yield to a pedestrian currently in or near the path of the ego vehicle?,yes,,llava_ov,A,phase2_nuscenes,original,NS_CF_04,"No, there is no pedestrian in or near the path of the ego vehicle. The image shows an empty road with no visible pedestrians.",no,0,2.22
junctions,ae374f827d2d45c7a4ed054b5aab7370_CAM_FRONT.jpg,NS_CF_06,spatial_reasoning,Is there a vehicle approaching from the left side of the intersection?,no,,llava_ov,A,phase2_nuscenes,original,NS_CF_06,"No, there is no vehicle approaching from the left side of the intersection. The road appears clear with no visible vehicles in the immediate vicinity.",no,1,2.26
junctions,ae374f827d2d45c7a4ed054b5aab7370_CAM_FRONT.jpg,NS_CF_08,spatial_reasoning,Is the road directly ahead of the ego vehicle clear of any pedestrians?,no,,llava_ov,A,phase2_nuscenes,original,NS_CF_08,"Yes, the road is clear of any pedestrians. The area visible in the image shows no signs of people walking or standing in the roadway.",yes,0,2.25
junctions,a75864536d2a40928791d3a5b793172b_CAM_FRONT.jpg,NS_CF_01,spatial_reasoning,Is there a pedestrian visible in the front view of the ego vehicle?,no,,llava_ov,A,phase2_nuscenes,original,NS_CF_01,"No, there is no pedestrian visible in the front view of the ego vehicle. The image shows a foggy parking lot with several cars parked, but there are no pedestrians in sight.",no,1,2.68
junctions,a75864536d2a40928791d3a5b793172b_CAM_FRONT.jpg,NS_CF_02,spatial_reasoning,Is there a pedestrian on the left side of the road ahead?,no,,llava_ov,A,phase2_nuscenes,original,NS_CF_02,"No, there is no pedestrian visible on the left side of the road ahead in the image. The area is obscured by fog, which limits visibility and makes it difficult to see any pedestrians or details beyond the immediate vicinity.",no,1,3.02
junctions,a75864536d2a40928791d3a5b793172b_CAM_FRONT.jpg,NS_CF_04,spatial_reasoning,Should the driver yield to a pedestrian currently in or near the path of the ego vehicle?,no,,llava_ov,A,phase2_nuscenes,original,NS_CF_04,"No, there is no pedestrian in sight.",no,1,1.36
junctions,a75864536d2a40928791d3a5b793172b_CAM_FRONT.jpg,NS_CF_06,spatial_reasoning,Is there a vehicle approaching from the left side of the intersection?,yes,,llava_ov,A,phase2_nuscenes,original,NS_CF_06,"No, there is no vehicle approaching from the left side of the intersection. The image shows a foggy environment with vehicles parked on both sides of the street, but no vehicle is visible moving towards the intersection.",no,0,2.92
junctions,a75864536d2a40928791d3a5b793172b_CAM_FRONT.jpg,NS_CF_08,spatial_reasoning,Is the road directly ahead of the ego vehicle clear of any pedestrians?,yes,,llava_ov,A,phase2_nuscenes,original,NS_CF_08,"Yes, the road is clear of any pedestrians. The area appears to be an open parking lot with no visible people walking or standing near the vehicles.",yes,1,2.36
junctions,b0cf75edd3f74328833b7bbc7b8f9c79_CAM_FRONT.jpg,NS_CF_01,spatial_reasoning,Is there a pedestrian visible in the front view of the ego vehicle?,yes,,llava_ov,A,phase2_nuscenes,original,NS_CF_01,"No, there is no pedestrian visible in the front view of the ego vehicle. The road ahead is clear, and there are no people walking or standing near the crosswalk.",no,0,2.59
junctions,b0cf75edd3f74328833b7bbc7b8f9c79_CAM_FRONT.jpg,NS_CF_02,spatial_reasoning,Is there a pedestrian on the left side of the road ahead?,yes,,llava_ov,A,phase2_nuscenes,original,NS_CF_02,"No, there is no pedestrian on the left side of the road ahead. The area appears to be clear of any pedestrians, and the raised zebra crossing sign indicates that it is a designated crossing area for pedestrians, but currently, there are no visible pedestrians using it.",no,0,3.48
junctions,b0cf75edd3f74328833b7bbc7b8f9c79_CAM_FRONT.jpg,NS_CF_04,spatial_reasoning,Should the driver yield to a pedestrian currently in or near the path of the ego vehicle?,no,,llava_ov,A,phase2_nuscenes,original,NS_CF_04,"Yes, the driver should yield to a pedestrian currently in or near the path of the ego vehicle because there is a raised zebra crossing sign indicating that pedestrians may cross at any time.",yes,0,2.68
junctions,b0cf75edd3f74328833b7bbc7b8f9c79_CAM_FRONT.jpg,NS_CF_06,spatial_reasoning,Is there a vehicle approaching from the left side of the intersection?,no,,llava_ov,A,phase2_nuscenes,original,NS_CF_06,"No, there is no vehicle approaching from the left side of the intersection. The road is empty except for a car that is turning right at the end of the street.",no,1,2.53
junctions,b0cf75edd3f74328833b7bbc7b8f9c79_CAM_FRONT.jpg,NS_CF_08,spatial_reasoning,Is the road directly ahead of the ego vehicle clear of any pedestrians?,no,,llava_ov,A,phase2_nuscenes,original,NS_CF_08,"Yes, the road is clear of any pedestrians. The crosswalk is empty, and there are no visible people walking on the sidewalk or crossing the street.",yes,0,2.39
junctions,3bacb342e9474eb6886835ad0def454f_CAM_FRONT.jpg,NS_CF_01,spatial_reasoning,Is there a pedestrian visible in the front view of the ego vehicle?,no,,llava_ov,A,phase2_nuscenes,original,NS_CF_01,"No, there is no pedestrian visible in the front view of the ego vehicle. The image shows an empty crosswalk with no pedestrians in sight.",no,1,2.3
junctions,3bacb342e9474eb6886835ad0def454f_CAM_FRONT.jpg,NS_CF_02,spatial_reasoning,Is there a pedestrian on the left side of the road ahead?,no,,llava_ov,A,phase2_nuscenes,original,NS_CF_02,"No, there is no pedestrian visible on the left side of the road ahead in the image. The area appears to be clear of any individuals walking or standing near the crosswalk or along the sidewalk.",no,1,2.82
junctions,3bacb342e9474eb6886835ad0def454f_CAM_FRONT.jpg,NS_CF_04,spatial_reasoning,Should the driver yield to a pedestrian currently in or near the path of the ego vehicle?,no,,llava_ov,A,phase2_nuscenes,original,NS_CF_04,"No, there is no pedestrian in or near the path of the ego vehicle. The crosswalk is empty, and there are no visible pedestrians waiting to cross or walking in the area.",no,1,2.67
junctions,3bacb342e9474eb6886835ad0def454f_CAM_FRONT.jpg,NS_CF_06,spatial_reasoning,Is there a vehicle approaching from the left side of the intersection?,yes,,llava_ov,A,phase2_nuscenes,original,NS_CF_06,"No, there is no vehicle approaching from the left side of the intersection. The traffic light is red, indicating that vehicles should stop, and there are no visible vehicles in the immediate vicinity of the intersection. Additionally, the wet road surface suggests recent rain, which may have caused drivers to be more cautious and avoid the area.",no,0,3.99
junctions,3bacb342e9474eb6886835ad0def454f_CAM_FRONT.jpg,NS_CF_08,spatial_reasoning,Is the road directly ahead of the ego vehicle clear of any pedestrians?,yes,,llava_ov,A,phase2_nuscenes,original,NS_CF_08,"Yes, the road is clear of any pedestrians. The crosswalk is visible and there are no people walking on it. Additionally, the area around the crosswalk appears to be empty of any pedestrian activity.",yes,1,2.86
junctions,43ed7234ea704e7b8e6fd524775473b3_CAM_FRONT.jpg,NS_CF_01,spatial_reasoning,Is there a pedestrian visible in the front view of the ego vehicle?,yes,,llava_ov,A,phase2_nuscenes,original,NS_CF_01,"No, there is no pedestrian visible in the front view of the ego vehicle. The road appears to be clear of any pedestrians, and the area is mostly open with no immediate signs of people walking or standing near the road.",no,0,3.05
junctions,43ed7234ea704e7b8e6fd524775473b3_CAM_FRONT.jpg,NS_CF_02,spatial_reasoning,Is there a pedestrian on the left side of the road ahead?,yes,,llava_ov,A,phase2_nuscenes,original,NS_CF_02,"No, there is no pedestrian visible on the left side of the road ahead in the image. The area appears to be clear of any pedestrians, with only road markings and signs present.",no,0,2.67
junctions,43ed7234ea704e7b8e6fd524775473b3_CAM_FRONT.jpg,NS_CF_04,spatial_reasoning,Should the driver yield to a pedestrian currently in or near the path of the ego vehicle?,no,,llava_ov,A,phase2_nuscenes,original,NS_CF_04,"No, there is no pedestrian in sight.",no,1,1.35
junctions,43ed7234ea704e7b8e6fd524775473b3_CAM_FRONT.jpg,NS_CF_06,spatial_reasoning,Is there a vehicle approaching from the left side of the intersection?,no,,llava_ov,A,phase2_nuscenes,original,NS_CF_06,"No, there is no vehicle approaching from the left side of the intersection. The road appears to be empty with no visible vehicles.",no,1,2.15
junctions,43ed7234ea704e7b8e6fd524775473b3_CAM_FRONT.jpg,NS_CF_08,spatial_reasoning,Is the road directly ahead of the ego vehicle clear of any pedestrians?,no,,llava_ov,A,phase2_nuscenes,original,NS_CF_08,"Yes, the road is clear of any pedestrians. The area appears to be well-maintained with no visible people walking on the road or sidewalks.",yes,0,2.36
junctions,40fb4a2c2a7c419784ae5413738d6b10_CAM_FRONT.jpg,NS_CF_01,spatial_reasoning,Is there a pedestrian visible in the front view of the ego vehicle?,no,,llava_ov,A,phase2_nuscenes,original,NS_CF_01,"Yes, there is a pedestrian visible in the front view of the ego vehicle. The pedestrian is walking across the crosswalk, which is clearly visible in the image.",yes,0,2.49
junctions,40fb4a2c2a7c419784ae5413738d6b10_CAM_FRONT.jpg,NS_CF_02,spatial_reasoning,Is there a pedestrian on the left side of the road ahead?,no,,llava_ov,A,phase2_nuscenes,original,NS_CF_02,"Yes, there is a pedestrian on the left side of the road ahead. The pedestrian is walking on the sidewalk near the traffic light.",yes,0,2.2
junctions,40fb4a2c2a7c419784ae5413738d6b10_CAM_FRONT.jpg,NS_CF_04,spatial_reasoning,Should the driver yield to a pedestrian currently in or near the path of the ego vehicle?,no,,llava_ov,A,phase2_nuscenes,original,NS_CF_04,"No, the pedestrian is not in the crosswalk and is walking away from the intersection. The driver should proceed with caution but does not need to yield to the pedestrian.",no,1,2.54
junctions,40fb4a2c2a7c419784ae5413738d6b10_CAM_FRONT.jpg,NS_CF_06,spatial_reasoning,Is there a vehicle approaching from the left side of the intersection?,no,,llava_ov,A,phase2_nuscenes,original,NS_CF_06,"No, there is no vehicle approaching from the left side of the intersection. The traffic light shows green for vehicles moving straight ahead, and there are no visible vehicles in the lane designated for that direction. Additionally, the pedestrian crossing signal indicates it is safe for pedestrians to cross, suggesting that the area is clear of vehicular traffic.",no,1,4.05
junctions,40fb4a2c2a7c419784ae5413738d6b10_CAM_FRONT.jpg,NS_CF_08,spatial_reasoning,Is the road directly ahead of the ego vehicle clear of any pedestrians?,yes,,llava_ov,A,phase2_nuscenes,original,NS_CF_08,"Yes, the road is clear of any pedestrians. The area where the pedestrian crosswalk is located does not have any visible pedestrians.",yes,1,2.16
junctions,feb4c57435dc46cb80ff1907a787e046_CAM_FRONT.jpg,NS_CF_01,spatial_reasoning,Is there a pedestrian visible in the front view of the ego vehicle?,yes,,llava_ov,A,phase2_nuscenes,original,NS_CF_01,"No, there is no pedestrian visible in the front view of the ego vehicle. The image shows a wet street with trees and buildings in the background, but there are no people walking or standing in the area that can be seen.",no,0,3.11
junctions,feb4c57435dc46cb80ff1907a787e046_CAM_FRONT.jpg,NS_CF_02,spatial_reasoning,Is there a pedestrian on the left side of the road ahead?,yes,,llava_ov,A,phase2_nuscenes,original,NS_CF_02,"No, there is no pedestrian visible on the left side of the road ahead in the image. The area appears to be empty with no signs of people walking or standing near the road.",no,0,2.68
junctions,feb4c57435dc46cb80ff1907a787e046_CAM_FRONT.jpg,NS_CF_04,spatial_reasoning,Should the driver yield to a pedestrian currently in or near the path of the ego vehicle?,no,,llava_ov,A,phase2_nuscenes,original,NS_CF_04,"No, there is no pedestrian in sight.",no,1,1.35
junctions,feb4c57435dc46cb80ff1907a787e046_CAM_FRONT.jpg,NS_CF_06,spatial_reasoning,Is there a vehicle approaching from the left side of the intersection?,no,,llava_ov,A,phase2_nuscenes,original,NS_CF_06,"No, there is no vehicle approaching from the left side of the intersection. The traffic light is red, indicating that vehicles should stop, and there are no visible vehicles in the immediate vicinity of the intersection.",no,1,2.87
junctions,feb4c57435dc46cb80ff1907a787e046_CAM_FRONT.jpg,NS_CF_08,spatial_reasoning,Is the road directly ahead of the ego vehicle clear of any pedestrians?,no,,llava_ov,A,phase2_nuscenes,original,NS_CF_08,"Yes, the road is clear of any pedestrians. The area appears to be empty with no visible people walking or standing near the road.",yes,0,2.2
junctions,a9f2ac5c34274074bf37954bd51b4edd_CAM_FRONT.jpg,NS_CF_01,spatial_reasoning,Is there a pedestrian visible in the front view of the ego vehicle?,yes,,llava_ov,A,phase2_nuscenes,original,NS_CF_01,"Yes, there is a pedestrian visible in the front view of the ego vehicle. The pedestrian is walking on the sidewalk near the bus stop.",yes,1,2.26
junctions,a9f2ac5c34274074bf37954bd51b4edd_CAM_FRONT.jpg,NS_CF_02,spatial_reasoning,Is there a pedestrian on the left side of the road ahead?,yes,,llava_ov,A,phase2_nuscenes,original,NS_CF_02,"Yes, there is a pedestrian on the left side of the road ahead. The pedestrian is walking on the sidewalk, which is separated from the road by a curb and a row of bollards. The pedestrian is also wearing dark clothing, making them visible against the lighter-colored pavement.",yes,1,3.64
junctions,a9f2ac5c34274074bf37954bd51b4edd_CAM_FRONT.jpg,NS_CF_04,spatial_reasoning,Should the driver yield to a pedestrian currently in or near the path of the ego vehicle?,no,,llava_ov,A,phase2_nuscenes,original,NS_CF_04,"Yes, the driver should yield to the pedestrian because the pedestrian is crossing the road in a designated crosswalk area, which indicates that they have the right of way.",yes,0,2.49
junctions,a9f2ac5c34274074bf37954bd51b4edd_CAM_FRONT.jpg,NS_CF_06,spatial_reasoning,Is there a vehicle approaching from the left side of the intersection?,no,,llava_ov,A,phase2_nuscenes,original,NS_CF_06,"No, there is no vehicle approaching from the left side of the intersection. The road markings indicate that vehicles should not enter from the left side, and there are no visible vehicles in the area.",no,1,2.78
junctions,a9f2ac5c34274074bf37954bd51b4edd_CAM_FRONT.jpg,NS_CF_08,spatial_reasoning,Is the road directly ahead of the ego vehicle clear of any pedestrians?,no,,llava_ov,A,phase2_nuscenes,original,NS_CF_08,"Yes, the road is clear of any pedestrians. The area directly ahead of the ego vehicle shows an empty road with no visible pedestrians.",yes,0,2.21
