category,image_id,q_id,q_type,question,ground_truth,weather,model,mode,use_for,variation_type,source_q_id,full_response,extracted_ans,correct,response_time
junctions,b4aa2f44-023fb7df.jpg,JN_P_01,perception,Are there two or more traffic lights visible in this scene?,no,,internvl3,A,phase2_mode_a,original,JN_P_01,"No, there are no traffic lights visible in this scene. The image shows a traffic jam with vehicles, including a school bus, but no traffic lights are in sight.",no,1,3.38
junctions,b4aa2f44-023fb7df.jpg,JN_A_01,action,Should the ego vehicle stop before entering this intersection?,no,,internvl3,A,phase2_mode_a,original,JN_A_01,"Yes, the ego vehicle should stop before entering the intersection because there are vehicles ahead, including a school bus, indicating that it is a controlled intersection with potential traffic from multiple directions.",yes,0,2.46
junctions,b4aa2f44-023fb7df.jpg,JN_A_04,action,Should the driver be prepared to brake suddenly at this junction?,no,,internvl3,A,phase2_mode_a,original,JN_A_04,"Yes, the driver should be prepared to brake suddenly because the vehicles ahead are stopped at what appears to be a traffic light or stop sign, indicating a potential for sudden stops.",yes,0,2.1
junctions,b4aa2f44-023fb7df.jpg,JN_H_01,hazard,Is there a risk of a pedestrian stepping into the path of the ego vehicle?,no,,internvl3,A,phase2_mode_a,original,JN_H_01,"No, there is no risk of a pedestrian stepping into the path of the ego vehicle, as the image does not show any pedestrians in the immediate vicinity of the vehicles.",no,1,1.66
junctions,b4aa2f44-023fb7df.jpg,JN_H_02,hazard,Could a large vehicle such as a bus or truck obstruct the driver's sightline at this junction?,yes,,internvl3,A,phase2_mode_a,original,JN_H_02,"Yes, the large vehicle in front could obstruct the driver's's sightline at this junction, as it is positioned directly ahead and may block the view of oncoming traffic or the road ahead.",yes,1,1.87
junctions,b4aa2f44-023fb7df.jpg,JN_ADV_01,adversarial,Is the traffic light currently displaying a green signal that permits the ego vehicle to proceed?,yes,,internvl3,A,phase2_mode_a,original,JN_ADV_01,"No, the traffic light is not visible in the image. The vehicles are stopped in traffic, suggesting a red light or stop sign, but the traffic light itself is not shown.",no,0,1.74
junctions,b4aa2f44-023fb7df.jpg,JN_ADV_02,adversarial,"Is the traffic light currently displaying red or yellow, requiring the ego vehicle to stop or yield?",no,,internvl3,A,phase2_mode_a,original,JN_ADV_02,"No, the traffic light is not visible in the image, so it's unclear whether it is red or yellow.",no,1,1.17
junctions,b4aa2f44-023fb7df.jpg,JN_ADV_03,adversarial,Is there a vehicle currently occupying the centre of the intersection ahead?,no,,internvl3,A,phase2_mode_a,original,JN_ADV_03,"Yes, there is a vehicle occupying the center of the intersection. A white van is seen in the middle of the road, indicating it is in the center of the intersection ahead.",yes,0,1.74
junctions,b4aa2f44-023fb7df.jpg,JN_P_01_v2,perception,Can the driver see a traffic signal controlling this intersection?,no,,internvl3,A,phase2_linguistic,paraphrase,JN_P_01,"No, the driver cannot see a traffic signal controlling this intersection. The image shows vehicles stopped in traffic with no visible traffic signals in the immediate vicinity.",no,1,1.49
junctions,b4aa2f44-023fb7df.jpg,JN_P_01_v3,perception,Is there at least one traffic light that is visible to the ego vehicle?,no,,internvl3,A,phase2_linguistic,negated,JN_P_01,"No, there is no traffic light visible to the ego vehicle in the image. The scene shows vehicles stopped in traffic under an overpass, but no traffic lights are in sight.",no,1,1.75
junctions,b4aa2f44-023fb7df.jpg,JN_A_01_v2,action,Should the driver reduce speed when approaching this junction?,no,,internvl3,A,phase2_linguistic,paraphrase,JN_A_01,"Yes, the driver should reduce speed. The image shows a traffic jam with multiple vehicles stopped, indicating a need to drive cautiously and at a slower speed.",yes,0,1.54
junctions,b4aa2f44-023fb7df.jpg,JN_A_01_v3,action,Is slowing down the appropriate action for a driver entering this intersection?,no,,internvl3,A,phase2_linguistic,negated,JN_A_01,"Yes, slowing down is appropriate because the vehicles are in heavy traffic, and the driver should be cautious and prepared to stop if necessary.",yes,0,1.36
junctions,b4aa2f44-023fb7df.jpg,JN_A_04_v2,action,Should the driver use the horn to alert others when passing through this junction?,no,,internvl3,A,phase2_linguistic,paraphrase,JN_A_04,"No, the driver should not use the horn to alert others in this situation. The image shows a traffic jam with vehicles stopped at a standstill, and using a horn in such a situation can would cause unnecessary noise and does not effectively alert drivers who are not moving. It is more appropriate to use the horn when there is a need to signal an immediate hazard or to get through moving traffic.",no,1,3.63
junctions,b4aa2f44-023fb7df.jpg,JN_A_04_v3,action,Is sounding the horn an appropriate action at this junction?,no,,internvl3,A,phase2_linguistic,negated,JN_A_04,"No, sounding the horn is not an appropriate action at this junction. The vehicles are in a traffic jam, and honking would likely worsen the congestion and stress levels of the drivers involved. It's better to remain patient and wait for the traffic to move.",no,1,2.5
junctions,b4aa2f44-023fb7df.jpg,JN_H_01_v2,hazard,Is there a risk of collision with a pedestrian at this junction?,no,,internvl3,A,phase2_linguistic,paraphrase,JN_H_01,"No, there is no visible risk of collision with a pedestrian in this image. The scene shows vehicles stopped in traffic, but no pedestrians are in the immediate vicinity.",no,1,1.61
junctions,b4aa2f44-023fb7df.jpg,JN_H_01_v3,hazard,Could a pedestrian stepping into the road pose a hazard here?,no,,internvl3,A,phase2_linguistic,negated,JN_H_01,"Yes, a pedestrian stepping into the road could pose a hazard here because the vehicles are in heavy traffic and close to each other, making it difficult for drivers to react quickly.",yes,0,1.72
junctions,b4aa2f44-023fb7df.jpg,JN_H_02_v2,hazard,Does the presence of other vehicles at this junction create a collision risk?,yes,,internvl3,A,phase2_linguistic,paraphrase,JN_H_02,"Yes, the presence of other vehicles, including a van and a school bus, in close proximity creates a potential collision risk, especially if they are not maintaining safe distances.",yes,1,1.67
junctions,b4aa2f44-023fb7df.jpg,JN_H_02_v3,hazard,Is there a danger of hitting another vehicle when navigating this intersection?,yes,,internvl3,A,phase2_linguistic,negated,JN_H_02,"Yes, there is a danger of hitting another vehicle. The vehicles are closely positioned, and the white car in front has its brake lights on, indicating it is slowing down or stopping, which could lead to a collision if not navigated carefully.",yes,1,2.33
junctions,b4aa2f44-023fb7df.jpg,JN_ADV_01_v2,adversarial,Does the current traffic signal allow the ego vehicle to move through the intersection?,yes,,internvl3,A,phase2_linguistic,paraphrase,JN_ADV_01,"No, the current traffic signal does not allow the ego vehicle to move through the intersection. The red brake lights of the car in front indicate that traffic is stopped, and there is no visible green light or clear path to proceed.",no,0,2.19
junctions,b4aa2f44-023fb7df.jpg,JN_ADV_01_v3,adversarial,"Based on the signal state, is the ego vehicle permitted to proceed?",yes,,internvl3,A,phase2_linguistic,negated,JN_ADV_01,"No, the ego vehicle is not permitted to proceed because the white car in front has its brake lights on, indicating it is stopping.",no,0,1.37
junctions,b4aa2f44-023fb7df.jpg,JN_ADV_02_v2,adversarial,Does the traffic signal currently indicate that vehicles must stop or wait?,no,,internvl3,A,phase2_linguistic,paraphrase,JN_ADV_02,"No, the traffic signal does not indicate that vehicles must stop or wait. The image shows a traffic jam with vehicles stopped, but there is no visible traffic signal in the image to indicate their status.",no,1,1.93
junctions,b4aa2f44-023fb7df.jpg,JN_ADV_02_v3,adversarial,Is the current signal state one that requires the driver to halt or yield?,no,,internvl3,A,phase2_linguistic,negated,JN_ADV_02,"Yes, the current signal state requires the driver to halt. The red brake lights of the car in front indicate that it is stopping, indicating drivers should prepare to stop.",yes,0,1.67
junctions,b4aa2f44-023fb7df.jpg,JN_ADV_03_v2,adversarial,Can the driver identify the correct turning lane from the markings visible at this junction?,no,,internvl3,A,phase2_linguistic,paraphrase,JN_ADV_03,"No, the driver cannot identify the correct turn lane from the markings visible at this junction. The image does not show any clear lane markings or signs indicating the direction of the turn lanes.",no,1,1.79
junctions,b4aa2f44-023fb7df.jpg,JN_ADV_03_v3,adversarial,Are the lane markings here distinct enough to guide a turning manoeuvre?,no,,internvl3,A,phase2_linguistic,negated,JN_ADV_03,"No, the lane markings are not distinct enough to guide a turn maneuver. The image shows a congested road with vehicles closely packed, making it difficult to see and follow clear lane markings.",no,1,1.85
junctions,c24e7c72-be9fff6f.jpg,JN_P_01,perception,Are there two or more traffic lights visible in this scene?,yes,,internvl3,A,phase2_mode_a,original,JN_P_01,"Yes, there are two or more traffic lights visible in this scene. 

Reasoning: In the image, you can see at least two traffic lights mounted on poles above the street, indicating control points for vehicles and pedestrians.",yes,1,2.17
junctions,c24e7c72-be9fff6f.jpg,JN_A_01,action,Should the ego vehicle stop before entering this intersection?,no,,internvl3,A,phase2_mode_a,original,JN_A_01,"Yes, the ego vehicle should stop before entering the intersection because there are traffic cones placed on the road, indicating potential road work or a need for caution.",yes,0,1.54
junctions,c24e7c72-be9fff6f.jpg,JN_A_04,action,Should the driver be prepared to brake suddenly at this junction?,no,,internvl3,A,phase2_mode_a,original,JN_A_04,"Yes, the driver should be prepared to brake suddenly because there are traffic cones placed on the road, indicating possible road work or a change in traffic pattern.",yes,0,1.53
junctions,c24e7c72-be9fff6f.jpg,JN_H_01,hazard,Is there a risk of a pedestrian stepping into the path of the ego vehicle?,no,,internvl3,A,phase2_mode_a,original,JN_H_01,"No, there is no risk of a pedestrian stepping into the path of the ego vehicle, as the sidewalk appears clear of pedestrians.",no,1,1.33
junctions,c24e7c72-be9fff6f.jpg,JN_H_02,hazard,Could a large vehicle such as a bus or truck obstruct the driver's sightline at this junction?,no,,internvl3,A,phase2_mode_a,original,JN_H_02,"Yes, a large vehicle could obstruct the driver's's sightline at this junction, as the image shows a significant portion of the view is blocked by the vehicle's the photo was taken from.",yes,0,1.88
junctions,c24e7c72-be9fff6f.jpg,JN_ADV_01,adversarial,Is the traffic light currently displaying a green signal that permits the ego vehicle to proceed?,yes,,internvl3,A,phase2_mode_a,original,JN_ADV_01,"No, the traffic light is not displaying a green signal. It appears to be red, indicating that vehicles should stop.",no,0,1.22
junctions,c24e7c72-be9fff6f.jpg,JN_ADV_02,adversarial,"Is the traffic light currently displaying red or yellow, requiring the ego vehicle to stop or yield?",no,,internvl3,A,phase2_mode_a,original,JN_ADV_02,"No, the traffic light is not visible in the image, so it's unclear whether it is displaying red or yellow.",no,1,1.22
junctions,c24e7c72-be9fff6f.jpg,JN_ADV_03,adversarial,Is there a vehicle currently occupying the centre of the intersection ahead?,no,,internvl3,A,phase2_mode_a,original,JN_ADV_03,"No, there is no vehicle currently occupying the center of the intersection. The area is clear, with visible traffic cones and a bicycle, but no vehicle is in the middle of the intersection.",no,1,1.85
junctions,c24e7c72-be9fff6f.jpg,JN_P_01_v2,perception,Can the driver see a traffic signal controlling this intersection?,yes,,internvl3,A,phase2_linguistic,paraphrase,JN_P_01,"No, the driver cannot see a traffic signal controlling this intersection. The image shows a street view with storefronts and traffic cones, but the traffic signal is not visible.",no,0,1.66
junctions,c24e7c72-be9fff6f.jpg,JN_P_01_v3,perception,Is there at least one traffic light that is visible to the ego vehicle?,yes,,internvl3,A,phase2_linguistic,negated,JN_P_01,"Yes, there is a traffic light visible in the image, mounted on a pole above the street.",yes,1,1.04
junctions,c24e7c72-be9fff6f.jpg,JN_A_01_v2,action,Should the driver reduce speed when approaching this junction?,no,,internvl3,A,phase2_linguistic,paraphrase,JN_A_01,"Yes, the driver should reduce speed. The presence of traffic cones and a bicycle on the sidewalk suggests pedestrian activity, which requires caution.",yes,0,1.35
junctions,c24e7c72-be9fff6f.jpg,JN_A_01_v3,action,Is slowing down the appropriate action for a driver entering this intersection?,no,,internvl3,A,phase2_linguistic,negated,JN_A_01,"Yes, slowing down is appropriate because there are traffic cones and a bicycle on the road, indicating potential obstacles or a construction zone.",yes,0,1.3
junctions,c24e7c72-be9fff6f.jpg,JN_A_04_v2,action,Should the driver use the horn to alert others when passing through this junction?,no,,internvl3,A,phase2_linguistic,paraphrase,JN_A_04,"No, the driver should not use the horn to alert others when passing through this junction. The image shows a relatively calm street with no immediate signs of heavy traffic or pedestrians that would require the use of a horn for safety. The area appears to be a commercial zone with shops and a few parked cars, but there is no indication of an imminent need for alerting others with a horn.",no,1,3.6
junctions,c24e7c72-be9fff6f.jpg,JN_A_04_v3,action,Is sounding the horn an appropriate action at this junction?,no,,internvl3,A,phase2_linguistic,negated,JN_A_04,"No, sounding the horn is not an appropriate action at this junction. The image shows a quiet street with no immediate signs of traffic congestion or an approaching vehicle that would require a warning. It appears to be a calm area with no immediate need for a horn.",no,1,2.46
junctions,c24e7c72-be9fff6f.jpg,JN_H_01_v2,hazard,Is there a risk of collision with a pedestrian at this junction?,no,,internvl3,A,phase2_linguistic,paraphrase,JN_H_01,"No, there is no risk of collision with a pedestrian at this junction. The image shows a clear sidewalk with no pedestrians in the crosswalk or near the curb.",no,1,1.62
junctions,c24e7c72-be9fff6f.jpg,JN_H_01_v3,hazard,Could a pedestrian stepping into the road pose a hazard here?,no,,internvl3,A,phase2_linguistic,negated,JN_H_01,"Yes, a pedestrian stepping into the road could pose a hazard here because there are cars approaching the intersection, and the presence of traffic cones suggests road work or a change in traffic patterns.",yes,0,1.79
junctions,c24e7c72-be9fff6f.jpg,JN_H_02_v2,hazard,Does the presence of other vehicles at this junction create a collision risk?,no,,internvl3,A,phase2_linguistic,paraphrase,JN_H_02,"No, the presence of other vehicles does not create a collision risk, as they are parked and there is space for movement.",no,1,1.27
junctions,c24e7c72-be9fff6f.jpg,JN_H_02_v3,hazard,Is there a danger of hitting another vehicle when navigating this intersection?,no,,internvl3,A,phase2_linguistic,negated,JN_H_02,"No, there is no immediate danger of hitting another vehicle when navigating this intersection. The vehicles are parked along the street, and there is space for a vehicle to turn or move forward.",no,1,1.79
junctions,c24e7c72-be9fff6f.jpg,JN_ADV_01_v2,adversarial,Does the current traffic signal allow the ego vehicle to move through the intersection?,yes,,internvl3,A,phase2_linguistic,paraphrase,JN_ADV_01,"No, the traffic signal is red, indicating that vehicles should stop and wait before proceeding through the intersection.",no,0,1.09
junctions,c24e7c72-be9fff6f.jpg,JN_ADV_01_v3,adversarial,"Based on the signal state, is the ego vehicle permitted to proceed?",yes,,internvl3,A,phase2_linguistic,negated,JN_ADV_01,"Yes, the ego vehicle is permitted to proceed because the traffic light is green.",yes,1,0.87
junctions,c24e7c72-be9fff6f.jpg,JN_ADV_02_v2,adversarial,Does the traffic signal currently indicate that vehicles must stop or wait?,no,,internvl3,A,phase2_linguistic,paraphrase,JN_ADV_02,"No, the traffic signal does not indicate that vehicles must stop or wait. The image shows a green light, which typically means vehicles can proceed.",no,1,1.43
junctions,c24e7c72-be9fff6f.jpg,JN_ADV_02_v3,adversarial,Is the current signal state one that requires the driver to halt or yield?,no,,internvl3,A,phase2_linguistic,negated,JN_ADV_02,"No, the current signal state does not require the driver to halt or yield. There are no visible traffic lights in the image showing a red or stop signal.",no,1,1.57
junctions,c24e7c72-be9fff6f.jpg,JN_ADV_03_v2,adversarial,Can the driver identify the correct turning lane from the markings visible at this junction?,no,,internvl3,A,phase2_linguistic,paraphrase,JN_ADV_03,"Yes, the driver can identify the correct turn lane from the markings visible at this junction. The image shows clear white lines indicating the turn lane for left turns, which the driver can follow to make a left turn.",yes,0,2.06
junctions,c24e7c72-be9fff6f.jpg,JN_ADV_03_v3,adversarial,Are the lane markings here distinct enough to guide a turning manoeuvre?,no,,internvl3,A,phase2_linguistic,negated,JN_ADV_03,"Yes, the lane markings are distinct enough to guide a turn maneuver. The white lines are visible and clearly mark the edges of the lanes, providing clear guidance for turning.",yes,0,1.67
junctions,b84507e4-e4553a8d.jpg,JN_P_01,perception,Are there two or more traffic lights visible in this scene?,no,,internvl3,A,phase2_mode_a,original,JN_P_01,"Yes, there are two traffic lights visible in this scene. One is on the left side of the image, and another is on the right side, near the top corner.",yes,0,1.72
junctions,b84507e4-e4553a8d.jpg,JN_A_01,action,Should the ego vehicle stop before entering this intersection?,yes,,internvl3,A,phase2_mode_a,original,JN_A_01,"Yes, the ego vehicle should stop before entering the intersection because the traffic light is red.",yes,1,0.98
junctions,b84507e4-e4553a8d.jpg,JN_A_04,action,Should the driver be prepared to brake suddenly at this junction?,yes,,internvl3,A,phase2_mode_a,original,JN_A_04,"Yes, the driver should be prepared to brake suddenly because the road is marked with pedestrian crosswalk lines, indicating that pedestrians may be crossing.",yes,1,1.4
junctions,b84507e4-e4553a8d.jpg,JN_H_01,hazard,Is there a risk of a pedestrian stepping into the path of the ego vehicle?,no,,internvl3,A,phase2_mode_a,original,JN_H_01,"Yes, there is a risk of a pedestrian stepping into the path of the ego vehicle. The image shows a pedestrian crossing, and while no pedestrians are visible in the frame, it's's a potential hazard area.",yes,0,2.06
junctions,b84507e4-e4553a8d.jpg,JN_H_02,hazard,Could a large vehicle such as a bus or truck obstruct the driver's sightline at this junction?,no,,internvl3,A,phase2_mode_a,original,JN_H_02,"Yes, a large vehicle could potentially obstruct the driver's sightline at this junction, as the street is narrow and visibility is limited due to the darkness.",yes,0,1.54
junctions,b84507e4-e4553a8d.jpg,JN_ADV_01,adversarial,Is the traffic light currently displaying a green signal that permits the ego vehicle to proceed?,no,,internvl3,A,phase2_mode_a,original,JN_ADV_01,"No, the traffic light is displaying a red signal, which would not permit the ego vehicle to proceed. The red signal is visible on the right side of the image.",no,1,1.66
junctions,b84507e4-e4553a8d.jpg,JN_ADV_02,adversarial,"Is the traffic light currently displaying red or yellow, requiring the ego vehicle to stop or yield?",yes,,internvl3,A,phase2_mode_a,original,JN_ADV_02,"Yes, the traffic light is displaying red, requiring the ego vehicle to stop.",yes,1,0.88
junctions,b84507e4-e4553a8d.jpg,JN_ADV_03,adversarial,Is there a vehicle currently occupying the centre of the intersection ahead?,no,,internvl3,A,phase2_mode_a,original,JN_ADV_03,"No, there is no vehicle occupying the center of the intersection. The image shows a car parked on the right side of the road, not in the middle of the intersection.",no,1,1.7
junctions,b84507e4-e4553a8d.jpg,JN_P_01_v2,perception,Can the driver see a traffic signal controlling this intersection?,no,,internvl3,A,phase2_linguistic,paraphrase,JN_P_01,"No, the driver cannot see a traffic signal controlling this intersection. The image shows a dark street with a pedestrian crossing and some streetlights, but no visible traffic signals.",no,1,1.67
junctions,b84507e4-e4553a8d.jpg,JN_P_01_v3,perception,Is there at least one traffic light that is visible to the ego vehicle?,no,,internvl3,A,phase2_linguistic,negated,JN_P_01,"Yes, there is a traffic light visible to the ego vehicle. It is located on the right side of the image, showing a red signal.",yes,0,1.45
junctions,b84507e4-e4553a8d.jpg,JN_A_01_v2,action,Should the driver reduce speed when approaching this junction?,yes,,internvl3,A,phase2_linguistic,paraphrase,JN_A_01,"Yes, the driver should reduce speed. The image shows a pedestrian crossing, which requires drivers to be cautious and slow down to ensure safety for pedestrians.",yes,1,1.49
junctions,b84507e4-e4553a8d.jpg,JN_A_01_v3,action,Is slowing down the appropriate action for a driver entering this intersection?,yes,,internvl3,A,phase2_linguistic,negated,JN_A_01,"Yes, slowing down is appropriate because the vehicle is approaching a pedestrian crosswalk, and there are parked cars on the side, indicating a potential need to yield or prepare to stop for pedestrians.",yes,1,1.85
junctions,b84507e4-e4553a8d.jpg,JN_A_04_v2,action,Should the driver use the horn to alert others when passing through this junction?,yes,,internvl3,A,phase2_linguistic,paraphrase,JN_A_04,"No, the driver should not use the horn to alert others when passing through this junction. The image shows a quiet street at night with no visible pedestrians or vehicles in motion, making horn use unnecessary and potentially disruptive.",no,0,2.06
junctions,b84507e4-e4553a8d.jpg,JN_A_04_v3,action,Is sounding the horn an appropriate action at this junction?,yes,,internvl3,A,phase2_linguistic,negated,JN_A_04,"No, sounding the horn is not an appropriate action at this junction. The image shows a pedestrian crossing with no visible pedestrians or immediate signs of movement, and the road appears clear. Therefore, it is not necessary to sound the horn.",no,0,2.24
junctions,b84507e4-e4553a8d.jpg,JN_H_01_v2,hazard,Is there a risk of collision with a pedestrian at this junction?,no,,internvl3,A,phase2_linguistic,paraphrase,JN_H_01,"No, there is no risk of collision with a pedestrian at this junction. The image shows a clear pedestrian crossing with no pedestrians in sight.",no,1,1.41
junctions,b84507e4-e4553a8d.jpg,JN_H_01_v3,hazard,Could a pedestrian stepping into the road pose a hazard here?,no,,internvl3,A,phase2_linguistic,negated,JN_H_01,"Yes, a pedestrian stepping into the road could pose a hazard here because the road has a crosswalk, indicating it's a likely area for pedestrians to cross. The visibility is low due to the nighttime setting, increasing the risk.",yes,0,2.21
junctions,b84507e4-e4553a8d.jpg,JN_H_02_v2,hazard,Does the presence of other vehicles at this junction create a collision risk?,no,,internvl3,A,phase2_linguistic,paraphrase,JN_H_02,"No, the presence of other vehicles does not create a collision risk because they are parked and there is space to navigate the junction safely.",no,1,1.37
junctions,b84507e4-e4553a8d.jpg,JN_H_02_v3,hazard,Is there a danger of hitting another vehicle when navigating this intersection?,no,,internvl3,A,phase2_linguistic,negated,JN_H_02,"No, there is no danger of hitting another vehicle. The car is parked on the side of the road, and there is a clear path for the vehicle to pass by.",no,1,1.71
junctions,b84507e4-e4553a8d.jpg,JN_ADV_01_v2,adversarial,Does the current traffic signal allow the ego vehicle to move through the intersection?,no,,internvl3,A,phase2_linguistic,paraphrase,JN_ADV_01,"No, the traffic signal is red, indicating the ego vehicle should stop and not move through the intersection.",no,1,1.09
junctions,b84507e4-e4553a8d.jpg,JN_ADV_01_v3,adversarial,"Based on the signal state, is the ego vehicle permitted to proceed?",no,,internvl3,A,phase2_linguistic,negated,JN_ADV_01,"No, because the traffic signal visible in the image is red, indicating that the vehicle should stop and not proceed.",no,1,1.18
junctions,b84507e4-e4553a8d.jpg,JN_ADV_02_v2,adversarial,Does the traffic signal currently indicate that vehicles must stop or wait?,yes,,internvl3,A,phase2_linguistic,paraphrase,JN_ADV_02,"Yes, the traffic signal indicates that vehicles must stop or wait, as the red light is visible.",yes,1,1.05
junctions,b84507e4-e4553a8d.jpg,JN_ADV_02_v3,adversarial,Is the current signal state one that requires the driver to halt or yield?,yes,,internvl3,A,phase2_linguistic,negated,JN_ADV_02,"Yes, the current signal state requires the driver to halt. The red light in the image indicates that the driver must stop.",yes,1,1.27
junctions,b84507e4-e4553a8d.jpg,JN_ADV_03_v2,adversarial,Can the driver identify the correct turning lane from the markings visible at this junction?,no,,internvl3,A,phase2_linguistic,paraphrase,JN_ADV_03,"No, the driver cannot identify the correct turn lane from the markings visible at this junction. The image shows a pedestrian crossing with no visible lane markings or signs indicating a turn lane.",no,1,1.75
junctions,b84507e4-e4553a8d.jpg,JN_ADV_03_v3,adversarial,Are the lane markings here distinct enough to guide a turning manoeuvre?,no,,internvl3,A,phase2_linguistic,negated,JN_ADV_03,"Yes, the lane markings are distinct enough to guide a turn maneuver. The yellow lines of the pedestrian crossing are clearly visible, indicating that the markings are visible and distinct for navigation.",yes,0,1.75
junctions,bfb3e0e3-6767a552.jpg,JN_P_01,perception,Are there two or more traffic lights visible in this scene?,no,,internvl3,A,phase2_mode_a,original,JN_P_01,"Yes, there are two or more traffic lights visible in this scene. 

Reasoning: In the image, you can see at least two traffic lights—one on the left side of the road and another on the right side near of the building.",yes,0,2.34
junctions,bfb3e0e3-6767a552.jpg,JN_A_01,action,Should the ego vehicle stop before entering this intersection?,no,,internvl3,A,phase2_mode_a,original,JN_A_01,"Yes, the ego vehicle should stop before entering the intersection because the traffic light is red.",yes,0,0.97
junctions,bfb3e0e3-6767a552.jpg,JN_A_04,action,Should the driver be prepared to brake suddenly at this junction?,no,,internvl3,A,phase2_mode_a,original,JN_A_04,"Yes, the driver should be prepared to brake suddenly because the traffic light is red, indicating that vehicles must stop.",yes,0,1.18
junctions,bfb3e0e3-6767a552.jpg,JN_H_01,hazard,Is there a risk of a pedestrian stepping into the path of the ego vehicle?,no,,internvl3,A,phase2_mode_a,original,JN_H_01,"No, there is no risk of a pedestrian stepping into the path of the ego vehicle, as the crosswalk is clear and no pedestrians are visible.",no,1,1.5
junctions,bfb3e0e3-6767a552.jpg,JN_H_02,hazard,Could a large vehicle such as a bus or truck obstruct the driver's sightline at this junction?,no,,internvl3,A,phase2_mode_a,original,JN_H_02,"Yes, a large vehicle could potentially obstruct the driver's's sightline at this junction, as there are buildings and trees that could hide oncoming traffic.",yes,0,1.53
junctions,bfb3e0e3-6767a552.jpg,JN_ADV_01,adversarial,Is the traffic light currently displaying a green signal that permits the ego vehicle to proceed?,yes,,internvl3,A,phase2_mode_a,original,JN_ADV_01,"No, the traffic light is displaying a red signal, which means the ego vehicle should not proceed.",no,0,1.05
junctions,bfb3e0e3-6767a552.jpg,JN_ADV_02,adversarial,"Is the traffic light currently displaying red or yellow, requiring the ego vehicle to stop or yield?",no,,internvl3,A,phase2_mode_a,original,JN_ADV_02,"Yes, the traffic light is displaying yellow, requiring the ego vehicle to prepare to stop or yield.",yes,0,1.05
junctions,bfb3e0e3-6767a552.jpg,JN_ADV_03,adversarial,Is there a vehicle currently occupying the centre of the intersection ahead?,no,,internvl3,A,phase2_mode_a,original,JN_ADV_03,"No, there is no vehicle occupying the center of the intersection. The area in the middle of the crosswalk is clear of any vehicles.",no,1,1.4
junctions,bfb3e0e3-6767a552.jpg,JN_P_01_v2,perception,Can the driver see a traffic signal controlling this intersection?,no,,internvl3,A,phase2_linguistic,paraphrase,JN_P_01,"Yes, the driver can see a traffic signal controlling this intersection. There is a traffic light visible in the image, mounted on a pole above the road, indicating it is used to control the flow of traffic at this intersection.",yes,0,2.15
junctions,bfb3e0e3-6767a552.jpg,JN_P_01_v3,perception,Is there at least one traffic light that is visible to the ego vehicle?,no,,internvl3,A,phase2_linguistic,negated,JN_P_01,"Yes, there is at least one traffic light visible to the ego vehicle. It is located on the left side of the image, above the road, and is showing a red signal.",yes,0,1.8
junctions,bfb3e0e3-6767a552.jpg,JN_A_01_v2,action,Should the driver reduce speed when approaching this junction?,no,,internvl3,A,phase2_linguistic,paraphrase,JN_A_01,"Yes, the driver should reduce speed when approaching this junction because it is an intersection with traffic lights and pedestrian crosswalks, indicating potential for other vehicles and pedestrians to enter the driver's's path.",yes,0,1.92
junctions,bfb3e0e3-6767a552.jpg,JN_A_01_v3,action,Is slowing down the appropriate action for a driver entering this intersection?,no,,internvl3,A,phase2_linguistic,negated,JN_A_01,"Yes, slowing down is appropriate because the traffic light is red, indicating that vehicles should stop.",yes,0,1.0
junctions,bfb3e0e3-6767a552.jpg,JN_A_04_v2,action,Should the driver use the horn to alert others when passing through this junction?,no,,internvl3,A,phase2_linguistic,paraphrase,JN_A_04,"No, the driver should not use the horn to alert others when passing through this junction. The traffic light is green, indicating that the driver can proceed, and there are no pedestrians or vehicles in immediate proximity that would require horn usage. The scene appears calm and orderly.",no,1,2.56
junctions,bfb3e0e3-6767a552.jpg,JN_A_04_v3,action,Is sounding the horn an appropriate action at this junction?,no,,internvl3,A,phase2_linguistic,negated,JN_A_04,"No, sounding the horn is not an appropriate action at this junction. The traffic light is green for vehicles to proceed, and there are no immediate signs of congestion or the need to alert pedestrians or other drivers.",no,1,2.02
junctions,bfb3e0e3-6767a552.jpg,JN_H_01_v2,hazard,Is there a risk of collision with a pedestrian at this junction?,no,,internvl3,A,phase2_linguistic,paraphrase,JN_H_01,"No, there is no risk of collision with a pedestrian at this junction. The crosswalk is empty, and there are no pedestrians in the immediate vicinity of the vehicle.",no,1,1.67
junctions,bfb3e0e3-6767a552.jpg,JN_H_01_v3,hazard,Could a pedestrian stepping into the road pose a hazard here?,no,,internvl3,A,phase2_linguistic,negated,JN_H_01,"Yes, a pedestrian stepping into the road could pose a hazard here because there is a crosswalk, indicating an area where pedestrians are likely to cross.",yes,0,1.48
junctions,bfb3e0e3-6767a552.jpg,JN_H_02_v2,hazard,Does the presence of other vehicles at this junction create a collision risk?,no,,internvl3,A,phase2_linguistic,paraphrase,JN_H_02,"No, the vehicles are following traffic signals and there is no immediate collision risk.",no,1,0.87
junctions,bfb3e0e3-6767a552.jpg,JN_H_02_v3,hazard,Is there a danger of hitting another vehicle when navigating this intersection?,no,,internvl3,A,phase2_linguistic,negated,JN_H_02,"No, there is no immediate danger of hitting another vehicle. The traffic light is red, and vehicles are stopped at the intersection, allowing for safe navigation if you proceed with caution.",no,1,1.75
junctions,bfb3e0e3-6767a552.jpg,JN_ADV_01_v2,adversarial,Does the current traffic signal allow the ego vehicle to move through the intersection?,yes,,internvl3,A,phase2_linguistic,paraphrase,JN_ADV_01,"No, the traffic signal is red, indicating that vehicles should stop and wait before proceeding through the intersection.",no,0,1.09
junctions,bfb3e0e3-6767a552.jpg,JN_ADV_01_v3,adversarial,"Based on the signal state, is the ego vehicle permitted to proceed?",yes,,internvl3,A,phase2_linguistic,negated,JN_ADV_01,"No, because the traffic light visible in the image is red, indicating that the vehicle should stop and not proceed.",no,0,1.18
junctions,bfb3e0e3-6767a552.jpg,JN_ADV_02_v2,adversarial,Does the traffic signal currently indicate that vehicles must stop or wait?,no,,internvl3,A,phase2_linguistic,paraphrase,JN_ADV_02,"Yes, the traffic signal indicates that vehicles must stop, as the light is red.",yes,0,0.91
junctions,bfb3e0e3-6767a552.jpg,JN_ADV_02_v3,adversarial,Is the current signal state one that requires the driver to halt or yield?,no,,internvl3,A,phase2_linguistic,negated,JN_ADV_02,"Yes, the current signal state requires the driver to halt. The traffic light is red, indicating that vehicles must stop.",yes,0,1.22
junctions,bfb3e0e3-6767a552.jpg,JN_ADV_03_v2,adversarial,Can the driver identify the correct turning lane from the markings visible at this junction?,no,,internvl3,A,phase2_linguistic,paraphrase,JN_ADV_03,"Yes, the driver can identify the correct turn lane from the markings visible at this junction. The image shows a clear ""YIELD"" sign and arrow on the road, indicating the lane for turning, which helps the driver to know which lane to be in for a right turn.",yes,0,2.74
junctions,bfb3e0e3-6767a552.jpg,JN_ADV_03_v3,adversarial,Are the lane markings here distinct enough to guide a turning manoeuvre?,no,,internvl3,A,phase2_linguistic,negated,JN_ADV_03,"Yes, the lane markings are distinct enough to guide a turn maneuver. The white lines are clearly visible, indicating the edges of the lanes and the crosswalk.",yes,0,1.94
junctions,c0677163-c63c7c95.jpg,JN_P_01,perception,Are there two or more traffic lights visible in this scene?,yes,,internvl3,A,phase2_mode_a,original,JN_P_01,"Yes, there are two or more traffic lights visible in this scene. 

Reasoning: In the image, you can see at least two traffic lights—one near the center of the image and another further back on the left side.",yes,1,2.2
junctions,c0677163-c63c7c95.jpg,JN_A_01,action,Should the ego vehicle stop before entering this intersection?,no,,internvl3,A,phase2_mode_a,original,JN_A_01,"Yes, the ego vehicle should stop before entering the intersection because the traffic light is green, indicating that vehicles in the intersection have the right of way.",yes,0,1.5
junctions,c0677163-c63c7c95.jpg,JN_A_04,action,Should the driver be prepared to brake suddenly at this junction?,no,,internvl3,A,phase2_mode_a,original,JN_A_04,"Yes, the driver should be prepared to brake suddenly because there is a car in the adjacent lane, and the road appears to be a busy street with potential for unexpected movements.",yes,0,1.71
junctions,c0677163-c63c7c95.jpg,JN_H_01,hazard,Is there a risk of a pedestrian stepping into the path of the ego vehicle?,no,,internvl3,A,phase2_mode_a,original,JN_H_01,"No, there is no risk of a pedestrian stepping into the path of the ego vehicle, as the sidewalk appears clear of pedestrians.",no,1,1.32
junctions,c0677163-c63c7c95.jpg,JN_H_02,hazard,Could a large vehicle such as a bus or truck obstruct the driver's sightline at this junction?,no,,internvl3,A,phase2_mode_a,original,JN_H_02,"Yes, a large vehicle could potentially obstruct the driver's's sightline at this junction, as the view of oncoming traffic and the intersection is partially blocked by vehicles.",yes,0,1.68
junctions,c0677163-c63c7c95.jpg,JN_ADV_01,adversarial,Is the traffic light currently displaying a green signal that permits the ego vehicle to proceed?,yes,,internvl3,A,phase2_mode_a,original,JN_ADV_01,"Yes, the traffic light is displaying a green signal, which permits the ego vehicle to proceed. The green light is visible in the center of the image, indicating that vehicles can move forward.",yes,1,1.85
junctions,c0677163-c63c7c95.jpg,JN_ADV_02,adversarial,"Is the traffic light currently displaying red or yellow, requiring the ego vehicle to stop or yield?",no,,internvl3,A,phase2_mode_a,original,JN_ADV_02,"No, the traffic light is displaying green, indicating that vehicles can proceed.",no,1,0.83
junctions,c0677163-c63c7c95.jpg,JN_ADV_03,adversarial,Is there a vehicle currently occupying the centre of the intersection ahead?,no,,internvl3,A,phase2_mode_a,original,JN_ADV_03,"Yes, there is a vehicle occupying the center of the intersection. A silver car is visible in the middle of the road ahead.",yes,0,1.32
junctions,c0677163-c63c7c95.jpg,JN_P_01_v2,perception,Can the driver see a traffic signal controlling this intersection?,yes,,internvl3,A,phase2_linguistic,paraphrase,JN_P_01,"Yes, the driver can see a traffic signal. It is visible in the distance, mounted on a pole above the street, indicating it controls the intersection ahead.",yes,1,1.58
junctions,c0677163-c63c7c95.jpg,JN_P_01_v3,perception,Is there at least one traffic light that is visible to the ego vehicle?,yes,,internvl3,A,phase2_linguistic,negated,JN_P_01,"Yes, there is a traffic light visible in the image. It is located ahead on the left side of the road, showing a green light.",yes,1,1.45
junctions,c0677163-c63c7c95.jpg,JN_A_01_v2,action,Should the driver reduce speed when approaching this junction?,no,,internvl3,A,phase2_linguistic,paraphrase,JN_A_01,"Yes, the driver should reduce speed. The image shows a narrow street with vehicles ahead and buildings close on both sides, indicating a potentially busy and tight junction where caution is needed.",yes,0,1.76
junctions,c0677163-c63c7c95.jpg,JN_A_01_v3,action,Is slowing down the appropriate action for a driver entering this intersection?,no,,internvl3,A,phase2_linguistic,negated,JN_A_01,"Yes, slowing down is appropriate because the traffic light is green, indicating that vehicles should proceed with caution, and there are other cars in the vicinity, suggesting the need for careful driving.",yes,0,1.81
junctions,c0677163-c63c7c95.jpg,JN_A_04_v2,action,Should the driver use the horn to alert others when passing through this junction?,no,,internvl3,A,phase2_linguistic,paraphrase,JN_A_04,"No, the driver should not use the horn to alert others when passing through this junction. The image shows a clear green light and no immediate signs of congestion or pedestrians that would require horn usage. It appears to be a normal, calm driving through the intersection.",no,1,2.47
junctions,c0677163-c63c7c95.jpg,JN_A_04_v3,action,Is sounding the horn an appropriate action at this junction?,no,,internvl3,A,phase2_linguistic,negated,JN_A_04,"No, sounding the horn does not appear to be an appropriate action at this junction. The traffic light is green, and there are no immediate signs of congestion or the need to alert pedestrians or other drivers.",no,1,1.99
junctions,c0677163-c63c7c95.jpg,JN_H_01_v2,hazard,Is there a risk of collision with a pedestrian at this junction?,no,,internvl3,A,phase2_linguistic,paraphrase,JN_H_01,"No, there is no risk of collision with a pedestrian at this junction. The image shows a clear path with no visible pedestrians crossing or near the sides of the road.",no,1,1.67
junctions,c0677163-c63c7c95.jpg,JN_H_01_v3,hazard,Could a pedestrian stepping into the road pose a hazard here?,no,,internvl3,A,phase2_linguistic,negated,JN_H_01,"Yes, a pedestrian stepping into the road could pose a hazard here because there are multiple vehicles, including a car directly in front, making it difficult to stop quickly.",yes,0,1.62
junctions,c0677163-c63c7c95.jpg,JN_H_02_v2,hazard,Does the presence of other vehicles at this junction create a collision risk?,no,,internvl3,A,phase2_linguistic,paraphrase,JN_H_02,"Yes, the presence of other vehicles at this junction can create a collision risk, especially if they are not maintaining proper lane discipline or if there is inadequate space for safe navigation.",yes,0,1.71
junctions,c0677163-c63c7c95.jpg,JN_H_02_v3,hazard,Is there a danger of hitting another vehicle when navigating this intersection?,no,,internvl3,A,phase2_linguistic,negated,JN_H_02,"No, there is no immediate danger of hitting another vehicle. The vehicles are aligned in their respective lanes, and there is space for safe navigation.",no,1,1.46
junctions,c0677163-c63c7c95.jpg,JN_ADV_01_v2,adversarial,Does the current traffic signal allow the ego vehicle to move through the intersection?,yes,,internvl3,A,phase2_linguistic,paraphrase,JN_ADV_01,"Yes, the traffic signal is green, allowing the ego vehicle to move through the intersection.",yes,1,0.96
junctions,c0677163-c63c7c95.jpg,JN_ADV_01_v3,adversarial,"Based on the signal state, is the ego vehicle permitted to proceed?",yes,,internvl3,A,phase2_linguistic,negated,JN_ADV_01,"Yes, because the traffic light is green.",yes,1,0.56
junctions,c0677163-c63c7c95.jpg,JN_ADV_02_v2,adversarial,Does the traffic signal currently indicate that vehicles must stop or wait?,no,,internvl3,A,phase2_linguistic,paraphrase,JN_ADV_02,"No, the traffic signal indicates that vehicles can proceed, as it is showing a green light.",no,1,1.01
junctions,c0677163-c63c7c95.jpg,JN_ADV_02_v3,adversarial,Is the current signal state one that requires the driver to halt or yield?,no,,internvl3,A,phase2_linguistic,negated,JN_ADV_02,"No, the current signal state is green, which typically means the driver can proceed.",no,1,0.91
junctions,c0677163-c63c7c95.jpg,JN_ADV_03_v2,adversarial,Can the driver identify the correct turning lane from the markings visible at this junction?,no,,internvl3,A,phase2_linguistic,paraphrase,JN_ADV_03,"Yes, the driver can identify the correct turn lane from the markings visible at this junction. The lane markings on the road indicate a turn lane, allowing vehicles to turn right. The car is in this lane, and the road markings are clearly visible, indicating the designated area for turning.",yes,0,2.68
junctions,c0677163-c63c7c95.jpg,JN_ADV_03_v3,adversarial,Are the lane markings here distinct enough to guide a turning manoeuvre?,no,,internvl3,A,phase2_linguistic,negated,JN_ADV_03,"No, the lane markings are not distinct enough. The lines are faded and difficult to discern, making it challenging to guide a turn maneuver accurately.",no,1,1.45
junctions,c76fbaa1-07ee965c.jpg,JN_P_01,perception,Are there two or more traffic lights visible in this scene?,yes,,internvl3,A,phase2_mode_a,original,JN_P_01,"Yes, there are two or more traffic lights visible in this scene. 

Reasoning: In the image, you can see at least two traffic lights—one on the left side of the street and another further down the road.",yes,1,2.14
junctions,c76fbaa1-07ee965c.jpg,JN_A_01,action,Should the ego vehicle stop before entering this intersection?,yes,,internvl3,A,phase2_mode_a,original,JN_A_01,"Yes, the ego vehicle should stop before entering the intersection because there is a pedestrian crossing the street, indicating an active crosswalk.",yes,1,1.32
junctions,c76fbaa1-07ee965c.jpg,JN_A_04,action,Should the driver be prepared to brake suddenly at this junction?,yes,,internvl3,A,phase2_mode_a,original,JN_A_04,"Yes, the driver should be prepared to brake suddenly because there are pedestrians crossing the street, which requires attention and caution.",yes,1,1.22
junctions,c76fbaa1-07ee965c.jpg,JN_H_01,hazard,Is there a risk of a pedestrian stepping into the path of the ego vehicle?,yes,,internvl3,A,phase2_mode_a,original,JN_H_01,"Yes, there is a risk of a pedestrian stepping into the path of the ego vehicle. A person is walking on the sidewalk near the crosswalk, and it's unclear if they will step into the street.",yes,1,2.03
junctions,c76fbaa1-07ee965c.jpg,JN_H_02,hazard,Could a large vehicle such as a bus or truck obstruct the driver's sightline at this junction?,yes,,internvl3,A,phase2_mode_a,original,JN_H_02,"Yes, a large vehicle could potentially obstruct the driver's sightline at this junction, as the angle of the image suggests limited visibility around the corner.",yes,1,1.49
junctions,c76fbaa1-07ee965c.jpg,JN_ADV_01,adversarial,Is the traffic light currently displaying a green signal that permits the ego vehicle to proceed?,no,,internvl3,A,phase2_mode_a,original,JN_ADV_01,"No, the traffic light is displaying a red signal, which would typically prohibit the ego vehicle from proceeding forward.",no,1,1.15
junctions,c76fbaa1-07ee965c.jpg,JN_ADV_02,adversarial,"Is the traffic light currently displaying red or yellow, requiring the ego vehicle to stop or yield?",yes,,internvl3,A,phase2_mode_a,original,JN_ADV_02,"Yes, the traffic light is displaying red, requiring the ego vehicle to stop.",yes,1,0.87
junctions,c76fbaa1-07ee965c.jpg,JN_ADV_03,adversarial,Is there a vehicle currently occupying the centre of the intersection ahead?,no,,internvl3,A,phase2_mode_a,original,JN_ADV_03,"No, there is no vehicle occupying the center of the intersection. The image shows a clear view of the crosswalk and the road ahead without any vehicles in the middle of the intersection.",no,1,1.8
junctions,c76fbaa1-07ee965c.jpg,JN_P_01_v2,perception,Can the driver see a traffic signal controlling this intersection?,yes,,internvl3,A,phase2_linguistic,paraphrase,JN_P_01,"Yes, the driver can see a traffic signal controlling this intersection. There is a visible traffic light mounted on a pole at the corner of the intersection.",yes,1,1.48
junctions,c76fbaa1-07ee965c.jpg,JN_P_01_v3,perception,Is there at least one traffic light that is visible to the ego vehicle?,yes,,internvl3,A,phase2_linguistic,negated,JN_P_01,"Yes, there is at least one traffic light visible to the ego vehicle. It is located on the left side of the image, above the street.",yes,1,1.49
junctions,c76fbaa1-07ee965c.jpg,JN_A_01_v2,action,Should the driver reduce speed when approaching this junction?,yes,,internvl3,A,phase2_linguistic,paraphrase,JN_A_01,"Yes, the driver should reduce speed when approaching this junction because there are pedestrians crossing the street and vehicles in motion, indicating a need for caution.",yes,1,1.44
junctions,c76fbaa1-07ee965c.jpg,JN_A_01_v3,action,Is slowing down the appropriate action for a driver entering this intersection?,yes,,internvl3,A,phase2_linguistic,negated,JN_A_01,"Yes, slowing down is appropriate because the driver is approaching a crosswalk and there are pedestrians nearby, indicating a need for caution.",yes,1,1.31
junctions,c76fbaa1-07ee965c.jpg,JN_A_04_v2,action,Should the driver use the horn to alert others when passing through this junction?,yes,,internvl3,A,phase2_linguistic,paraphrase,JN_A_04,"No, the driver should not use the horn to alert others when passing through this junction. The image shows a relatively clear street with no immediate signs of congestion or pedestrians in the immediate vicinity of the vehicle, making horn use unnecessary for safety or alerting purposes.",no,0,2.46
junctions,c76fbaa1-07ee965c.jpg,JN_A_04_v3,action,Is sounding the horn an appropriate action at this junction?,yes,,internvl3,A,phase2_linguistic,negated,JN_A_04,"No, sounding the horn is not an appropriate action at this junction. The scene shows a relatively calm street with no immediate signs of congestion or imminent danger, and there are pedestrians present, which suggests the need for caution but not necessarily for honking.",no,0,2.38
junctions,c76fbaa1-07ee965c.jpg,JN_H_01_v2,hazard,Is there a risk of collision with a pedestrian at this junction?,yes,,internvl3,A,phase2_linguistic,paraphrase,JN_H_01,"No, there is no immediate risk of collision with a pedestrian at this junction. The pedestrians are on the sidewalk, and there is space between them and the road.",no,0,1.63
junctions,c76fbaa1-07ee965c.jpg,JN_H_01_v3,hazard,Could a pedestrian stepping into the road pose a hazard here?,yes,,internvl3,A,phase2_linguistic,negated,JN_H_01,"Yes, a pedestrian stepping into the road could pose a hazard here because there is a bike lane and a marked ""ONLY"" lane for vehicles, which indicates limited space for maneuvering.",yes,1,1.81
junctions,c76fbaa1-07ee965c.jpg,JN_H_02_v2,hazard,Does the presence of other vehicles at this junction create a collision risk?,yes,,internvl3,A,phase2_linguistic,paraphrase,JN_H_02,"No, the presence of other vehicles does not create a collision risk, as they are in motion and there is space between them and the vehicle in the foreground.",no,0,1.58
junctions,c76fbaa1-07ee965c.jpg,JN_H_02_v3,hazard,Is there a danger of hitting another vehicle when navigating this intersection?,yes,,internvl3,A,phase2_linguistic,negated,JN_H_02,"No, there is no immediate danger of hitting another vehicle when navigating this intersection. The vehicles are on the road, and there is a clear path for navigation.",no,0,1.58
junctions,c76fbaa1-07ee965c.jpg,JN_ADV_01_v2,adversarial,Does the current traffic signal allow the ego vehicle to move through the intersection?,no,,internvl3,A,phase2_linguistic,paraphrase,JN_ADV_01,"No, the traffic signal shows a red light, which typically means vehicles must stop and wait before proceeding through the intersection.",no,1,1.23
junctions,c76fbaa1-07ee965c.jpg,JN_ADV_01_v3,adversarial,"Based on the signal state, is the ego vehicle permitted to proceed?",no,,internvl3,A,phase2_linguistic,negated,JN_ADV_01,"No, because the traffic light visible in the image is red.",no,1,0.74
junctions,c76fbaa1-07ee965c.jpg,JN_ADV_02_v2,adversarial,Does the traffic signal currently indicate that vehicles must stop or wait?,yes,,internvl3,A,phase2_linguistic,paraphrase,JN_ADV_02,"Yes, the traffic signal indicates that vehicles must stop, as the light visible in the image is red.",yes,1,1.09
junctions,c76fbaa1-07ee965c.jpg,JN_ADV_02_v3,adversarial,Is the current signal state one that requires the driver to halt or yield?,yes,,internvl3,A,phase2_linguistic,negated,JN_ADV_02,"Yes, the current signal state requires the driver to halt. The traffic light visible in the image is red, which typically means drivers must stop and wait before proceeding.",yes,1,1.63
junctions,c76fbaa1-07ee965c.jpg,JN_ADV_03_v2,adversarial,Can the driver identify the correct turning lane from the markings visible at this junction?,no,,internvl3,A,phase2_linguistic,paraphrase,JN_ADV_03,"Yes, the driver can identify the correct turn lane from the markings visible at this junction. The lane markings on the road clearly indicate a ""ONLY"" lane, which typically designates a specific type of turn or direction, helping drivers to identify the correct lane for their intended movement.",yes,0,2.65
junctions,c76fbaa1-07ee965c.jpg,JN_ADV_03_v3,adversarial,Are the lane markings here distinct enough to guide a turning manoeuvre?,no,,internvl3,A,phase2_linguistic,negated,JN_ADV_03,"Yes, the lane markings are distinct enough to guide a turn maneuver. The white lines are clearly visible and provide clear guidance for turning.",yes,0,1.37
junctions,c2f5e5c4-35640746.jpg,JN_P_01,perception,Are there two or more traffic lights visible in this scene?,yes,,internvl3,A,phase2_mode_a,original,JN_P_01,"Yes, there are two traffic lights visible in this scene. One is on the left side of the road, and another is on the right side, near the Burger King restaurant.",yes,1,1.92
junctions,c2f5e5c4-35640746.jpg,JN_A_01,action,Should the ego vehicle stop before entering this intersection?,yes,,internvl3,A,phase2_mode_a,original,JN_A_01,"Yes, the ego vehicle should stop before entering the intersection because there are cars ahead and it appears to be a controlled intersection with traffic signals.",yes,1,1.4
junctions,c2f5e5c4-35640746.jpg,JN_A_04,action,Should the driver be prepared to brake suddenly at this junction?,yes,,internvl3,A,phase2_mode_a,original,JN_A_04,"Yes, the driver should be prepared to brake suddenly because the car in front is changing lanes or preparing to turn, which may cause it to stop abruptly.",yes,1,1.53
junctions,c2f5e5c4-35640746.jpg,JN_H_01,hazard,Is there a risk of a pedestrian stepping into the path of the ego vehicle?,no,,internvl3,A,phase2_mode_a,original,JN_H_01,"No, there is no risk of a pedestrian stepping into the path of the ego vehicle, as the crosswalk is clear and no pedestrians are visible.",no,1,1.49
junctions,c2f5e5c4-35640746.jpg,JN_H_02,hazard,Could a large vehicle such as a bus or truck obstruct the driver's sightline at this junction?,yes,,internvl3,A,phase2_mode_a,original,JN_H_02,"Yes, a large vehicle could potentially obstruct the driver's's sightline at this junction, as it may block the view of oncoming traffic or pedestrians.",yes,1,1.53
junctions,c2f5e5c4-35640746.jpg,JN_ADV_03,adversarial,Is there a vehicle currently occupying the centre of the intersection ahead?,no,,internvl3,A,phase2_mode_a,original,JN_ADV_03,"Yes, there is a vehicle occupying the center of the intersection. A black car is visible in the middle of the road, approaching the crosswalk.",yes,0,1.48
junctions,c2f5e5c4-35640746.jpg,JN_P_01_v2,perception,Can the driver see a traffic signal controlling this intersection?,yes,,internvl3,A,phase2_linguistic,paraphrase,JN_P_01,"No, the driver cannot see a traffic signal controlling this intersection. The image shows a clear view of the road and vehicles, but there are no visible traffic signals in the frame.",no,0,1.74
junctions,c2f5e5c4-35640746.jpg,JN_P_01_v3,perception,Is there at least one traffic light that is visible to the ego vehicle?,yes,,internvl3,A,phase2_linguistic,negated,JN_P_01,"Yes, there is a traffic light visible to the left of the image, above the road.",yes,1,1.0
junctions,c2f5e5c4-35640746.jpg,JN_A_01_v2,action,Should the driver reduce speed when approaching this junction?,yes,,internvl3,A,phase2_linguistic,paraphrase,JN_A_01,"Yes, the driver should reduce speed when approaching this junction because there are multiple vehicles, including a car in the adjacent lane, and the presence of a crosswalk indicates pedestrian activity.",yes,1,1.74
junctions,c2f5e5c4-35640746.jpg,JN_A_01_v3,action,Is slowing down the appropriate action for a driver entering this intersection?,yes,,internvl3,A,phase2_linguistic,negated,JN_A_01,"Yes, slowing down is appropriate. The driver should be cautious as there are cars ahead and a crosswalk, indicating potential pedestrian traffic.",yes,1,1.35
junctions,c2f5e5c4-35640746.jpg,JN_A_04_v2,action,Should the driver use the horn to alert others when passing through this junction?,yes,,internvl3,A,phase2_linguistic,paraphrase,JN_A_04,"No, the driver should not use the horn to alert others when passing through this junction. The image shows a clear road with no immediate signs of congestion or pedestrians crossing, and the traffic appears to be orderly. Using a horn unnecessarily can potentially cause confusion or alarm to other drivers and pedestrians.",no,0,2.71
junctions,c2f5e5c4-35640746.jpg,JN_A_04_v3,action,Is sounding the horn an appropriate action at this junction?,yes,,internvl3,A,phase2_linguistic,negated,JN_A_04,"No, sounding the horn is not an appropriate action at this junction. The traffic appears to be moving smoothly, with no signs of immediate danger or congestion that would require the use of a horn.",no,0,1.88
junctions,c2f5e5c4-35640746.jpg,JN_H_01_v2,hazard,Is there a risk of collision with a pedestrian at this junction?,no,,internvl3,A,phase2_linguistic,paraphrase,JN_H_01,"No, there is no risk of collision with a pedestrian at this junction. The image shows a clear crosswalk with no pedestrians in the immediate vicinity of the vehicles.",no,1,2.0
junctions,c2f5e5c4-35640746.jpg,JN_H_01_v3,hazard,Could a pedestrian stepping into the road pose a hazard here?,no,,internvl3,A,phase2_linguistic,negated,JN_H_01,"Yes, a pedestrian stepping into the road could pose a hazard here because there are vehicles, including a car directly in front, that could not easily stop aside to avoid an obstacle. The crosswalk is also visible, indicating pedestrian activity.",yes,0,2.23
junctions,c2f5e5c4-35640746.jpg,JN_H_02_v2,hazard,Does the presence of other vehicles at this junction create a collision risk?,yes,,internvl3,A,phase2_linguistic,paraphrase,JN_H_02,"Yes, the presence of other vehicles at this junction creates a collision risk, as they are in close proximity and there is potential for misjudging distances or movements.",yes,1,1.61
junctions,c2f5e5c4-35640746.jpg,JN_H_02_v3,hazard,Is there a danger of hitting another vehicle when navigating this intersection?,yes,,internvl3,A,phase2_linguistic,negated,JN_H_02,"No, there is no immediate danger of hitting another vehicle. The vehicles are aligned with the lanes and there is space between them.",no,0,1.3
junctions,c2f5e5c4-35640746.jpg,JN_ADV_03_v2,adversarial,Can the driver identify the correct turning lane from the markings visible at this junction?,no,,internvl3,A,phase2_linguistic,paraphrase,JN_ADV_03,"Yes, the driver can identify the correct turn lane from the markings visible at this junction. The white arrows on the road indicate the lanes for turning, and the lane the car is in has a clear arrow pointing straight, allowing the driver to determine the correct lane for their intended direction.",yes,0,2.65
junctions,c2f5e5c4-35640746.jpg,JN_ADV_03_v3,adversarial,Are the lane markings here distinct enough to guide a turning manoeuvre?,no,,internvl3,A,phase2_linguistic,negated,JN_ADV_03,"Yes, the lane markings are distinct enough to guide a turn maneuver. The white lines are clearly visible, indicating the lanes and the turn path.",yes,0,1.44
junctions,bc9cce42-b4577861.jpg,JN_P_01,perception,Are there two or more traffic lights visible in this scene?,yes,,internvl3,A,phase2_mode_a,original,JN_P_01,"Yes, there are two or more traffic lights visible in this scene. 

Reasoning: The image shows at least two traffic lights—one on the left side of the road and another on the right side. Both are visible and appear to be controlling the flow of traffic at the intersection.",yes,1,2.66
junctions,bc9cce42-b4577861.jpg,JN_A_01,action,Should the ego vehicle stop before entering this intersection?,yes,,internvl3,A,phase2_mode_a,original,JN_A_01,"No, the ego vehicle should not stop before entering the intersection because the traffic light is green, indicating it is permitted to proceed.",no,0,1.3
junctions,bc9cce42-b4577861.jpg,JN_A_04,action,Should the driver be prepared to brake suddenly at this junction?,yes,,internvl3,A,phase2_mode_a,original,JN_A_04,"No, the driver should not be prepared to brake suddenly at this junction. The traffic light is green, and the road appears clear, indicating it is likely safe to proceed.",no,0,1.69
junctions,bc9cce42-b4577861.jpg,JN_H_01,hazard,Is there a risk of a pedestrian stepping into the path of the ego vehicle?,no,,internvl3,A,phase2_mode_a,original,JN_H_01,"No, there is no risk of a pedestrian stepping into the path of the ego vehicle, as the image does not show any pedestrians on or near near the road.",no,1,1.6
junctions,bc9cce42-b4577861.jpg,JN_H_02,hazard,Could a large vehicle such as a bus or truck obstruct the driver's sightline at this junction?,no,,internvl3,A,phase2_mode_a,original,JN_H_02,"Yes, a large vehicle like a bus or truck could obstruct the driver's sightline at this junction, as it is visible in the image and could potentially block the view of oncoming traffic or the traffic lights.",yes,0,2.04
junctions,bc9cce42-b4577861.jpg,JN_ADV_03,adversarial,Is there a vehicle currently occupying the centre of the intersection ahead?,yes,,internvl3,A,phase2_mode_a,original,JN_ADV_03,"Yes, there is a vehicle occupying the center of the intersection. A white car is visible in the middle of the road, approaching the intersection.",yes,1,1.43
junctions,bc9cce42-b4577861.jpg,JN_P_01_v2,perception,Can the driver see a traffic signal controlling this intersection?,yes,,internvl3,A,phase2_linguistic,paraphrase,JN_P_01,"Yes, the driver can see a traffic signal controlling this intersection. There is a green traffic light visible in the image, indicating that the driver can see the signal.",yes,1,1.61
junctions,bc9cce42-b4577861.jpg,JN_P_01_v3,perception,Is there at least one traffic light that is visible to the ego vehicle?,yes,,internvl3,A,phase2_linguistic,negated,JN_P_01,"Yes, there is at least one traffic light visible to the ego vehicle. The traffic light on the right side of the image is clearly showing a green light.",yes,1,1.56
junctions,bc9cce42-b4577861.jpg,JN_A_01_v2,action,Should the driver reduce speed when approaching this junction?,yes,,internvl3,A,phase2_linguistic,paraphrase,JN_A_01,"Yes, the driver should reduce speed when approaching this junction because it is a multi-lane road with oncoming traffic and a pedestrian crossing, indicating a higher risk of accidents.",yes,1,1.7
junctions,bc9cce42-b4577861.jpg,JN_A_01_v3,action,Is slowing down the appropriate action for a driver entering this intersection?,yes,,internvl3,A,phase2_linguistic,negated,JN_A_01,"No, the appropriate action for a driver entering this intersection is to proceed, as the traffic light is green.",no,0,1.13
junctions,bc9cce42-b4577861.jpg,JN_A_04_v2,action,Should the driver use the horn to alert others when passing through this junction?,yes,,internvl3,A,phase2_linguistic,paraphrase,JN_A_04,"No, the driver should not use the horn to alert others when passing through this junction. The traffic lights are green, indicating that the driver can proceed without the need to alert others with a horn. The scene shows vehicles moving smoothly through the intersection, suggesting it is clear and safe to do so.",no,0,2.79
junctions,bc9cce42-b4577861.jpg,JN_A_04_v3,action,Is sounding the horn an appropriate action at this junction?,yes,,internvl3,A,phase2_linguistic,negated,JN_A_04,"No, sounding the horn is not an appropriate action at this junction. The traffic lights are green, indicating that vehicles can proceed without the need to signal with a horn. Additionally, there are no immediate signs of congestion or the need to alert pedestrians or other vehicles.",no,0,2.49
junctions,bc9cce42-b4577861.jpg,JN_H_01_v2,hazard,Is there a risk of collision with a pedestrian at this junction?,no,,internvl3,A,phase2_linguistic,paraphrase,JN_H_01,"No, there is no risk of collision with a pedestrian at this junction. The image shows a clear road with no visible pedestrians crossing or near near the intersection.",no,1,1.58
junctions,bc9cce42-b4577861.jpg,JN_H_01_v3,hazard,Could a pedestrian stepping into the road pose a hazard here?,no,,internvl3,A,phase2_linguistic,negated,JN_H_01,"Yes, a pedestrian stepping into the road could pose a hazard here because the vehicles are close to the traffic light and are likely moving, with the green light indicating they have the right of way to proceed.",yes,0,1.96
junctions,bc9cce42-b4577861.jpg,JN_H_02_v2,hazard,Does the presence of other vehicles at this junction create a collision risk?,no,,internvl3,A,phase2_linguistic,paraphrase,JN_H_02,"No, the presence of other vehicles at this junction does not create a collision risk. The vehicles are following traffic signals and appear to be moving safely through the intersection.",no,1,1.62
junctions,bc9cce42-b4577861.jpg,JN_H_02_v3,hazard,Is there a danger of hitting another vehicle when navigating this intersection?,no,,internvl3,A,phase2_linguistic,negated,JN_H_02,"No, there is no immediate danger of hitting another vehicle. The vehicles are aligned and appear to be following traffic signals safely.",no,1,1.26
junctions,bc9cce42-b4577861.jpg,JN_ADV_03_v2,adversarial,Can the driver identify the correct turning lane from the markings visible at this junction?,yes,,internvl3,A,phase2_linguistic,paraphrase,JN_ADV_03,"Yes, the driver can identify the correct turn lane from the markings visible at this junction. The lane markings on the road indicate a lane designated for turning, and the driver is in that lane, as indicated by the white car ahead. The lane is clearly marked with arrows and lines, guiding drivers to the appropriate turn.",yes,1,2.97
junctions,bc9cce42-b4577861.jpg,JN_ADV_03_v3,adversarial,Are the lane markings here distinct enough to guide a turning manoeuvre?,yes,,internvl3,A,phase2_linguistic,negated,JN_ADV_03,"Yes, the lane markings are distinct enough to guide a turn maneuver. The road clearly shows separate lanes and directional arrows, making it easy for drivers to follow and turn.",yes,1,1.67
junctions,b2a5baf7-58519386.jpg,JN_P_01,perception,Are there two or more traffic lights visible in this scene?,yes,,internvl3,A,phase2_mode_a,original,JN_P_01,"Yes, there are two traffic lights visible in this scene. One is green and located in the center of the image, while another is blue and located to the left of the green traffic light.",yes,1,1.9
junctions,b2a5baf7-58519386.jpg,JN_A_01,action,Should the ego vehicle stop before entering this intersection?,no,,internvl3,A,phase2_mode_a,original,JN_A_01,"No, the ego vehicle should not stop before entering the intersection because the traffic light is green, indicating it has the right of way to proceed.",no,1,1.43
junctions,b2a5baf7-58519386.jpg,JN_A_04,action,Should the driver be prepared to brake suddenly at this junction?,no,,internvl3,A,phase2_mode_a,original,JN_A_04,"No, the driver should not be prepared to brake suddenly at this junction. The traffic light is green, and the vehicles are moving through the intersection without any signs of stopping.",no,1,1.7
junctions,b2a5baf7-58519386.jpg,JN_H_01,hazard,Is there a risk of a pedestrian stepping into the path of the ego vehicle?,no,,internvl3,A,phase2_mode_a,original,JN_H_01,"No, there is no risk of a pedestrian stepping into the path of the ego vehicle, as the image does not show any pedestrians in the vicinity.",no,1,1.48
junctions,b2a5baf7-58519386.jpg,JN_H_02,hazard,Could a large vehicle such as a bus or truck obstruct the driver's sightline at this junction?,no,,internvl3,A,phase2_mode_a,original,JN_H_02,"Yes, a large vehicle could obstruct the driver's's sightline at this junction, as there are vehicles that may block the view of oncoming traffic or pedestrians.",yes,0,1.62
junctions,b2a5baf7-58519386.jpg,JN_ADV_01,adversarial,Is the traffic light currently displaying a green signal that permits the ego vehicle to proceed?,yes,,internvl3,A,phase2_mode_a,original,JN_ADV_01,"Yes, the traffic light is displaying a green signal, which permits the ego vehicle to proceed. The green light is clearly visible above the intersection.",yes,1,1.45
junctions,b2a5baf7-58519386.jpg,JN_ADV_02,adversarial,"Is the traffic light currently displaying red or yellow, requiring the ego vehicle to stop or yield?",no,,internvl3,A,phase2_mode_a,original,JN_ADV_02,"No, the traffic light is displaying green, indicating that vehicles can proceed.",no,1,0.83
junctions,b2a5baf7-58519386.jpg,JN_ADV_03,adversarial,Is there a vehicle currently occupying the centre of the intersection ahead?,no,,internvl3,A,phase2_mode_a,original,JN_ADV_03,"Yes, there is a vehicle in the center of the intersection. A white car is visible in the middle of the road, indicating it is occupying that position.",yes,0,1.58
junctions,b2a5baf7-58519386.jpg,JN_P_01_v2,perception,Can the driver see a traffic signal controlling this intersection?,yes,,internvl3,A,phase2_linguistic,paraphrase,JN_P_01,"Yes, the driver can see a traffic signal controlling this intersection. There is a green traffic light visible in the image, indicating that the traffic signal is present and in use.",yes,1,1.69
junctions,b2a5baf7-58519386.jpg,JN_P_01_v3,perception,Is there at least one traffic light that is visible to the ego vehicle?,yes,,internvl3,A,phase2_linguistic,negated,JN_P_01,"Yes, there is a traffic light visible above the road, showing green.",yes,1,0.82
junctions,b2a5baf7-58519386.jpg,JN_A_01_v2,action,Should the driver reduce speed when approaching this junction?,no,,internvl3,A,phase2_linguistic,paraphrase,JN_A_01,"Yes, the driver should reduce speed when approaching this junction because it is an intersection with other vehicles, and it is important to be cautious and yield if necessary.",yes,0,1.57
junctions,b2a5baf7-58519386.jpg,JN_A_01_v3,action,Is slowing down the appropriate action for a driver entering this intersection?,no,,internvl3,A,phase2_linguistic,negated,JN_A_01,"No, the appropriate action for a driver entering this intersection is to proceed, as the traffic light is green and the vehicle is already in the intersection.",no,1,1.48
junctions,b2a5baf7-58519386.jpg,JN_A_04_v2,action,Should the driver use the horn to alert others when passing through this junction?,no,,internvl3,A,phase2_linguistic,paraphrase,JN_A_04,"No, the driver should not use the horn. The traffic light is green, and the road appears clear with no immediate need to alert other drivers.",no,1,1.49
junctions,b2a5baf7-58519386.jpg,JN_A_04_v3,action,Is sounding the horn an appropriate action at this junction?,no,,internvl3,A,phase2_linguistic,negated,JN_A_04,"No, sounding the horn is not an appropriate action at this junction. The traffic lights are green, and vehicles are moving smoothly through the intersection without any signs of congestion or immediate danger.",no,1,1.79
junctions,b2a5baf7-58519386.jpg,JN_H_01_v2,hazard,Is there a risk of collision with a pedestrian at this junction?,no,,internvl3,A,phase2_linguistic,paraphrase,JN_H_01,"No, there is no visible risk of collision with a pedestrian at this junction. The image shows vehicles at a traffic light with no pedestrians in the immediate vicinity.",no,1,1.56
junctions,b2a5baf7-58519386.jpg,JN_H_01_v3,hazard,Could a pedestrian stepping into the road pose a hazard here?,no,,internvl3,A,phase2_linguistic,negated,JN_H_01,"Yes, a pedestrian stepping into the road could pose a hazard here because there are vehicles, including a car directly in front, moving through the intersection.",yes,0,1.48
junctions,b2a5baf7-58519386.jpg,JN_H_02_v2,hazard,Does the presence of other vehicles at this junction create a collision risk?,no,,internvl3,A,phase2_linguistic,paraphrase,JN_H_02,"No, the vehicles are following traffic signals and appear to be moving safely through the junction without creating a collision risk.",no,1,1.17
junctions,b2a5baf7-58519386.jpg,JN_H_02_v3,hazard,Is there a danger of hitting another vehicle when navigating this intersection?,no,,internvl3,A,phase2_linguistic,negated,JN_H_02,"No, there is no immediate danger of hitting another vehicle. The vehicles are following traffic signals and appear to be navigating the intersection safely.",no,1,1.34
junctions,b2a5baf7-58519386.jpg,JN_ADV_01_v2,adversarial,Does the current traffic signal allow the ego vehicle to move through the intersection?,yes,,internvl3,A,phase2_linguistic,paraphrase,JN_ADV_01,"Yes, the traffic signal is green, allowing vehicles to proceed through the intersection.",yes,1,0.87
junctions,b2a5baf7-58519386.jpg,JN_ADV_01_v3,adversarial,"Based on the signal state, is the ego vehicle permitted to proceed?",yes,,internvl3,A,phase2_linguistic,negated,JN_ADV_01,"Yes, because the traffic light is green.",yes,1,0.56
junctions,b2a5baf7-58519386.jpg,JN_ADV_02_v2,adversarial,Does the traffic signal currently indicate that vehicles must stop or wait?,no,,internvl3,A,phase2_linguistic,paraphrase,JN_ADV_02,"No, the traffic signal indicates that vehicles can proceed, as it is green.",no,1,0.88
junctions,b2a5baf7-58519386.jpg,JN_ADV_02_v3,adversarial,Is the current signal state one that requires the driver to halt or yield?,no,,internvl3,A,phase2_linguistic,negated,JN_ADV_02,"No, the current signal state is green, which typically means the driver can proceed.",no,1,0.91
junctions,b2a5baf7-58519386.jpg,JN_ADV_03_v2,adversarial,Can the driver identify the correct turning lane from the markings visible at this junction?,no,,internvl3,A,phase2_linguistic,paraphrase,JN_ADV_03,"Yes, the driver can identify the correct turn lane from the markings visible at this junction. The lane markings on the road indicate a designated turn lane, and the vehicle is in the correct lane to make a right turn, as indicated by the white arrows on the road.",yes,0,2.54
junctions,b2a5baf7-58519386.jpg,JN_ADV_03_v3,adversarial,Are the lane markings here distinct enough to guide a turning manoeuvre?,no,,internvl3,A,phase2_linguistic,negated,JN_ADV_03,"Yes, the lane markings are distinct enough to guide a turn maneuver. The road clearly shows directional arrows and lane dividers, helping vehicles navigate the turn.",yes,0,1.52
junctions,c37360b7-7dab5705.jpg,JN_P_01,perception,Are there two or more traffic lights visible in this scene?,yes,,internvl3,A,phase2_mode_a,original,JN_P_01,"Yes, there are two or more traffic lights visible in this scene. The image shows at least one traffic light in the center, and there are indications of more in the background, although they are not clearly visible.",yes,1,2.08
junctions,c37360b7-7dab5705.jpg,JN_A_01,action,Should the ego vehicle stop before entering this intersection?,no,,internvl3,A,phase2_mode_a,original,JN_A_01,"Yes, the ego vehicle should stop before entering the intersection because the traffic light is green, indicating that vehicles in other directions have the right of way.",yes,0,1.48
junctions,c37360b7-7dab5705.jpg,JN_A_04,action,Should the driver be prepared to brake suddenly at this junction?,no,,internvl3,A,phase2_mode_a,original,JN_A_04,"Yes, the driver should be prepared to brake suddenly because the road is wet and there are cars ahead, which may reduce traction and increase stopping distance.",yes,0,1.49
junctions,c37360b7-7dab5705.jpg,JN_H_01,hazard,Is there a risk of a pedestrian stepping into the path of the ego vehicle?,no,,internvl3,A,phase2_mode_a,original,JN_H_01,"No, there is no risk of a pedestrian stepping into the path of the ego vehicle. The image shows a street scene with no visible pedestrians crossing or near near the vehicle.",no,1,1.69
junctions,c37360b7-7dab5705.jpg,JN_H_02,hazard,Could a large vehicle such as a bus or truck obstruct the driver's sightline at this junction?,no,,internvl3,A,phase2_mode_a,original,JN_H_02,"Yes, the parked vehicle on the right could potentially obstruct the driver's's sightline at the junction, especially with the rain reducing visibility.",yes,0,1.39
junctions,c37360b7-7dab5705.jpg,JN_ADV_01,adversarial,Is the traffic light currently displaying a green signal that permits the ego vehicle to proceed?,yes,,internvl3,A,phase2_mode_a,original,JN_ADV_01,"Yes, the traffic light is currently displaying a green signal, which permits the ego vehicle to proceed. The green light is visible in the center of the image, indicating that it is safe to move forward.",yes,1,1.98
junctions,c37360b7-7dab5705.jpg,JN_ADV_02,adversarial,"Is the traffic light currently displaying red or yellow, requiring the ego vehicle to stop or yield?",no,,internvl3,A,phase2_mode_a,original,JN_ADV_02,"No, the traffic light is displaying green, indicating that vehicles can proceed.",no,1,0.83
junctions,c37360b7-7dab5705.jpg,JN_ADV_03,adversarial,Is there a vehicle currently occupying the centre of the intersection ahead?,no,,internvl3,A,phase2_mode_a,original,JN_ADV_03,"Yes, there is a vehicle occupying the center of the intersection. A car is visible in the middle of the crosswalk, indicating it is in the intersection.",yes,0,1.56
junctions,c37360b7-7dab5705.jpg,JN_P_01_v2,perception,Can the driver see a traffic signal controlling this intersection?,yes,,internvl3,A,phase2_linguistic,paraphrase,JN_P_01,"Yes, the driver can see a traffic signal controlling this intersection. The image shows a green traffic light visible through the raindrops on the windshield, indicating that the signal is present.",yes,1,1.74
junctions,c37360b7-7dab5705.jpg,JN_P_01_v3,perception,Is there at least one traffic light that is visible to the ego vehicle?,yes,,internvl3,A,phase2_linguistic,negated,JN_P_01,"Yes, there is at least one traffic light visible to the ego vehicle. It is located in the center of the image, showing a green light.",yes,1,1.48
junctions,c37360b7-7dab5705.jpg,JN_A_01_v2,action,Should the driver reduce speed when approaching this junction?,no,,internvl3,A,phase2_linguistic,paraphrase,JN_A_01,"Yes, the driver should reduce speed. The image shows a rainy day with poor visibility, which requires drivers to slow down for safety.",yes,0,1.36
junctions,c37360b7-7dab5705.jpg,JN_A_01_v3,action,Is slowing down the appropriate action for a driver entering this intersection?,no,,internvl3,A,phase2_linguistic,negated,JN_A_01,"Yes, slowing down is appropriate because the road is wet and likely slippery, and there are vehicles already in the intersection.",yes,0,1.22
junctions,c37360b7-7dab5705.jpg,JN_A_04_v2,action,Should the driver use the horn to alert others when passing through this junction?,no,,internvl3,A,phase2_linguistic,paraphrase,JN_A_04,"No. The image shows a rainy day with limited visibility, but there are no signs of immediate danger or obstruction that would would require using the horn to alert others. The traffic light is green, indicating it's likely safe to proceed, but caution is still advised due to the weather conditions.",no,1,2.7
junctions,c37360b7-7dab5705.jpg,JN_A_04_v3,action,Is sounding the horn an appropriate action at this junction?,no,,internvl3,A,phase2_linguistic,negated,JN_A_04,"No, sounding the horn is not an appropriate action at this junction. The image shows a rainy day with reduced visibility, but there are no signs of immediate danger or the need to alert pedestrians or other drivers. It's important to drive cautiously and avoid unnecessary honking to prevent startling others.",no,1,2.71
junctions,c37360b7-7dab5705.jpg,JN_H_01_v2,hazard,Is there a risk of collision with a pedestrian at this junction?,no,,internvl3,A,phase2_linguistic,paraphrase,JN_H_01,"No, there is no visible risk of collision with a pedestrian at this junction. The image shows a green traffic light and no pedestrians in the crosswalk.",no,1,1.54
junctions,c37360b7-7dab5705.jpg,JN_H_01_v3,hazard,Could a pedestrian stepping into the road pose a hazard here?,no,,internvl3,A,phase2_linguistic,negated,JN_H_01,"Yes, a pedestrian stepping into the road could pose a hazard because the road is wet and slippery from the rain, increasing the risk of accidents.",yes,0,1.43
junctions,c37360b7-7dab5705.jpg,JN_H_02_v2,hazard,Does the presence of other vehicles at this junction create a collision risk?,no,,internvl3,A,phase2_linguistic,paraphrase,JN_H_02,"Yes, the presence of other vehicles at this junction, especially with a green light, creates a potential collision risk if not managed properly.",yes,0,1.34
junctions,c37360b7-7dab5705.jpg,JN_H_02_v3,hazard,Is there a danger of hitting another vehicle when navigating this intersection?,no,,internvl3,A,phase2_linguistic,negated,JN_H_02,"Yes, there is a danger of hitting another vehicle. The image shows a rainy, blurry scene with vehicles close to the camera, making it difficult to see obstacles clearly, which could increase the risk of collision.",yes,0,2.01
junctions,c37360b7-7dab5705.jpg,JN_ADV_01_v2,adversarial,Does the current traffic signal allow the ego vehicle to move through the intersection?,yes,,internvl3,A,phase2_linguistic,paraphrase,JN_ADV_01,"Yes, the traffic signal is green, allowing the ego vehicle to move through the intersection.",yes,1,0.95
junctions,c37360b7-7dab5705.jpg,JN_ADV_01_v3,adversarial,"Based on the signal state, is the ego vehicle permitted to proceed?",yes,,internvl3,A,phase2_linguistic,negated,JN_ADV_01,"Yes, because the traffic signal is green.",yes,1,0.56
junctions,c37360b7-7dab5705.jpg,JN_ADV_02_v2,adversarial,Does the traffic signal currently indicate that vehicles must stop or wait?,no,,internvl3,A,phase2_linguistic,paraphrase,JN_ADV_02,"No, the traffic signal indicates green, meaning vehicles can proceed.",no,1,0.73
junctions,c37360b7-7dab5705.jpg,JN_ADV_02_v3,adversarial,Is the current signal state one that requires the driver to halt or yield?,no,,internvl3,A,phase2_linguistic,negated,JN_ADV_02,"No, the current signal state is green, which typically means vehicles can proceed.",no,1,0.87
junctions,c37360b7-7dab5705.jpg,JN_ADV_03_v2,adversarial,Can the driver identify the correct turning lane from the markings visible at this junction?,no,,internvl3,A,phase2_linguistic,paraphrase,JN_ADV_03,"Yes, the driver can identify the correct turn lane from the markings visible at this junction. The image shows a crosswalk and lane markings, which typically indicate where vehicles should turn. The presence of these markings helps the driver determine the appropriate lane for turning.",yes,0,2.41
junctions,c37360b7-7dab5705.jpg,JN_ADV_03_v3,adversarial,Are the lane markings here distinct enough to guide a turning manoeuvre?,no,,internvl3,A,phase2_linguistic,negated,JN_ADV_03,"Yes, the lane markings are distinct enough to guide a turn maneuver. The white lines are visible and clearly mark the lanes and crosswalk.",yes,0,1.41
junctions,b39fe3cd-f0d534c0.jpg,JN_P_01,perception,Are there two or more traffic lights visible in this scene?,yes,,internvl3,A,phase2_mode_a,original,JN_P_01,"No, there is only one traffic light visible in this scene. The image shows a street at night with a single traffic light on the left side, and no other traffic lights are visible.",no,0,1.84
junctions,b39fe3cd-f0d534c0.jpg,JN_A_01,action,Should the ego vehicle stop before entering this intersection?,no,,internvl3,A,phase2_mode_a,original,JN_A_01,"Yes, the ego vehicle should stop before entering the intersection because there are cars with their brake lights on, indicating they are stopping or slowing down, and it's likely an active intersection requiring caution.",yes,0,1.88
junctions,b39fe3cd-f0d534c0.jpg,JN_A_04,action,Should the driver be prepared to brake suddenly at this junction?,no,,internvl3,A,phase2_mode_a,original,JN_A_04,"Yes, the driver should be prepared to brake suddenly. The image shows a dark street with vehicles ahead, suggesting potential traffic or an intersection where they might need to stop or slow down.",yes,0,1.8
junctions,b39fe3cd-f0d534c0.jpg,JN_H_01,hazard,Is there a risk of a pedestrian stepping into the path of the ego vehicle?,no,,internvl3,A,phase2_mode_a,original,JN_H_01,"No, there is no risk of a pedestrian stepping into the path of the ego vehicle, as the image does not show any pedestrians on the road.",no,1,1.48
junctions,b39fe3cd-f0d534c0.jpg,JN_H_02,hazard,Could a large vehicle such as a bus or truck obstruct the driver's sightline at this junction?,no,,internvl3,A,phase2_mode_a,original,JN_H_02,"Yes, a large vehicle could obstruct the driver's sightline at this junction, as there are vehicles present that could block visibility of oncoming traffic or pedestrians.",yes,0,1.56
junctions,b39fe3cd-f0d534c0.jpg,JN_ADV_01,adversarial,Is the traffic light currently displaying a green signal that permits the ego vehicle to proceed?,yes,,internvl3,A,phase2_mode_a,original,JN_ADV_01,"No, the traffic light is not visible in the image, so it's unclear whether it is displaying a green signal. The image does not provide enough information to determine the traffic light's's status.",no,0,1.92
junctions,b39fe3cd-f0d534c0.jpg,JN_ADV_02,adversarial,"Is the traffic light currently displaying red or yellow, requiring the ego vehicle to stop or yield?",no,,internvl3,A,phase2_mode_a,original,JN_ADV_02,"No, the traffic light is not visible in the image, so it's unclear whether it is red or yellow.",no,1,1.18
junctions,b39fe3cd-f0d534c0.jpg,JN_ADV_03,adversarial,Is there a vehicle currently occupying the centre of the intersection ahead?,no,,internvl3,A,phase2_mode_a,original,JN_ADV_03,"Yes, there is a vehicle occupying the center of the intersection. A car is visible in the middle of the crosswalk, indicating it is in the intersection.",yes,0,1.56
junctions,b39fe3cd-f0d534c0.jpg,JN_P_01_v2,perception,Can the driver see a traffic signal controlling this intersection?,yes,,internvl3,A,phase2_linguistic,paraphrase,JN_P_01,"No, the driver cannot see a traffic signal controlling this intersection. The image shows a street view at night with visible streetlights and vehicles, but there is no clear view of a traffic signal.",no,0,1.87
junctions,b39fe3cd-f0d534c0.jpg,JN_P_01_v3,perception,Is there at least one traffic light that is visible to the ego vehicle?,yes,,internvl3,A,phase2_linguistic,negated,JN_P_01,"No, there is no traffic light visible to the ego vehicle in the image. The scene shows a street at night with buildings, cars, and streetlights, but no traffic lights are apparent.",no,0,1.89
junctions,b39fe3cd-f0d534c0.jpg,JN_A_01_v2,action,Should the driver reduce speed when approaching this junction?,no,,internvl3,A,phase2_linguistic,paraphrase,JN_A_01,"Yes, the driver should reduce speed when approaching this junction because it is likely an intersection with other vehicles and pedestrians, and the visibility is low due to nighttime conditions.",yes,0,1.61
junctions,b39fe3cd-f0d534c0.jpg,JN_A_01_v3,action,Is slowing down the appropriate action for a driver entering this intersection?,no,,internvl3,A,phase2_linguistic,negated,JN_A_01,"Yes, slowing down is appropriate because the intersection appears to have multiple vehicles, suggesting it is busy and requires caution.",yes,0,1.18
junctions,b39fe3cd-f0d534c0.jpg,JN_A_04_v2,action,Should the driver use the horn to alert others when passing through this junction?,no,,internvl3,A,phase2_linguistic,paraphrase,JN_A_04,"No, the driver should not use the horn to alert others when passing through this junction. The image shows a clear, well-lit street with no immediate signs of congestion or pedestrians that would require the use of a horn. It appears to be a calm situation where the horn would not be necessary or appropriate.",no,1,2.88
junctions,b39fe3cd-f0d534c0.jpg,JN_A_04_v3,action,Is sounding the horn an appropriate action at this junction?,no,,internvl3,A,phase2_linguistic,negated,JN_A_04,"No, sounding the horn is not an appropriate action at this junction. The image shows a clear view of the road with no immediate signs of danger or obstruction that would require the use of a horn. The traffic appears to be moving smoothly.",no,1,2.27
junctions,b39fe3cd-f0d534c0.jpg,JN_H_01_v2,hazard,Is there a risk of collision with a pedestrian at this junction?,no,,internvl3,A,phase2_linguistic,paraphrase,JN_H_01,"No, there is no risk of collision with a pedestrian at this junction. The image shows a street with vehicles and buildings, but no pedestrians are visible.",no,1,1.53
junctions,b39fe3cd-f0d534c0.jpg,JN_H_01_v3,hazard,Could a pedestrian stepping into the road pose a hazard here?,no,,internvl3,A,phase2_linguistic,negated,JN_H_01,"Yes, a pedestrian stepping into the road could pose a hazard because the street is filled with vehicles, making it difficult for drivers to stop quickly.",yes,0,1.44
junctions,b39fe3cd-f0d534c0.jpg,JN_H_02_v2,hazard,Does the presence of other vehicles at this junction create a collision risk?,no,,internvl3,A,phase2_linguistic,paraphrase,JN_H_02,"Yes, the presence of other vehicles at the junction creates a collision risk, as they are in close proximity and it's a dark, possibly wet environment, which can reduce visibility and increase the chances of an accident.",yes,0,2.05
junctions,b39fe3cd-f0d534c0.jpg,JN_H_02_v3,hazard,Is there a danger of hitting another vehicle when navigating this intersection?,no,,internvl3,A,phase2_linguistic,negated,JN_H_02,"Yes, there is a danger of hitting another vehicle. The image shows vehicles close to the intersection, and it appears dark, which may reduce visibility.",yes,0,1.49
junctions,b39fe3cd-f0d534c0.jpg,JN_ADV_01_v2,adversarial,Does the current traffic signal allow the ego vehicle to move through the intersection?,yes,,internvl3,A,phase2_linguistic,paraphrase,JN_ADV_01,"No, the traffic signal does not allow the ego vehicle to move through the intersection because the light is red.",no,0,1.13
junctions,b39fe3cd-f0d534c0.jpg,JN_ADV_01_v3,adversarial,"Based on the signal state, is the ego vehicle permitted to proceed?",yes,,internvl3,A,phase2_linguistic,negated,JN_ADV_01,"No, because the traffic signal is red, indicating the ego vehicle should stop.",no,0,0.87
junctions,b39fe3cd-f0d534c0.jpg,JN_ADV_02_v2,adversarial,Does the traffic signal currently indicate that vehicles must stop or wait?,no,,internvl3,A,phase2_linguistic,paraphrase,JN_ADV_02,"No, the traffic signal does not indicate that vehicles must stop or wait. The image shows a street with cars moving, and the traffic light is not visible in the frame, suggesting it is likely green for the direction the vehicles are traveling.",no,1,2.28
junctions,b39fe3cd-f0d534c0.jpg,JN_ADV_02_v3,adversarial,Is the current signal state one that requires the driver to halt or yield?,no,,internvl3,A,phase2_linguistic,negated,JN_ADV_02,"No, the current signal state does not require the driver to halt or yield. The traffic light visible in the image is green, indicating that vehicles can proceed.",no,1,1.58
junctions,b39fe3cd-f0d534c0.jpg,JN_ADV_03_v2,adversarial,Can the driver identify the correct turning lane from the markings visible at this junction?,no,,internvl3,A,phase2_linguistic,paraphrase,JN_ADV_03,"Yes, the driver can identify the correct turn lane from the markings visible at this junction. The image shows clear white lines indicating the lane for turning, which helps the driver determine the appropriate lane to be in for a turn.",yes,0,2.13
junctions,b39fe3cd-f0d534c0.jpg,JN_ADV_03_v3,adversarial,Are the lane markings here distinct enough to guide a turning manoeuvre?,no,,internvl3,A,phase2_linguistic,negated,JN_ADV_03,"Yes, the lane markings are distinct enough to guide a turn maneuver. The white lines are visible and clearly mark the lanes.",yes,0,1.28
junctions,b4927f8e-fb16ed87.jpg,JN_P_01,perception,Are there two or more traffic lights visible in this scene?,no,,internvl3,A,phase2_mode_a,original,JN_P_01,"Yes, there are two or more traffic lights visible in this scene. The image shows at least two traffic lights—one in the center and another to the right, both displaying green lights.",yes,0,1.8
junctions,b4927f8e-fb16ed87.jpg,JN_A_01,action,Should the ego vehicle stop before entering this intersection?,yes,,internvl3,A,phase2_mode_a,original,JN_A_01,"Yes, the ego vehicle should stop before entering the intersection because the traffic light is red.",yes,1,0.95
junctions,b4927f8e-fb16ed87.jpg,JN_A_04,action,Should the driver be prepared to brake suddenly at this junction?,yes,,internvl3,A,phase2_mode_a,original,JN_A_04,"Yes, the driver should be prepared to brake suddenly because the road is wet and there are patches of snow, which can make the road slippery and increase the risk of skidding.",yes,1,1.76
junctions,b4927f8e-fb16ed87.jpg,JN_H_01,hazard,Is there a risk of a pedestrian stepping into the path of the ego vehicle?,no,,internvl3,A,phase2_mode_a,original,JN_H_01,"No, there is no visible risk of a pedestrian stepping into the path of the ego vehicle, as the street appears clear of pedestrians.",no,1,1.35
junctions,b4927f8e-fb16ed87.jpg,JN_H_02,hazard,Could a large vehicle such as a bus or truck obstruct the driver's sightline at this junction?,no,,internvl3,A,phase2_mode_a,original,JN_H_02,"Yes, a large vehicle could potentially obstruct the driver's sightline at this junction, as the street is narrow and the parked cars could hide approaching traffic.",yes,0,1.53
junctions,b4927f8e-fb16ed87.jpg,JN_ADV_01,adversarial,Is the traffic light currently displaying a green signal that permits the ego vehicle to proceed?,no,,internvl3,A,phase2_mode_a,original,JN_ADV_01,"Yes, the traffic light is displaying a green signal, which permits the ego vehicle to proceed. The green light is visible in the distance, indicating that vehicles can move forward.",yes,0,1.72
junctions,b4927f8e-fb16ed87.jpg,JN_ADV_02,adversarial,"Is the traffic light currently displaying red or yellow, requiring the ego vehicle to stop or yield?",yes,,internvl3,A,phase2_mode_a,original,JN_ADV_02,"The traffic light is displaying green, so the ego vehicle does not need to stop or yield.",unclear,,1.01
junctions,b4927f8e-fb16ed87.jpg,JN_ADV_03,adversarial,Is there a vehicle currently occupying the centre of the intersection ahead?,no,,internvl3,A,phase2_mode_a,original,JN_ADV_03,"No, there is no vehicle occupying the center of the intersection. The traffic lights are visible, and the road appears clear in the center.",no,1,1.4
junctions,b4927f8e-fb16ed87.jpg,JN_P_01_v2,perception,Can the driver see a traffic signal controlling this intersection?,no,,internvl3,A,phase2_linguistic,paraphrase,JN_P_01,"Yes, the driver can see a traffic signal controlling this intersection. The image shows a green traffic light visible in the distance, indicating that there is a traffic signal present.",yes,0,1.66
junctions,b4927f8e-fb16ed87.jpg,JN_P_01_v3,perception,Is there at least one traffic light that is visible to the ego vehicle?,no,,internvl3,A,phase2_linguistic,negated,JN_P_01,"Yes, there is at least one traffic light visible to the ego vehicle. The traffic light is showing a green light in the distance ahead.",yes,0,1.4
junctions,b4927f8e-fb16ed87.jpg,JN_A_01_v2,action,Should the driver reduce speed when approaching this junction?,yes,,internvl3,A,phase2_linguistic,paraphrase,JN_A_01,"Yes, the driver should reduce speed when approaching this junction because the road appears to be icy or wet, and there are vehicles ahead, indicating potential traffic and reduced visibility.",yes,1,1.67
junctions,b4927f8e-fb16ed87.jpg,JN_A_01_v3,action,Is slowing down the appropriate action for a driver entering this intersection?,yes,,internvl3,A,phase2_linguistic,negated,JN_A_01,"Yes, slowing down is appropriate because the traffic light is green, indicating that drivers should proceed with caution and be prepared to stop if necessary.",yes,1,1.4
junctions,b4927f8e-fb16ed87.jpg,JN_A_04_v2,action,Should the driver use the horn to alert others when passing through this junction?,yes,,internvl3,A,phase2_linguistic,paraphrase,JN_A_04,"No, the driver should not use the horn to alert others when passing through this junction. The image shows a relatively clear road with visible traffic lights and no immediate signs of congestion or pedestrians that would require the use of a horn. It appears to be a normal driving situation where caution and speed awareness are more important than honking.",no,0,3.1
junctions,b4927f8e-fb16ed87.jpg,JN_A_04_v3,action,Is sounding the horn an appropriate action at this junction?,yes,,internvl3,A,phase2_linguistic,negated,JN_A_04,"No, sounding the horn is not an appropriate action at this junction. The traffic lights are green, indicating that vehicles can proceed, and there are no immediate signs of an emergency or obstruction that would require the use of a horn.",no,0,2.2
junctions,b4927f8e-fb16ed87.jpg,JN_H_01_v2,hazard,Is there a risk of collision with a pedestrian at this junction?,no,,internvl3,A,phase2_linguistic,paraphrase,JN_H_01,"No, there is no visible risk of collision with a pedestrian at this junction. The image shows a street with vehicles and streetlights, but no pedestrians are present.",no,1,1.62
junctions,b4927f8e-fb16ed87.jpg,JN_H_01_v3,hazard,Could a pedestrian stepping into the road pose a hazard here?,no,,internvl3,A,phase2_linguistic,negated,JN_H_01,"Yes, a pedestrian stepping into the road could pose a hazard here because the road is wet and icy, making it slippery for vehicles.",yes,0,1.37
junctions,b4927f8e-fb16ed87.jpg,JN_H_02_v2,hazard,Does the presence of other vehicles at this junction create a collision risk?,no,,internvl3,A,phase2_linguistic,paraphrase,JN_H_02,"Yes, the presence of other vehicles at the junction creates a collision risk, as they are in close proximity and the road conditions appear slippery, increasing the chances of accidents.",yes,0,1.66
junctions,b4927f8e-fb16ed87.jpg,JN_H_02_v3,hazard,Is there a danger of hitting another vehicle when navigating this intersection?,no,,internvl3,A,phase2_linguistic,negated,JN_H_02,"No, there is no immediate danger of hitting another vehicle. The vehicles are stopped at a green light, and there is space in the intersection.",no,1,1.44
junctions,b4927f8e-fb16ed87.jpg,JN_ADV_01_v2,adversarial,Does the current traffic signal allow the ego vehicle to move through the intersection?,no,,internvl3,A,phase2_linguistic,paraphrase,JN_ADV_01,"Yes, the traffic signal is green, allowing the ego vehicle to move through the intersection.",yes,0,0.95
junctions,b4927f8e-fb16ed87.jpg,JN_ADV_01_v3,adversarial,"Based on the signal state, is the ego vehicle permitted to proceed?",no,,internvl3,A,phase2_linguistic,negated,JN_ADV_01,"Yes, because the traffic light is green.",yes,0,0.56
junctions,b4927f8e-fb16ed87.jpg,JN_ADV_02_v2,adversarial,Does the traffic signal currently indicate that vehicles must stop or wait?,yes,,internvl3,A,phase2_linguistic,paraphrase,JN_ADV_02,"No, the traffic signal indicates that vehicles can proceed, as the light is green.",no,0,0.91
junctions,b4927f8e-fb16ed87.jpg,JN_ADV_02_v3,adversarial,Is the current signal state one that requires the driver to halt or yield?,yes,,internvl3,A,phase2_linguistic,negated,JN_ADV_02,"No, the current signal state is green, which typically means the driver can proceed.",no,0,0.92
junctions,b4927f8e-fb16ed87.jpg,JN_ADV_03_v2,adversarial,Can the driver identify the correct turning lane from the markings visible at this junction?,no,,internvl3,A,phase2_linguistic,paraphrase,JN_ADV_03,"No, the driver cannot identify the correct turn lane from the markings visible at this junction. The image is dark, and the road markings are not clearly visible. Additionally, the angle of the photo does not provide a clear view of any lane markings or signs indicating turn lanes.",no,1,2.59
junctions,b4927f8e-fb16ed87.jpg,JN_ADV_03_v3,adversarial,Are the lane markings here distinct enough to guide a turning manoeuvre?,no,,internvl3,A,phase2_linguistic,negated,JN_ADV_03,"No, the lane markings are not distinct enough to guide a turn maneuver. The image shows a dark, wet road with faint markings, making it difficult to clearly identify lane boundaries.",no,1,1.74
junctions,c45b2e04-5689b375.jpg,JN_P_01,perception,Are there two or more traffic lights visible in this scene?,yes,,internvl3,A,phase2_mode_a,original,JN_P_01,"Yes, there are two or more traffic lights visible in this scene. 

Reasoning: The image shows multiple traffic lights hanging above the road, all displaying green lights.",yes,1,1.67
junctions,c45b2e04-5689b375.jpg,JN_A_01,action,Should the ego vehicle stop before entering this intersection?,yes,,internvl3,A,phase2_mode_a,original,JN_A_01,"No, the ego vehicle should not stop before entering the intersection because the traffic light is green, indicating it has the right of way to proceed.",no,0,1.44
junctions,c45b2e04-5689b375.jpg,JN_A_04,action,Should the driver be prepared to brake suddenly at this junction?,yes,,internvl3,A,phase2_mode_a,original,JN_A_04,"No, the driver should not be prepared to brake suddenly at this junction. The traffic lights are green, and there is no indication of any immediate obstacles or hazards that require sudden braking. The road appears clear, and the driver can proceed with caution.",no,0,2.36
junctions,c45b2e04-5689b375.jpg,JN_H_01,hazard,Is there a risk of a pedestrian stepping into the path of the ego vehicle?,no,,internvl3,A,phase2_mode_a,original,JN_H_01,"No, there is no risk of a pedestrian stepping into the path of the ego vehicle, as the sidewalk is clear and there are no visible pedestrians.",no,1,1.49
junctions,c45b2e04-5689b375.jpg,JN_H_02,hazard,Could a large vehicle such as a bus or truck obstruct the driver's sightline at this junction?,yes,,internvl3,A,phase2_mode_a,original,JN_H_02,"Yes, a large vehicle could potentially obstruct the driver's's sightline at this junction, as there are multiple vehicles on the road that could block visibility.",yes,1,1.52
junctions,c45b2e04-5689b375.jpg,JN_ADV_01,adversarial,Is the traffic light currently displaying a green signal that permits the ego vehicle to proceed?,yes,,internvl3,A,phase2_mode_a,original,JN_ADV_01,"Yes, the traffic light is currently displaying a green signal, which permits the ego vehicle to proceed. The green light is visible in the image, indicating that vehicles can move forward.",yes,1,1.74
junctions,c45b2e04-5689b375.jpg,JN_ADV_02,adversarial,"Is the traffic light currently displaying red or yellow, requiring the ego vehicle to stop or yield?",yes,,internvl3,A,phase2_mode_a,original,JN_ADV_02,"No, the traffic light is displaying green, indicating that vehicles can proceed.",no,0,0.82
junctions,c45b2e04-5689b375.jpg,JN_ADV_03,adversarial,Is there a vehicle currently occupying the centre of the intersection ahead?,no,,internvl3,A,phase2_mode_a,original,JN_ADV_03,"No, there is no vehicle occupying the center of the intersection. The traffic lights are green, but the lanes ahead are clear of vehicles.",no,1,1.39
junctions,c45b2e04-5689b375.jpg,JN_P_01_v2,perception,Can the driver see a traffic signal controlling this intersection?,yes,,internvl3,A,phase2_linguistic,paraphrase,JN_P_01,"Yes, the driver can see a traffic signal controlling this intersection. There are green traffic lights visible in the image, indicating that the signals are present and in use.",yes,1,1.61
junctions,c45b2e04-5689b375.jpg,JN_P_01_v3,perception,Is there at least one traffic light that is visible to the ego vehicle?,yes,,internvl3,A,phase2_linguistic,negated,JN_P_01,"Yes, there are traffic lights visible above the road, showing green lights.",yes,1,0.83
junctions,c45b2e04-5689b375.jpg,JN_A_01_v2,action,Should the driver reduce speed when approaching this junction?,yes,,internvl3,A,phase2_linguistic,paraphrase,JN_A_01,"Yes, the driver should reduce speed when approaching this junction because it is an intersection with traffic lights, and there may be pedestrians or other vehicles entering from the right.",yes,1,1.61
junctions,c45b2e04-5689b375.jpg,JN_A_01_v3,action,Is slowing down the appropriate action for a driver entering this intersection?,yes,,internvl3,A,phase2_linguistic,negated,JN_A_01,"No, the appropriate action for a driver entering this intersection is to proceed, as the traffic lights are green and the road appears clear for moving vehicles.",no,0,1.5
junctions,c45b2e04-5689b375.jpg,JN_A_04_v2,action,Should the driver use the horn to alert others when passing through this junction?,yes,,internvl3,A,phase2_linguistic,paraphrase,JN_A_04,"No, the driver should not use the horn to alert others when passing through this junction. The traffic lights are green, indicating that the driver can proceed forward without needing to alert others with a horn. The road appears clear, and there are no immediate signs of pedestrians or vehicles that require caution.",no,0,2.75
junctions,c45b2e04-5689b375.jpg,JN_A_04_v3,action,Is sounding the horn an appropriate action at this junction?,yes,,internvl3,A,phase2_linguistic,negated,JN_A_04,"No, sounding the horn is not an appropriate action at this junction. The traffic lights are green, and there are no immediate signs of congestion or other vehicles that would require a horn for safety.",no,0,2.04
junctions,c45b2e04-5689b375.jpg,JN_H_01_v2,hazard,Is there a risk of collision with a pedestrian at this junction?,no,,internvl3,A,phase2_linguistic,paraphrase,JN_H_01,"No, there is no risk of collision with a pedestrian at this junction. The image shows an empty sidewalk and no visible pedestrians.",no,1,1.31
junctions,c45b2e04-5689b375.jpg,JN_H_01_v3,hazard,Could a pedestrian stepping into the road pose a hazard here?,no,,internvl3,A,phase2_linguistic,negated,JN_H_01,"Yes, a pedestrian stepping into the road could pose a hazard here because the road has multiple lanes of traffic moving in both directions, and the traffic lights are green, indicating vehicles are likely to be moving at a moderate to high speed.",yes,0,2.55
junctions,c45b2e04-5689b375.jpg,JN_H_02_v2,hazard,Does the presence of other vehicles at this junction create a collision risk?,yes,,internvl3,A,phase2_linguistic,paraphrase,JN_H_02,"No, the presence of other vehicles at the junction does not create a collision risk. The traffic lights are green, and the vehicles are following the rules, allowing safe passage through the intersection.",no,0,1.98
junctions,c45b2e04-5689b375.jpg,JN_H_02_v3,hazard,Is there a danger of hitting another vehicle when navigating this intersection?,yes,,internvl3,A,phase2_linguistic,negated,JN_H_02,"No, there is no immediate danger of hitting another vehicle. The traffic lights are green, and the road appears clear with no vehicles in the immediate path.",no,0,1.53
junctions,c45b2e04-5689b375.jpg,JN_ADV_01_v2,adversarial,Does the current traffic signal allow the ego vehicle to move through the intersection?,yes,,internvl3,A,phase2_linguistic,paraphrase,JN_ADV_01,"Yes, the traffic signal is green, allowing the ego vehicle to move through the intersection.",yes,1,0.96
junctions,c45b2e04-5689b375.jpg,JN_ADV_01_v3,adversarial,"Based on the signal state, is the ego vehicle permitted to proceed?",yes,,internvl3,A,phase2_linguistic,negated,JN_ADV_01,"Yes, because the traffic light directly in front of the vehicle is green.",yes,1,0.82
junctions,c45b2e04-5689b375.jpg,JN_ADV_02_v2,adversarial,Does the traffic signal currently indicate that vehicles must stop or wait?,yes,,internvl3,A,phase2_linguistic,paraphrase,JN_ADV_02,"No, the traffic signal indicates that vehicles can proceed, as the lights are green.",no,0,0.91
junctions,c45b2e04-5689b375.jpg,JN_ADV_02_v3,adversarial,Is the current signal state one that requires the driver to halt or yield?,yes,,internvl3,A,phase2_linguistic,negated,JN_ADV_02,"No, the current signal state is green, which means the driver can proceed without stopping or yielding.",no,0,1.05
junctions,c45b2e04-5689b375.jpg,JN_ADV_03_v2,adversarial,Can the driver identify the correct turning lane from the markings visible at this junction?,no,,internvl3,A,phase2_linguistic,paraphrase,JN_ADV_03,"Yes, the driver can identify the correct turn lane from the markings visible at this junction. The image shows a white arrow on the road, indicating the direction for the turn lane, which is visible and clearly marked for drivers.",yes,0,2.14
junctions,c45b2e04-5689b375.jpg,JN_ADV_03_v3,adversarial,Are the lane markings here distinct enough to guide a turning manoeuvre?,no,,internvl3,A,phase2_linguistic,negated,JN_ADV_03,"Yes, the lane markings are distinct enough to guide a turn maneuver. The white arrows and lines are clearly visible, indicating the direction and boundaries for turning lanes.",yes,0,1.58
junctions,b6658d33-fe2d18f8.jpg,JN_P_01,perception,Are there two or more traffic lights visible in this scene?,yes,,internvl3,A,phase2_mode_a,original,JN_P_01,"Yes, there are two or more traffic lights visible in this scene. The image shows multiple traffic lights at the end of the street, indicating intersections or signals for different lanes.",yes,1,1.71
junctions,b6658d33-fe2d18f8.jpg,JN_A_01,action,Should the ego vehicle stop before entering this intersection?,no,,internvl3,A,phase2_mode_a,original,JN_A_01,"Yes, the ego vehicle should stop before entering the intersection because the traffic light is red.",yes,0,0.97
junctions,b6658d33-fe2d18f8.jpg,JN_A_04,action,Should the driver be prepared to brake suddenly at this junction?,no,,internvl3,A,phase2_mode_a,original,JN_A_04,"Yes, the driver should be prepared to brake suddenly because there is a green light, indicating that vehicles in the opposite direction have the right of way. The driver must be cautious of oncoming traffic.",yes,0,1.93
junctions,b6658d33-fe2d18f8.jpg,JN_H_01,hazard,Is there a risk of a pedestrian stepping into the path of the ego vehicle?,no,,internvl3,A,phase2_mode_a,original,JN_H_01,"No, there is no risk of a pedestrian stepping into the path of the ego vehicle, as the street appears clear with no visible pedestrians.",no,1,1.42
junctions,b6658d33-fe2d18f8.jpg,JN_H_02,hazard,Could a large vehicle such as a bus or truck obstruct the driver's sightline at this junction?,no,,internvl3,A,phase2_mode_a,original,JN_H_02,"No, a large vehicle like a bus or truck would likely obstruct the driver's's sightline at this junction because of the narrow street and close proximity of buildings.",no,1,1.62
junctions,b6658d33-fe2d18f8.jpg,JN_ADV_01,adversarial,Is the traffic light currently displaying a green signal that permits the ego vehicle to proceed?,yes,,internvl3,A,phase2_mode_a,original,JN_ADV_01,"Yes, the traffic light is displaying a green signal, which permits the ego vehicle to proceed. The green light is visible in the distance, indicating that vehicles can move forward.",yes,1,1.71
junctions,b6658d33-fe2d18f8.jpg,JN_ADV_02,adversarial,"Is the traffic light currently displaying red or yellow, requiring the ego vehicle to stop or yield?",no,,internvl3,A,phase2_mode_a,original,JN_ADV_02,"The traffic light is displaying green, so the ego vehicle does not need to stop or yield.",unclear,,1.01
junctions,b6658d33-fe2d18f8.jpg,JN_ADV_03,adversarial,Is there a vehicle currently occupying the centre of the intersection ahead?,no,,internvl3,A,phase2_mode_a,original,JN_ADV_03,"No, there is no vehicle occupying the center of the intersection. The road ahead is clear with no visible vehicles in the middle.",no,1,1.31
junctions,b6658d33-fe2d18f8.jpg,JN_P_01_v2,perception,Can the driver see a traffic signal controlling this intersection?,yes,,internvl3,A,phase2_linguistic,paraphrase,JN_P_01,"Yes, the driver can see a traffic signal controlling this intersection. The image shows a visible traffic light ahead, indicating it controls the flow of traffic at this point.",yes,1,1.63
junctions,b6658d33-fe2d18f8.jpg,JN_P_01_v3,perception,Is there at least one traffic light that is visible to the ego vehicle?,yes,,internvl3,A,phase2_linguistic,negated,JN_P_01,"Yes, there is at least one traffic light visible in the image. It is located ahead on the street, displaying a green light.",yes,1,1.36
junctions,b6658d33-fe2d18f8.jpg,JN_A_01_v2,action,Should the driver reduce speed when approaching this junction?,no,,internvl3,A,phase2_linguistic,paraphrase,JN_A_01,"Yes, the driver should reduce speed when approaching this junction because it is a narrow street with potential obstacles and limited visibility, especially at night.",yes,0,1.42
junctions,b6658d33-fe2d18f8.jpg,JN_A_01_v3,action,Is slowing down the appropriate action for a driver entering this intersection?,no,,internvl3,A,phase2_linguistic,negated,JN_A_01,"Yes, slowing down is appropriate because the road appears to be narrowing and there are potential hazards such as construction barriers and other vehicles approaching the intersection.",yes,0,1.44
junctions,b6658d33-fe2d18f8.jpg,JN_A_04_v2,action,Should the driver use the horn to alert others when passing through this junction?,no,,internvl3,A,phase2_linguistic,paraphrase,JN_A_04,"No, the driver should not use the horn to alert others when passing through this junction. The image shows a relatively quiet street with no immediate signs of congestion or pedestrians that would require the use of a horn. The road is clear, and there are no visible obstacles or oncoming traffic that would necessitate the use of a horn for safety.",no,1,3.2
junctions,b6658d33-fe2d18f8.jpg,JN_A_04_v3,action,Is sounding the horn an appropriate action at this junction?,no,,internvl3,A,phase2_linguistic,negated,JN_A_04,"No, sounding the horn is not an appropriate action at this junction. The road is clear, and there are no immediate signs of other vehicles or pedestrians that would require caution. The traffic lights are visible and appear to be functioning, indicating that it is likely safe to proceed without sounding the horn.",no,1,2.76
junctions,b6658d33-fe2d18f8.jpg,JN_H_01_v2,hazard,Is there a risk of collision with a pedestrian at this junction?,no,,internvl3,A,phase2_linguistic,paraphrase,JN_H_01,"No, there is no risk of collision with a pedestrian at this junction. The image shows an empty street with no visible pedestrians.",no,1,1.31
junctions,b6658d33-fe2d18f8.jpg,JN_H_01_v3,hazard,Could a pedestrian stepping into the road pose a hazard here?,no,,internvl3,A,phase2_linguistic,negated,JN_H_01,"Yes, a pedestrian stepping into the road could pose a hazard here because the street is dark and there are vehicles, including one directly ahead, making it difficult to see them they might be.",yes,0,1.84
junctions,b6658d33-fe2d18f8.jpg,JN_H_02_v2,hazard,Does the presence of other vehicles at this junction create a collision risk?,no,,internvl3,A,phase2_linguistic,paraphrase,JN_H_02,"No, the presence of other vehicles at this junction does not create a collision risk. The image shows a clear road with no vehicles in the immediate vicinity, and the traffic lights are visible but not indicating an imminent risk.",no,1,2.1
junctions,b6658d33-fe2d18f8.jpg,JN_H_02_v3,hazard,Is there a danger of hitting another vehicle when navigating this intersection?,no,,internvl3,A,phase2_linguistic,negated,JN_H_02,"No, there is no immediate danger of hitting another vehicle. The car is on the right side of the road and there is space to navigate safely.",no,1,1.49
junctions,b6658d33-fe2d18f8.jpg,JN_ADV_01_v2,adversarial,Does the current traffic signal allow the ego vehicle to move through the intersection?,yes,,internvl3,A,phase2_linguistic,paraphrase,JN_ADV_01,"Yes, the traffic signal is green, allowing the ego vehicle to move through the intersection.",yes,1,0.95
junctions,b6658d33-fe2d18f8.jpg,JN_ADV_01_v3,adversarial,"Based on the signal state, is the ego vehicle permitted to proceed?",yes,,internvl3,A,phase2_linguistic,negated,JN_ADV_01,"Yes, because the traffic light ahead is green.",yes,1,0.61
junctions,b6658d33-fe2d18f8.jpg,JN_ADV_02_v2,adversarial,Does the traffic signal currently indicate that vehicles must stop or wait?,no,,internvl3,A,phase2_linguistic,paraphrase,JN_ADV_02,"No, the traffic signal does not indicate that vehicles must stop or wait. The light is green, which typically means vehicles can proceed.",no,1,1.36
junctions,b6658d33-fe2d18f8.jpg,JN_ADV_02_v3,adversarial,Is the current signal state one that requires the driver to halt or yield?,no,,internvl3,A,phase2_linguistic,negated,JN_ADV_02,"No, the current signal state is green, which typically means the driver can proceed.",no,1,0.92
junctions,b6658d33-fe2d18f8.jpg,JN_ADV_03_v2,adversarial,Can the driver identify the correct turning lane from the markings visible at this junction?,no,,internvl3,A,phase2_linguistic,paraphrase,JN_ADV_03,"No, the driver cannot identify the correct turn lane from the markings visible at this junction. The image does not show any clear lane markings or signs indicating the turn lanes.",no,1,1.67
junctions,b6658d33-fe2d18f8.jpg,JN_ADV_03_v3,adversarial,Are the lane markings here distinct enough to guide a turning manoeuvre?,no,,internvl3,A,phase2_linguistic,negated,JN_ADV_03,"No, the lane markings are not distinct enough. The image shows a dark, narrow street with limited visibility, making it difficult to clearly guide a turn.",no,1,1.53
junctions,bfa23f26-588ee4a8.jpg,JN_P_01,perception,Are there two or more traffic lights visible in this scene?,no,,internvl3,A,phase2_mode_a,original,JN_P_01,"Yes, there are two or more traffic lights visible in this scene. 

Reasoning: The image shows a street with vehicles stopped at a traffic light. There are at least two traffic lights visible—one directly ahead in the center of the image and another on the right side, mounted on a pole. Both are illuminated, indicating they are active and controlling the traffic flow.",yes,0,3.42
junctions,bfa23f26-588ee4a8.jpg,JN_A_01,action,Should the ego vehicle stop before entering this intersection?,no,,internvl3,A,phase2_mode_a,original,JN_A_01,"Yes, the ego vehicle should stop before entering the intersection because the traffic light is red.",yes,0,0.96
junctions,bfa23f26-588ee4a8.jpg,JN_A_04,action,Should the driver be prepared to brake suddenly at this junction?,no,,internvl3,A,phase2_mode_a,original,JN_A_04,"Yes, the driver should be prepared to brake suddenly because the traffic lights are green, indicating that vehicles ahead are likely to proceed, and the driver needs to be ready for any unexpected stops or changes in traffic.",yes,0,2.01
junctions,bfa23f26-588ee4a8.jpg,JN_H_01,hazard,Is there a risk of a pedestrian stepping into the path of the ego vehicle?,no,,internvl3,A,phase2_mode_a,original,JN_H_01,"No, there is no risk of a pedestrian stepping into the path of the ego vehicle, as the image does not show any pedestrians on or near near the road.",no,1,1.62
junctions,bfa23f26-588ee4a8.jpg,JN_H_02,hazard,Could a large vehicle such as a bus or truck obstruct the driver's sightline at this junction?,no,,internvl3,A,phase2_mode_a,original,JN_H_02,"Yes, a large vehicle like a bus or truck could obstruct the driver's's sightline at this junction, as it can block the view of oncoming traffic and signals.",yes,0,1.71
junctions,bfa23f26-588ee4a8.jpg,JN_ADV_01,adversarial,Is the traffic light currently displaying a green signal that permits the ego vehicle to proceed?,yes,,internvl3,A,phase2_mode_a,original,JN_ADV_01,"Yes, the traffic light is displaying a green signal, which permits the ego vehicle to proceed. The green light is visible in the center of the image, indicating that vehicles can move forward.",yes,1,1.84
junctions,bfa23f26-588ee4a8.jpg,JN_ADV_02,adversarial,"Is the traffic light currently displaying red or yellow, requiring the ego vehicle to stop or yield?",no,,internvl3,A,phase2_mode_a,original,JN_ADV_02,"Yes, the traffic light is displaying green, so the ego vehicle does not need to stop or yield.",yes,0,1.1
junctions,bfa23f26-588ee4a8.jpg,JN_ADV_03,adversarial,Is there a vehicle currently occupying the centre of the intersection ahead?,no,,internvl3,A,phase2_mode_a,original,JN_ADV_03,"Yes, there is a vehicle occupying the center of the intersection. A black SUV is visible in the middle of the road, indicating it is in the intersection.",yes,0,1.57
junctions,bfa23f26-588ee4a8.jpg,JN_P_01_v2,perception,Can the driver see a traffic signal controlling this intersection?,no,,internvl3,A,phase2_linguistic,paraphrase,JN_P_01,"Yes, the driver can see a traffic signal control this intersection. The image shows a green traffic light visible ahead, indicating that there is a signal controlling the flow of traffic.",yes,0,1.71
junctions,bfa23f26-588ee4a8.jpg,JN_P_01_v3,perception,Is there at least one traffic light that is visible to the ego vehicle?,no,,internvl3,A,phase2_linguistic,negated,JN_P_01,"Yes, there is at least one traffic light visible to the ego vehicle. The traffic light is green and can be seen in the center of the image, above the road.",yes,0,1.7
junctions,bfa23f26-588ee4a8.jpg,JN_A_01_v2,action,Should the driver reduce speed when approaching this junction?,no,,internvl3,A,phase2_linguistic,paraphrase,JN_A_01,"Yes, the driver should reduce speed when approaching this junction because the traffic is dense, and there are vehicles in multiple lanes, indicating a need for caution and slower driving to ensure safe navigation through the area.",yes,0,1.96
junctions,bfa23f26-588ee4a8.jpg,JN_A_01_v3,action,Is slowing down the appropriate action for a driver entering this intersection?,no,,internvl3,A,phase2_linguistic,negated,JN_A_01,"Yes. The image shows a traffic light that is green, indicating that vehicles can proceed. However, the vehicle entering the intersection should still slow down to ensure safety, especially if there are other vehicles or pedestrians present.",yes,0,2.06
junctions,bfa23f26-588ee4a8.jpg,JN_A_04_v2,action,Should the driver use the horn to alert others when passing through this junction?,no,,internvl3,A,phase2_linguistic,paraphrase,JN_A_04,"No, the driver should not use the horn to alert others in this junction. The image shows a clear view of the road with no immediate signs of congestion or the need for alerting, and the traffic lights are visible, indicating a controlled intersection. Using a horn unnecessarily can be disruptive and is generally discouraged unless there is an actual need to warn others, such as in heavy congestion or an emergency.",no,1,3.69
junctions,bfa23f26-588ee4a8.jpg,JN_A_04_v3,action,Is sounding the horn an appropriate action at this junction?,no,,internvl3,A,phase2_linguistic,negated,JN_A_04,"No, sounding the horn is not an appropriate action at this junction. The traffic appears to be moving slowly but orderly, and there are no signs of immediate danger or congestion that would require or justify honking.",no,1,2.03
junctions,bfa23f26-588ee4a8.jpg,JN_H_01_v2,hazard,Is there a risk of collision with a pedestrian at this junction?,no,,internvl3,A,phase2_linguistic,paraphrase,JN_H_01,"No, there is no visible risk of collision with a pedestrian at this junction. The image shows vehicles stopped at a traffic light, with no pedestrians in the immediate vicinity.",no,1,1.67
junctions,bfa23f26-588ee4a8.jpg,JN_H_01_v3,hazard,Could a pedestrian stepping into the road pose a hazard here?,no,,internvl3,A,phase2_linguistic,negated,JN_H_01,"Yes, a pedestrian stepping into the road could pose a hazard here because the vehicles are in heavy traffic and close to each other, making it difficult for drivers to react quickly.",yes,0,1.71
junctions,bfa23f26-588ee4a8.jpg,JN_H_02_v2,hazard,Does the presence of other vehicles at this junction create a collision risk?,no,,internvl3,A,phase2_linguistic,paraphrase,JN_H_02,"Yes, the presence of other vehicles with their brake lights on at this junction suggests that they are slowing down or stopping, which can create a collision risk if not managed properly.",yes,0,1.71
junctions,bfa23f26-588ee4a8.jpg,JN_H_02_v3,hazard,Is there a danger of hitting another vehicle when navigating this intersection?,no,,internvl3,A,phase2_linguistic,negated,JN_H_02,"Yes, there is a danger of hitting another vehicle. The vehicles are closely positioned, and the car on the right is very close to the curb, which could make it difficult to navigate the intersection safely.",yes,0,1.99
junctions,bfa23f26-588ee4a8.jpg,JN_ADV_01_v2,adversarial,Does the current traffic signal allow the ego vehicle to move through the intersection?,yes,,internvl3,A,phase2_linguistic,paraphrase,JN_ADV_01,"Yes, the traffic signal is green, allowing the ego vehicle to move through the intersection.",yes,1,0.96
junctions,bfa23f26-588ee4a8.jpg,JN_ADV_01_v3,adversarial,"Based on the signal state, is the ego vehicle permitted to proceed?",yes,,internvl3,A,phase2_linguistic,negated,JN_ADV_01,"Yes, the ego vehicle is permitted to proceed because the traffic light is green.",yes,1,0.88
junctions,bfa23f26-588ee4a8.jpg,JN_ADV_02_v2,adversarial,Does the traffic signal currently indicate that vehicles must stop or wait?,no,,internvl3,A,phase2_linguistic,paraphrase,JN_ADV_02,"No, the traffic signal indicates that vehicles can proceed, as the light is green.",no,1,0.92
junctions,bfa23f26-588ee4a8.jpg,JN_ADV_02_v3,adversarial,Is the current signal state one that requires the driver to halt or yield?,no,,internvl3,A,phase2_linguistic,negated,JN_ADV_02,"No, the current signal state is green, which typically means the driver can proceed.",no,1,0.92
junctions,bfa23f26-588ee4a8.jpg,JN_ADV_03_v2,adversarial,Can the driver identify the correct turning lane from the markings visible at this junction?,no,,internvl3,A,phase2_linguistic,paraphrase,JN_ADV_03,"No, the driver cannot identify the correct turn lane from the markings visible at this junction. The image does not show clear lane markings or signs indicating turn lanes.",no,1,1.58
junctions,bfa23f26-588ee4a8.jpg,JN_ADV_03_v3,adversarial,Are the lane markings here distinct enough to guide a turning manoeuvre?,no,,internvl3,A,phase2_linguistic,negated,JN_ADV_03,"Yes, the lane markings are distinct enough to guide a turn maneuver. The lines are visible and clearly separate the lanes, allowing drivers to follow them during a turn.",yes,0,1.62
junctions,ae374f827d2d45c7a4ed054b5aab7370_CAM_FRONT.jpg,NS_CF_01,spatial_reasoning,Is there a pedestrian visible in the front view of the ego vehicle?,yes,,internvl3,A,phase2_nuscenes,original,NS_CF_01,"No, there is no pedestrian visible in the front view of the ego vehicle. The image shows a road with a vehicle ahead and a bus stop on the left, but no pedestrians are in sight.",no,0,2.19
junctions,ae374f827d2d45c7a4ed054b5aab7370_CAM_FRONT.jpg,NS_CF_02,spatial_reasoning,Is there a pedestrian on the left side of the road ahead?,yes,,internvl3,A,phase2_nuscenes,original,NS_CF_02,"Yes, there is a pedestrian on the left side of the road ahead. The figure appears near the bus stop area, standing near the shelter.",yes,1,1.46
junctions,ae374f827d2d45c7a4ed054b5aab7370_CAM_FRONT.jpg,NS_CF_04,spatial_reasoning,Should the driver yield to a pedestrian currently in or near the path of the ego vehicle?,yes,,internvl3,A,phase2_nuscenes,original,NS_CF_04,"No, there are no pedestrians visible in the image, so the driver does not need to yield.",no,0,1.07
junctions,ae374f827d2d45c7a4ed054b5aab7370_CAM_FRONT.jpg,NS_CF_06,spatial_reasoning,Is there a vehicle approaching from the left side of the intersection?,no,,internvl3,A,phase2_nuscenes,original,NS_CF_06,"No, there is no vehicle approaching from the left side of the intersection. The image shows a road with a vehicle in the distance, but it is approaching from the center or right side, not the left.",no,1,2.02
junctions,ae374f827d2d45c7a4ed054b5aab7370_CAM_FRONT.jpg,NS_CF_08,spatial_reasoning,Is the road directly ahead of the ego vehicle clear of any pedestrians?,no,,internvl3,A,phase2_nuscenes,original,NS_CF_08,"Yes, the road directly ahead of the ego vehicle is clear of any pedestrians. The image shows an empty road with no visible people.",yes,0,1.36
junctions,a75864536d2a40928791d3a5b793172b_CAM_FRONT.jpg,NS_CF_01,spatial_reasoning,Is there a pedestrian visible in the front view of the ego vehicle?,no,,internvl3,A,phase2_nuscenes,original,NS_CF_01,"No, there is no pedestrian visible in the front view of the ego vehicle. The image shows a parking lot with cars and buildings, but no people are seen in the immediate foreground.",no,1,1.8
junctions,a75864536d2a40928791d3a5b793172b_CAM_FRONT.jpg,NS_CF_02,spatial_reasoning,Is there a pedestrian on the left side of the road ahead?,no,,internvl3,A,phase2_nuscenes,original,NS_CF_02,"No, there is no pedestrian on the left side of the road ahead. The image shows parked cars and buildings, but no people are visible.",no,1,1.44
junctions,a75864536d2a40928791d3a5b793172b_CAM_FRONT.jpg,NS_CF_04,spatial_reasoning,Should the driver yield to a pedestrian currently in or near the path of the ego vehicle?,no,,internvl3,A,phase2_nuscenes,original,NS_CF_04,"No, there are no pedestrians visible in the image, so the driver does not need to yield.",no,1,1.06
junctions,a75864536d2a40928791d3a5b793172b_CAM_FRONT.jpg,NS_CF_06,spatial_reasoning,Is there a vehicle approaching from the left side of the intersection?,yes,,internvl3,A,phase2_nuscenes,original,NS_CF_06,"No, there is no vehicle approaching from the left side of the intersection. The image shows parked cars on the left side, and the road ahead is clear of any moving vehicles.",no,0,1.76
junctions,a75864536d2a40928791d3a5b793172b_CAM_FRONT.jpg,NS_CF_08,spatial_reasoning,Is the road directly ahead of the ego vehicle clear of any pedestrians?,yes,,internvl3,A,phase2_nuscenes,original,NS_CF_08,"Yes, the road directly ahead of the ego vehicle is clear of any pedestrians. The image shows a wet, empty street with no visible people.",yes,1,1.45
junctions,b0cf75edd3f74328833b7bbc7b8f9c79_CAM_FRONT.jpg,NS_CF_01,spatial_reasoning,Is there a pedestrian visible in the front view of the ego vehicle?,yes,,internvl3,A,phase2_nuscenes,original,NS_CF_01,"No, there is no pedestrian visible in the front view of the ego vehicle. The image shows an empty road with a raised crossing sign and no people in the immediate vicinity.",no,0,1.72
junctions,b0cf75edd3f74328833b7bbc7b8f9c79_CAM_FRONT.jpg,NS_CF_02,spatial_reasoning,Is there a pedestrian on the left side of the road ahead?,yes,,internvl3,A,phase2_nuscenes,original,NS_CF_02,"No, there is no pedestrian on the left side of the road ahead. The image shows an empty sidewalk and no visible pedestrians.",no,0,1.33
junctions,b0cf75edd3f74328833b7bbc7b8f9c79_CAM_FRONT.jpg,NS_CF_04,spatial_reasoning,Should the driver yield to a pedestrian currently in or near the path of the ego vehicle?,no,,internvl3,A,phase2_nuscenes,original,NS_CF_04,"Yes, the driver should yield to a pedestrian in or near the path of the ego vehicle because the image shows a raised crossing area, indicating a pedestrian crossing zone.",yes,0,1.63
junctions,b0cf75edd3f74328833b7bbc7b8f9c79_CAM_FRONT.jpg,NS_CF_06,spatial_reasoning,Is there a vehicle approaching from the left side of the intersection?,no,,internvl3,A,phase2_nuscenes,original,NS_CF_06,"No, there is no vehicle approaching from the left side of the intersection. The image shows a raised crossing with no visible vehicles on the left side of the road.",no,1,1.62
junctions,b0cf75edd3f74328833b7bbc7b8f9c79_CAM_FRONT.jpg,NS_CF_08,spatial_reasoning,Is the road directly ahead of the ego vehicle clear of any pedestrians?,no,,internvl3,A,phase2_nuscenes,original,NS_CF_08,"Yes, the road directly ahead of the ego vehicle is clear of any pedestrians. The image shows an empty road with no visible people crossing or standing.",yes,0,1.49
junctions,3bacb342e9474eb6886835ad0def454f_CAM_FRONT.jpg,NS_CF_01,spatial_reasoning,Is there a pedestrian visible in the front view of the ego vehicle?,no,,internvl3,A,phase2_nuscenes,original,NS_CF_01,"No, there is no pedestrian visible in the front view of the ego vehicle. The image shows an empty street with no people in the immediate vicinity of the crosswalk.",no,1,1.67
junctions,3bacb342e9474eb6886835ad0def454f_CAM_FRONT.jpg,NS_CF_02,spatial_reasoning,Is there a pedestrian on the left side of the road ahead?,no,,internvl3,A,phase2_nuscenes,original,NS_CF_02,"No, there are no pedestrians visible on the left side of the road ahead. The area appears empty with no people in sight.",no,1,1.32
junctions,3bacb342e9474eb6886835ad0def454f_CAM_FRONT.jpg,NS_CF_04,spatial_reasoning,Should the driver yield to a pedestrian currently in or near the path of the ego vehicle?,no,,internvl3,A,phase2_nuscenes,original,NS_CF_04,"No, the driver should not yield because the pedestrian is not in the path of the vehicle, and the traffic light is red.",no,1,1.32
junctions,3bacb342e9474eb6886835ad0def454f_CAM_FRONT.jpg,NS_CF_06,spatial_reasoning,Is there a vehicle approaching from the left side of the intersection?,yes,,internvl3,A,phase2_nuscenes,original,NS_CF_06,"No, there is no vehicle approaching from the left side of the intersection. The image shows a clear view of the left side of the road with no visible vehicles.",no,0,1.62
junctions,3bacb342e9474eb6886835ad0def454f_CAM_FRONT.jpg,NS_CF_08,spatial_reasoning,Is the road directly ahead of the ego vehicle clear of any pedestrians?,yes,,internvl3,A,phase2_nuscenes,original,NS_CF_08,"Yes, the road directly ahead of the ego vehicle is clear of any pedestrians. The image shows an empty crosswalk with no visible people.",yes,1,1.4
junctions,43ed7234ea704e7b8e6fd524775473b3_CAM_FRONT.jpg,NS_CF_01,spatial_reasoning,Is there a pedestrian visible in the front view of the ego vehicle?,yes,,internvl3,A,phase2_nuscenes,original,NS_CF_01,"No, there is no pedestrian visible in the front view of the ego vehicle. The image shows an empty road with buildings and trees in the background.",no,0,1.5
junctions,43ed7234ea704e7b8e6fd524775473b3_CAM_FRONT.jpg,NS_CF_02,spatial_reasoning,Is there a pedestrian on the left side of the road ahead?,yes,,internvl3,A,phase2_nuscenes,original,NS_CF_02,"No, there is no pedestrian on the left side of the road ahead. The left side of the road is clear of any people.",no,0,1.36
junctions,43ed7234ea704e7b8e6fd524775473b3_CAM_FRONT.jpg,NS_CF_04,spatial_reasoning,Should the driver yield to a pedestrian currently in or near the path of the ego vehicle?,no,,internvl3,A,phase2_nuscenes,original,NS_CF_04,"No, there are no pedestrians visible in the image, so the driver does not need to yield.",no,1,1.05
junctions,43ed7234ea704e7b8e6fd524775473b3_CAM_FRONT.jpg,NS_CF_06,spatial_reasoning,Is there a vehicle approaching from the left side of the intersection?,no,,internvl3,A,phase2_nuscenes,original,NS_CF_06,"No, there is no vehicle approaching from the left side of the intersection. The road and surrounding area are clear of any vehicles.",no,1,1.31
junctions,43ed7234ea704e7b8e6fd524775473b3_CAM_FRONT.jpg,NS_CF_08,spatial_reasoning,Is the road directly ahead of the ego vehicle clear of any pedestrians?,no,,internvl3,A,phase2_nuscenes,original,NS_CF_08,"Yes, the road directly ahead of the ego vehicle is clear of any pedestrians. The image shows an empty road with no visible people.",yes,0,1.36
junctions,40fb4a2c2a7c419784ae5413738d6b10_CAM_FRONT.jpg,NS_CF_01,spatial_reasoning,Is there a pedestrian visible in the front view of the ego vehicle?,no,,internvl3,A,phase2_nuscenes,original,NS_CF_01,"No, there is no pedestrian visible in the front view of the ego vehicle. The image shows a road with vehicles and a traffic light, but no pedestrian in the immediate foreground.",no,1,1.76
junctions,40fb4a2c2a7c419784ae5413738d6b10_CAM_FRONT.jpg,NS_CF_02,spatial_reasoning,Is there a pedestrian on the left side of the road ahead?,no,,internvl3,A,phase2_nuscenes,original,NS_CF_02,"Yes, there is a pedestrian on the left side of the road ahead. The person is visible walking near the traffic light.",yes,0,1.27
junctions,40fb4a2c2a7c419784ae5413738d6b10_CAM_FRONT.jpg,NS_CF_04,spatial_reasoning,Should the driver yield to a pedestrian currently in or near the path of the ego vehicle?,no,,internvl3,A,phase2_nuscenes,original,NS_CF_04,"Yes, the driver should yield because the pedestrian is in the crosswalk and approaching the intersection.",yes,0,1.02
junctions,40fb4a2c2a7c419784ae5413738d6b10_CAM_FRONT.jpg,NS_CF_06,spatial_reasoning,Is there a vehicle approaching from the left side of the intersection?,no,,internvl3,A,phase2_nuscenes,original,NS_CF_06,"No, there is no vehicle approaching from the left side of the intersection. The image shows a motorcycle and a van, but they are not coming from the left side.",no,1,1.67
junctions,40fb4a2c2a7c419784ae5413738d6b10_CAM_FRONT.jpg,NS_CF_08,spatial_reasoning,Is the road directly ahead of the ego vehicle clear of any pedestrians?,yes,,internvl3,A,phase2_nuscenes,original,NS_CF_08,"Yes, the road directly ahead of the ego vehicle is clear of any pedestrians. There are no visible pedestrians in that area.",yes,1,1.27
junctions,feb4c57435dc46cb80ff1907a787e046_CAM_FRONT.jpg,NS_CF_01,spatial_reasoning,Is there a pedestrian visible in the front view of the ego vehicle?,yes,,internvl3,A,phase2_nuscenes,original,NS_CF_01,"No, there is no pedestrian visible in the front view of the ego vehicle. The image shows an empty street with rain and no people in sight.",no,0,1.51
junctions,feb4c57435dc46cb80ff1907a787e046_CAM_FRONT.jpg,NS_CF_02,spatial_reasoning,Is there a pedestrian on the left side of the road ahead?,yes,,internvl3,A,phase2_nuscenes,original,NS_CF_02,"No, there is no pedestrian on the left side of the road ahead. The image shows an empty street with wet conditions and no visible pedestrians.",no,0,1.45
junctions,feb4c57435dc46cb80ff1907a787e046_CAM_FRONT.jpg,NS_CF_04,spatial_reasoning,Should the driver yield to a pedestrian currently in or near the path of the ego vehicle?,no,,internvl3,A,phase2_nuscenes,original,NS_CF_04,"No, there are no pedestrians visible in the image, so the driver does not need to yield.",no,1,1.05
junctions,feb4c57435dc46cb80ff1907a787e046_CAM_FRONT.jpg,NS_CF_06,spatial_reasoning,Is there a vehicle approaching from the left side of the intersection?,no,,internvl3,A,phase2_nuscenes,original,NS_CF_06,"No, there is no vehicle approaching from the left side of the intersection. The image shows a wet street with no visible vehicles on the left side.",no,1,1.49
junctions,feb4c57435dc46cb80ff1907a787e046_CAM_FRONT.jpg,NS_CF_08,spatial_reasoning,Is the road directly ahead of the ego vehicle clear of any pedestrians?,no,,internvl3,A,phase2_nuscenes,original,NS_CF_08,"Yes, the road directly ahead of the ego vehicle is clear of any pedestrians. The image shows an empty street with no visible people crossing or standing.",yes,0,1.49
junctions,a9f2ac5c34274074bf37954bd51b4edd_CAM_FRONT.jpg,NS_CF_01,spatial_reasoning,Is there a pedestrian visible in the front view of the ego vehicle?,yes,,internvl3,A,phase2_nuscenes,original,NS_CF_01,"Yes, there is a pedestrian visible in the front view of the ego vehicle. A person can be seen walking on the right side of the road.",yes,1,1.49
junctions,a9f2ac5c34274074bf37954bd51b4edd_CAM_FRONT.jpg,NS_CF_02,spatial_reasoning,Is there a pedestrian on the left side of the road ahead?,yes,,internvl3,A,phase2_nuscenes,original,NS_CF_02,"Yes, there is a pedestrian on the left side of the road ahead. The person is visible walking along the bus stop area.",yes,1,1.32
junctions,a9f2ac5c34274074bf37954bd51b4edd_CAM_FRONT.jpg,NS_CF_04,spatial_reasoning,Should the driver yield to a pedestrian currently in or near the path of the ego vehicle?,no,,internvl3,A,phase2_nuscenes,original,NS_CF_04,"Yes, the driver should yield because the pedestrian is in the crosswalk, which is the path of the vehicle.",yes,0,1.2
junctions,a9f2ac5c34274074bf37954bd51b4edd_CAM_FRONT.jpg,NS_CF_06,spatial_reasoning,Is there a vehicle approaching from the left side of the intersection?,no,,internvl3,A,phase2_nuscenes,original,NS_CF_06,"No, there is no vehicle approaching from the left side of the intersection. The road on the left side is empty, and there are no vehicles visible in that area.",no,1,1.68
junctions,a9f2ac5c34274074bf37954bd51b4edd_CAM_FRONT.jpg,NS_CF_08,spatial_reasoning,Is the road directly ahead of the ego vehicle clear of any pedestrians?,no,,internvl3,A,phase2_nuscenes,original,NS_CF_08,"Yes, the road directly ahead of the ego vehicle is clear of any pedestrians. There are no visible people walking in that area.",yes,0,1.32
